assembly	species	has_annotation	contig	start	end	span_bp	n_genes	genes	tier	tier_reason	max_bitscore
GCA_965154615.1	Panellus stipticus	no	CBCUIS010000097.1	157670	165890	8220	1	HispS	4	single gene only (HispS)	242.0
GCA_965154615.1	Panellus stipticus	no	CBCUIS010000513.1	6011	8728	2717	1	HispS	4	single gene only (HispS)	85.5
GCA_965154615.1	Panellus stipticus	no	CBCUIS010000513.1	191002	201253	10251	1	HispS	4	single gene only (HispS)	202.0
GCA_965154615.1	Panellus stipticus	no	CBCUIS010000762.1	130431	133067	2636	1	HispS	4	single gene only (HispS)	169.0
GCA_965154615.1	Panellus stipticus	no	CBCUIS010000743.1	90413	93199	2786	1	HispS	4	single gene only (HispS)	166.0
GCA_965154615.1	Panellus stipticus	no	CBCUIS010000140.1	388261	434853	46592	2	HispS,H3H	3	two of four in window	114.0
GCA_965154615.1	Panellus stipticus	no	CBCUIS010000231.1	167530	169914	2384	1	HispS	4	single gene only (HispS)	92.8
GCA_965154615.1	Panellus stipticus	no	CBCUIS010000141.1	2219	12790	10571	2	HispS,H3H	3	two of four in window	54.7
GCA_965154615.1	Panellus stipticus	no	CBCUIS010000299.1	6956	8308	1352	1	HispS	4	single gene only (HispS)	52.8
GCA_965154615.1	Panellus stipticus	no	CBCUIS010000045.1	11491	12843	1352	1	HispS	4	single gene only (HispS)	52.8
GCA_965154615.1	Panellus stipticus	no	CBCUIS010000202.1	266996	271188	4192	1	H3H	4	single gene only (H3H)	217.0
GCA_965154615.1	Panellus stipticus	no	CBCUIS010000799.1	52497	76527	24030	1	H3H	4	single gene only (H3H)	166.0
GCA_965154615.1	Panellus stipticus	no	CBCUIS010000799.1	197656	199181	1525	1	H3H	4	single gene only (H3H)	101.0
GCA_965154615.1	Panellus stipticus	no	CBCUIS010000335.1	497785	514177	16392	1	H3H	4	single gene only (H3H)	114.0
GCA_965154615.1	Panellus stipticus	no	CBCUIS010000410.1	133200	134565	1365	1	H3H	4	single gene only (H3H)	140.0
GCA_965154615.1	Panellus stipticus	no	CBCUIS010000247.1	94422	96100	1678	1	H3H	4	single gene only (H3H)	149.0
GCA_965154615.1	Panellus stipticus	no	CBCUIS010000358.1	12475	13466	991	1	H3H	4	single gene only (H3H)	99.8
GCA_965154615.1	Panellus stipticus	no	CBCUIS010000059.1	9836	10252	416	1	H3H	4	single gene only (H3H)	70.5
GCA_965154615.1	Panellus stipticus	no	CBCUIS010000057.1	260922	261338	416	1	H3H	4	single gene only (H3H)	70.5
GCA_965154615.1	Panellus stipticus	no	CBCUIS010000774.1	264152	264880	728	1	H3H	4	single gene only (H3H)	64.7
GCA_965154615.1	Panellus stipticus	no	CBCUIS010000222.1	14258	15925	1667	1	H3H	4	single gene only (H3H)	60.5
GCA_965154615.1	Panellus stipticus	no	CBCUIS010000742.1	7237	7515	278	1	H3H	4	single gene only (H3H)	52.4
GCA_965154615.1	Panellus stipticus	no	CBCUIS010000741.1	9528	9806	278	1	H3H	4	single gene only (H3H)	52.4
GCA_965154615.1	Panellus stipticus	no	CBCUIS010000702.1	7737	8015	278	1	H3H	4	single gene only (H3H)	52.4
GCA_965154615.1	Panellus stipticus	no	CBCUIS010000845.1	5865	6143	278	1	H3H	4	single gene only (H3H)	52.4
GCA_965154615.1	Panellus stipticus	no	CBCUIS010000703.1	5110	5388	278	1	H3H	4	single gene only (H3H)	52.4
GCA_965154615.1	Panellus stipticus	no	CBCUIS010000844.1	6110	6388	278	1	H3H	4	single gene only (H3H)	52.4
GCA_965154615.1	Panellus stipticus	no	CBCUIS010000616.1	26086	26364	278	1	H3H	4	single gene only (H3H)	52.4
GCA_965154615.1	Panellus stipticus	no	CBCUIS010000374.1	38887	39165	278	1	H3H	4	single gene only (H3H)	52.4
GCA_965154615.1	Panellus stipticus	no	CBCUIS010000673.1	31087	31365	278	1	H3H	4	single gene only (H3H)	52.4
GCA_965154615.1	Panellus stipticus	no	CBCUIS010000863.1	328995	329255	260	1	H3H	4	single gene only (H3H)	53.1
GCA_965154615.1	Panellus stipticus	no	CBCUIS010000251.1	32706	32966	260	1	H3H	4	single gene only (H3H)	53.1
GCA_965154615.1	Panellus stipticus	no	CBCUIS010000332.1	1258560	1258805	245	1	H3H	4	single gene only (H3H)	50.8
GCA_965154615.1	Panellus stipticus	no	CBCUIS010000129.1	5957	6220	263	1	H3H	4	single gene only (H3H)	45.8
GCA_965154615.1	Panellus stipticus	no	CBCUIS010000662.1	12393	12656	263	1	H3H	4	single gene only (H3H)	45.8
GCA_965154615.1	Panellus stipticus	no	CBCUIS010000663.1	2016	2279	263	1	H3H	4	single gene only (H3H)	45.8
GCA_965154615.1	Panellus stipticus	no	CBCUIS010000659.1	30	287	257	1	H3H	4	single gene only (H3H)	45.4
GCA_965154615.1	Panellus stipticus	no	CBCUIS010000322.1	329407	330484	1077	1	H3H	4	single gene only (H3H)	47.8
GCA_965154615.1	Panellus stipticus	no	CBCUIS010000322.1	671055	671783	728	1	CPH	4	single gene only (CPH)	100.0
GCA_965154615.1	Panellus stipticus	no	CBCUIS010000577.1	7560	66102	58542	1	H3H	4	single gene only (H3H)	57.0
GCA_965154615.1	Panellus stipticus	no	CBCUIS010000577.1	281714	282214	500	1	H3H	4	single gene only (H3H)	158.0
GCA_965154615.1	Panellus stipticus	no	CBCUIS010000505.1	752016	752726	710	1	H3H	4	single gene only (H3H)	53.9
GCA_965154615.1	Panellus stipticus	no	CBCUIS010000576.1	9562	9774	212	1	H3H	4	single gene only (H3H)	45.1
GCA_965154615.1	Panellus stipticus	no	CBCUIS010000575.1	18651	18863	212	1	H3H	4	single gene only (H3H)	45.1
GCA_965154615.1	Panellus stipticus	no	CBCUIS010000160.1	8737	8949	212	1	H3H	4	single gene only (H3H)	45.1
GCA_965154615.1	Panellus stipticus	no	CBCUIS010000150.1	118336	119312	976	1	CPH	4	single gene only (CPH)	248.0
GCA_965154615.1	Panellus stipticus	no	CBCUIS010000556.1	22780	23899	1119	1	CPH	4	single gene only (CPH)	86.7
GCA_965154615.1	Panellus stipticus	no	CBCUIS010000356.1	248776	249218	442	1	CPH	4	single gene only (CPH)	37.0
GCA_965154615.1	Panellus stipticus	no	CBCUIS010000426.1	52985	53857	872	1	Luz	4	single gene only (Luz)	90.9
GCA_965154625.1	Panellus stipticus	no	OZ234887.1	978375	986600	8225	1	HispS	4	single gene only (HispS)	242.0
GCA_965154625.1	Panellus stipticus	no	OZ234887.1	1448627	1449484	857	1	H3H	4	single gene only (H3H)	85.5
GCA_965154625.1	Panellus stipticus	no	OZ234889.1	1514824	1516217	1393	1	H3H	4	single gene only (H3H)	184.0
GCA_965154625.1	Panellus stipticus	no	OZ234889.1	1783789	1786499	2710	1	HispS	4	single gene only (HispS)	85.9
GCA_965154625.1	Panellus stipticus	no	OZ234889.1	1952846	1961243	8397	1	HispS	4	single gene only (HispS)	201.0
GCA_965154625.1	Panellus stipticus	no	OZ234883.1	303198	305834	2636	1	HispS	4	single gene only (HispS)	172.0
GCA_965154625.1	Panellus stipticus	no	OZ234883.1	451582	453249	1667	1	H3H	4	single gene only (H3H)	60.5
GCA_965154625.1	Panellus stipticus	no	OZ234888.1	502290	506243	3953	1	H3H	4	single gene only (H3H)	217.0
GCA_965154625.1	Panellus stipticus	no	OZ234888.1	1844737	1847523	2786	1	HispS	4	single gene only (HispS)	167.0
GCA_965154625.1	Panellus stipticus	no	OZ234881.1	746385	803531	57146	2	HispS,H3H	3	two of four in window	157.0
GCA_965154625.1	Panellus stipticus	no	OZ234881.1	3291696	3292672	976	1	CPH	4	single gene only (CPH)	248.0
GCA_965154625.1	Panellus stipticus	no	OZ234885.1	409147	409410	263	1	H3H	4	single gene only (H3H)	45.8
GCA_965154625.1	Panellus stipticus	no	OZ234885.1	570549	572227	1678	1	H3H	4	single gene only (H3H)	149.0
GCA_965154625.1	Panellus stipticus	no	OZ234885.1	777390	780031	2641	1	HispS	4	single gene only (HispS)	95.1
GCA_965154625.1	Panellus stipticus	no	OZ234885.1	1481075	1481892	817	1	CPH	4	single gene only (CPH)	86.3
GCA_965154625.1	Panellus stipticus	no	OZ234885.1	2593945	2594289	344	1	H3H	4	single gene only (H3H)	43.9
GCA_965154625.1	Panellus stipticus	no	OZ234880.1	162125	266859	104734	1	H3H	4	single gene only (H3H)	57.0
GCA_965154625.1	Panellus stipticus	no	OZ234880.1	470058	470648	590	1	H3H	4	single gene only (H3H)	104.0
GCA_965154625.1	Panellus stipticus	no	OZ234880.1	1282272	1283077	805	1	H3H	4	single gene only (H3H)	52.4
GCA_965154625.1	Panellus stipticus	no	OZ234880.1	3183283	3184635	1352	1	HispS	4	single gene only (HispS)	48.5
GCA_965154625.1	Panellus stipticus	no	OZ234878.1	588521	595027	6506	1	H3H	4	single gene only (H3H)	114.0
GCA_965154625.1	Panellus stipticus	no	OZ234878.1	1078165	1078410	245	1	H3H	4	single gene only (H3H)	50.8
GCA_965154625.1	Panellus stipticus	no	OZ234878.1	3281106	3281548	442	1	CPH	4	single gene only (CPH)	37.0
GCA_965154625.1	Panellus stipticus	no	OZ234878.1	3945623	3946947	1324	1	H3H	4	single gene only (H3H)	99.8
GCA_965154625.1	Panellus stipticus	no	OZ234882.1	720942	721617	675	1	CPH	4	single gene only (CPH)	68.9
GCA_965154625.1	Panellus stipticus	no	OZ234882.1	1101977	1103051	1074	1	H3H	4	single gene only (H3H)	47.8
GCA_965154625.1	Panellus stipticus	no	OZ234882.1	1729090	1729962	872	1	Luz	4	single gene only (Luz)	89.4
GCA_965154625.1	Panellus stipticus	no	OZ234882.1	2687489	2802047	114558	1	H3H	4	single gene only (H3H)	167.0
GCA_965154625.1	Panellus stipticus	no	OZ234882.1	3010310	3010432	122	1	H3H	4	single gene only (H3H)	44.7
GCA_965154625.1	Panellus stipticus	no	CBCUIO010000014.1	1859	2137	278	1	H3H	4	single gene only (H3H)	52.4
GCA_965154625.1	Panellus stipticus	no	CBCUIO010000009.1	50029	50307	278	1	H3H	4	single gene only (H3H)	52.4
GCA_965154625.1	Panellus stipticus	no	OZ234886.1	809656	810345	689	1	H3H	4	single gene only (H3H)	47.0
GCA_013427175.2	Armillaria borealis	yes	JAAGUC010000003.1	103374	165975	62601	4	HispS,H3H,Luz,CPH	1	all four genes in window (ORF integrity pending)	789.0
GCA_013427175.2	Armillaria borealis	yes	JAAGUC010000250.1	5194	10844	5650	1	HispS	4	single gene only (HispS)	271.0
GCA_013427175.2	Armillaria borealis	yes	JAAGUC010000027.1	261360	298614	37254	1	HispS	4	single gene only (HispS)	251.0
GCA_013427175.2	Armillaria borealis	yes	JAAGUC010000595.1	4732	6220	1488	1	HispS	4	single gene only (HispS)	166.0
GCA_013427175.2	Armillaria borealis	yes	JAAGUC010000152.1	19187	22088	2901	1	HispS	4	single gene only (HispS)	110.0
GCA_013427175.2	Armillaria borealis	yes	JAAGUC010000675.1	1667	4326	2659	1	HispS	4	single gene only (HispS)	104.0
GCA_013427175.2	Armillaria borealis	yes	JAAGUC010000053.1	82057	83958	1901	1	HispS	4	single gene only (HispS)	117.0
GCA_013427175.2	Armillaria borealis	yes	JAAGUC010022217.1	3	298	295	1	HispS	4	single gene only (HispS)	40.4
GCA_013427175.2	Armillaria borealis	yes	JAAGUC010022344.1	3	297	294	1	HispS	4	single gene only (HispS)	40.0
GCA_013427175.2	Armillaria borealis	yes	JAAGUC010004636.1	772	882	110	1	HispS	4	single gene only (HispS)	46.6
GCA_013427175.2	Armillaria borealis	yes	JAAGUC010000016.1	131154	132821	1667	1	H3H	4	single gene only (H3H)	60.1
GCA_013427175.2	Armillaria borealis	yes	JAAGUC010000019.1	146891	148068	1177	1	H3H	4	single gene only (H3H)	78.2
GCA_013427175.2	Armillaria borealis	yes	JAAGUC010002577.1	145	1364	1219	1	H3H	4	single gene only (H3H)	68.9
GCA_013427175.2	Armillaria borealis	yes	JAAGUC010000005.1	357148	357426	278	1	H3H	4	single gene only (H3H)	54.7
GCA_013427175.2	Armillaria borealis	yes	JAAGUC010000014.1	392872	407593	14721	1	H3H	4	single gene only (H3H)	53.1
GCA_013427175.2	Armillaria borealis	yes	JAAGUC010000064.1	103493	103645	152	1	H3H	4	single gene only (H3H)	51.6
GCA_013427175.2	Armillaria borealis	yes	JAAGUC010000021.1	311481	311891	410	1	H3H	4	single gene only (H3H)	53.5
GCA_013427175.2	Armillaria borealis	yes	JAAGUC010000034.1	17359	18102	743	1	H3H	4	single gene only (H3H)	51.6
GCA_013427175.2	Armillaria borealis	yes	JAAGUC010003209.1	10	1093	1083	1	H3H	4	single gene only (H3H)	55.5
GCA_013427175.2	Armillaria borealis	yes	JAAGUC010006202.1	480	716	236	1	H3H	4	single gene only (H3H)	46.2
GCA_013427175.2	Armillaria borealis	yes	JAAGUC010000105.1	26079	26514	435	1	H3H	4	single gene only (H3H)	117.0
GCA_013427175.2	Armillaria borealis	yes	JAAGUC010000002.1	945990	946163	173	1	H3H	4	single gene only (H3H)	43.1
GCA_013427175.2	Armillaria borealis	yes	JAAGUC010000033.1	98445	99722	1277	1	CPH	4	single gene only (CPH)	177.0
GCA_013427175.2	Armillaria borealis	yes	JAAGUC010000001.1	1012111	1012940	829	1	CPH	4	single gene only (CPH)	135.0
GCA_013427175.2	Armillaria borealis	yes	JAAGUC010000018.1	156718	157179	461	1	CPH	4	single gene only (CPH)	45.1
GCA_013427175.2	Armillaria borealis	yes	JAAGUC010000296.1	2605	3396	791	1	Luz	4	single gene only (Luz)	86.3
GCA_013427175.2	Armillaria borealis	yes	JAAGUC010000047.1	70500	70682	182	1	Luz	4	single gene only (Luz)	67.8
GCA_030435635.1	Armillaria borealis	yes	JAUEPT010000003.1	452966	454633	1667	1	H3H	4	single gene only (H3H)	60.1
GCA_030435635.1	Armillaria borealis	yes	JAUEPT010000003.1	1728652	1793005	64353	4	HispS,H3H,Luz,CPH	1	all four genes in window (ORF integrity pending)	785.0
GCA_030435635.1	Armillaria borealis	yes	JAUEPT010000003.1	2101211	2104112	2901	1	HispS	4	single gene only (HispS)	110.0
GCA_030435635.1	Armillaria borealis	yes	JAUEPT010000047.1	103065	111349	8284	1	HispS	4	single gene only (HispS)	339.0
GCA_030435635.1	Armillaria borealis	yes	JAUEPT010000028.1	122845	173549	50704	1	HispS	4	single gene only (HispS)	269.0
GCA_030435635.1	Armillaria borealis	yes	JAUEPT010000008.1	512933	559722	46789	2	H3H,Luz	3	two of four in window	86.3
GCA_030435635.1	Armillaria borealis	yes	JAUEPT010000008.1	976934	979347	2413	1	HispS	4	single gene only (HispS)	177.0
GCA_030435635.1	Armillaria borealis	yes	JAUEPT010000316.1	27139	29832	2693	1	HispS	4	single gene only (HispS)	229.0
GCA_030435635.1	Armillaria borealis	yes	JAUEPT010000005.1	523825	526437	2612	1	HispS	4	single gene only (HispS)	176.0
GCA_030435635.1	Armillaria borealis	yes	JAUEPT010000005.1	631002	631745	743	1	H3H	4	single gene only (H3H)	55.5
GCA_030435635.1	Armillaria borealis	yes	JAUEPT010000544.1	6939	8697	1758	1	HispS	4	single gene only (HispS)	130.0
GCA_030435635.1	Armillaria borealis	yes	JAUEPT010000090.1	22479	25139	2660	1	HispS	4	single gene only (HispS)	76.3
GCA_030435635.1	Armillaria borealis	yes	JAUEPT010000090.1	144170	146824	2654	1	HispS	4	single gene only (HispS)	103.0
GCA_030435635.1	Armillaria borealis	yes	JAUEPT010000002.1	322018	323205	1187	1	H3H	4	single gene only (H3H)	55.5
GCA_030435635.1	Armillaria borealis	yes	JAUEPT010000002.1	1254478	1256256	1778	1	HispS	4	single gene only (HispS)	115.0
GCA_030435635.1	Armillaria borealis	yes	JAUEPT010000002.1	1931857	1932135	278	1	H3H	4	single gene only (H3H)	54.7
GCA_030435635.1	Armillaria borealis	yes	JAUEPT010000584.1	10612	12279	1667	1	H3H	4	single gene only (H3H)	60.1
GCA_030435635.1	Armillaria borealis	yes	JAUEPT010000010.1	237258	269581	32323	1	H3H	4	single gene only (H3H)	73.2
GCA_030435635.1	Armillaria borealis	yes	JAUEPT010000046.1	68586	69593	1007	1	H3H	4	single gene only (H3H)	64.3
GCA_030435635.1	Armillaria borealis	yes	JAUEPT010000019.1	98067	99344	1277	1	CPH	4	single gene only (CPH)	178.0
GCA_030435635.1	Armillaria borealis	yes	JAUEPT010000019.1	330816	332013	1197	1	H3H	4	single gene only (H3H)	54.7
GCA_030435635.1	Armillaria borealis	yes	JAUEPT010000540.1	4620	5822	1202	1	H3H	4	single gene only (H3H)	57.0
GCA_030435635.1	Armillaria borealis	yes	JAUEPT010000347.1	758	15948	15190	1	H3H	4	single gene only (H3H)	53.5
GCA_030435635.1	Armillaria borealis	yes	JAUEPT010000009.1	513037	513189	152	1	H3H	4	single gene only (H3H)	51.6
GCA_030435635.1	Armillaria borealis	yes	JAUEPT010000203.1	2178	32347	30169	1	H3H	4	single gene only (H3H)	58.5
GCA_030435635.1	Armillaria borealis	yes	JAUEPT010000382.1	11917	12159	242	1	H3H	4	single gene only (H3H)	47.8
GCA_030435635.1	Armillaria borealis	yes	JAUEPT010000399.1	3398	4141	743	1	H3H	4	single gene only (H3H)	51.6
GCA_030435635.1	Armillaria borealis	yes	JAUEPT010000011.1	723894	724214	320	1	H3H	4	single gene only (H3H)	55.1
GCA_030435635.1	Armillaria borealis	yes	JAUEPT010000017.1	110926	111168	242	1	H3H	4	single gene only (H3H)	45.4
GCA_030435635.1	Armillaria borealis	yes	JAUEPT010000654.1	8290	8583	293	1	H3H	4	single gene only (H3H)	52.4
GCA_030435635.1	Armillaria borealis	yes	JAUEPT010000001.1	868655	868975	320	1	H3H	4	single gene only (H3H)	49.3
GCA_030435635.1	Armillaria borealis	yes	JAUEPT010000001.1	1317712	1318541	829	1	CPH	4	single gene only (CPH)	135.0
GCA_030435635.1	Armillaria borealis	yes	JAUEPT010000490.1	6375	6810	435	1	H3H	4	single gene only (H3H)	116.0
GCA_030435635.1	Armillaria borealis	yes	JAUEPT010000075.1	237380	237815	435	1	H3H	4	single gene only (H3H)	116.0
GCA_030435635.1	Armillaria borealis	yes	JAUEPT010000080.1	209546	209982	436	1	H3H	4	single gene only (H3H)	87.8
GCA_030435635.1	Armillaria borealis	yes	JAUEPT010000006.1	949522	949695	173	1	H3H	4	single gene only (H3H)	43.1
GCA_030435635.1	Armillaria borealis	yes	JAUEPT010000271.1	8747	10024	1277	1	CPH	4	single gene only (CPH)	178.0
GCA_030435635.1	Armillaria borealis	yes	JAUEPT010000037.1	98772	99233	461	1	CPH	4	single gene only (CPH)	45.1
GCA_030435635.1	Armillaria borealis	yes	JAUEPT010000007.1	187854	198261	10407	1	Luz	4	single gene only (Luz)	106.0
GCA_030435635.1	Armillaria borealis	yes	JAUEPT010000136.1	83758	93637	9879	1	Luz	4	single gene only (Luz)	73.9
GCA_030435635.1	Armillaria borealis	yes	JAUEPT010000039.1	351998	352180	182	1	Luz	4	single gene only (Luz)	68.2
GCA_900157415.1	Armillaria cepistipes	no	FTRY01000006.1	527570	528856	1286	1	CPH	4	single gene only (CPH)	182.0
GCA_900157415.1	Armillaria cepistipes	no	FTRY01000006.1	841245	842391	1146	1	H3H	4	single gene only (H3H)	55.5
GCA_900157415.1	Armillaria cepistipes	no	FTRY01000006.1	1399175	1464191	65016	4	HispS,H3H,Luz,CPH	1	all four genes in window (ORF integrity pending)	864.0
GCA_900157415.1	Armillaria cepistipes	no	FTRY01000006.1	2707472	2709010	1538	1	H3H	4	single gene only (H3H)	62.0
GCA_900157415.1	Armillaria cepistipes	no	FTRY01000006.1	3501618	3502846	1228	1	H3H	4	single gene only (H3H)	53.9
GCA_900157415.1	Armillaria cepistipes	no	FTRY01000044.1	160102	168427	8325	1	HispS	4	single gene only (HispS)	258.0
GCA_900157415.1	Armillaria cepistipes	no	FTRY01000010.1	1783306	1784049	743	1	H3H	4	single gene only (H3H)	54.7
GCA_900157415.1	Armillaria cepistipes	no	FTRY01000010.1	1957964	2017615	59651	1	HispS	4	single gene only (HispS)	206.0
GCA_900157415.1	Armillaria cepistipes	no	FTRY01000004.1	3790801	3793814	3013	1	HispS	4	single gene only (HispS)	227.0
GCA_900157415.1	Armillaria cepistipes	no	FTRY01000003.1	2399813	2401973	2160	1	HispS	4	single gene only (HispS)	119.0
GCA_900157415.1	Armillaria cepistipes	no	FTRY01000003.1	4128751	4129491	740	1	H3H	4	single gene only (H3H)	63.2
GCA_900157415.1	Armillaria cepistipes	no	FTRY01000161.1	6874	7200	326	1	HispS	4	single gene only (HispS)	46.6
GCA_900157415.1	Armillaria cepistipes	no	FTRY01000007.1	382820	384020	1200	1	H3H	4	single gene only (H3H)	72.8
GCA_900157415.1	Armillaria cepistipes	no	FTRY01000007.1	1990274	1990633	359	1	H3H	4	single gene only (H3H)	50.4
GCA_900157415.1	Armillaria cepistipes	no	FTRY01000012.1	541641	543011	1370	1	H3H	4	single gene only (H3H)	69.3
GCA_900157415.1	Armillaria cepistipes	no	FTRY01000001.1	4304262	4337562	33300	2	H3H,Luz	3	two of four in window	73.9
GCA_900157415.1	Armillaria cepistipes	no	FTRY01000014.1	48517	48963	446	1	H3H	4	single gene only (H3H)	59.7
GCA_900157415.1	Armillaria cepistipes	no	FTRY01000002.1	2787947	2788773	826	1	CPH	4	single gene only (CPH)	138.0
GCA_900157415.1	Armillaria cepistipes	no	FTRY01000002.1	3337608	3337877	269	1	H3H	4	single gene only (H3H)	58.2
GCA_900157415.1	Armillaria cepistipes	no	FTRY01000002.1	4514773	4515208	435	1	H3H	4	single gene only (H3H)	116.0
GCA_900157415.1	Armillaria cepistipes	no	FTRY01000018.1	792577	793332	755	1	H3H	4	single gene only (H3H)	51.2
GCA_900157415.1	Armillaria cepistipes	no	FTRY01000024.1	198164	198405	241	1	CPH	4	single gene only (CPH)	37.0
GCA_900157415.1	Armillaria cepistipes	no	FTRY01000013.1	815990	855886	39896	1	Luz	4	single gene only (Luz)	70.1
GCA_900157415.1	Armillaria cepistipes	no	FTRY01000033.1	197678	198460	782	1	Luz	4	single gene only (Luz)	83.6
GCA_002307695.1	Armillaria gallica	yes	KZ293645.1	881562	882805	1243	1	H3H	4	single gene only (H3H)	54.3
GCA_002307695.1	Armillaria gallica	yes	KZ293645.1	1653702	1655177	1475	1	H3H	4	single gene only (H3H)	62.0
GCA_002307695.1	Armillaria gallica	yes	KZ293645.1	2915527	2978762	63235	4	HispS,H3H,Luz,CPH	1	all four genes in window (ORF integrity pending)	817.0
GCA_002307695.1	Armillaria gallica	yes	KZ293645.1	3294134	3297070	2936	1	HispS	4	single gene only (HispS)	107.0
GCA_002307695.1	Armillaria gallica	yes	KZ293645.1	3566614	3566931	317	1	H3H	4	single gene only (H3H)	54.7
GCA_002307695.1	Armillaria gallica	yes	KZ293728.1	260956	269245	8289	1	HispS	4	single gene only (HispS)	272.0
GCA_002307695.1	Armillaria gallica	yes	KZ293696.1	251202	251954	752	1	H3H	4	single gene only (H3H)	54.7
GCA_002307695.1	Armillaria gallica	yes	KZ293696.1	380568	439925	59357	1	HispS	4	single gene only (HispS)	181.0
GCA_002307695.1	Armillaria gallica	yes	KZ293657.1	165465	202376	36911	1	HispS	4	single gene only (HispS)	231.0
GCA_002307695.1	Armillaria gallica	yes	KZ293657.1	1258065	1258306	241	1	CPH	4	single gene only (CPH)	36.6
GCA_002307695.1	Armillaria gallica	yes	KZ293789.1	5915	7081	1166	1	HispS	4	single gene only (HispS)	117.0
GCA_002307695.1	Armillaria gallica	yes	KZ293667.1	633028	635679	2651	1	HispS	4	single gene only (HispS)	112.0
GCA_002307695.1	Armillaria gallica	yes	KZ293661.1	409972	410250	278	1	H3H	4	single gene only (H3H)	52.4
GCA_002307695.1	Armillaria gallica	yes	KZ293661.1	1090078	1092717	2639	1	HispS	4	single gene only (HispS)	112.0
GCA_002307695.1	Armillaria gallica	yes	KZ293709.1	236654	236944	290	1	HispS	4	single gene only (HispS)	60.1
GCA_002307695.1	Armillaria gallica	yes	KZ293681.1	435606	436808	1202	1	H3H	4	single gene only (H3H)	55.8
GCA_002307695.1	Armillaria gallica	yes	KZ293653.1	810144	810890	746	1	H3H	4	single gene only (H3H)	63.9
GCA_002307695.1	Armillaria gallica	yes	KZ293670.1	338847	340379	1532	1	H3H	4	single gene only (H3H)	71.2
GCA_002307695.1	Armillaria gallica	yes	KZ293646.1	467323	467758	435	1	H3H	4	single gene only (H3H)	95.9
GCA_002307695.1	Armillaria gallica	yes	KZ293646.1	1609576	1610508	932	1	H3H	4	single gene only (H3H)	60.8
GCA_002307695.1	Armillaria gallica	yes	KZ293646.1	2089940	2090629	689	1	CPH	4	single gene only (CPH)	138.0
GCA_002307695.1	Armillaria gallica	yes	KZ293675.1	11015	11797	782	1	Luz	4	single gene only (Luz)	86.3
GCA_002307695.1	Armillaria gallica	yes	KZ293675.1	340161	341448	1287	1	H3H	4	single gene only (H3H)	49.7
GCA_002307695.1	Armillaria gallica	yes	KZ293649.1	2119237	2146047	26810	2	H3H,Luz	3	two of four in window	71.6
GCA_002307695.1	Armillaria gallica	yes	KZ293644.1	3572503	3572952	449	1	H3H	4	single gene only (H3H)	58.5
GCA_002307695.1	Armillaria gallica	yes	KZ293652.1	1152549	1152668	119	1	H3H	4	single gene only (H3H)	43.1
GCA_002307695.1	Armillaria gallica	yes	KZ293700.1	126797	127552	755	1	H3H	4	single gene only (H3H)	52.0
GCA_002307695.1	Armillaria gallica	yes	KZ293712.1	174940	175125	185	1	H3H	4	single gene only (H3H)	44.7
GCA_002307695.1	Armillaria gallica	yes	KZ293655.1	14310	15595	1285	1	CPH	4	single gene only (CPH)	260.0
GCA_002307695.1	Armillaria gallica	yes	KZ293759.1	116906	117716	810	1	Luz	4	single gene only (Luz)	82.4
GCA_012064365.1	Armillaria gallica	no	VTST01000008.1	229771	230892	1121	1	H3H	4	single gene only (H3H)	56.2
GCA_012064365.1	Armillaria gallica	no	VTST01000008.1	1025808	1027283	1475	1	H3H	4	single gene only (H3H)	60.1
GCA_012064365.1	Armillaria gallica	no	VTST01000008.1	2303416	2366653	63237	4	HispS,H3H,Luz,CPH	1	all four genes in window (ORF integrity pending)	888.0
GCA_012064365.1	Armillaria gallica	no	VTST01000008.1	2683865	2686801	2936	1	HispS	4	single gene only (HispS)	109.0
GCA_012064365.1	Armillaria gallica	no	VTST01000008.1	2962977	2964243	1266	1	H3H	4	single gene only (H3H)	55.1
GCA_012064365.1	Armillaria gallica	no	VTST01000008.1	3201367	3202644	1277	1	CPH	4	single gene only (CPH)	177.0
GCA_012064365.1	Armillaria gallica	no	VTST01000008.1	3311720	3312974	1254	1	CPH	4	single gene only (CPH)	183.0
GCA_012064365.1	Armillaria gallica	no	VTST01000006.1	1478660	1486945	8285	1	HispS	4	single gene only (HispS)	355.0
GCA_012064365.1	Armillaria gallica	no	VTST01000001.1	795286	940912	145626	1	Luz	4	single gene only (Luz)	72.8
GCA_012064365.1	Armillaria gallica	no	VTST01000001.1	3502559	3505587	3028	1	HispS	4	single gene only (HispS)	207.0
GCA_012064365.1	Armillaria gallica	no	VTST01000001.1	3646488	3647249	761	1	H3H	4	single gene only (H3H)	52.8
GCA_012064365.1	Armillaria gallica	no	VTST01000005.1	1770164	1770337	173	1	H3H	4	single gene only (H3H)	43.1
GCA_012064365.1	Armillaria gallica	no	VTST01000005.1	2265108	2304101	38993	1	HispS	4	single gene only (HispS)	185.0
GCA_012064365.1	Armillaria gallica	no	VTST01000005.1	3346325	3346566	241	1	CPH	4	single gene only (CPH)	36.6
GCA_012064365.1	Armillaria gallica	no	VTST01000007.1	898026	898772	746	1	H3H	4	single gene only (H3H)	66.2
GCA_012064365.1	Armillaria gallica	no	VTST01000007.1	2727939	2761005	33066	1	HispS	4	single gene only (HispS)	117.0
GCA_012064365.1	Armillaria gallica	no	VTST01000002.1	472033	472182	149	1	H3H	4	single gene only (H3H)	47.8
GCA_012064365.1	Armillaria gallica	no	VTST01000002.1	1662730	1663002	272	1	H3H	4	single gene only (H3H)	54.3
GCA_012064365.1	Armillaria gallica	no	VTST01000002.1	2348209	2349798	1589	1	HispS	4	single gene only (HispS)	103.0
GCA_012064365.1	Armillaria gallica	no	VTST01000002.1	3311686	3312886	1200	1	H3H	4	single gene only (H3H)	70.1
GCA_012064365.1	Armillaria gallica	no	VTST01000010.1	759072	759311	239	1	HispS	4	single gene only (HispS)	58.2
GCA_012064365.1	Armillaria gallica	no	VTST01000003.1	947916	981605	33689	2	H3H,Luz	3	two of four in window	73.6
GCA_012064365.1	Armillaria gallica	no	VTST01000003.1	3486724	3487323	599	1	HispS	4	single gene only (HispS)	47.8
GCA_012064365.1	Armillaria gallica	no	VTST01000003.1	3720804	3721559	755	1	H3H	4	single gene only (H3H)	50.8
GCA_012064365.1	Armillaria gallica	no	VTST01000038.1	361751	363079	1328	1	H3H	4	single gene only (H3H)	71.6
GCA_012064365.1	Armillaria gallica	no	VTST01000011.1	420372	421659	1287	1	H3H	4	single gene only (H3H)	53.5
GCA_012064365.1	Armillaria gallica	no	VTST01000011.1	1098788	1099573	785	1	Luz	4	single gene only (Luz)	82.4
GCA_012064365.1	Armillaria gallica	no	VTST01000017.1	41663	42929	1266	1	H3H	4	single gene only (H3H)	55.1
GCA_012064365.1	Armillaria gallica	no	VTST01000017.1	294333	295616	1283	1	CPH	4	single gene only (CPH)	193.0
GCA_012064365.1	Armillaria gallica	no	VTST01000004.1	1600991	1601817	826	1	CPH	4	single gene only (CPH)	139.0
GCA_012064365.1	Armillaria gallica	no	VTST01000004.1	2098406	2098852	446	1	H3H	4	single gene only (H3H)	62.0
GCA_012064365.1	Armillaria gallica	no	VTST01000004.1	3235728	3236163	435	1	H3H	4	single gene only (H3H)	116.0
GCA_012064365.1	Armillaria gallica	no	VTST01000013.1	339944	340393	449	1	H3H	4	single gene only (H3H)	59.3
GCA_026212265.1	Armillaria gallica	no	JANYMC010000020.1	58431	121678	63247	4	HispS,H3H,Luz,CPH	1	all four genes in window (ORF integrity pending)	874.0
GCA_026212265.1	Armillaria gallica	no	JANYMC010000497.1	20299	28593	8294	1	HispS	4	single gene only (HispS)	350.0
GCA_026212265.1	Armillaria gallica	no	JANYMC010000170.1	33974	36630	2656	1	HispS	4	single gene only (HispS)	206.0
GCA_026212265.1	Armillaria gallica	no	JANYMC010000203.1	64003	67017	3014	1	HispS	4	single gene only (HispS)	185.0
GCA_026212265.1	Armillaria gallica	no	JANYMC010000253.1	5263	8258	2995	1	HispS	4	single gene only (HispS)	183.0
GCA_026212265.1	Armillaria gallica	no	JANYMC010000131.1	65517	67674	2157	1	HispS	4	single gene only (HispS)	116.0
GCA_026212265.1	Armillaria gallica	no	JANYMC010000313.1	1106	4042	2936	1	HispS	4	single gene only (HispS)	109.0
GCA_026212265.1	Armillaria gallica	no	JANYMC010000014.1	192276	193865	1589	1	HispS	4	single gene only (HispS)	103.0
GCA_026212265.1	Armillaria gallica	no	JANYMC010000235.1	47221	47445	224	1	HispS	4	single gene only (HispS)	58.2
GCA_026212265.1	Armillaria gallica	no	JANYMC010000914.1	15434	16033	599	1	HispS	4	single gene only (HispS)	47.8
GCA_026212265.1	Armillaria gallica	no	JANYMC010000017.1	231118	232593	1475	1	H3H	4	single gene only (H3H)	60.1
GCA_026212265.1	Armillaria gallica	no	JANYMC010000025.1	248217	249417	1200	1	H3H	4	single gene only (H3H)	70.1
GCA_026212265.1	Armillaria gallica	no	JANYMC010000060.1	54210	54956	746	1	H3H	4	single gene only (H3H)	65.1
GCA_026212265.1	Armillaria gallica	no	JANYMC010000166.1	28263	28781	518	1	H3H	4	single gene only (H3H)	53.1
GCA_026212265.1	Armillaria gallica	no	JANYMC010000827.1	16719	17672	953	1	H3H	4	single gene only (H3H)	55.5
GCA_026212265.1	Armillaria gallica	no	JANYMC010000026.1	196669	197935	1266	1	H3H	4	single gene only (H3H)	55.1
GCA_026212265.1	Armillaria gallica	no	JANYMC010000010.1	64506	64778	272	1	H3H	4	single gene only (H3H)	54.3
GCA_026212265.1	Armillaria gallica	no	JANYMC010000016.1	29287	62962	33675	2	H3H,Luz	3	two of four in window	73.6
GCA_026212265.1	Armillaria gallica	no	JANYMC010000023.1	63160	63606	446	1	H3H	4	single gene only (H3H)	62.0
GCA_026212265.1	Armillaria gallica	no	JANYMC010000091.1	137153	137602	449	1	H3H	4	single gene only (H3H)	59.3
GCA_026212265.1	Armillaria gallica	no	JANYMC010000047.1	177882	179003	1121	1	H3H	4	single gene only (H3H)	56.2
GCA_026212265.1	Armillaria gallica	no	JANYMC010000289.1	53203	53352	149	1	H3H	4	single gene only (H3H)	47.8
GCA_026212265.1	Armillaria gallica	no	JANYMC010000041.1	67870	68631	761	1	H3H	4	single gene only (H3H)	52.8
GCA_026212265.1	Armillaria gallica	no	JANYMC010000160.1	20238	20993	755	1	H3H	4	single gene only (H3H)	50.8
GCA_026212265.1	Armillaria gallica	no	JANYMC010000002.1	23251	23686	435	1	H3H	4	single gene only (H3H)	116.0
GCA_026212265.1	Armillaria gallica	no	JANYMC010000011.1	183453	183626	173	1	H3H	4	single gene only (H3H)	43.1
GCA_026212265.1	Armillaria gallica	no	JANYMC010000043.1	48292	49575	1283	1	CPH	4	single gene only (CPH)	193.0
GCA_026212265.1	Armillaria gallica	no	JANYMC010000012.1	101941	102767	826	1	CPH	4	single gene only (CPH)	139.0
GCA_026212265.1	Armillaria gallica	no	JANYMC010000296.1	44063	44304	241	1	CPH	4	single gene only (CPH)	36.2
GCA_026212265.1	Armillaria gallica	no	JANYMC010000545.1	16328	17117	789	1	Luz	4	single gene only (Luz)	68.9
GCA_026212265.1	Armillaria gallica	no	JANYMC010000269.1	47353	48135	782	1	Luz	4	single gene only (Luz)	81.3
GCA_026212265.1	Armillaria gallica	no	JANYMC010001247.1	2018	2779	761	1	Luz	4	single gene only (Luz)	67.0
GCA_026212265.1	Armillaria gallica	no	JANYMC010000546.1	35277	35972	695	1	Luz	4	single gene only (Luz)	60.1
GCA_026212265.1	Armillaria gallica	no	JANYMC010000708.1	7503	7628	125	1	Luz	4	single gene only (Luz)	43.1
GCA_037576215.1	Armillaria gallica	no	JBANDB010000008.1	1223076	1224329	1253	1	CPH	4	single gene only (CPH)	204.0
GCA_037576215.1	Armillaria gallica	no	JBANDB010000008.1	1333403	1334680	1277	1	CPH	4	single gene only (CPH)	177.0
GCA_037576215.1	Armillaria gallica	no	JBANDB010000008.1	1570370	1571636	1266	1	H3H	4	single gene only (H3H)	55.1
GCA_037576215.1	Armillaria gallica	no	JBANDB010000008.1	1837303	1840239	2936	1	HispS	4	single gene only (HispS)	107.0
GCA_037576215.1	Armillaria gallica	no	JBANDB010000008.1	2153961	2217192	63231	4	HispS,H3H,Luz,CPH	1	all four genes in window (ORF integrity pending)	894.0
GCA_037576215.1	Armillaria gallica	no	JBANDB010000008.1	3473627	3475102	1475	1	H3H	4	single gene only (H3H)	60.1
GCA_037576215.1	Armillaria gallica	no	JBANDB010000008.1	4278117	4279238	1121	1	H3H	4	single gene only (H3H)	56.2
GCA_037576215.1	Armillaria gallica	no	JBANDB010000005.1	1497540	1505834	8294	1	HispS	4	single gene only (HispS)	350.0
GCA_037576215.1	Armillaria gallica	no	JBANDB010000003.1	2767571	2768332	761	1	H3H	4	single gene only (H3H)	52.8
GCA_037576215.1	Armillaria gallica	no	JBANDB010000003.1	2907282	2909938	2656	1	HispS	4	single gene only (HispS)	206.0
GCA_037576215.1	Armillaria gallica	no	JBANDB010000003.1	5444096	5551483	107387	1	Luz	4	single gene only (Luz)	68.9
GCA_037576215.1	Armillaria gallica	no	JBANDB010000003.1	6445755	6446204	449	1	H3H	4	single gene only (H3H)	59.3
GCA_037576215.1	Armillaria gallica	no	JBANDB010000017.1	180264	219260	38996	1	HispS	4	single gene only (HispS)	185.0
GCA_037576215.1	Armillaria gallica	no	JBANDB010000017.1	1215683	1215924	241	1	CPH	4	single gene only (CPH)	36.6
GCA_037576215.1	Armillaria gallica	no	JBANDB010000014.1	71271	121059	49788	1	HispS	4	single gene only (HispS)	185.0
GCA_037576215.1	Armillaria gallica	no	JBANDB010000014.1	565478	565651	173	1	H3H	4	single gene only (H3H)	43.1
GCA_037576215.1	Armillaria gallica	no	JBANDB010000001.1	1829340	1831496	2156	1	HispS	4	single gene only (HispS)	116.0
GCA_037576215.1	Armillaria gallica	no	JBANDB010000001.1	3859014	3859760	746	1	H3H	4	single gene only (H3H)	65.1
GCA_037576215.1	Armillaria gallica	no	JBANDB010000002.1	2456443	2457643	1200	1	H3H	4	single gene only (H3H)	70.1
GCA_037576215.1	Armillaria gallica	no	JBANDB010000002.1	3418610	3420130	1520	1	HispS	4	single gene only (HispS)	101.0
GCA_037576215.1	Armillaria gallica	no	JBANDB010000002.1	4102433	4102705	272	1	H3H	4	single gene only (H3H)	54.3
GCA_037576215.1	Armillaria gallica	no	JBANDB010000002.1	5292450	5292599	149	1	H3H	4	single gene only (H3H)	47.8
GCA_037576215.1	Armillaria gallica	no	JBANDB010000012.1	1673272	1673511	239	1	HispS	4	single gene only (HispS)	58.2
GCA_037576215.1	Armillaria gallica	no	JBANDB010000007.1	4605285	4606221	936	1	H3H	4	single gene only (H3H)	60.5
GCA_037576215.1	Armillaria gallica	no	JBANDB010000004.1	2045014	2045532	518	1	H3H	4	single gene only (H3H)	53.1
GCA_037576215.1	Armillaria gallica	no	JBANDB010000004.1	2766255	2767036	781	1	Luz	4	single gene only (Luz)	53.1
GCA_037576215.1	Armillaria gallica	no	JBANDB010000010.1	1234123	1267798	33675	2	H3H,Luz	3	two of four in window	73.6
GCA_037576215.1	Armillaria gallica	no	JBANDB010000006.1	656914	657349	435	1	H3H	4	single gene only (H3H)	116.0
GCA_037576215.1	Armillaria gallica	no	JBANDB010000006.1	1785216	1785662	446	1	H3H	4	single gene only (H3H)	62.0
GCA_037576215.1	Armillaria gallica	no	JBANDB010000006.1	2296848	2297674	826	1	CPH	4	single gene only (CPH)	139.0
GCA_037576215.1	Armillaria gallica	no	JBANDB010000013.1	573775	607217	33442	1	H3H	4	single gene only (H3H)	56.2
GCA_037576215.1	Armillaria gallica	no	JBANDB010000011.1	1184153	1184713	560	1	H3H	4	single gene only (H3H)	50.8
GCA_038088205.1	Armillaria gallica	no	JBBIWF010000001.1	509485	510957	1472	1	H3H	4	single gene only (H3H)	62.0
GCA_038088205.1	Armillaria gallica	no	JBBIWF010000001.1	1841932	1905201	63269	4	HispS,H3H,Luz,CPH	1	all four genes in window (ORF integrity pending)	817.0
GCA_038088205.1	Armillaria gallica	no	JBBIWF010000001.1	2206139	2209075	2936	1	HispS	4	single gene only (HispS)	108.0
GCA_038088205.1	Armillaria gallica	no	JBBIWF010000001.1	2472836	2474018	1182	1	H3H	4	single gene only (H3H)	53.1
GCA_038088205.1	Armillaria gallica	no	JBBIWF010000001.1	2740324	2741597	1273	1	CPH	4	single gene only (CPH)	189.0
GCA_038088205.1	Armillaria gallica	no	JBBIWF010000042.1	436932	445236	8304	1	HispS	4	single gene only (HispS)	272.0
GCA_038088205.1	Armillaria gallica	no	JBBIWF010000043.1	292607	295588	2981	1	HispS	4	single gene only (HispS)	209.0
GCA_038088205.1	Armillaria gallica	no	JBBIWF010000043.1	440330	441172	842	1	H3H	4	single gene only (H3H)	53.9
GCA_038088205.1	Armillaria gallica	no	JBBIWF010000045.1	285617	322545	36928	1	HispS	4	single gene only (HispS)	223.0
GCA_038088205.1	Armillaria gallica	no	JBBIWF010000023.1	609082	641915	32833	1	HispS	4	single gene only (HispS)	116.0
GCA_038088205.1	Armillaria gallica	no	JBBIWF010000012.1	429110	431761	2651	1	HispS	4	single gene only (HispS)	112.0
GCA_038088205.1	Armillaria gallica	no	JBBIWF010000004.1	291680	291958	278	1	H3H	4	single gene only (H3H)	52.4
GCA_038088205.1	Armillaria gallica	no	JBBIWF010000004.1	966237	968876	2639	1	HispS	4	single gene only (HispS)	105.0
GCA_038088205.1	Armillaria gallica	no	JBBIWF010000004.1	1388145	1388330	185	1	H3H	4	single gene only (H3H)	44.3
GCA_038088205.1	Armillaria gallica	no	JBBIWF010000010.1	638209	638412	203	1	HispS	4	single gene only (HispS)	61.2
GCA_038088205.1	Armillaria gallica	no	JBBIWF010000015.1	621438	622184	746	1	H3H	4	single gene only (H3H)	63.2
GCA_038088205.1	Armillaria gallica	no	JBBIWF010000155.1	90728	91950	1222	1	H3H	4	single gene only (H3H)	70.1
GCA_038088205.1	Armillaria gallica	no	JBBIWF010000037.1	56318	57286	968	1	H3H	4	single gene only (H3H)	63.9
GCA_038088205.1	Armillaria gallica	no	JBBIWF010000026.1	407745	409009	1264	1	H3H	4	single gene only (H3H)	55.8
GCA_038088205.1	Armillaria gallica	no	JBBIWF010000002.1	153121	153556	435	1	H3H	4	single gene only (H3H)	117.0
GCA_038088205.1	Armillaria gallica	no	JBBIWF010000002.1	1292432	1292881	449	1	H3H	4	single gene only (H3H)	60.8
GCA_038088205.1	Armillaria gallica	no	JBBIWF010000002.1	1794500	1795326	826	1	CPH	4	single gene only (CPH)	139.0
GCA_038088205.1	Armillaria gallica	no	JBBIWF010000220.1	83563	84012	449	1	H3H	4	single gene only (H3H)	58.5
GCA_038088205.1	Armillaria gallica	no	JBBIWF010000049.1	284266	285021	755	1	H3H	4	single gene only (H3H)	52.0
GCA_038088205.1	Armillaria gallica	no	JBBIWF010000119.1	210255	211109	854	1	H3H	4	single gene only (H3H)	49.3
GCA_038088205.1	Armillaria gallica	no	JBBIWF010000003.1	1917667	1917840	173	1	H3H	4	single gene only (H3H)	43.5
GCA_038088205.1	Armillaria gallica	no	JBBIWF010000228.1	25476	26266	790	1	Luz	4	single gene only (Luz)	72.0
GCA_038088205.1	Armillaria gallica	no	JBBIWF010000105.1	66839	67588	749	1	Luz	4	single gene only (Luz)	75.9
GCA_038088205.1	Armillaria gallica	no	JBBIWF010000133.1	1443	1937	494	1	Luz	4	single gene only (Luz)	72.0
GCA_900157425.1	Armillaria ostoyae	yes	FUEG01000003.1	903307	938980	35673	1	H3H	4	single gene only (H3H)	73.6
GCA_900157425.1	Armillaria ostoyae	yes	FUEG01000003.1	1662921	1664588	1667	1	H3H	4	single gene only (H3H)	60.1
GCA_900157425.1	Armillaria ostoyae	yes	FUEG01000003.1	2932150	3001107	68957	4	HispS,H3H,Luz,CPH	1	all four genes in window (ORF integrity pending)	792.0
GCA_900157425.1	Armillaria ostoyae	yes	FUEG01000003.1	3315163	3318063	2900	1	HispS	4	single gene only (HispS)	108.0
GCA_900157425.1	Armillaria ostoyae	yes	FUEG01000003.1	3590766	3592026	1260	1	H3H	4	single gene only (H3H)	57.8
GCA_900157425.1	Armillaria ostoyae	yes	FUEG01000003.1	3823650	3824917	1267	1	CPH	4	single gene only (CPH)	177.0
GCA_900157425.1	Armillaria ostoyae	yes	FUEG01000003.1	4118421	4118741	320	1	H3H	4	single gene only (H3H)	56.2
GCA_900157425.1	Armillaria ostoyae	yes	FUEG01000025.1	192732	201047	8315	1	HispS	4	single gene only (HispS)	346.0
GCA_900157425.1	Armillaria ostoyae	yes	FUEG01000007.1	2102295	2105361	3066	1	HispS	4	single gene only (HispS)	190.0
GCA_900157425.1	Armillaria ostoyae	yes	FUEG01000002.1	1787324	1804217	16893	1	Luz	4	single gene only (Luz)	82.0
GCA_900157425.1	Armillaria ostoyae	yes	FUEG01000002.1	3562994	3563167	173	1	H3H	4	single gene only (H3H)	43.9
GCA_900157425.1	Armillaria ostoyae	yes	FUEG01000002.1	4007969	4048125	40156	1	HispS	4	single gene only (HispS)	232.0
GCA_900157425.1	Armillaria ostoyae	yes	FUEG01000008.1	118191	120612	2421	1	HispS	4	single gene only (HispS)	130.0
GCA_900157425.1	Armillaria ostoyae	yes	FUEG01000008.1	401071	482393	81322	2	H3H,Luz	3	two of four in window	78.2
GCA_900157425.1	Armillaria ostoyae	yes	FUEG01000010.1	1002389	1003513	1124	1	H3H	4	single gene only (H3H)	61.2
GCA_900157425.1	Armillaria ostoyae	yes	FUEG01000005.1	1917828	1918943	1115	1	H3H	4	single gene only (H3H)	64.3
GCA_900157425.1	Armillaria ostoyae	yes	FUEG01000001.1	709480	709674	194	1	H3H	4	single gene only (H3H)	53.1
GCA_900157425.1	Armillaria ostoyae	yes	FUEG01000001.1	1870365	1870643	278	1	H3H	4	single gene only (H3H)	54.7
GCA_900157425.1	Armillaria ostoyae	yes	FUEG01000001.1	3431320	3432525	1205	1	H3H	4	single gene only (H3H)	56.2
GCA_900157425.1	Armillaria ostoyae	yes	FUEG01000018.1	283705	283935	230	1	H3H	4	single gene only (H3H)	47.0
GCA_900157425.1	Armillaria ostoyae	yes	FUEG01000006.1	1651092	1651921	829	1	CPH	4	single gene only (CPH)	135.0
GCA_900157425.1	Armillaria ostoyae	yes	FUEG01000006.1	2106796	2107089	293	1	H3H	4	single gene only (H3H)	52.4
GCA_900157425.1	Armillaria ostoyae	yes	FUEG01000012.1	267062	267805	743	1	H3H	4	single gene only (H3H)	55.8
GCA_900157425.1	Armillaria ostoyae	yes	FUEG01000030.1	416178	416613	435	1	H3H	4	single gene only (H3H)	116.0
GCA_900157425.1	Armillaria ostoyae	yes	FUEG01000019.1	246675	247527	852	1	Luz	4	single gene only (Luz)	79.0
GCA_900157425.1	Armillaria ostoyae	yes	FUEG01000009.1	1930665	1930847	182	1	Luz	4	single gene only (Luz)	66.6
GCA_902506015.1	Armillaria ostoyae	no	LR732083.1	1735524	1771197	35673	1	H3H	4	single gene only (H3H)	73.6
GCA_902506015.1	Armillaria ostoyae	no	LR732083.1	2495138	2496805	1667	1	H3H	4	single gene only (H3H)	60.1
GCA_902506015.1	Armillaria ostoyae	no	LR732083.1	3764367	3833324	68957	4	HispS,H3H,Luz,CPH	1	all four genes in window (ORF integrity pending)	792.0
GCA_902506015.1	Armillaria ostoyae	no	LR732083.1	4147380	4150280	2900	1	HispS	4	single gene only (HispS)	108.0
GCA_902506015.1	Armillaria ostoyae	no	LR732083.1	4422983	4424243	1260	1	H3H	4	single gene only (H3H)	57.8
GCA_902506015.1	Armillaria ostoyae	no	LR732083.1	4655867	4657134	1267	1	CPH	4	single gene only (CPH)	177.0
GCA_902506015.1	Armillaria ostoyae	no	LR732083.1	4950638	4950958	320	1	H3H	4	single gene only (H3H)	56.2
GCA_902506015.1	Armillaria ostoyae	no	LR732080.1	4410505	4418820	8315	1	HispS	4	single gene only (HispS)	346.0
GCA_902506015.1	Armillaria ostoyae	no	LR732079.1	624256	625108	852	1	Luz	4	single gene only (Luz)	79.0
GCA_902506015.1	Armillaria ostoyae	no	LR732079.1	1985711	1986454	743	1	H3H	4	single gene only (H3H)	55.8
GCA_902506015.1	Armillaria ostoyae	no	LR732079.1	2089631	2092697	3066	1	HispS	4	single gene only (HispS)	190.0
GCA_902506015.1	Armillaria ostoyae	no	LR732079.1	4425016	4441909	16893	1	Luz	4	single gene only (Luz)	82.0
GCA_902506015.1	Armillaria ostoyae	no	LR732077.1	1334511	1335626	1115	1	H3H	4	single gene only (H3H)	64.3
GCA_902506015.1	Armillaria ostoyae	no	LR732077.1	4273589	4273762	173	1	H3H	4	single gene only (H3H)	43.9
GCA_902506015.1	Armillaria ostoyae	no	LR732077.1	4718564	4758720	40156	1	HispS	4	single gene only (HispS)	232.0
GCA_902506015.1	Armillaria ostoyae	no	LR732076.1	2547517	2628839	81322	2	H3H,Luz	3	two of four in window	78.2
GCA_902506015.1	Armillaria ostoyae	no	LR732076.1	2909298	2911719	2421	1	HispS	4	single gene only (HispS)	130.0
GCA_902506015.1	Armillaria ostoyae	no	LR732085.1	1800588	1801712	1124	1	H3H	4	single gene only (H3H)	61.2
GCA_902506015.1	Armillaria ostoyae	no	LR732082.1	1122543	1122737	194	1	H3H	4	single gene only (H3H)	53.1
GCA_902506015.1	Armillaria ostoyae	no	LR732082.1	2283428	2283706	278	1	H3H	4	single gene only (H3H)	54.7
GCA_902506015.1	Armillaria ostoyae	no	LR732082.1	3844383	3845588	1205	1	H3H	4	single gene only (H3H)	56.2
GCA_902506015.1	Armillaria ostoyae	no	LR732078.1	2955260	2955490	230	1	H3H	4	single gene only (H3H)	47.0
GCA_902506015.1	Armillaria ostoyae	no	LR732075.1	3139845	3140674	829	1	CPH	4	single gene only (CPH)	135.0
GCA_902506015.1	Armillaria ostoyae	no	LR732075.1	3595549	3595842	293	1	H3H	4	single gene only (H3H)	52.4
GCA_902506015.1	Armillaria ostoyae	no	LR732075.1	4816876	4817311	435	1	H3H	4	single gene only (H3H)	116.0
GCA_902506015.1	Armillaria ostoyae	no	LR732084.1	3144118	3144300	182	1	Luz	4	single gene only (Luz)	66.6
GCA_964034915.1	Armillaria ostoyae	no	OZ035947.1	1239830	1269866	30036	1	H3H	4	single gene only (H3H)	68.9
GCA_964034915.1	Armillaria ostoyae	no	OZ035947.1	1837751	1839418	1667	1	H3H	4	single gene only (H3H)	60.1
GCA_964034915.1	Armillaria ostoyae	no	OZ035947.1	3087766	3150450	62684	4	HispS,H3H,Luz,CPH	1	all four genes in window (ORF integrity pending)	793.0
GCA_964034915.1	Armillaria ostoyae	no	OZ035947.1	3467637	3470536	2899	1	HispS	4	single gene only (HispS)	110.0
GCA_964034915.1	Armillaria ostoyae	no	OZ035947.1	3728286	3729462	1176	1	H3H	4	single gene only (H3H)	55.5
GCA_964034915.1	Armillaria ostoyae	no	OZ035947.1	3958183	3959379	1196	1	CPH	4	single gene only (CPH)	147.0
GCA_964034915.1	Armillaria ostoyae	no	OZ035947.1	4253193	4253513	320	1	H3H	4	single gene only (H3H)	56.2
GCA_964034915.1	Armillaria ostoyae	no	OZ035950.1	3706399	3714711	8312	1	HispS	4	single gene only (HispS)	350.0
GCA_964034915.1	Armillaria ostoyae	no	OZ035942.1	788293	789151	858	1	Luz	4	single gene only (Luz)	75.1
GCA_964034915.1	Armillaria ostoyae	no	OZ035942.1	2161558	2162301	743	1	H3H	4	single gene only (H3H)	55.8
GCA_964034915.1	Armillaria ostoyae	no	OZ035942.1	2271057	2274115	3058	1	HispS	4	single gene only (HispS)	211.0
GCA_964034915.1	Armillaria ostoyae	no	OZ035942.1	4458186	4468657	10471	1	Luz	4	single gene only (Luz)	82.0
GCA_964034915.1	Armillaria ostoyae	no	OZ035943.1	497415	497876	461	1	CPH	4	single gene only (CPH)	44.3
GCA_964034915.1	Armillaria ostoyae	no	OZ035943.1	1639404	1678794	39390	1	HispS	4	single gene only (HispS)	267.0
GCA_964034915.1	Armillaria ostoyae	no	OZ035943.1	2106885	2107058	173	1	H3H	4	single gene only (H3H)	43.9
GCA_964034915.1	Armillaria ostoyae	no	OZ035949.1	1267410	1269831	2421	1	HispS	4	single gene only (HispS)	130.0
GCA_964034915.1	Armillaria ostoyae	no	OZ035949.1	1669706	1729823	60117	2	H3H,Luz	3	two of four in window	90.5
GCA_964034915.1	Armillaria ostoyae	no	OZ035951.1	2223097	2224221	1124	1	H3H	4	single gene only (H3H)	61.2
GCA_964034915.1	Armillaria ostoyae	no	OZ035944.1	1434566	1435771	1205	1	H3H	4	single gene only (H3H)	56.2
GCA_964034915.1	Armillaria ostoyae	no	OZ035944.1	3133561	3133839	278	1	H3H	4	single gene only (H3H)	54.7
GCA_964034915.1	Armillaria ostoyae	no	OZ035944.1	4345566	4345712	146	1	H3H	4	single gene only (H3H)	47.8
GCA_964034915.1	Armillaria ostoyae	no	OZ035941.1	3134458	3135287	829	1	CPH	4	single gene only (CPH)	135.0
GCA_964034915.1	Armillaria ostoyae	no	OZ035941.1	3582307	3582600	293	1	H3H	4	single gene only (H3H)	52.0
GCA_964034915.1	Armillaria ostoyae	no	OZ035941.1	4722128	4722563	435	1	H3H	4	single gene only (H3H)	116.0
GCA_964034915.1	Armillaria ostoyae	no	OZ035945.1	3238672	3238914	242	1	H3H	4	single gene only (H3H)	46.6
GCA_964034915.1	Armillaria ostoyae	no	OZ035946.1	1252601	1252786	185	1	Luz	4	single gene only (Luz)	66.6
GCA_964034935.1	Armillaria ostoyae	no	CAXIUJ010000038.1	127398	130298	2900	1	HispS	4	single gene only (HispS)	108.0
GCA_964034935.1	Armillaria ostoyae	no	CAXIUJ010000038.1	444154	511605	67451	4	HispS,H3H,Luz,CPH	1	all four genes in window (ORF integrity pending)	794.0
GCA_964034935.1	Armillaria ostoyae	no	CAXIUJ010000056.1	122401	130695	8294	1	HispS	4	single gene only (HispS)	345.0
GCA_964034935.1	Armillaria ostoyae	no	CAXIUJ010000022.1	526177	529243	3066	1	HispS	4	single gene only (HispS)	190.0
GCA_964034935.1	Armillaria ostoyae	no	CAXIUJ010000022.1	688785	689528	743	1	H3H	4	single gene only (H3H)	55.5
GCA_964034935.1	Armillaria ostoyae	no	CAXIUJ010000023.1	213068	251609	38541	1	HispS	4	single gene only (HispS)	234.0
GCA_964034935.1	Armillaria ostoyae	no	CAXIUJ010000138.1	311263	313684	2421	1	HispS	4	single gene only (HispS)	130.0
GCA_964034935.1	Armillaria ostoyae	no	CAXIUJ010000050.1	249156	289021	39865	1	H3H	4	single gene only (H3H)	72.8
GCA_964034935.1	Armillaria ostoyae	no	CAXIUJ010000103.1	244163	245287	1124	1	H3H	4	single gene only (H3H)	61.2
GCA_964034935.1	Armillaria ostoyae	no	CAXIUJ010000106.1	86232	87606	1374	1	H3H	4	single gene only (H3H)	55.5
GCA_964034935.1	Armillaria ostoyae	no	CAXIUJ010000538.1	72827	73852	1025	1	H3H	4	single gene only (H3H)	63.5
GCA_964034935.1	Armillaria ostoyae	no	CAXIUJ010000040.1	448226	449428	1202	1	H3H	4	single gene only (H3H)	56.2
GCA_964034935.1	Armillaria ostoyae	no	CAXIUJ010000064.1	93900	94094	194	1	H3H	4	single gene only (H3H)	53.1
GCA_964034935.1	Armillaria ostoyae	no	CAXIUJ010000007.1	302494	339969	37475	2	H3H,Luz	3	two of four in window	90.5
GCA_964034935.1	Armillaria ostoyae	no	CAXIUJ010000073.1	279498	279776	278	1	H3H	4	single gene only (H3H)	50.8
GCA_964034935.1	Armillaria ostoyae	no	CAXIUJ010000053.1	305665	305958	293	1	H3H	4	single gene only (H3H)	52.4
GCA_964034935.1	Armillaria ostoyae	no	CAXIUJ010000053.1	754010	754839	829	1	CPH	4	single gene only (CPH)	135.0
GCA_964034935.1	Armillaria ostoyae	no	CAXIUJ010000025.1	11694	12962	1268	1	CPH	4	single gene only (CPH)	174.0
GCA_964034935.1	Armillaria ostoyae	no	CAXIUJ010000025.1	307598	307891	293	1	H3H	4	single gene only (H3H)	49.3
GCA_964034935.1	Armillaria ostoyae	no	CAXIUJ010000065.1	326154	326396	242	1	H3H	4	single gene only (H3H)	47.0
GCA_964034935.1	Armillaria ostoyae	no	CAXIUJ010000039.1	404217	404652	435	1	H3H	4	single gene only (H3H)	118.0
GCA_964034935.1	Armillaria ostoyae	no	CAXIUJ010000018.1	1071361	1071534	173	1	H3H	4	single gene only (H3H)	43.9
GCA_964034935.1	Armillaria ostoyae	no	CAXIUJ010000016.1	179234	179695	461	1	CPH	4	single gene only (CPH)	44.3
GCA_964034935.1	Armillaria ostoyae	no	CAXIUJ010000002.1	272794	283265	10471	1	Luz	4	single gene only (Luz)	82.0
GCA_964034935.1	Armillaria ostoyae	no	CAXIUJ010000134.1	105774	106593	819	1	Luz	4	single gene only (Luz)	75.1
GCA_964034935.1	Armillaria ostoyae	no	CAXIUJ010000011.1	322000	322182	182	1	Luz	4	single gene only (Luz)	66.6
GCA_030407055.1	Armillaria mellea	yes	JAUDZF010000005.1	907154	908424	1270	1	CPH	4	single gene only (CPH)	176.0
GCA_030407055.1	Armillaria mellea	yes	JAUDZF010000005.1	1122183	1123455	1272	1	H3H	4	single gene only (H3H)	57.4
GCA_030407055.1	Armillaria mellea	yes	JAUDZF010000005.1	1400887	1403790	2903	1	HispS	4	single gene only (HispS)	104.0
GCA_030407055.1	Armillaria mellea	yes	JAUDZF010000005.1	1701529	1763611	62082	4	HispS,H3H,Luz,CPH	1	all four genes in window (ORF integrity pending)	783.0
GCA_030407055.1	Armillaria mellea	yes	JAUDZF010000005.1	2984819	2986360	1541	1	H3H	4	single gene only (H3H)	61.2
GCA_030407055.1	Armillaria mellea	yes	JAUDZF010000005.1	3697683	3698896	1213	1	H3H	4	single gene only (H3H)	55.8
GCA_030407055.1	Armillaria mellea	yes	JAUDZF010000015.1	126780	135076	8296	1	HispS	4	single gene only (HispS)	291.0
GCA_030407055.1	Armillaria mellea	yes	JAUDZF010000003.1	1339530	1340260	730	1	Luz	4	single gene only (Luz)	61.6
GCA_030407055.1	Armillaria mellea	yes	JAUDZF010000003.1	3689663	3791251	101588	2	HispS,H3H	3	two of four in window	218.0
GCA_030407055.1	Armillaria mellea	yes	JAUDZF010000164.1	40516	43207	2691	1	HispS	4	single gene only (HispS)	197.0
GCA_030407055.1	Armillaria mellea	yes	JAUDZF010000001.1	647806	648000	194	1	CPH	4	single gene only (CPH)	42.0
GCA_030407055.1	Armillaria mellea	yes	JAUDZF010000001.1	1621264	1624307	3043	1	HispS	4	single gene only (HispS)	226.0
GCA_030407055.1	Armillaria mellea	yes	JAUDZF010000001.1	4193685	4305268	111583	1	HispS	4	single gene only (HispS)	65.5
GCA_030407055.1	Armillaria mellea	yes	JAUDZF010000001.1	7090151	7090794	643	1	CPH	4	single gene only (CPH)	134.0
GCA_030407055.1	Armillaria mellea	yes	JAUDZF010000001.1	7538351	7539096	745	1	H3H	4	single gene only (H3H)	52.4
GCA_030407055.1	Armillaria mellea	yes	JAUDZF010000106.1	51218	52990	1772	1	HispS	4	single gene only (HispS)	104.0
GCA_030407055.1	Armillaria mellea	yes	JAUDZF010000019.1	339346	339573	227	1	HispS	4	single gene only (HispS)	60.8
GCA_030407055.1	Armillaria mellea	yes	JAUDZF010000006.1	1075999	1078947	2948	1	HispS	4	single gene only (HispS)	58.2
GCA_030407055.1	Armillaria mellea	yes	JAUDZF010000006.1	2322598	2323044	446	1	H3H	4	single gene only (H3H)	57.4
GCA_030407055.1	Armillaria mellea	yes	JAUDZF010000006.1	2620883	2621650	767	1	Luz	4	single gene only (Luz)	84.3
GCA_030407055.1	Armillaria mellea	yes	JAUDZF010000006.1	3023172	3023498	326	1	H3H	4	single gene only (H3H)	48.5
GCA_030407055.1	Armillaria mellea	yes	JAUDZF010000218.1	1240	1827	587	1	HispS	4	single gene only (HispS)	57.0
GCA_030407055.1	Armillaria mellea	yes	JAUDZF010000002.1	2054467	2054745	278	1	H3H	4	single gene only (H3H)	48.9
GCA_030407055.1	Armillaria mellea	yes	JAUDZF010000002.1	2717013	2718663	1650	1	HispS	4	single gene only (HispS)	76.3
GCA_030407055.1	Armillaria mellea	yes	JAUDZF010000002.1	3265548	3265814	266	1	H3H	4	single gene only (H3H)	54.3
GCA_030407055.1	Armillaria mellea	yes	JAUDZF010000002.1	3559961	3561184	1223	1	H3H	4	single gene only (H3H)	56.6
GCA_030407055.1	Armillaria mellea	yes	JAUDZF010000338.1	7890	9038	1148	1	H3H	4	single gene only (H3H)	68.6
GCA_030407055.1	Armillaria mellea	yes	JAUDZF010000008.1	2452935	2475027	22092	2	H3H,Luz	3	two of four in window	76.6
GCA_030407055.1	Armillaria mellea	yes	JAUDZF010000010.1	1206408	1206989	581	1	H3H	4	single gene only (H3H)	68.9
GCA_030407055.1	Armillaria mellea	yes	JAUDZF010000151.1	32800	34072	1272	1	H3H	4	single gene only (H3H)	57.4
GCA_030407055.1	Armillaria mellea	yes	JAUDZF010000004.1	2014922	2016202	1280	1	H3H	4	single gene only (H3H)	62.8
GCA_030407055.1	Armillaria mellea	yes	JAUDZF010000023.1	9645	10925	1280	1	H3H	4	single gene only (H3H)	63.2
GCA_030407055.1	Armillaria mellea	yes	JAUDZF010000035.1	50200	51497	1297	1	H3H	4	single gene only (H3H)	56.2
GCA_030407055.1	Armillaria mellea	yes	JAUDZF010000364.1	14749	15609	860	1	H3H	4	single gene only (H3H)	55.5
GCA_030407055.1	Armillaria mellea	yes	JAUDZF010000016.1	3186	3570	384	1	H3H	4	single gene only (H3H)	92.8
GCA_030407055.1	Armillaria mellea	yes	JAUDZF010000094.1	9380	9841	461	1	CPH	4	single gene only (CPH)	42.7
GCA_003987895.1	Neonothopanus nambi	no	RCHF01000489.1	4198	15313	11115	4	HispS,H3H,Luz,CPH	1	all four genes in window (ORF integrity pending)	786.0
GCA_003987895.1	Neonothopanus nambi	no	RCHF01005138.1	641	7606	6965	2	HispS,CPH	3	two of four in window	551.0
GCA_003987895.1	Neonothopanus nambi	no	RCHF01012416.1	3	780	777	1	HispS	4	single gene only (HispS)	310.0
GCA_003987895.1	Neonothopanus nambi	no	RCHF01010502.1	2520	5473	2953	1	HispS	4	single gene only (HispS)	152.0
GCA_003987895.1	Neonothopanus nambi	no	RCHF01000300.1	119093	122046	2953	1	HispS	4	single gene only (HispS)	150.0
GCA_003987895.1	Neonothopanus nambi	no	RCHF01012556.1	1	674	673	1	HispS	4	single gene only (HispS)	145.0
GCA_003987895.1	Neonothopanus nambi	no	RCHF01002164.1	2509	3228	719	1	HispS	4	single gene only (HispS)	77.8
GCA_003987895.1	Neonothopanus nambi	no	RCHF01000966.1	7438	10092	2654	1	HispS	4	single gene only (HispS)	98.2
GCA_003987895.1	Neonothopanus nambi	no	RCHF01000427.1	19347	22042	2695	1	HispS	4	single gene only (HispS)	97.1
GCA_003987895.1	Neonothopanus nambi	no	RCHF01004502.1	7657	8447	790	1	HispS	4	single gene only (HispS)	70.1
GCA_003987895.1	Neonothopanus nambi	no	RCHF01010503.1	16	893	877	1	HispS	4	single gene only (HispS)	58.5
GCA_003987895.1	Neonothopanus nambi	no	RCHF01000850.1	9884	12902	3018	1	HispS	4	single gene only (HispS)	57.4
GCA_003987895.1	Neonothopanus nambi	no	RCHF01011092.1	1	162	161	1	HispS	4	single gene only (HispS)	52.8
GCA_003987895.1	Neonothopanus nambi	no	RCHF01005843.1	2894	5009	2115	1	HispS	4	single gene only (HispS)	57.4
GCA_003987895.1	Neonothopanus nambi	no	RCHF01013079.1	5987	6505	518	1	HispS	4	single gene only (HispS)	56.6
GCA_003987895.1	Neonothopanus nambi	no	RCHF01000113.1	35443	35712	269	1	HispS	4	single gene only (HispS)	56.6
GCA_003987895.1	Neonothopanus nambi	no	RCHF01004197.1	15137	15436	299	1	HispS	4	single gene only (HispS)	55.1
GCA_003987895.1	Neonothopanus nambi	no	RCHF01003766.1	867	1200	333	1	HispS	4	single gene only (HispS)	88.2
GCA_003987895.1	Neonothopanus nambi	no	RCHF01001174.1	9112	9336	224	1	HispS	4	single gene only (HispS)	75.9
GCA_003987895.1	Neonothopanus nambi	no	RCHF01003643.1	3646	3967	321	1	HispS	4	single gene only (HispS)	65.1
GCA_003987895.1	Neonothopanus nambi	no	RCHF01000244.1	19106	19297	191	1	HispS	4	single gene only (HispS)	47.4
GCA_003987895.1	Neonothopanus nambi	no	RCHF01006372.1	6	2520	2514	2	H3H,CPH	3	two of four in window	301.0
GCA_003987895.1	Neonothopanus nambi	no	RCHF01004227.1	45148	46245	1097	1	H3H	4	single gene only (H3H)	113.0
GCA_003987895.1	Neonothopanus nambi	no	RCHF01004168.1	15691	16788	1097	1	H3H	4	single gene only (H3H)	114.0
GCA_003987895.1	Neonothopanus nambi	no	RCHF01010006.1	61	801	740	1	H3H	4	single gene only (H3H)	107.0
GCA_003987895.1	Neonothopanus nambi	no	RCHF01003048.1	76782	78351	1569	1	H3H	4	single gene only (H3H)	65.5
GCA_003987895.1	Neonothopanus nambi	no	RCHF01004561.1	4483	6052	1569	1	H3H	4	single gene only (H3H)	62.0
GCA_003987895.1	Neonothopanus nambi	no	RCHF01000508.1	13058	13857	799	1	H3H	4	single gene only (H3H)	63.9
GCA_003987895.1	Neonothopanus nambi	no	RCHF01000501.1	15109	15908	799	1	H3H	4	single gene only (H3H)	60.8
GCA_003987895.1	Neonothopanus nambi	no	RCHF01000484.1	42505	43554	1049	1	H3H	4	single gene only (H3H)	60.5
GCA_003987895.1	Neonothopanus nambi	no	RCHF01000781.1	1831	2970	1139	1	H3H	4	single gene only (H3H)	57.8
GCA_003987895.1	Neonothopanus nambi	no	RCHF01002161.1	21052	22297	1245	1	H3H	4	single gene only (H3H)	61.2
GCA_003987895.1	Neonothopanus nambi	no	RCHF01011567.1	246	1093	847	1	H3H	4	single gene only (H3H)	52.4
GCA_003987895.1	Neonothopanus nambi	no	RCHF01004493.1	2451	3316	865	1	H3H	4	single gene only (H3H)	52.4
GCA_003987895.1	Neonothopanus nambi	no	RCHF01013164.1	287	541	254	1	H3H	4	single gene only (H3H)	48.9
GCA_003987895.1	Neonothopanus nambi	no	RCHF01009494.1	21076	24089	3013	1	H3H	4	single gene only (H3H)	48.9
GCA_003987895.1	Neonothopanus nambi	no	RCHF01010660.1	2294	5303	3009	1	H3H	4	single gene only (H3H)	48.9
GCA_003987895.1	Neonothopanus nambi	no	RCHF01000331.1	7890	13156	5266	1	H3H	4	single gene only (H3H)	57.8
GCA_003987895.1	Neonothopanus nambi	no	RCHF01000287.1	25154	25936	782	1	H3H	4	single gene only (H3H)	51.2
GCA_003987895.1	Neonothopanus nambi	no	RCHF01004476.1	7567	8349	782	1	H3H	4	single gene only (H3H)	50.4
GCA_003987895.1	Neonothopanus nambi	no	RCHF01000235.1	51351	51668	317	1	H3H	4	single gene only (H3H)	59.7
GCA_003987895.1	Neonothopanus nambi	no	RCHF01000147.1	25821	29826	4005	1	H3H	4	single gene only (H3H)	68.2
GCA_003987895.1	Neonothopanus nambi	no	RCHF01000597.1	8361	24215	15854	1	H3H	4	single gene only (H3H)	56.2
GCA_003987895.1	Neonothopanus nambi	no	RCHF01010691.1	6035	6352	317	1	H3H	4	single gene only (H3H)	60.1
GCA_003987895.1	Neonothopanus nambi	no	RCHF01005582.1	26	766	740	1	H3H	4	single gene only (H3H)	48.5
GCA_003987895.1	Neonothopanus nambi	no	RCHF01012988.1	3272	8480	5208	1	H3H	4	single gene only (H3H)	62.8
GCA_003987895.1	Neonothopanus nambi	no	RCHF01000134.1	56518	56823	305	1	H3H	4	single gene only (H3H)	51.6
GCA_003987895.1	Neonothopanus nambi	no	RCHF01003105.1	12	248	236	1	H3H	4	single gene only (H3H)	49.3
GCA_003987895.1	Neonothopanus nambi	no	RCHF01000450.1	6039	7182	1143	1	H3H	4	single gene only (H3H)	57.0
GCA_003987895.1	Neonothopanus nambi	no	RCHF01000169.1	55382	56044	662	1	H3H	4	single gene only (H3H)	45.8
GCA_003987895.1	Neonothopanus nambi	no	RCHF01000099.1	132698	132925	227	1	H3H	4	single gene only (H3H)	55.1
GCA_003987895.1	Neonothopanus nambi	no	RCHF01003065.1	6215	6787	572	1	H3H	4	single gene only (H3H)	45.8
GCA_003987895.1	Neonothopanus nambi	no	RCHF01000034.1	57837	58409	572	1	H3H	4	single gene only (H3H)	45.1
GCA_003987895.1	Neonothopanus nambi	no	RCHF01004223.1	9883	11037	1154	1	H3H	4	single gene only (H3H)	55.1
GCA_003987895.1	Neonothopanus nambi	no	RCHF01004179.1	14491	14718	227	1	H3H	4	single gene only (H3H)	54.3
GCA_003987895.1	Neonothopanus nambi	no	RCHF01014044.1	1684	1959	275	1	H3H	4	single gene only (H3H)	44.7
GCA_003987895.1	Neonothopanus nambi	no	RCHF01003125.1	5082	5456	374	1	H3H	4	single gene only (H3H)	45.1
GCA_003987895.1	Neonothopanus nambi	no	RCHF01001660.1	10811	11086	275	1	H3H	4	single gene only (H3H)	44.3
GCA_003987895.1	Neonothopanus nambi	no	RCHF01002214.1	10806	11298	492	1	H3H	4	single gene only (H3H)	134.0
GCA_003987895.1	Neonothopanus nambi	no	RCHF01000378.1	84687	85176	489	1	H3H	4	single gene only (H3H)	134.0
GCA_003987895.1	Neonothopanus nambi	no	RCHF01000045.1	155512	155772	260	1	H3H	4	single gene only (H3H)	60.1
GCA_003987895.1	Neonothopanus nambi	no	RCHF01000103.1	16025	16284	259	1	H3H	4	single gene only (H3H)	38.5
GCA_003987895.1	Neonothopanus nambi	no	RCHF01005809.1	12960	13181	221	1	H3H	4	single gene only (H3H)	44.3
GCA_003987895.1	Neonothopanus nambi	no	RCHF01000425.1	14829	51025	36196	1	H3H	4	single gene only (H3H)	44.3
GCA_003987895.1	Neonothopanus nambi	no	RCHF01000862.1	8179	9474	1295	1	CPH	4	single gene only (CPH)	199.0
GCA_003987895.1	Neonothopanus nambi	no	RCHF01000073.1	8246	9016	770	1	CPH	4	single gene only (CPH)	154.0
GCA_003987895.1	Neonothopanus nambi	no	RCHF01005696.1	4163	4573	410	1	CPH	4	single gene only (CPH)	102.0
GCA_003987895.1	Neonothopanus nambi	no	RCHF01003078.1	23802	24227	425	1	CPH	4	single gene only (CPH)	88.2
GCA_003987895.1	Neonothopanus nambi	no	RCHF01003084.1	28711	28854	143	1	CPH	4	single gene only (CPH)	63.9
GCA_030435655.1	Armillaria novae-zelandiae	yes	JAUEPR010000001.1	711962	727497	15535	1	H3H	4	single gene only (H3H)	55.1
GCA_030435655.1	Armillaria novae-zelandiae	yes	JAUEPR010000001.1	1422331	1423490	1159	1	H3H	4	single gene only (H3H)	62.0
GCA_030435655.1	Armillaria novae-zelandiae	yes	JAUEPR010000001.1	2696673	2711079	14406	4	HispS,H3H,Luz,CPH	1	all four genes in window (ORF integrity pending)	714.0
GCA_030435655.1	Armillaria novae-zelandiae	yes	JAUEPR010000001.1	3296558	3297716	1158	1	H3H	4	single gene only (H3H)	52.8
GCA_030435655.1	Armillaria novae-zelandiae	yes	JAUEPR010000001.1	3493388	3494655	1267	1	CPH	4	single gene only (CPH)	187.0
GCA_030435655.1	Armillaria novae-zelandiae	yes	JAUEPR010000082.1	99096	107394	8298	1	HispS	4	single gene only (HispS)	325.0
GCA_030435655.1	Armillaria novae-zelandiae	yes	JAUEPR010000056.1	234919	243222	8303	1	HispS	4	single gene only (HispS)	323.0
GCA_030435655.1	Armillaria novae-zelandiae	yes	JAUEPR010000006.1	1617292	1618095	803	1	H3H	4	single gene only (H3H)	52.8
GCA_030435655.1	Armillaria novae-zelandiae	yes	JAUEPR010000006.1	2178828	2181841	3013	1	HispS	4	single gene only (HispS)	227.0
GCA_030435655.1	Armillaria novae-zelandiae	yes	JAUEPR010000005.1	1271135	1367106	95971	2	HispS,H3H	3	two of four in window	192.0
GCA_030435655.1	Armillaria novae-zelandiae	yes	JAUEPR010000122.1	78914	79066	152	1	HispS	4	single gene only (HispS)	47.8
GCA_030435655.1	Armillaria novae-zelandiae	yes	JAUEPR010000004.1	404402	405108	706	1	H3H	4	single gene only (H3H)	48.9
GCA_030435655.1	Armillaria novae-zelandiae	yes	JAUEPR010000004.1	1094221	1096842	2621	1	HispS	4	single gene only (HispS)	65.9
GCA_030435655.1	Armillaria novae-zelandiae	yes	JAUEPR010000004.1	1464621	1464806	185	1	H3H	4	single gene only (H3H)	46.6
GCA_030435655.1	Armillaria novae-zelandiae	yes	JAUEPR010000004.1	1955698	1956771	1073	1	H3H	4	single gene only (H3H)	53.9
GCA_030435655.1	Armillaria novae-zelandiae	yes	JAUEPR010000022.1	698337	699490	1153	1	H3H	4	single gene only (H3H)	59.3
GCA_030435655.1	Armillaria novae-zelandiae	yes	JAUEPR010000112.1	2	412	410	1	H3H	4	single gene only (H3H)	52.8
GCA_030435655.1	Armillaria novae-zelandiae	yes	JAUEPR010000246.1	36741	37013	272	1	H3H	4	single gene only (H3H)	48.9
GCA_030435655.1	Armillaria novae-zelandiae	yes	JAUEPR010000009.1	1351186	1351911	725	1	H3H	4	single gene only (H3H)	55.5
GCA_030435655.1	Armillaria novae-zelandiae	yes	JAUEPR010000003.1	943598	1031759	88161	2	H3H,Luz	3	two of four in window	64.3
GCA_030435655.1	Armillaria novae-zelandiae	yes	JAUEPR010000165.1	21722	21991	269	1	H3H	4	single gene only (H3H)	52.0
GCA_030435655.1	Armillaria novae-zelandiae	yes	JAUEPR010000002.1	3225206	3225475	269	1	H3H	4	single gene only (H3H)	52.0
GCA_030435655.1	Armillaria novae-zelandiae	yes	JAUEPR010000115.1	25489	25806	317	1	H3H	4	single gene only (H3H)	49.7
GCA_030435655.1	Armillaria novae-zelandiae	yes	JAUEPR010000012.1	940878	941195	317	1	H3H	4	single gene only (H3H)	48.5
GCA_030435655.1	Armillaria novae-zelandiae	yes	JAUEPR010000213.1	5338	5607	269	1	H3H	4	single gene only (H3H)	51.6
GCA_030435655.1	Armillaria novae-zelandiae	yes	JAUEPR010000008.1	609082	609530	448	1	H3H	4	single gene only (H3H)	112.0
GCA_030435655.1	Armillaria novae-zelandiae	yes	JAUEPR010000008.1	1736918	1737187	269	1	H3H	4	single gene only (H3H)	51.2
GCA_030435655.1	Armillaria novae-zelandiae	yes	JAUEPR010000034.1	293978	294621	643	1	CPH	4	single gene only (CPH)	139.0
GCA_030435655.1	Armillaria novae-zelandiae	yes	JAUEPR010000007.1	1524373	1524971	598	1	CPH	4	single gene only (CPH)	45.4
GCA_030435655.1	Armillaria novae-zelandiae	yes	JAUEPR010000010.1	955659	963521	7862	1	Luz	4	single gene only (Luz)	73.6
GCA_030435655.1	Armillaria novae-zelandiae	yes	JAUEPR010000051.1	203479	204021	542	1	Luz	4	single gene only (Luz)	72.8
GCA_013387415.1	Panellus pusillus	no	QVIE01002526.1	60859	70915	10056	3	HispS,H3H,Luz	2	three of four in window	513.0
GCA_013387415.1	Panellus pusillus	no	QVIE01002910.1	17630	25842	8212	1	HispS	4	single gene only (HispS)	287.0
GCA_013387415.1	Panellus pusillus	no	QVIE01000481.1	7911	13827	5916	1	HispS	4	single gene only (HispS)	213.0
GCA_013387415.1	Panellus pusillus	no	QVIE01001180.1	9	7895	7886	1	HispS	4	single gene only (HispS)	163.0
GCA_013387415.1	Panellus pusillus	no	QVIE01002893.1	6711	7954	1243	1	HispS	4	single gene only (HispS)	145.0
GCA_013387415.1	Panellus pusillus	no	QVIE01001020.1	28216	30503	2287	1	HispS	4	single gene only (HispS)	165.0
GCA_013387415.1	Panellus pusillus	no	QVIE01002273.1	3352	4891	1539	1	HispS	4	single gene only (HispS)	176.0
GCA_013387415.1	Panellus pusillus	no	QVIE01000559.1	8962	21719	12757	2	HispS,H3H	3	two of four in window	159.0
GCA_013387415.1	Panellus pusillus	no	QVIE01001534.1	18015	20761	2746	1	HispS	4	single gene only (HispS)	90.5
GCA_013387415.1	Panellus pusillus	no	QVIE01000616.1	16844	17860	1016	1	HispS	4	single gene only (HispS)	79.3
GCA_013387415.1	Panellus pusillus	no	QVIE01001199.1	7268	9550	2282	1	HispS	4	single gene only (HispS)	95.9
GCA_013387415.1	Panellus pusillus	no	QVIE01000341.1	383	649	266	1	HispS	4	single gene only (HispS)	49.7
GCA_013387415.1	Panellus pusillus	no	QVIE01001855.1	21882	22289	407	1	HispS	4	single gene only (HispS)	45.1
GCA_013387415.1	Panellus pusillus	no	QVIE01001140.1	37435	37842	407	1	HispS	4	single gene only (HispS)	46.2
GCA_013387415.1	Panellus pusillus	no	QVIE01002728.1	843	1305	462	1	HispS	4	single gene only (HispS)	72.4
GCA_013387415.1	Panellus pusillus	no	QVIE01002102.1	11895	16668	4773	1	H3H	4	single gene only (H3H)	177.0
GCA_013387415.1	Panellus pusillus	no	QVIE01003048.1	10934	12456	1522	1	H3H	4	single gene only (H3H)	147.0
GCA_013387415.1	Panellus pusillus	no	QVIE01001697.1	10730	14758	4028	1	H3H	4	single gene only (H3H)	157.0
GCA_013387415.1	Panellus pusillus	no	QVIE01003447.1	1629	5346	3717	1	H3H	4	single gene only (H3H)	158.0
GCA_013387415.1	Panellus pusillus	no	QVIE01000973.1	18784	21506	2722	1	H3H	4	single gene only (H3H)	155.0
GCA_013387415.1	Panellus pusillus	no	QVIE01000866.1	4116	5712	1596	1	H3H	4	single gene only (H3H)	86.3
GCA_013387415.1	Panellus pusillus	no	QVIE01000225.1	56355	57706	1351	1	H3H	4	single gene only (H3H)	76.3
GCA_013387415.1	Panellus pusillus	no	QVIE01002444.1	31061	32057	996	1	H3H	4	single gene only (H3H)	92.8
GCA_013387415.1	Panellus pusillus	no	QVIE01001330.1	1462	4989	3527	1	H3H	4	single gene only (H3H)	55.5
GCA_013387415.1	Panellus pusillus	no	QVIE01002296.1	16103	16893	790	1	H3H	4	single gene only (H3H)	60.1
GCA_013387415.1	Panellus pusillus	no	QVIE01000340.1	9874	10860	986	1	H3H	4	single gene only (H3H)	62.4
GCA_013387415.1	Panellus pusillus	no	QVIE01003004.1	20132	20431	299	1	H3H	4	single gene only (H3H)	52.8
GCA_013387415.1	Panellus pusillus	no	QVIE01001499.1	11737	12009	272	1	H3H	4	single gene only (H3H)	55.1
GCA_013387415.1	Panellus pusillus	no	QVIE01002416.1	8948	9217	269	1	H3H	4	single gene only (H3H)	49.3
GCA_013387415.1	Panellus pusillus	no	QVIE01002210.1	7842	8117	275	1	H3H	4	single gene only (H3H)	46.2
GCA_013387415.1	Panellus pusillus	no	QVIE01001779.1	23836	24156	320	1	H3H	4	single gene only (H3H)	50.8
GCA_013387415.1	Panellus pusillus	no	QVIE01001260.1	15652	15921	269	1	H3H	4	single gene only (H3H)	46.6
GCA_013387415.1	Panellus pusillus	no	QVIE01003439.1	7207	7548	341	1	H3H	4	single gene only (H3H)	50.1
GCA_013387415.1	Panellus pusillus	no	QVIE01002303.1	8599	8779	180	1	H3H	4	single gene only (H3H)	49.3
GCA_013387415.1	Panellus pusillus	no	QVIE01003362.1	316	489	173	1	H3H	4	single gene only (H3H)	42.7
GCA_013387415.1	Panellus pusillus	no	QVIE01003094.1	4589	6256	1667	1	H3H	4	single gene only (H3H)	39.3
GCA_013387415.1	Panellus pusillus	no	QVIE01001963.1	2065	2283	218	1	H3H	4	single gene only (H3H)	48.9
GCA_013387415.1	Panellus pusillus	no	QVIE01002786.1	1321	1959	638	1	H3H	4	single gene only (H3H)	56.2
GCA_013387415.1	Panellus pusillus	no	QVIE01001969.1	29729	30151	422	1	H3H	4	single gene only (H3H)	44.7
GCA_013387415.1	Panellus pusillus	no	QVIE01000254.1	63844	64272	428	1	H3H	4	single gene only (H3H)	163.0
GCA_013387415.1	Panellus pusillus	no	QVIE01002230.1	33875	34553	678	1	CPH	4	single gene only (CPH)	63.5
GCA_013387415.1	Panellus pusillus	no	QVIE01001730.1	2842	3970	1128	1	CPH	4	single gene only (CPH)	96.3
GCA_013387415.1	Panellus pusillus	no	QVIE01002956.1	2018	3137	1119	1	CPH	4	single gene only (CPH)	54.7
GCA_013387415.1	Panellus pusillus	no	QVIE01003201.1	2017	2821	804	1	Luz	4	single gene only (Luz)	318.0
GCA_013387415.1	Panellus pusillus	no	QVIE01002256.1	62876	63462	586	1	Luz	4	single gene only (Luz)	65.1
GCA_029449255.1	Mycena polygramma	yes	JARKID010000079.1	159573	160401	828	1	HispS	4	single gene only (HispS)	47.0
GCA_029449255.1	Mycena polygramma	yes	JARKID010000079.1	333198	344362	11164	3	HispS,H3H,Luz	2	three of four in window	681.0
GCA_029449255.1	Mycena polygramma	yes	JARKID010000018.1	341542	342237	695	1	H3H	4	single gene only (H3H)	49.3
GCA_029449255.1	Mycena polygramma	yes	JARKID010000018.1	783350	791769	8419	1	HispS	4	single gene only (HispS)	233.0
GCA_029449255.1	Mycena polygramma	yes	JARKID010000164.1	78096	86512	8416	1	HispS	4	single gene only (HispS)	186.0
GCA_029449255.1	Mycena polygramma	yes	JARKID010000279.1	36117	38837	2720	1	HispS	4	single gene only (HispS)	185.0
GCA_029449255.1	Mycena polygramma	yes	JARKID010000128.1	104360	107125	2765	1	HispS	4	single gene only (HispS)	167.0
GCA_029449255.1	Mycena polygramma	yes	JARKID010000099.1	7787	10718	2931	1	HispS	4	single gene only (HispS)	175.0
GCA_029449255.1	Mycena polygramma	yes	JARKID010000001.1	144937	147704	2767	1	HispS	4	single gene only (HispS)	160.0
GCA_029449255.1	Mycena polygramma	yes	JARKID010000001.1	800347	857240	56893	1	H3H	4	single gene only (H3H)	53.9
GCA_029449255.1	Mycena polygramma	yes	JARKID010000001.1	1351091	1351306	215	1	H3H	4	single gene only (H3H)	44.3
GCA_029449255.1	Mycena polygramma	yes	JARKID010000065.1	8090	140383	132293	2	HispS,H3H	3	two of four in window	100.0
GCA_029449255.1	Mycena polygramma	yes	JARKID010000065.1	268170	269279	1109	1	H3H	4	single gene only (H3H)	55.8
GCA_029449255.1	Mycena polygramma	yes	JARKID010000011.1	163658	164722	1064	1	H3H	4	single gene only (H3H)	58.9
GCA_029449255.1	Mycena polygramma	yes	JARKID010000011.1	830707	901787	71080	2	HispS,H3H	3	two of four in window	108.0
GCA_029449255.1	Mycena polygramma	yes	JARKID010000064.1	17037	17201	164	1	H3H	4	single gene only (H3H)	43.9
GCA_029449255.1	Mycena polygramma	yes	JARKID010000064.1	283859	358309	74450	2	HispS,H3H	3	two of four in window	110.0
GCA_029449255.1	Mycena polygramma	yes	JARKID010000007.1	910777	973835	63058	2	HispS,H3H	3	two of four in window	96.7
GCA_029449255.1	Mycena polygramma	yes	JARKID010000007.1	1092019	1094997	2978	1	HispS	4	single gene only (HispS)	91.7
GCA_029449255.1	Mycena polygramma	yes	JARKID010000007.1	1520282	1522744	2462	1	HispS	4	single gene only (HispS)	105.0
GCA_029449255.1	Mycena polygramma	yes	JARKID010000021.1	118802	119497	695	1	H3H	4	single gene only (H3H)	49.7
GCA_029449255.1	Mycena polygramma	yes	JARKID010000021.1	558071	560123	2052	1	HispS	4	single gene only (HispS)	90.5
GCA_029449255.1	Mycena polygramma	yes	JARKID010000095.1	408959	411596	2637	1	HispS	4	single gene only (HispS)	88.2
GCA_029449255.1	Mycena polygramma	yes	JARKID010000066.1	58887	61349	2462	1	HispS	4	single gene only (HispS)	104.0
GCA_029449255.1	Mycena polygramma	yes	JARKID010000066.1	384210	384959	749	1	Luz	4	single gene only (Luz)	90.9
GCA_029449255.1	Mycena polygramma	yes	JARKID010000026.1	382168	382911	743	1	CPH	4	single gene only (CPH)	74.3
GCA_029449255.1	Mycena polygramma	yes	JARKID010000026.1	601875	617556	15681	1	H3H	4	single gene only (H3H)	62.8
GCA_029449255.1	Mycena polygramma	yes	JARKID010000026.1	951743	954632	2889	1	HispS	4	single gene only (HispS)	79.3
GCA_029449255.1	Mycena polygramma	yes	JARKID010000030.1	169471	172128	2657	1	HispS	4	single gene only (HispS)	93.6
GCA_029449255.1	Mycena polygramma	yes	JARKID010000380.1	15247	17853	2606	1	HispS	4	single gene only (HispS)	60.5
GCA_029449255.1	Mycena polygramma	yes	JARKID010000009.1	435677	436756	1079	1	H3H	4	single gene only (H3H)	54.7
GCA_029449255.1	Mycena polygramma	yes	JARKID010000009.1	1061899	1064158	2259	1	HispS	4	single gene only (HispS)	103.0
GCA_029449255.1	Mycena polygramma	yes	JARKID010000096.1	45935	48672	2737	1	HispS	4	single gene only (HispS)	101.0
GCA_029449255.1	Mycena polygramma	yes	JARKID010000029.1	52330	54749	2419	1	HispS	4	single gene only (HispS)	115.0
GCA_029449255.1	Mycena polygramma	yes	JARKID010000153.1	68266	70337	2071	1	HispS	4	single gene only (HispS)	114.0
GCA_029449255.1	Mycena polygramma	yes	JARKID010000075.1	78648	79664	1016	1	HispS	4	single gene only (HispS)	54.7
GCA_029449255.1	Mycena polygramma	yes	JARKID010000012.1	376293	377039	746	1	HispS	4	single gene only (HispS)	51.6
GCA_029449255.1	Mycena polygramma	yes	JARKID010000012.1	878897	879964	1067	1	H3H	4	single gene only (H3H)	63.2
GCA_029449255.1	Mycena polygramma	yes	JARKID010000090.1	130936	132496	1560	1	H3H	4	single gene only (H3H)	157.0
GCA_029449255.1	Mycena polygramma	yes	JARKID010000127.1	2474	18040	15566	1	H3H	4	single gene only (H3H)	227.0
GCA_029449255.1	Mycena polygramma	yes	JARKID010000004.1	754214	754555	341	1	H3H	4	single gene only (H3H)	51.2
GCA_029449255.1	Mycena polygramma	yes	JARKID010000004.1	886721	960214	73493	1	H3H	4	single gene only (H3H)	228.0
GCA_029449255.1	Mycena polygramma	yes	JARKID010000006.1	980294	981846	1552	1	H3H	4	single gene only (H3H)	133.0
GCA_029449255.1	Mycena polygramma	yes	JARKID010000025.1	225159	240002	14843	1	H3H	4	single gene only (H3H)	167.0
GCA_029449255.1	Mycena polygramma	yes	JARKID010000025.1	806715	808213	1498	1	H3H	4	single gene only (H3H)	87.8
GCA_029449255.1	Mycena polygramma	yes	JARKID010000042.1	593772	602963	9191	1	H3H	4	single gene only (H3H)	141.0
GCA_029449255.1	Mycena polygramma	yes	JARKID010000169.1	1	12709	12708	1	H3H	4	single gene only (H3H)	122.0
GCA_029449255.1	Mycena polygramma	yes	JARKID010000169.1	165673	195557	29884	1	H3H	4	single gene only (H3H)	52.4
GCA_029449255.1	Mycena polygramma	yes	JARKID010000184.1	51047	52533	1486	1	H3H	4	single gene only (H3H)	119.0
GCA_029449255.1	Mycena polygramma	yes	JARKID010000037.1	37118	38658	1540	1	H3H	4	single gene only (H3H)	132.0
GCA_029449255.1	Mycena polygramma	yes	JARKID010000148.1	96422	121963	25541	1	H3H	4	single gene only (H3H)	111.0
GCA_029449255.1	Mycena polygramma	yes	JARKID010000043.1	726500	727973	1473	1	H3H	4	single gene only (H3H)	74.7
GCA_029449255.1	Mycena polygramma	yes	JARKID010000268.1	68999	71550	2551	1	H3H	4	single gene only (H3H)	105.0
GCA_029449255.1	Mycena polygramma	yes	JARKID010000003.1	1892682	1893217	535	1	H3H	4	single gene only (H3H)	94.0
GCA_029449255.1	Mycena polygramma	yes	JARKID010000003.1	2090633	2091619	986	1	H3H	4	single gene only (H3H)	115.0
GCA_029449255.1	Mycena polygramma	yes	JARKID010000055.1	130789	134313	3524	1	H3H	4	single gene only (H3H)	106.0
GCA_029449255.1	Mycena polygramma	yes	JARKID010000202.1	73624	75136	1512	1	H3H	4	single gene only (H3H)	115.0
GCA_029449255.1	Mycena polygramma	yes	JARKID010000015.1	1217421	1217837	416	1	H3H	4	single gene only (H3H)	102.0
GCA_029449255.1	Mycena polygramma	yes	JARKID010000123.1	105614	105929	315	1	H3H	4	single gene only (H3H)	62.0
GCA_029449255.1	Mycena polygramma	yes	JARKID010000032.1	908945	909871	926	1	H3H	4	single gene only (H3H)	74.7
GCA_029449255.1	Mycena polygramma	yes	JARKID010000125.1	265423	266928	1505	1	H3H	4	single gene only (H3H)	70.5
GCA_029449255.1	Mycena polygramma	yes	JARKID010000122.1	248121	248905	784	1	H3H	4	single gene only (H3H)	56.2
GCA_029449255.1	Mycena polygramma	yes	JARKID010000105.1	4298	5029	731	1	H3H	4	single gene only (H3H)	63.5
GCA_029449255.1	Mycena polygramma	yes	JARKID010000116.1	42103	74027	31924	1	H3H	4	single gene only (H3H)	63.2
GCA_029449255.1	Mycena polygramma	yes	JARKID010000086.1	355757	356541	784	1	H3H	4	single gene only (H3H)	54.3
GCA_029449255.1	Mycena polygramma	yes	JARKID010000040.1	666546	667910	1364	1	H3H	4	single gene only (H3H)	92.8
GCA_029449255.1	Mycena polygramma	yes	JARKID010000022.1	1070917	1072281	1364	1	H3H	4	single gene only (H3H)	92.8
GCA_029449255.1	Mycena polygramma	yes	JARKID010000008.1	1077930	1078217	287	1	H3H	4	single gene only (H3H)	57.0
GCA_029449255.1	Mycena polygramma	yes	JARKID010000008.1	1213055	1213366	311	1	CPH	4	single gene only (CPH)	60.1
GCA_029449255.1	Mycena polygramma	yes	JARKID010000034.1	604160	604513	353	1	H3H	4	single gene only (H3H)	50.4
GCA_029449255.1	Mycena polygramma	yes	JARKID010000041.1	194973	207212	12239	1	H3H	4	single gene only (H3H)	65.9
GCA_029449255.1	Mycena polygramma	yes	JARKID010000141.1	66115	67546	1431	1	H3H	4	single gene only (H3H)	63.2
GCA_029449255.1	Mycena polygramma	yes	JARKID010000137.1	183179	183421	242	1	H3H	4	single gene only (H3H)	47.8
GCA_029449255.1	Mycena polygramma	yes	JARKID010000005.1	1293278	1293496	218	1	H3H	4	single gene only (H3H)	43.9
GCA_029449255.1	Mycena polygramma	yes	JARKID010000088.1	305835	314175	8340	1	H3H	4	single gene only (H3H)	69.3
GCA_029449255.1	Mycena polygramma	yes	JARKID010000284.1	54094	54570	476	1	H3H	4	single gene only (H3H)	47.4
GCA_029449255.1	Mycena polygramma	yes	JARKID010000292.1	10142	10618	476	1	H3H	4	single gene only (H3H)	45.8
GCA_029449255.1	Mycena polygramma	yes	JARKID010000160.1	79141	87502	8361	1	H3H	4	single gene only (H3H)	59.7
GCA_029449255.1	Mycena polygramma	yes	JARKID010000017.1	391910	392520	610	1	H3H	4	single gene only (H3H)	47.8
GCA_029449255.1	Mycena polygramma	yes	JARKID010000002.1	508398	509192	794	1	H3H	4	single gene only (H3H)	49.3
GCA_029449255.1	Mycena polygramma	yes	JARKID010000002.1	698535	699697	1162	1	CPH	4	single gene only (CPH)	226.0
GCA_029449255.1	Mycena polygramma	yes	JARKID010000293.1	2660	3454	794	1	H3H	4	single gene only (H3H)	55.5
GCA_029449255.1	Mycena polygramma	yes	JARKID010000046.1	58956	59591	635	1	H3H	4	single gene only (H3H)	52.0
GCA_029449255.1	Mycena polygramma	yes	JARKID010000084.1	143598	143918	320	1	H3H	4	single gene only (H3H)	45.4
GCA_029449255.1	Mycena polygramma	yes	JARKID010000049.1	192684	193004	320	1	H3H	4	single gene only (H3H)	45.4
GCA_029449255.1	Mycena polygramma	yes	JARKID010000245.1	76917	77878	961	1	CPH	4	single gene only (CPH)	47.4
GCA_029449255.1	Mycena polygramma	yes	JARKID010000259.1	74270	75020	750	1	Luz	4	single gene only (Luz)	72.8
GCA_029281435.1	Mycena haematopus	yes	JARJCV010000121.1	62177	73742	11565	3	HispS,H3H,Luz	2	three of four in window	295.0
GCA_029281435.1	Mycena haematopus	yes	JARJCV010000603.1	29	3806	3777	1	HispS	4	single gene only (HispS)	278.0
GCA_029281435.1	Mycena haematopus	yes	JARJCV010000096.1	149554	152061	2507	1	HispS	4	single gene only (HispS)	176.0
GCA_029281435.1	Mycena haematopus	yes	JARJCV010000254.1	9936	12655	2719	1	HispS	4	single gene only (HispS)	219.0
GCA_029281435.1	Mycena haematopus	yes	JARJCV010000110.1	75169	77465	2296	1	HispS	4	single gene only (HispS)	120.0
GCA_029281435.1	Mycena haematopus	yes	JARJCV010000017.1	52582	119710	67128	2	HispS,CPH	3	two of four in window	199.0
GCA_029281435.1	Mycena haematopus	yes	JARJCV010000081.1	47193	50146	2953	1	HispS	4	single gene only (HispS)	107.0
GCA_029281435.1	Mycena haematopus	yes	JARJCV010000189.1	72899	75764	2865	1	HispS	4	single gene only (HispS)	94.7
GCA_029281435.1	Mycena haematopus	yes	JARJCV010000740.1	6817	9813	2996	1	HispS	4	single gene only (HispS)	77.0
GCA_029281435.1	Mycena haematopus	yes	JARJCV010000430.1	28712	30671	1959	1	HispS	4	single gene only (HispS)	73.6
GCA_029281435.1	Mycena haematopus	yes	JARJCV010000346.1	21	28249	28228	1	H3H	4	single gene only (H3H)	193.0
GCA_029281435.1	Mycena haematopus	yes	JARJCV010000151.1	47450	72781	25331	1	H3H	4	single gene only (H3H)	194.0
GCA_029281435.1	Mycena haematopus	yes	JARJCV010000282.1	15148	19206	4058	1	H3H	4	single gene only (H3H)	191.0
GCA_029281435.1	Mycena haematopus	yes	JARJCV010000064.1	44443	45960	1517	1	H3H	4	single gene only (H3H)	161.0
GCA_029281435.1	Mycena haematopus	yes	JARJCV010000231.1	44191	45653	1462	1	H3H	4	single gene only (H3H)	95.1
GCA_029281435.1	Mycena haematopus	yes	JARJCV010000118.1	81174	82547	1373	1	H3H	4	single gene only (H3H)	138.0
GCA_029281435.1	Mycena haematopus	yes	JARJCV010000212.1	42662	44133	1471	1	H3H	4	single gene only (H3H)	95.1
GCA_029281435.1	Mycena haematopus	yes	JARJCV010000083.1	11059	12595	1536	1	H3H	4	single gene only (H3H)	120.0
GCA_029281435.1	Mycena haematopus	yes	JARJCV010000029.1	23677	25131	1454	1	H3H	4	single gene only (H3H)	107.0
GCA_029281435.1	Mycena haematopus	yes	JARJCV010000037.1	147866	149044	1178	1	H3H	4	single gene only (H3H)	126.0
GCA_029281435.1	Mycena haematopus	yes	JARJCV010000457.1	23679	25064	1385	1	H3H	4	single gene only (H3H)	58.2
GCA_029281435.1	Mycena haematopus	yes	JARJCV010000240.1	15714	17068	1354	1	H3H	4	single gene only (H3H)	94.4
GCA_029281435.1	Mycena haematopus	yes	JARJCV010000015.1	150580	151871	1291	1	H3H	4	single gene only (H3H)	80.9
GCA_029281435.1	Mycena haematopus	yes	JARJCV010000220.1	18018	18773	755	1	H3H	4	single gene only (H3H)	68.9
GCA_029281435.1	Mycena haematopus	yes	JARJCV010000045.1	87544	87843	299	1	H3H	4	single gene only (H3H)	56.2
GCA_029281435.1	Mycena haematopus	yes	JARJCV010000266.1	61	339	278	1	H3H	4	single gene only (H3H)	65.5
GCA_029281435.1	Mycena haematopus	yes	JARJCV010000856.1	2453	3286	833	1	H3H	4	single gene only (H3H)	65.5
GCA_029281435.1	Mycena haematopus	yes	JARJCV010000148.1	47711	59733	12022	1	H3H	4	single gene only (H3H)	53.5
GCA_029281435.1	Mycena haematopus	yes	JARJCV010000079.1	127175	128591	1416	1	H3H	4	single gene only (H3H)	54.7
GCA_029281435.1	Mycena haematopus	yes	JARJCV010000009.1	55240	85165	29925	1	H3H	4	single gene only (H3H)	56.6
GCA_029281435.1	Mycena haematopus	yes	JARJCV010000135.1	28866	30189	1323	1	H3H	4	single gene only (H3H)	59.3
GCA_029281435.1	Mycena haematopus	yes	JARJCV010000290.1	25566	26708	1142	1	H3H	4	single gene only (H3H)	72.4
GCA_029281435.1	Mycena haematopus	yes	JARJCV010000730.1	4853	5101	248	1	H3H	4	single gene only (H3H)	49.3
GCA_029281435.1	Mycena haematopus	yes	JARJCV010000016.1	53819	54805	986	1	H3H	4	single gene only (H3H)	57.0
GCA_029281435.1	Mycena haematopus	yes	JARJCV010000358.1	15071	16181	1110	1	H3H	4	single gene only (H3H)	49.7
GCA_029281435.1	Mycena haematopus	yes	JARJCV010000205.1	13119	13460	341	1	H3H	4	single gene only (H3H)	47.8
GCA_029281435.1	Mycena haematopus	yes	JARJCV010000320.1	13995	15340	1345	1	H3H	4	single gene only (H3H)	58.9
GCA_029281435.1	Mycena haematopus	yes	JARJCV010000033.1	40488	41111	623	1	H3H	4	single gene only (H3H)	50.8
GCA_029281435.1	Mycena haematopus	yes	JARJCV010000699.1	6392	7137	745	1	H3H	4	single gene only (H3H)	50.1
GCA_029281435.1	Mycena haematopus	yes	JARJCV010000194.1	59011	59226	215	1	H3H	4	single gene only (H3H)	47.0
GCA_029281435.1	Mycena haematopus	yes	JARJCV010000255.1	14217	47547	33330	1	H3H	4	single gene only (H3H)	55.8
GCA_029281435.1	Mycena haematopus	yes	JARJCV010000002.1	640010	641086	1076	1	H3H	4	single gene only (H3H)	57.4
GCA_029281435.1	Mycena haematopus	yes	JARJCV010000003.1	27271	43137	15866	1	H3H	4	single gene only (H3H)	47.4
GCA_029281435.1	Mycena haematopus	yes	JARJCV010000003.1	513914	514722	808	1	Luz	4	single gene only (Luz)	56.6
GCA_029281435.1	Mycena haematopus	yes	JARJCV010000054.1	69896	70334	438	1	H3H	4	single gene only (H3H)	91.7
GCA_029281435.1	Mycena haematopus	yes	JARJCV010000013.1	396486	396875	389	1	H3H	4	single gene only (H3H)	81.3
GCA_029281435.1	Mycena haematopus	yes	JARJCV010000369.1	10947	11114	167	1	H3H	4	single gene only (H3H)	43.1
GCA_029281435.1	Mycena haematopus	yes	JARJCV010000113.1	22868	23035	167	1	H3H	4	single gene only (H3H)	43.1
GCA_029281435.1	Mycena haematopus	yes	JARJCV010000213.1	51787	52302	515	1	H3H	4	single gene only (H3H)	46.6
GCA_029281435.1	Mycena haematopus	yes	JARJCV010000131.1	91630	91779	149	1	H3H	4	single gene only (H3H)	42.7
GCA_029281435.1	Mycena haematopus	yes	JARJCV010000008.1	475444	476023	579	1	CPH	4	single gene only (CPH)	61.6
GCA_029281435.1	Mycena haematopus	yes	JARJCV010000998.1	4162	4446	284	1	CPH	4	single gene only (CPH)	64.3
GCA_029281435.1	Mycena haematopus	yes	JARJCV010000018.1	69328	69796	468	1	CPH	4	single gene only (CPH)	42.7
GCA_014462675.1	Mycena sanguinolenta	yes	JACAZH010000011.1	606733	646902	40169	3	HispS,H3H,Luz	2	three of four in window	602.0
GCA_014462675.1	Mycena sanguinolenta	yes	JACAZH010000011.1	1308787	1309077	290	1	CPH	4	single gene only (CPH)	63.9
GCA_014462675.1	Mycena sanguinolenta	yes	JACAZH010000011.1	1443578	1443898	320	1	H3H	4	single gene only (H3H)	46.2
GCA_014462675.1	Mycena sanguinolenta	yes	JACAZH010000011.1	1742535	1743650	1115	1	H3H	4	single gene only (H3H)	55.5
GCA_014462675.1	Mycena sanguinolenta	yes	JACAZH010000011.1	2799938	2801647	1709	1	H3H	4	single gene only (H3H)	58.2
GCA_014462675.1	Mycena sanguinolenta	yes	JACAZH010000011.1	4681833	4727288	45455	1	HispS	4	single gene only (HispS)	109.0
GCA_014462675.1	Mycena sanguinolenta	yes	JACAZH010000004.1	6459630	6462357	2727	1	HispS	4	single gene only (HispS)	175.0
GCA_014462675.1	Mycena sanguinolenta	yes	JACAZH010000004.1	6727496	6728023	527	1	H3H	4	single gene only (H3H)	51.2
GCA_014462675.1	Mycena sanguinolenta	yes	JACAZH010000004.1	6920930	6921868	938	1	H3H	4	single gene only (H3H)	48.1
GCA_014462675.1	Mycena sanguinolenta	yes	JACAZH010000004.1	7076115	7110561	34446	1	HispS	4	single gene only (HispS)	101.0
GCA_014462675.1	Mycena sanguinolenta	yes	JACAZH010000004.1	8084028	8084624	596	1	HispS	4	single gene only (HispS)	47.8
GCA_014462675.1	Mycena sanguinolenta	yes	JACAZH010000004.1	8215399	8250727	35328	1	H3H	4	single gene only (H3H)	59.7
GCA_014462675.1	Mycena sanguinolenta	yes	JACAZH010000004.1	8371556	8372056	500	1	H3H	4	single gene only (H3H)	50.8
GCA_014462675.1	Mycena sanguinolenta	yes	JACAZH010000009.1	525153	528004	2851	1	HispS	4	single gene only (HispS)	66.2
GCA_014462675.1	Mycena sanguinolenta	yes	JACAZH010000009.1	894651	922115	27464	1	HispS	4	single gene only (HispS)	100.0
GCA_014462675.1	Mycena sanguinolenta	yes	JACAZH010000014.1	474675	476149	1474	1	H3H	4	single gene only (H3H)	161.0
GCA_014462675.1	Mycena sanguinolenta	yes	JACAZH010000014.1	3178327	3224697	46370	2	HispS,H3H	3	two of four in window	87.4
GCA_014462675.1	Mycena sanguinolenta	yes	JACAZH010000010.1	860999	862253	1254	1	H3H	4	single gene only (H3H)	59.3
GCA_014462675.1	Mycena sanguinolenta	yes	JACAZH010000010.1	1847815	1850157	2342	1	HispS	4	single gene only (HispS)	95.1
GCA_014462675.1	Mycena sanguinolenta	yes	JACAZH010000010.1	4333483	4334448	965	1	H3H	4	single gene only (H3H)	91.3
GCA_014462675.1	Mycena sanguinolenta	yes	JACAZH010000017.1	844596	945378	100782	1	HispS	4	single gene only (HispS)	84.7
GCA_014462675.1	Mycena sanguinolenta	yes	JACAZH010000017.1	1066772	1141353	74581	1	HispS	4	single gene only (HispS)	87.0
GCA_014462675.1	Mycena sanguinolenta	yes	JACAZH010000017.1	2439780	2444362	4582	1	H3H	4	single gene only (H3H)	214.0
GCA_014462675.1	Mycena sanguinolenta	yes	JACAZH010000013.1	1247280	1248241	961	1	HispS	4	single gene only (HispS)	69.7
GCA_014462675.1	Mycena sanguinolenta	yes	JACAZH010000002.1	1426981	1429280	2299	1	HispS	4	single gene only (HispS)	73.6
GCA_014462675.1	Mycena sanguinolenta	yes	JACAZH010000002.1	3998595	4129439	130844	1	H3H	4	single gene only (H3H)	234.0
GCA_014462675.1	Mycena sanguinolenta	yes	JACAZH010000002.1	4979597	5169981	190384	1	H3H	4	single gene only (H3H)	165.0
GCA_014462675.1	Mycena sanguinolenta	yes	JACAZH010000002.1	5492528	5581143	88615	1	H3H	4	single gene only (H3H)	120.0
GCA_014462675.1	Mycena sanguinolenta	yes	JACAZH010000002.1	7063732	7067613	3881	1	Luz	4	single gene only (Luz)	71.6
GCA_014462675.1	Mycena sanguinolenta	yes	JACAZH010000002.1	7902464	7903787	1323	1	H3H	4	single gene only (H3H)	58.9
GCA_014462675.1	Mycena sanguinolenta	yes	JACAZH010000002.1	10755337	10756062	725	1	H3H	4	single gene only (H3H)	53.9
GCA_014462675.1	Mycena sanguinolenta	yes	JACAZH010000003.1	5033647	5036404	2757	1	HispS	4	single gene only (HispS)	99.8
GCA_014462675.1	Mycena sanguinolenta	yes	JACAZH010000003.1	5432163	5432390	227	1	H3H	4	single gene only (H3H)	45.8
GCA_014462675.1	Mycena sanguinolenta	yes	JACAZH010000003.1	7407454	7410998	3544	1	CPH	4	single gene only (CPH)	72.4
GCA_014462675.1	Mycena sanguinolenta	yes	JACAZH010000003.1	8414157	8428612	14455	2	HispS,H3H	3	two of four in window	86.3
GCA_014462675.1	Mycena sanguinolenta	yes	JACAZH010000003.1	10372634	10476740	104106	1	H3H	4	single gene only (H3H)	71.6
GCA_014462675.1	Mycena sanguinolenta	yes	JACAZH010000003.1	10704991	10775795	70804	1	H3H	4	single gene only (H3H)	147.0
GCA_014462675.1	Mycena sanguinolenta	yes	JACAZH010000003.1	11170530	11172418	1888	1	H3H	4	single gene only (H3H)	83.6
GCA_014462675.1	Mycena sanguinolenta	yes	JACAZH010000015.1	2556938	2559581	2643	1	HispS	4	single gene only (HispS)	101.0
GCA_014462675.1	Mycena sanguinolenta	yes	JACAZH010000050.1	260677	263450	2773	1	HispS	4	single gene only (HispS)	94.0
GCA_014462675.1	Mycena sanguinolenta	yes	JACAZH010000001.1	2509552	2510036	484	1	H3H	4	single gene only (H3H)	110.0
GCA_014462675.1	Mycena sanguinolenta	yes	JACAZH010000001.1	3955246	3955533	287	1	H3H	4	single gene only (H3H)	45.1
GCA_014462675.1	Mycena sanguinolenta	yes	JACAZH010000001.1	7221903	7229482	7579	1	HispS	4	single gene only (HispS)	67.4
GCA_014462675.1	Mycena sanguinolenta	yes	JACAZH010000001.1	13197485	13321190	123705	1	H3H	4	single gene only (H3H)	98.6
GCA_014462675.1	Mycena sanguinolenta	yes	JACAZH010000001.1	15014089	15015199	1110	1	H3H	4	single gene only (H3H)	49.7
GCA_014462675.1	Mycena sanguinolenta	yes	JACAZH010000039.1	159903	161477	1574	1	H3H	4	single gene only (H3H)	132.0
GCA_014462675.1	Mycena sanguinolenta	yes	JACAZH010000039.1	344779	345548	769	1	H3H	4	single gene only (H3H)	56.2
GCA_014462675.1	Mycena sanguinolenta	yes	JACAZH010000008.1	1619240	1620650	1410	1	H3H	4	single gene only (H3H)	158.0
GCA_014462675.1	Mycena sanguinolenta	yes	JACAZH010000008.1	3597276	3598079	803	1	Luz	4	single gene only (Luz)	69.7
GCA_014462675.1	Mycena sanguinolenta	yes	JACAZH010000008.1	5205467	5212746	7279	1	H3H	4	single gene only (H3H)	75.9
GCA_014462675.1	Mycena sanguinolenta	yes	JACAZH010000025.1	178289	179726	1437	1	H3H	4	single gene only (H3H)	131.0
GCA_014462675.1	Mycena sanguinolenta	yes	JACAZH010000025.1	504741	505799	1058	1	H3H	4	single gene only (H3H)	124.0
GCA_014462675.1	Mycena sanguinolenta	yes	JACAZH010000006.1	623515	638360	14845	1	H3H	4	single gene only (H3H)	69.7
GCA_014462675.1	Mycena sanguinolenta	yes	JACAZH010000006.1	2836850	2844639	7789	1	Luz	4	single gene only (Luz)	69.7
GCA_014462675.1	Mycena sanguinolenta	yes	JACAZH010000006.1	4068228	4069541	1313	1	H3H	4	single gene only (H3H)	62.8
GCA_014462675.1	Mycena sanguinolenta	yes	JACAZH010000024.1	149015	150531	1516	1	H3H	4	single gene only (H3H)	77.4
GCA_014462675.1	Mycena sanguinolenta	yes	JACAZH010000005.1	124608	125681	1073	1	H3H	4	single gene only (H3H)	55.1
GCA_014462675.1	Mycena sanguinolenta	yes	JACAZH010000005.1	1496081	1496360	279	1	H3H	4	single gene only (H3H)	36.6
GCA_014462675.1	Mycena sanguinolenta	yes	JACAZH010000005.1	3408928	3439270	30342	1	H3H	4	single gene only (H3H)	59.3
GCA_014462675.1	Mycena sanguinolenta	yes	JACAZH010000021.1	95602	96308	706	1	H3H	4	single gene only (H3H)	57.4
GCA_014462675.1	Mycena sanguinolenta	yes	JACAZH010000021.1	275903	276276	373	1	H3H	4	single gene only (H3H)	34.3
GCA_014462675.1	Mycena sanguinolenta	yes	JACAZH010000096.1	75987	77098	1111	1	H3H	4	single gene only (H3H)	48.1
GCA_014462675.1	Mycena sanguinolenta	yes	JACAZH010000022.1	798360	799905	1545	1	H3H	4	single gene only (H3H)	71.2
GCA_014462675.1	Mycena sanguinolenta	yes	JACAZH010000033.1	1004233	1004742	509	1	H3H	4	single gene only (H3H)	51.2
GCA_014462675.1	Mycena sanguinolenta	yes	JACAZH010000032.1	521772	522131	359	1	H3H	4	single gene only (H3H)	46.6
GCA_014462675.1	Mycena sanguinolenta	yes	JACAZH010000041.1	200219	201376	1157	1	CPH	4	single gene only (CPH)	142.0
GCA_014462675.1	Mycena sanguinolenta	yes	JACAZH010000116.1	32195	36010	3815	1	CPH	4	single gene only (CPH)	58.9
GCA_014462675.1	Mycena sanguinolenta	yes	JACAZH010000007.1	2462305	2462776	471	1	CPH	4	single gene only (CPH)	35.8
GCA_029203985.1	Mycena sanguinolenta	yes	JARGYH010000021.1	82025	83296	1271	1	HispS	4	single gene only (HispS)	56.6
GCA_029203985.1	Mycena sanguinolenta	yes	JARGYH010000021.1	309671	321620	11949	3	HispS,H3H,Luz	2	three of four in window	541.0
GCA_029203985.1	Mycena sanguinolenta	yes	JARGYH010000023.1	153254	156011	2757	1	HispS	4	single gene only (HispS)	162.0
GCA_029203985.1	Mycena sanguinolenta	yes	JARGYH010000012.1	900711	971163	70452	2	HispS,H3H	3	two of four in window	86.3
GCA_029203985.1	Mycena sanguinolenta	yes	JARGYH010000040.1	714897	728160	13263	2	HispS,H3H	3	two of four in window	99.4
GCA_029203985.1	Mycena sanguinolenta	yes	JARGYH010000059.1	485243	507521	22278	1	HispS	4	single gene only (HispS)	91.7
GCA_029203985.1	Mycena sanguinolenta	yes	JARGYH010000085.1	245689	248450	2761	1	HispS	4	single gene only (HispS)	96.3
GCA_029203985.1	Mycena sanguinolenta	yes	JARGYH010000017.1	1401364	1488962	87598	1	HispS	4	single gene only (HispS)	97.8
GCA_029203985.1	Mycena sanguinolenta	yes	JARGYH010000015.1	1630729	1633419	2690	1	HispS	4	single gene only (HispS)	79.7
GCA_029203985.1	Mycena sanguinolenta	yes	JARGYH010000002.1	84839	85994	1155	1	CPH	4	single gene only (CPH)	279.0
GCA_029203985.1	Mycena sanguinolenta	yes	JARGYH010000002.1	822896	825819	2923	1	HispS	4	single gene only (HispS)	101.0
GCA_029203985.1	Mycena sanguinolenta	yes	JARGYH010000002.1	2644452	2645090	638	1	H3H	4	single gene only (H3H)	54.3
GCA_029203985.1	Mycena sanguinolenta	yes	JARGYH010000002.1	3040542	3040832	290	1	H3H	4	single gene only (H3H)	46.2
GCA_029203985.1	Mycena sanguinolenta	yes	JARGYH010000003.1	599051	600465	1414	1	H3H	4	single gene only (H3H)	172.0
GCA_029203985.1	Mycena sanguinolenta	yes	JARGYH010000003.1	865162	954577	89415	1	H3H	4	single gene only (H3H)	177.0
GCA_029203985.1	Mycena sanguinolenta	yes	JARGYH010000003.1	1354313	1539737	185424	2	HispS,H3H	3	two of four in window	166.0
GCA_029203985.1	Mycena sanguinolenta	yes	JARGYH010000003.1	2720614	2720859	245	1	Luz	4	single gene only (Luz)	59.3
GCA_029203985.1	Mycena sanguinolenta	yes	JARGYH010000122.1	17711	20101	2390	1	HispS	4	single gene only (HispS)	115.0
GCA_029203985.1	Mycena sanguinolenta	yes	JARGYH010000063.1	140236	141756	1520	1	H3H	4	single gene only (H3H)	210.0
GCA_029203985.1	Mycena sanguinolenta	yes	JARGYH010000016.1	822769	824153	1384	1	H3H	4	single gene only (H3H)	131.0
GCA_029203985.1	Mycena sanguinolenta	yes	JARGYH010000013.1	785974	787405	1431	1	H3H	4	single gene only (H3H)	135.0
GCA_029203985.1	Mycena sanguinolenta	yes	JARGYH010000031.1	26109	27524	1415	1	H3H	4	single gene only (H3H)	158.0
GCA_029203985.1	Mycena sanguinolenta	yes	JARGYH010000005.1	1040905	1065322	24417	1	H3H	4	single gene only (H3H)	123.0
GCA_029203985.1	Mycena sanguinolenta	yes	JARGYH010000049.1	247958	340853	92895	1	H3H	4	single gene only (H3H)	173.0
GCA_029203985.1	Mycena sanguinolenta	yes	JARGYH010000049.1	667289	668441	1152	1	H3H	4	single gene only (H3H)	125.0
GCA_029203985.1	Mycena sanguinolenta	yes	JARGYH010000101.1	145183	146689	1506	1	H3H	4	single gene only (H3H)	86.3
GCA_029203985.1	Mycena sanguinolenta	yes	JARGYH010000057.1	38634	40080	1446	1	H3H	4	single gene only (H3H)	125.0
GCA_029203985.1	Mycena sanguinolenta	yes	JARGYH010000001.1	2186507	2187445	938	1	H3H	4	single gene only (H3H)	52.0
GCA_029203985.1	Mycena sanguinolenta	yes	JARGYH010000001.1	4449040	4450474	1434	1	H3H	4	single gene only (H3H)	66.6
GCA_029203985.1	Mycena sanguinolenta	yes	JARGYH010000093.1	108529	109871	1342	1	H3H	4	single gene only (H3H)	64.3
GCA_029203985.1	Mycena sanguinolenta	yes	JARGYH010000030.1	454671	490916	36245	1	H3H	4	single gene only (H3H)	83.2
GCA_029203985.1	Mycena sanguinolenta	yes	JARGYH010000123.1	53567	54781	1214	1	H3H	4	single gene only (H3H)	66.2
GCA_029203985.1	Mycena sanguinolenta	yes	JARGYH010000041.1	523195	523899	704	1	CPH	4	single gene only (CPH)	63.5
GCA_029203985.1	Mycena sanguinolenta	yes	JARGYH010000041.1	641716	647201	5485	1	H3H	4	single gene only (H3H)	47.4
GCA_029203985.1	Mycena sanguinolenta	yes	JARGYH010000041.1	926807	927940	1133	1	H3H	4	single gene only (H3H)	58.5
GCA_029203985.1	Mycena sanguinolenta	yes	JARGYH010000007.1	1474314	1498762	24448	1	H3H	4	single gene only (H3H)	58.5
GCA_029203985.1	Mycena sanguinolenta	yes	JARGYH010000008.1	1124605	1128094	3489	1	H3H	4	single gene only (H3H)	73.2
GCA_029203985.1	Mycena sanguinolenta	yes	JARGYH010000084.1	142801	143791	990	1	H3H	4	single gene only (H3H)	52.4
GCA_029203985.1	Mycena sanguinolenta	yes	JARGYH010000028.1	616089	617442	1353	1	H3H	4	single gene only (H3H)	55.5
GCA_029203985.1	Mycena sanguinolenta	yes	JARGYH010000106.1	148238	164212	15974	1	H3H	4	single gene only (H3H)	52.8
GCA_029203985.1	Mycena sanguinolenta	yes	JARGYH010000070.1	158703	159437	734	1	H3H	4	single gene only (H3H)	57.8
GCA_029203985.1	Mycena sanguinolenta	yes	JARGYH010000050.1	454102	455275	1173	1	H3H	4	single gene only (H3H)	61.6
GCA_029203985.1	Mycena sanguinolenta	yes	JARGYH010000043.1	38886	39459	573	1	H3H	4	single gene only (H3H)	50.8
GCA_029203985.1	Mycena sanguinolenta	yes	JARGYH010000043.1	252760	253020	260	1	H3H	4	single gene only (H3H)	51.2
GCA_029203985.1	Mycena sanguinolenta	yes	JARGYH010000051.1	478538	479652	1114	1	H3H	4	single gene only (H3H)	51.6
GCA_029203985.1	Mycena sanguinolenta	yes	JARGYH010000081.1	232452	233176	724	1	H3H	4	single gene only (H3H)	51.6
GCA_029203985.1	Mycena sanguinolenta	yes	JARGYH010000025.1	40601	40915	314	1	H3H	4	single gene only (H3H)	51.6
GCA_029203985.1	Mycena sanguinolenta	yes	JARGYH010000020.1	400836	402249	1413	1	H3H	4	single gene only (H3H)	59.3
GCA_029203985.1	Mycena sanguinolenta	yes	JARGYH010000020.1	1096434	1097144	710	1	H3H	4	single gene only (H3H)	60.5
GCA_029203985.1	Mycena sanguinolenta	yes	JARGYH010000029.1	645658	647000	1342	1	H3H	4	single gene only (H3H)	65.9
GCA_029203985.1	Mycena sanguinolenta	yes	JARGYH010000029.1	844617	844835	218	1	H3H	4	single gene only (H3H)	47.4
GCA_029203985.1	Mycena sanguinolenta	yes	JARGYH010000026.1	541670	574041	32371	1	H3H	4	single gene only (H3H)	45.8
GCA_029203985.1	Mycena sanguinolenta	yes	JARGYH010000099.1	145991	146185	194	1	H3H	4	single gene only (H3H)	53.9
GCA_029203985.1	Mycena sanguinolenta	yes	JARGYH010000011.1	7937	8452	515	1	H3H	4	single gene only (H3H)	148.0
GCA_029203985.1	Mycena sanguinolenta	yes	JARGYH010000011.1	924955	925503	548	1	H3H	4	single gene only (H3H)	43.9
GCA_029203985.1	Mycena sanguinolenta	yes	JARGYH010000004.1	1405091	1405678	587	1	H3H	4	single gene only (H3H)	51.6
GCA_029203985.1	Mycena sanguinolenta	yes	JARGYH010000119.1	180455	180652	197	1	H3H	4	single gene only (H3H)	43.9
GCA_029203985.1	Mycena sanguinolenta	yes	JARGYH010000010.1	630434	631096	662	1	H3H	4	single gene only (H3H)	43.9
GCA_029203985.1	Mycena sanguinolenta	yes	JARGYH010000060.1	202204	205751	3547	1	CPH	4	single gene only (CPH)	57.4
GCA_029203985.1	Mycena sanguinolenta	yes	JARGYH010000009.1	248433	249044	611	1	CPH	4	single gene only (CPH)	56.6
GCA_001612595.1	Mycena chlorophos	no	BAYG01017305.1	1	2864	2863	1	HispS	4	single gene only (HispS)	1041.0
GCA_001612595.1	Mycena chlorophos	no	BAYG01017304.1	6219	13866	7647	3	HispS,H3H,Luz	2	three of four in window	989.0
GCA_001612595.1	Mycena chlorophos	no	BAYG01021829.1	3	314	311	1	HispS	4	single gene only (HispS)	78.6
GCA_001612595.1	Mycena chlorophos	no	BAYG01021826.1	2994	3788	794	1	HispS	4	single gene only (HispS)	67.8
GCA_001612595.1	Mycena chlorophos	no	BAYG01021828.1	50	502	452	1	HispS	4	single gene only (HispS)	58.2
GCA_001612595.1	Mycena chlorophos	no	BAYG01022711.1	3922	4338	416	1	HispS	4	single gene only (HispS)	51.6
GCA_001612595.1	Mycena chlorophos	no	BAYG01021827.1	292	582	290	1	HispS	4	single gene only (HispS)	45.4
GCA_001612595.1	Mycena chlorophos	no	BAYG01024688.1	1707	3142	1435	1	H3H	4	single gene only (H3H)	122.0
GCA_001612595.1	Mycena chlorophos	no	BAYG01007540.1	1	3440	3439	1	H3H	4	single gene only (H3H)	134.0
GCA_001612595.1	Mycena chlorophos	no	BAYG01013080.1	573	1994	1421	1	H3H	4	single gene only (H3H)	106.0
GCA_001612595.1	Mycena chlorophos	no	BAYG01017048.1	539	1941	1402	1	H3H	4	single gene only (H3H)	134.0
GCA_001612595.1	Mycena chlorophos	no	BAYG01007552.1	1822	2886	1064	1	H3H	4	single gene only (H3H)	150.0
GCA_001612595.1	Mycena chlorophos	no	BAYG01021616.1	6476	7816	1340	1	H3H	4	single gene only (H3H)	155.0
GCA_001612595.1	Mycena chlorophos	no	BAYG01011811.1	2127	3693	1566	1	H3H	4	single gene only (H3H)	148.0
GCA_001612595.1	Mycena chlorophos	no	BAYG01022979.1	8180	9446	1266	1	H3H	4	single gene only (H3H)	115.0
GCA_001612595.1	Mycena chlorophos	no	BAYG01021624.1	854	2250	1396	1	H3H	4	single gene only (H3H)	113.0
GCA_001612595.1	Mycena chlorophos	no	BAYG01011541.1	566	1894	1328	1	H3H	4	single gene only (H3H)	117.0
GCA_001612595.1	Mycena chlorophos	no	BAYG01022630.1	570	1959	1389	1	H3H	4	single gene only (H3H)	106.0
GCA_001612595.1	Mycena chlorophos	no	BAYG01016372.1	1445	2743	1298	1	H3H	4	single gene only (H3H)	107.0
GCA_001612595.1	Mycena chlorophos	no	BAYG01016477.1	1386	1770	384	1	H3H	4	single gene only (H3H)	47.8
GCA_001612595.1	Mycena chlorophos	no	BAYG01010564.1	1	729	728	1	H3H	4	single gene only (H3H)	63.5
GCA_001612595.1	Mycena chlorophos	no	BAYG01006891.1	2087	2455	368	1	H3H	4	single gene only (H3H)	53.9
GCA_001612595.1	Mycena chlorophos	no	BAYG01000553.1	6242	7508	1266	1	H3H	4	single gene only (H3H)	62.0
GCA_001612595.1	Mycena chlorophos	no	BAYG01006892.1	459	920	461	1	H3H	4	single gene only (H3H)	51.2
GCA_001612595.1	Mycena chlorophos	no	BAYG01017227.1	2	309	307	1	H3H	4	single gene only (H3H)	50.1
GCA_001612595.1	Mycena chlorophos	no	BAYG01016478.1	2	337	335	1	H3H	4	single gene only (H3H)	58.5
GCA_001612595.1	Mycena chlorophos	no	BAYG01020136.1	136	367	231	1	H3H	4	single gene only (H3H)	36.6
GCA_001612595.1	Mycena chlorophos	no	BAYG01004158.1	1141	1410	269	1	H3H	4	single gene only (H3H)	44.7
GCA_001612595.1	Mycena chlorophos	no	BAYG01007539.1	611	760	149	1	H3H	4	single gene only (H3H)	46.6
GCA_001612595.1	Mycena chlorophos	no	BAYG01021853.1	1173	1346	173	1	H3H	4	single gene only (H3H)	43.1
GCA_001612595.1	Mycena chlorophos	no	BAYG01000380.1	9318	12521	3203	1	H3H	4	single gene only (H3H)	53.1
GCA_001612595.1	Mycena chlorophos	no	BAYG01020138.1	109	426	317	1	H3H	4	single gene only (H3H)	55.1
GCA_001612595.1	Mycena chlorophos	no	BAYG01017960.1	621	869	248	1	H3H	4	single gene only (H3H)	43.5
GCA_001612595.1	Mycena chlorophos	no	BAYG01002355.1	488	661	173	1	H3H	4	single gene only (H3H)	42.7
GCA_001612595.1	Mycena chlorophos	no	BAYG01000620.1	17933	18262	329	1	H3H	4	single gene only (H3H)	45.4
GCA_001612595.1	Mycena chlorophos	no	BAYG01022157.1	9705	10508	803	1	H3H	4	single gene only (H3H)	47.4
GCA_001612595.1	Mycena chlorophos	no	BAYG01003991.1	4686	5396	710	1	H3H	4	single gene only (H3H)	48.1
GCA_001612595.1	Mycena chlorophos	no	BAYG01012323.1	79	342	263	1	H3H	4	single gene only (H3H)	43.9
GCA_001612595.1	Mycena chlorophos	no	BAYG01000213.1	6198	6392	194	1	H3H	4	single gene only (H3H)	44.7
GCA_001612595.1	Mycena chlorophos	no	BAYG01013397.1	2719	3366	647	1	H3H	4	single gene only (H3H)	49.7
GCA_001612595.1	Mycena chlorophos	no	BAYG01012986.1	4713	5315	602	1	H3H	4	single gene only (H3H)	46.2
GCA_001612595.1	Mycena chlorophos	no	BAYG01017316.1	531	1031	500	1	H3H	4	single gene only (H3H)	44.3
GCA_001612595.1	Mycena chlorophos	no	BAYG01007221.1	4544	4750	206	1	H3H	4	single gene only (H3H)	43.5
GCA_001612595.1	Mycena chlorophos	no	BAYG01021233.1	16079	16336	257	1	H3H	4	single gene only (H3H)	42.0
GCA_001612595.1	Mycena chlorophos	no	BAYG01003273.1	534	1177	643	1	H3H	4	single gene only (H3H)	100.0
GCA_001612595.1	Mycena chlorophos	no	BAYG01015587.1	6151	6591	440	1	H3H	4	single gene only (H3H)	43.1
GCA_001612595.1	Mycena chlorophos	no	BAYG01016943.1	5900	6898	998	1	CPH	4	single gene only (CPH)	195.0
GCA_001612595.1	Mycena chlorophos	no	BAYG01011137.1	2	447	445	1	CPH	4	single gene only (CPH)	94.4
GCA_001612595.1	Mycena chlorophos	no	BAYG01016944.1	5	241	236	1	CPH	4	single gene only (CPH)	101.0
GCA_001612595.1	Mycena chlorophos	no	BAYG01020938.1	31	670	639	1	CPH	4	single gene only (CPH)	77.4
GCA_001612595.1	Mycena chlorophos	no	BAYG01025216.1	50	459	409	1	CPH	4	single gene only (CPH)	48.1
GCA_001612595.1	Mycena chlorophos	no	BAYG01016948.1	1	78	77	1	CPH	4	single gene only (CPH)	42.7
GCA_001612595.1	Mycena chlorophos	no	BAYG01018359.1	104	553	449	1	Luz	4	single gene only (Luz)	72.0
GCA_014461115.1	Mycena chlorophos	yes	JACAZE010000010.1	387740	461607	73867	3	HispS,H3H,Luz	2	three of four in window	705.0
GCA_014461115.1	Mycena chlorophos	yes	JACAZE010000002.1	549826	600342	50516	2	HispS,H3H	3	two of four in window	271.0
GCA_014461115.1	Mycena chlorophos	yes	JACAZE010000002.1	1042860	1044211	1351	1	H3H	4	single gene only (H3H)	144.0
GCA_014461115.1	Mycena chlorophos	yes	JACAZE010000002.1	1780206	1780926	720	1	CPH	4	single gene only (CPH)	65.5
GCA_014461115.1	Mycena chlorophos	yes	JACAZE010000002.1	3392330	3392740	410	1	H3H	4	single gene only (H3H)	53.5
GCA_014461115.1	Mycena chlorophos	yes	JACAZE010000019.1	776065	776481	416	1	HispS	4	single gene only (HispS)	50.8
GCA_014461115.1	Mycena chlorophos	yes	JACAZE010000052.1	17878	18213	335	1	HispS	4	single gene only (HispS)	46.6
GCA_014461115.1	Mycena chlorophos	yes	JACAZE010000016.1	143392	143859	467	1	CPH	4	single gene only (CPH)	42.4
GCA_014461115.1	Mycena chlorophos	yes	JACAZE010000016.1	693754	694089	335	1	HispS	4	single gene only (HispS)	45.8
GCA_014461115.1	Mycena chlorophos	yes	JACAZE010000028.1	188081	321677	133596	1	H3H	4	single gene only (H3H)	189.0
GCA_014461115.1	Mycena chlorophos	yes	JACAZE010000006.1	2166996	2221683	54687	2	H3H,CPH	3	two of four in window	158.0
GCA_014461115.1	Mycena chlorophos	yes	JACAZE010000011.1	547307	548554	1247	1	H3H	4	single gene only (H3H)	138.0
GCA_014461115.1	Mycena chlorophos	yes	JACAZE010000020.1	212728	246478	33750	1	H3H	4	single gene only (H3H)	130.0
GCA_014461115.1	Mycena chlorophos	yes	JACAZE010000023.1	200563	201569	1006	1	CPH	4	single gene only (CPH)	72.4
GCA_014461115.1	Mycena chlorophos	yes	JACAZE010000023.1	489296	494737	5441	1	H3H	4	single gene only (H3H)	117.0
GCA_014461115.1	Mycena chlorophos	yes	JACAZE010000001.1	2428605	2428811	206	1	H3H	4	single gene only (H3H)	43.5
GCA_014461115.1	Mycena chlorophos	yes	JACAZE010000001.1	3270340	3271460	1120	1	H3H	4	single gene only (H3H)	54.3
GCA_014461115.1	Mycena chlorophos	yes	JACAZE010000009.1	467986	468464	478	1	H3H	4	single gene only (H3H)	105.0
GCA_014461115.1	Mycena chlorophos	yes	JACAZE010000009.1	1106804	1111047	4243	1	H3H	4	single gene only (H3H)	49.3
GCA_014461115.1	Mycena chlorophos	yes	JACAZE010000009.1	1623620	1626857	3237	1	H3H	4	single gene only (H3H)	72.0
GCA_014461115.1	Mycena chlorophos	yes	JACAZE010000030.1	1981	3292	1311	1	H3H	4	single gene only (H3H)	63.9
GCA_014461115.1	Mycena chlorophos	yes	JACAZE010000004.1	2059941	2060555	614	1	H3H	4	single gene only (H3H)	48.5
GCA_014461115.1	Mycena chlorophos	yes	JACAZE010000004.1	2508942	2509034	92	1	CPH	4	single gene only (CPH)	50.8
GCA_014461115.1	Mycena chlorophos	yes	JACAZE010000008.1	4649	4840	191	1	H3H	4	single gene only (H3H)	44.7
GCA_014461115.1	Mycena chlorophos	yes	JACAZE010000008.1	152013	152162	149	1	H3H	4	single gene only (H3H)	45.1
GCA_014461115.1	Mycena chlorophos	yes	JACAZE010000035.1	83178	83807	629	1	H3H	4	single gene only (H3H)	50.4
GCA_014461115.1	Mycena chlorophos	yes	JACAZE010000013.1	1371340	1371636	296	1	H3H	4	single gene only (H3H)	44.7
GCA_014461115.1	Mycena chlorophos	yes	JACAZE010000017.1	380105	381082	977	1	H3H	4	single gene only (H3H)	48.5
GCA_014461115.1	Mycena chlorophos	yes	JACAZE010000005.1	1069196	1070035	839	1	Luz	4	single gene only (Luz)	80.5
GCA_014461115.1	Mycena chlorophos	yes	JACAZE010000005.1	1587681	1588121	440	1	H3H	4	single gene only (H3H)	44.3
GCA_014461115.1	Mycena chlorophos	yes	JACAZE010000014.1	1151914	1153018	1104	1	CPH	4	single gene only (CPH)	192.0
GCA_019112545.1	Guyanagaster necrorhizus	yes	MU250528.1	819941	820840	899	1	H3H	4	single gene only (H3H)	72.4
GCA_019112545.1	Guyanagaster necrorhizus	yes	MU250528.1	1806113	1819476	13363	4	HispS,H3H,Luz,CPH	1	all four genes in window (ORF integrity pending)	1058.0
GCA_019112545.1	Guyanagaster necrorhizus	yes	MU250557.1	343758	352031	8273	1	HispS	4	single gene only (HispS)	323.0
GCA_019112545.1	Guyanagaster necrorhizus	yes	MU250525.1	2366652	2426899	60247	2	HispS,H3H	3	two of four in window	189.0
GCA_019112545.1	Guyanagaster necrorhizus	yes	MU250530.1	232797	232979	182	1	H3H	4	single gene only (H3H)	43.9
GCA_019112545.1	Guyanagaster necrorhizus	yes	MU250530.1	799231	830967	31736	2	HispS,H3H	3	two of four in window	180.0
GCA_019112545.1	Guyanagaster necrorhizus	yes	MU250530.1	1555806	1556027	221	1	CPH	4	single gene only (CPH)	45.4
GCA_019112545.1	Guyanagaster necrorhizus	yes	MU250546.1	271840	272190	350	1	HispS	4	single gene only (HispS)	56.2
GCA_019112545.1	Guyanagaster necrorhizus	yes	MU250571.1	86477	87742	1265	1	H3H	4	single gene only (H3H)	90.1
GCA_019112545.1	Guyanagaster necrorhizus	yes	MU250527.1	1047865	1049071	1206	1	H3H	4	single gene only (H3H)	72.8
GCA_019112545.1	Guyanagaster necrorhizus	yes	MU250597.1	25723	26923	1200	1	H3H	4	single gene only (H3H)	59.3
GCA_019112545.1	Guyanagaster necrorhizus	yes	MU250535.1	217426	218963	1537	1	H3H	4	single gene only (H3H)	58.5
GCA_019112545.1	Guyanagaster necrorhizus	yes	MU250535.1	1088336	1089708	1372	1	H3H	4	single gene only (H3H)	54.7
GCA_019112545.1	Guyanagaster necrorhizus	yes	MU250534.1	314944	315321	377	1	H3H	4	single gene only (H3H)	50.4
GCA_019112545.1	Guyanagaster necrorhizus	yes	MU250524.1	1411236	1411671	435	1	H3H	4	single gene only (H3H)	111.0
GCA_019112545.1	Guyanagaster necrorhizus	yes	MU250524.1	1990323	1990565	242	1	H3H	4	single gene only (H3H)	50.1
GCA_019112545.1	Guyanagaster necrorhizus	yes	MU250547.1	615746	616075	329	1	H3H	4	single gene only (H3H)	53.9
GCA_019112545.1	Guyanagaster necrorhizus	yes	MU250523.1	639485	639682	197	1	H3H	4	single gene only (H3H)	42.4
GCA_019112545.1	Guyanagaster necrorhizus	yes	MU250531.1	571424	572656	1232	1	CPH	4	single gene only (CPH)	178.0
GCA_019112545.1	Guyanagaster necrorhizus	yes	MU250526.1	461571	462392	821	1	CPH	4	single gene only (CPH)	151.0
GCA_019112545.1	Guyanagaster necrorhizus	yes	MU250541.1	764581	765368	787	1	Luz	4	single gene only (Luz)	76.6
GCA_002307675.1	Armillaria solidipes	yes	KZ293428.1	325249	388148	62899	4	HispS,H3H,Luz,CPH	1	all four genes in window (ORF integrity pending)	826.0
GCA_002307675.1	Armillaria solidipes	yes	KZ293428.1	704583	707484	2901	1	HispS	4	single gene only (HispS)	110.0
GCA_002307675.1	Armillaria solidipes	yes	KZ293476.1	115914	124186	8272	1	HispS	4	single gene only (HispS)	261.0
GCA_002307675.1	Armillaria solidipes	yes	KZ293415.1	1719474	1719647	173	1	H3H	4	single gene only (H3H)	43.9
GCA_002307675.1	Armillaria solidipes	yes	KZ293415.1	2151048	2191659	40611	1	HispS	4	single gene only (HispS)	246.0
GCA_002307675.1	Armillaria solidipes	yes	KZ293415.1	2396780	2407348	10568	1	HispS	4	single gene only (HispS)	118.0
GCA_002307675.1	Armillaria solidipes	yes	KZ293415.1	3190537	3191002	465	1	CPH	4	single gene only (CPH)	40.0
GCA_002307675.1	Armillaria solidipes	yes	KZ293441.1	178971	182010	3039	1	HispS	4	single gene only (HispS)	192.0
GCA_002307675.1	Armillaria solidipes	yes	KZ293441.1	296002	296745	743	1	H3H	4	single gene only (H3H)	54.3
GCA_002307675.1	Armillaria solidipes	yes	KZ293423.1	1220002	1221201	1199	1	HispS	4	single gene only (HispS)	105.0
GCA_002307675.1	Armillaria solidipes	yes	KZ293444.1	343100	396082	52982	1	H3H	4	single gene only (H3H)	82.8
GCA_002307675.1	Armillaria solidipes	yes	KZ293421.1	949404	951005	1601	1	H3H	4	single gene only (H3H)	60.1
GCA_002307675.1	Armillaria solidipes	yes	KZ293424.1	1102423	1103589	1166	1	H3H	4	single gene only (H3H)	61.6
GCA_002307675.1	Armillaria solidipes	yes	KZ293438.1	72729	73989	1260	1	H3H	4	single gene only (H3H)	56.6
GCA_002307675.1	Armillaria solidipes	yes	KZ293438.1	305133	306420	1287	1	CPH	4	single gene only (CPH)	182.0
GCA_002307675.1	Armillaria solidipes	yes	KZ293438.1	607725	608018	293	1	H3H	4	single gene only (H3H)	57.0
GCA_002307675.1	Armillaria solidipes	yes	KZ293418.1	107746	164312	56566	2	H3H,Luz	3	two of four in window	84.3
GCA_002307675.1	Armillaria solidipes	yes	KZ293419.1	146241	147446	1205	1	H3H	4	single gene only (H3H)	56.2
GCA_002307675.1	Armillaria solidipes	yes	KZ293521.1	29083	29421	338	1	H3H	4	single gene only (H3H)	53.5
GCA_002307675.1	Armillaria solidipes	yes	KZ293420.1	522661	522831	170	1	H3H	4	single gene only (H3H)	48.1
GCA_002307675.1	Armillaria solidipes	yes	KZ293416.1	717454	717889	435	1	H3H	4	single gene only (H3H)	116.0
GCA_002307675.1	Armillaria solidipes	yes	KZ293416.1	1828190	1828483	293	1	H3H	4	single gene only (H3H)	51.6
GCA_002307675.1	Armillaria solidipes	yes	KZ293416.1	2277385	2278040	655	1	CPH	4	single gene only (CPH)	132.0
GCA_002307675.1	Armillaria solidipes	yes	KZ293425.1	1094216	1094713	497	1	H3H	4	single gene only (H3H)	46.6
GCA_002307675.1	Armillaria solidipes	yes	KZ293417.1	150100	150850	750	1	Luz	4	single gene only (Luz)	83.2
GCA_002307675.1	Armillaria solidipes	yes	KZ293426.1	625009	625191	182	1	Luz	4	single gene only (Luz)	66.6
GCA_022818035.1	Armillaria solidipes	no	JAIWYQ010000005.1	721022	755590	34568	1	H3H	4	single gene only (H3H)	70.9
GCA_022818035.1	Armillaria solidipes	no	JAIWYQ010000005.1	1451378	1452979	1601	1	H3H	4	single gene only (H3H)	60.1
GCA_022818035.1	Armillaria solidipes	no	JAIWYQ010000005.1	2704715	2769022	64307	4	HispS,H3H,Luz,CPH	1	all four genes in window (ORF integrity pending)	801.0
GCA_022818035.1	Armillaria solidipes	no	JAIWYQ010000005.1	3078959	3081860	2901	1	HispS	4	single gene only (HispS)	110.0
GCA_022818035.1	Armillaria solidipes	no	JAIWYQ010000005.1	3332082	3333234	1152	1	H3H	4	single gene only (H3H)	55.1
GCA_022818035.1	Armillaria solidipes	no	JAIWYQ010000005.1	3550420	3551687	1267	1	CPH	4	single gene only (CPH)	178.0
GCA_022818035.1	Armillaria solidipes	no	JAIWYQ010000027.1	186114	194394	8280	1	HispS	4	single gene only (HispS)	267.0
GCA_022818035.1	Armillaria solidipes	no	JAIWYQ010000003.1	338269	339013	744	1	Luz	4	single gene only (Luz)	79.0
GCA_022818035.1	Armillaria solidipes	no	JAIWYQ010000003.1	1639741	1640484	743	1	H3H	4	single gene only (H3H)	57.8
GCA_022818035.1	Armillaria solidipes	no	JAIWYQ010000003.1	1751095	1754129	3034	1	HispS	4	single gene only (HispS)	211.0
GCA_022818035.1	Armillaria solidipes	no	JAIWYQ010000003.1	3893872	3908974	15102	1	Luz	4	single gene only (Luz)	86.3
GCA_022818035.1	Armillaria solidipes	no	JAIWYQ010000002.1	1474716	1477035	2319	1	HispS	4	single gene only (HispS)	222.0
GCA_022818035.1	Armillaria solidipes	no	JAIWYQ010000002.1	1865167	1865991	824	1	Luz	4	single gene only (Luz)	88.2
GCA_022818035.1	Armillaria solidipes	no	JAIWYQ010000002.1	1974773	1984073	9300	1	H3H	4	single gene only (H3H)	55.1
GCA_022818035.1	Armillaria solidipes	no	JAIWYQ010000007.1	161763	204346	42583	1	HispS	4	single gene only (HispS)	230.0
GCA_022818035.1	Armillaria solidipes	no	JAIWYQ010000007.1	1999226	1999972	746	1	H3H	4	single gene only (H3H)	53.9
GCA_022818035.1	Armillaria solidipes	no	JAIWYQ010000011.1	409776	412411	2635	1	HispS	4	single gene only (HispS)	119.0
GCA_022818035.1	Armillaria solidipes	no	JAIWYQ010000001.1	1260516	1262898	2382	1	HispS	4	single gene only (HispS)	104.0
GCA_022818035.1	Armillaria solidipes	no	JAIWYQ010000001.1	2823289	2823474	185	1	Luz	4	single gene only (Luz)	68.2
GCA_022818035.1	Armillaria solidipes	no	JAIWYQ010000014.1	662412	663695	1283	1	H3H	4	single gene only (H3H)	63.5
GCA_022818035.1	Armillaria solidipes	no	JAIWYQ010000008.1	605356	606579	1223	1	H3H	4	single gene only (H3H)	63.9
GCA_022818035.1	Armillaria solidipes	no	JAIWYQ010000004.1	1103483	1103653	170	1	H3H	4	single gene only (H3H)	51.6
GCA_022818035.1	Armillaria solidipes	no	JAIWYQ010000004.1	2340771	2341049	278	1	H3H	4	single gene only (H3H)	54.7
GCA_022818035.1	Armillaria solidipes	no	JAIWYQ010000022.1	113293	114495	1202	1	H3H	4	single gene only (H3H)	56.2
GCA_022818035.1	Armillaria solidipes	no	JAIWYQ010000021.1	227764	228084	320	1	H3H	4	single gene only (H3H)	56.2
GCA_022818035.1	Armillaria solidipes	no	JAIWYQ010000013.1	761658	761951	293	1	H3H	4	single gene only (H3H)	52.4
GCA_022818035.1	Armillaria solidipes	no	JAIWYQ010000013.1	1211831	1212660	829	1	CPH	4	single gene only (CPH)	135.0
GCA_022818035.1	Armillaria solidipes	no	JAIWYQ010000019.1	459192	459627	435	1	H3H	4	single gene only (H3H)	116.0
GCA_022818035.1	Armillaria solidipes	no	JAIWYQ010000010.1	1795201	1795374	173	1	H3H	4	single gene only (H3H)	43.9
GCA_053525415.1	Armillaria solidipes	no	JBLIQK010000003.1	750035	751263	1228	1	H3H	4	single gene only (H3H)	58.2
GCA_053525415.1	Armillaria solidipes	no	JBLIQK010000003.1	1338989	1340944	1955	1	H3H	4	single gene only (H3H)	60.1
GCA_053525415.1	Armillaria solidipes	no	JBLIQK010000003.1	2804531	2877623	73092	4	HispS,H3H,Luz,CPH	1	all four genes in window (ORF integrity pending)	763.0
GCA_053525415.1	Armillaria solidipes	no	JBLIQK010000003.1	3234051	3235247	1196	1	HispS	4	single gene only (HispS)	110.0
GCA_053525415.1	Armillaria solidipes	no	JBLIQK010000003.1	3522785	3523192	407	1	H3H	4	single gene only (H3H)	51.2
GCA_053525415.1	Armillaria solidipes	no	JBLIQK010000003.1	3750507	3751952	1445	1	CPH	4	single gene only (CPH)	177.0
GCA_053525415.1	Armillaria solidipes	no	JBLIQK010000265.1	511	4055	3544	1	HispS	4	single gene only (HispS)	530.0
GCA_053525415.1	Armillaria solidipes	no	JBLIQK010000028.1	138850	148935	10085	1	HispS	4	single gene only (HispS)	252.0
GCA_053525415.1	Armillaria solidipes	no	JBLIQK010000001.1	278325	279183	858	1	Luz	4	single gene only (Luz)	82.8
GCA_053525415.1	Armillaria solidipes	no	JBLIQK010000001.1	1472655	1473398	743	1	H3H	4	single gene only (H3H)	55.1
GCA_053525415.1	Armillaria solidipes	no	JBLIQK010000001.1	1592956	1595993	3037	1	HispS	4	single gene only (HispS)	210.0
GCA_053525415.1	Armillaria solidipes	no	JBLIQK010000001.1	3854073	3870291	16218	1	Luz	4	single gene only (Luz)	82.4
GCA_053525415.1	Armillaria solidipes	no	JBLIQK010000107.1	1323	4349	3026	1	HispS	4	single gene only (HispS)	253.0
GCA_053525415.1	Armillaria solidipes	no	JBLIQK010000007.1	153382	202550	49168	1	HispS	4	single gene only (HispS)	228.0
GCA_053525415.1	Armillaria solidipes	no	JBLIQK010000007.1	1722047	1724076	2029	1	H3H	4	single gene only (H3H)	58.2
GCA_053525415.1	Armillaria solidipes	no	JBLIQK010003660.1	1	780	779	1	HispS	4	single gene only (HispS)	154.0
GCA_053525415.1	Armillaria solidipes	no	JBLIQK010000002.1	1053310	1054581	1271	1	HispS	4	single gene only (HispS)	129.0
GCA_053525415.1	Armillaria solidipes	no	JBLIQK010000002.1	1284072	1343772	59700	2	H3H,Luz	3	two of four in window	88.6
GCA_053525415.1	Armillaria solidipes	no	JBLIQK010002364.1	1	1089	1088	1	HispS	4	single gene only (HispS)	133.0
GCA_053525415.1	Armillaria solidipes	no	JBLIQK010005386.1	8	522	514	1	HispS	4	single gene only (HispS)	118.0
GCA_053525415.1	Armillaria solidipes	no	JBLIQK010002912.1	7	438	431	1	HispS	4	single gene only (HispS)	105.0
GCA_053525415.1	Armillaria solidipes	no	JBLIQK010000006.1	1073845	1076500	2655	1	HispS	4	single gene only (HispS)	100.0
GCA_053525415.1	Armillaria solidipes	no	JBLIQK010000006.1	2428816	2428998	182	1	Luz	4	single gene only (Luz)	66.6
GCA_053525415.1	Armillaria solidipes	no	JBLIQK010006569.1	111	536	425	1	HispS	4	single gene only (HispS)	43.5
GCA_053525415.1	Armillaria solidipes	no	JBLIQK010003413.1	88	825	737	1	HispS	4	single gene only (HispS)	61.6
GCA_053525415.1	Armillaria solidipes	no	JBLIQK010001236.1	506	1717	1211	1	H3H	4	single gene only (H3H)	58.2
GCA_053525415.1	Armillaria solidipes	no	JBLIQK010000010.1	489739	490905	1166	1	H3H	4	single gene only (H3H)	62.0
GCA_053525415.1	Armillaria solidipes	no	JBLIQK010000021.1	70446	72002	1556	1	H3H	4	single gene only (H3H)	56.2
GCA_053525415.1	Armillaria solidipes	no	JBLIQK010000004.1	799041	799193	152	1	H3H	4	single gene only (H3H)	50.8
GCA_053525415.1	Armillaria solidipes	no	JBLIQK010000004.1	1986445	1986855	410	1	H3H	4	single gene only (H3H)	44.3
GCA_053525415.1	Armillaria solidipes	no	JBLIQK010000004.1	3187961	3188146	185	1	H3H	4	single gene only (H3H)	42.4
GCA_053525415.1	Armillaria solidipes	no	JBLIQK010001100.1	4	1135	1131	1	H3H	4	single gene only (H3H)	48.1
GCA_053525415.1	Armillaria solidipes	no	JBLIQK010001366.1	335	953	618	1	H3H	4	single gene only (H3H)	45.4
GCA_053525415.1	Armillaria solidipes	no	JBLIQK010000457.1	1250	1420	170	1	H3H	4	single gene only (H3H)	48.5
GCA_053525415.1	Armillaria solidipes	no	JBLIQK010000626.1	846	2074	1228	1	H3H	4	single gene only (H3H)	57.0
GCA_053525415.1	Armillaria solidipes	no	JBLIQK010000020.1	215864	216184	320	1	H3H	4	single gene only (H3H)	56.2
GCA_053525415.1	Armillaria solidipes	no	JBLIQK010000011.1	879382	879624	242	1	H3H	4	single gene only (H3H)	51.6
GCA_053525415.1	Armillaria solidipes	no	JBLIQK010000011.1	1400135	1401141	1006	1	CPH	4	single gene only (CPH)	89.7
GCA_053525415.1	Armillaria solidipes	no	JBLIQK010000019.1	315960	316395	435	1	H3H	4	single gene only (H3H)	116.0
GCA_053525415.1	Armillaria solidipes	no	JBLIQK010006138.1	9	509	500	1	CPH	4	single gene only (CPH)	175.0
GCA_053525415.1	Armillaria solidipes	no	JBLIQK010005189.1	369	622	253	1	CPH	4	single gene only (CPH)	77.8
GCA_053525415.1	Armillaria solidipes	no	JBLIQK010000017.1	255690	256024	334	1	CPH	4	single gene only (CPH)	35.8
GCA_053525415.1	Armillaria solidipes	no	JBLIQK010005535.1	8	304	296	1	Luz	4	single gene only (Luz)	77.8
GCA_053525415.1	Armillaria solidipes	no	JBLIQK010004500.1	375	668	293	1	Luz	4	single gene only (Luz)	43.1
GCA_000296255.1	Omphalotus olearius	no	JH814850.1	142396	148380	5984	1	HispS	4	single gene only (HispS)	424.0
GCA_000296255.1	Omphalotus olearius	no	JH814849.1	174891	177872	2981	1	HispS	4	single gene only (HispS)	249.0
GCA_000296255.1	Omphalotus olearius	no	JH814989.1	12266	15460	3194	1	HispS	4	single gene only (HispS)	82.8
GCA_000296255.1	Omphalotus olearius	no	JH814829.1	122263	125197	2934	1	HispS	4	single gene only (HispS)	92.8
GCA_000296255.1	Omphalotus olearius	no	JH814893.1	58979	63076	4097	2	H3H,Luz	3	two of four in window	359.0
GCA_000296255.1	Omphalotus olearius	no	JH814892.1	19844	21211	1367	1	H3H	4	single gene only (H3H)	130.0
GCA_000296255.1	Omphalotus olearius	no	JH814820.1	267804	268596	792	1	H3H	4	single gene only (H3H)	73.6
GCA_000296255.1	Omphalotus olearius	no	JH814961.1	22820	27780	4960	1	H3H	4	single gene only (H3H)	45.8
GCA_000296255.1	Omphalotus olearius	no	JH814814.1	441986	442953	967	1	H3H	4	single gene only (H3H)	54.7
GCA_000296255.1	Omphalotus olearius	no	JH814860.1	103875	104563	688	1	H3H	4	single gene only (H3H)	43.9
GCA_000296255.1	Omphalotus olearius	no	JH814852.1	4407	9805	5398	1	H3H	4	single gene only (H3H)	72.8
GCA_000296255.1	Omphalotus olearius	no	JH814962.1	33674	34387	713	1	H3H	4	single gene only (H3H)	53.9
GCA_000296255.1	Omphalotus olearius	no	JH814879.1	36949	40655	3706	1	H3H	4	single gene only (H3H)	45.1
GCA_000296255.1	Omphalotus olearius	no	JH814833.1	221904	222230	326	1	H3H	4	single gene only (H3H)	42.4
GCA_000296255.1	Omphalotus olearius	no	JH814949.1	41535	42295	760	1	H3H	4	single gene only (H3H)	46.6
GCA_000296255.1	Omphalotus olearius	no	JH814823.1	58282	58728	446	1	H3H	4	single gene only (H3H)	43.1
GCA_000296255.1	Omphalotus olearius	no	JH814841.1	207233	208458	1225	1	CPH	4	single gene only (CPH)	122.0
GCA_000296255.1	Omphalotus olearius	no	JH814824.1	202163	202972	809	1	CPH	4	single gene only (CPH)	153.0
GCA_000296255.1	Omphalotus olearius	no	JH814844.1	82400	82948	548	1	CPH	4	single gene only (CPH)	32.7
GCA_029378245.1	Roridomyces roridus	yes	JARKIF010000003.1	52492	62274	9782	3	HispS,H3H,Luz	2	three of four in window	588.0
GCA_029378245.1	Roridomyces roridus	yes	JARKIF010000003.1	820514	821089	575	1	H3H	4	single gene only (H3H)	43.9
GCA_029378245.1	Roridomyces roridus	yes	JARKIF010000003.1	1521599	1529635	8036	1	HispS	4	single gene only (HispS)	304.0
GCA_029378245.1	Roridomyces roridus	yes	JARKIF010000003.1	2117626	2130490	12864	1	H3H	4	single gene only (H3H)	65.9
GCA_029378245.1	Roridomyces roridus	yes	JARKIF010000003.1	2398885	2399844	959	1	H3H	4	single gene only (H3H)	110.0
GCA_029378245.1	Roridomyces roridus	yes	JARKIF010000003.1	3200186	3209733	9547	3	HispS,H3H,Luz	2	three of four in window	253.0
GCA_029378245.1	Roridomyces roridus	yes	JARKIF010000062.1	95612	103652	8040	1	HispS	4	single gene only (HispS)	172.0
GCA_029378245.1	Roridomyces roridus	yes	JARKIF010000007.1	596530	673968	77438	2	HispS,H3H	3	two of four in window	238.0
GCA_029378245.1	Roridomyces roridus	yes	JARKIF010000007.1	871806	879845	8039	1	HispS	4	single gene only (HispS)	237.0
GCA_029378245.1	Roridomyces roridus	yes	JARKIF010000007.1	1339625	1340827	1202	1	H3H	4	single gene only (H3H)	99.8
GCA_029378245.1	Roridomyces roridus	yes	JARKIF010000070.1	37347	120802	83455	2	HispS,H3H	3	two of four in window	236.0
GCA_029378245.1	Roridomyces roridus	yes	JARKIF010000006.1	247392	250040	2648	1	HispS	4	single gene only (HispS)	124.0
GCA_029378245.1	Roridomyces roridus	yes	JARKIF010000006.1	1377022	1378116	1094	1	HispS	4	single gene only (HispS)	52.4
GCA_029378245.1	Roridomyces roridus	yes	JARKIF010000006.1	1691821	1697572	5751	2	HispS,H3H	3	two of four in window	255.0
GCA_029378245.1	Roridomyces roridus	yes	JARKIF010000006.1	2530899	2531353	454	1	H3H	4	single gene only (H3H)	109.0
GCA_029378245.1	Roridomyces roridus	yes	JARKIF010000019.1	253050	253847	797	1	CPH	4	single gene only (CPH)	112.0
GCA_029378245.1	Roridomyces roridus	yes	JARKIF010000019.1	940065	942081	2016	1	HispS	4	single gene only (HispS)	195.0
GCA_029378245.1	Roridomyces roridus	yes	JARKIF010000038.1	164654	188318	23664	2	HispS,H3H	3	two of four in window	208.0
GCA_029378245.1	Roridomyces roridus	yes	JARKIF010000040.1	54914	56174	1260	1	HispS	4	single gene only (HispS)	209.0
GCA_029378245.1	Roridomyces roridus	yes	JARKIF010000084.1	19832	22803	2971	1	HispS	4	single gene only (HispS)	216.0
GCA_029378245.1	Roridomyces roridus	yes	JARKIF010000001.1	123012	124448	1436	1	H3H	4	single gene only (H3H)	80.9
GCA_029378245.1	Roridomyces roridus	yes	JARKIF010000001.1	284649	337455	52806	2	HispS,H3H	3	two of four in window	211.0
GCA_029378245.1	Roridomyces roridus	yes	JARKIF010000001.1	1085203	1085598	395	1	HispS	4	single gene only (HispS)	50.8
GCA_029378245.1	Roridomyces roridus	yes	JARKIF010000001.1	2883672	2884844	1172	1	H3H	4	single gene only (H3H)	65.5
GCA_029378245.1	Roridomyces roridus	yes	JARKIF010000027.1	208978	275399	66421	2	HispS,H3H	3	two of four in window	208.0
GCA_029378245.1	Roridomyces roridus	yes	JARKIF010000027.1	386403	387490	1087	1	H3H	4	single gene only (H3H)	160.0
GCA_029378245.1	Roridomyces roridus	yes	JARKIF010000027.1	516385	517872	1487	1	H3H	4	single gene only (H3H)	116.0
GCA_029378245.1	Roridomyces roridus	yes	JARKIF010000079.1	45781	60665	14884	2	HispS,H3H	3	two of four in window	89.4
GCA_029378245.1	Roridomyces roridus	yes	JARKIF010000018.1	172798	173610	812	1	CPH	4	single gene only (CPH)	82.4
GCA_029378245.1	Roridomyces roridus	yes	JARKIF010000018.1	1129982	1145675	15693	2	HispS,H3H	3	two of four in window	89.0
GCA_029378245.1	Roridomyces roridus	yes	JARKIF010000004.1	2090041	2091424	1383	1	H3H	4	single gene only (H3H)	114.0
GCA_029378245.1	Roridomyces roridus	yes	JARKIF010000004.1	2709553	2710775	1222	1	H3H	4	single gene only (H3H)	139.0
GCA_029378245.1	Roridomyces roridus	yes	JARKIF010000004.1	2875717	2878665	2948	1	HispS	4	single gene only (HispS)	84.0
GCA_029378245.1	Roridomyces roridus	yes	JARKIF010000130.1	64392	77392	13000	2	HispS,H3H	3	two of four in window	81.6
GCA_029378245.1	Roridomyces roridus	yes	JARKIF010000010.1	1543049	1631512	88463	1	HispS	4	single gene only (HispS)	97.4
GCA_029378245.1	Roridomyces roridus	yes	JARKIF010000005.1	103698	135442	31744	2	HispS,H3H	3	two of four in window	80.9
GCA_029378245.1	Roridomyces roridus	yes	JARKIF010000005.1	664762	666118	1356	1	H3H	4	single gene only (H3H)	52.8
GCA_029378245.1	Roridomyces roridus	yes	JARKIF010000005.1	3002938	3003330	392	1	H3H	4	single gene only (H3H)	46.6
GCA_029378245.1	Roridomyces roridus	yes	JARKIF010000073.1	19176	25065	5889	1	HispS	4	single gene only (HispS)	84.7
GCA_029378245.1	Roridomyces roridus	yes	JARKIF010000313.1	2437	5069	2632	1	HispS	4	single gene only (HispS)	73.6
GCA_029378245.1	Roridomyces roridus	yes	JARKIF010000014.1	824921	825559	638	1	HispS	4	single gene only (HispS)	54.3
GCA_029378245.1	Roridomyces roridus	yes	JARKIF010000015.1	628499	629551	1052	1	H3H	4	single gene only (H3H)	50.8
GCA_029378245.1	Roridomyces roridus	yes	JARKIF010000015.1	1159727	1161656	1929	1	HispS	4	single gene only (HispS)	97.8
GCA_029378245.1	Roridomyces roridus	yes	JARKIF010000061.1	186652	188225	1573	1	HispS	4	single gene only (HispS)	97.4
GCA_029378245.1	Roridomyces roridus	yes	JARKIF010000060.1	30853	31947	1094	1	HispS	4	single gene only (HispS)	52.4
GCA_029378245.1	Roridomyces roridus	yes	JARKIF010000083.1	140654	141049	395	1	HispS	4	single gene only (HispS)	50.8
GCA_029378245.1	Roridomyces roridus	yes	JARKIF010000013.1	43348	43587	239	1	H3H	4	single gene only (H3H)	48.1
GCA_029378245.1	Roridomyces roridus	yes	JARKIF010000013.1	932810	1113013	180203	2	H3H,CPH	3	two of four in window	183.0
GCA_029378245.1	Roridomyces roridus	yes	JARKIF010000013.1	1378899	1379132	233	1	H3H	4	single gene only (H3H)	43.5
GCA_029378245.1	Roridomyces roridus	yes	JARKIF010000075.1	105423	148614	43191	1	H3H	4	single gene only (H3H)	211.0
GCA_029378245.1	Roridomyces roridus	yes	JARKIF010000032.1	35923	36087	164	1	H3H	4	single gene only (H3H)	50.8
GCA_029378245.1	Roridomyces roridus	yes	JARKIF010000032.1	495256	503949	8693	1	H3H	4	single gene only (H3H)	134.0
GCA_029378245.1	Roridomyces roridus	yes	JARKIF010000125.1	64715	66183	1468	1	H3H	4	single gene only (H3H)	111.0
GCA_029378245.1	Roridomyces roridus	yes	JARKIF010000164.1	16321	17811	1490	1	H3H	4	single gene only (H3H)	192.0
GCA_029378245.1	Roridomyces roridus	yes	JARKIF010000025.1	45997	47086	1089	1	H3H	4	single gene only (H3H)	93.6
GCA_029378245.1	Roridomyces roridus	yes	JARKIF010000025.1	404457	623469	219012	1	H3H	4	single gene only (H3H)	103.0
GCA_029378245.1	Roridomyces roridus	yes	JARKIF010000041.1	126667	281334	154667	1	H3H	4	single gene only (H3H)	125.0
GCA_029378245.1	Roridomyces roridus	yes	JARKIF010000086.1	83203	84574	1371	1	H3H	4	single gene only (H3H)	122.0
GCA_029378245.1	Roridomyces roridus	yes	JARKIF010000242.1	1831	3167	1336	1	H3H	4	single gene only (H3H)	122.0
GCA_029378245.1	Roridomyces roridus	yes	JARKIF010000336.1	23049	24251	1202	1	H3H	4	single gene only (H3H)	99.8
GCA_029378245.1	Roridomyces roridus	yes	JARKIF010000022.1	142311	168364	26053	1	H3H	4	single gene only (H3H)	94.7
GCA_029378245.1	Roridomyces roridus	yes	JARKIF010000078.1	124975	126427	1452	1	H3H	4	single gene only (H3H)	66.2
GCA_029378245.1	Roridomyces roridus	yes	JARKIF010000106.1	37610	38975	1365	1	H3H	4	single gene only (H3H)	66.2
GCA_029378245.1	Roridomyces roridus	yes	JARKIF010000047.1	117947	119325	1378	1	H3H	4	single gene only (H3H)	84.0
GCA_029378245.1	Roridomyces roridus	yes	JARKIF010000008.1	56758	57778	1020	1	H3H	4	single gene only (H3H)	64.3
GCA_029378245.1	Roridomyces roridus	yes	JARKIF010000008.1	2171251	2171779	528	1	CPH	4	single gene only (CPH)	47.8
GCA_029378245.1	Roridomyces roridus	yes	JARKIF010000051.1	327457	327738	281	1	H3H	4	single gene only (H3H)	51.6
GCA_029378245.1	Roridomyces roridus	yes	JARKIF010000016.1	684032	750260	66228	1	H3H	4	single gene only (H3H)	50.4
GCA_029378245.1	Roridomyces roridus	yes	JARKIF010000094.1	76406	77537	1131	1	H3H	4	single gene only (H3H)	51.2
GCA_029378245.1	Roridomyces roridus	yes	JARKIF010000292.1	32125	32655	530	1	H3H	4	single gene only (H3H)	57.0
GCA_029378245.1	Roridomyces roridus	yes	JARKIF010000182.1	3	218	215	1	H3H	4	single gene only (H3H)	46.2
GCA_029378245.1	Roridomyces roridus	yes	JARKIF010000044.1	71177	71752	575	1	H3H	4	single gene only (H3H)	43.5
GCA_029378245.1	Roridomyces roridus	yes	JARKIF010000056.1	36926	37723	797	1	H3H	4	single gene only (H3H)	51.2
GCA_029378245.1	Roridomyces roridus	yes	JARKIF010000303.1	25910	26050	140	1	H3H	4	single gene only (H3H)	45.1
GCA_029378245.1	Roridomyces roridus	yes	JARKIF010000252.1	27351	28403	1052	1	H3H	4	single gene only (H3H)	50.8
GCA_029378245.1	Roridomyces roridus	yes	JARKIF010000012.1	533330	533926	596	1	H3H	4	single gene only (H3H)	45.8
GCA_029378245.1	Roridomyces roridus	yes	JARKIF010000052.1	3852	4085	233	1	H3H	4	single gene only (H3H)	43.5
GCA_029378245.1	Roridomyces roridus	yes	JARKIF010000227.1	36816	37270	454	1	H3H	4	single gene only (H3H)	109.0
GCA_029378245.1	Roridomyces roridus	yes	JARKIF010000002.1	386260	386607	347	1	H3H	4	single gene only (H3H)	108.0
GCA_029378245.1	Roridomyces roridus	yes	JARKIF010000335.1	9332	9550	218	1	H3H	4	single gene only (H3H)	44.7
GCA_029378245.1	Roridomyces roridus	yes	JARKIF010000258.1	28549	29106	557	1	H3H	4	single gene only (H3H)	45.1
GCA_029378245.1	Roridomyces roridus	yes	JARKIF010000220.1	37056	37613	557	1	H3H	4	single gene only (H3H)	45.1
GCA_029378245.1	Roridomyces roridus	yes	JARKIF010000049.1	293668	294225	557	1	H3H	4	single gene only (H3H)	45.1
GCA_029378245.1	Roridomyces roridus	yes	JARKIF010000017.1	53472	54615	1143	1	CPH	4	single gene only (CPH)	162.0
