assembly	species	has_annotation	gene	contig	strand	start	end	n_hsp	best_bitscore	best_evalue	best_pident	best_query	qlen	qcov_aa	qcov_frac	sum_bitscore
GCA_965154615.1	Panellus stipticus	no	HispS	CBCUIS010000097.1	-	157670	165890	93	242.0	0.0	35.61	HispS|Neonothopanus_nambi	1678	1762	1.0501	12717.9
GCA_965154615.1	Panellus stipticus	no	HispS	CBCUIS010000513.1	+	191002	201253	145	202.0	1.56e-62	46.899	HispS|Armillaria_ostoyae	1770	1770	1.0	12844.3
GCA_965154615.1	Panellus stipticus	no	HispS	CBCUIS010000513.1	-	6011	8728	32	85.5	4.11e-16	27.799	HispS|Neonothopanus_gardneri	1691	804	0.4755	1609.7
GCA_965154615.1	Panellus stipticus	no	HispS	CBCUIS010000762.1	-	130431	133067	25	169.0	7.2e-63	29.604	HispS|Armillaria_fuscipes	1774	864	0.487	2483.8
GCA_965154615.1	Panellus stipticus	no	HispS	CBCUIS010000743.1	+	90413	93199	21	166.0	1.07e-51	29.647	HispS|Mycena_chlorophos	1652	823	0.4982	2156.0
GCA_965154615.1	Panellus stipticus	no	HispS	CBCUIS010000140.1	+	418321	421247	21	114.0	2.57e-47	25.545	HispS|Mycena_citricolor	1678	860	0.5125	1605.5
GCA_965154615.1	Panellus stipticus	no	HispS	CBCUIS010000231.1	-	167530	169914	21	92.8	2.8e-18	31.313	HispS|Mycena_chlorophos	1652	563	0.3408	1165.3
GCA_965154615.1	Panellus stipticus	no	HispS	CBCUIS010000141.1	-	10667	12790	22	54.7	9.48e-07	27.966	HispS|Mycena_chlorophos	1652	435	0.2633	942.7
GCA_965154615.1	Panellus stipticus	no	HispS	CBCUIS010000299.1	+	6956	8308	2	52.8	4.07e-06	21.881	HispS|Guyanagaster_necrorhiza	1766	518	0.2933	98.6
GCA_965154615.1	Panellus stipticus	no	HispS	CBCUIS010000045.1	+	11491	12843	2	52.8	4.28e-06	21.881	HispS|Guyanagaster_necrorhiza	1766	518	0.2933	98.6
GCA_965154615.1	Panellus stipticus	no	H3H	CBCUIS010000202.1	+	266996	271188	69	217.0	3.53e-62	33.81	H3H|Armillaria_fuscipes	426	431	1.0117	6849.8
GCA_965154615.1	Panellus stipticus	no	H3H	CBCUIS010000799.1	+	52497	54060	48	144.0	5.45e-37	32.087	H3H|Mycena_chlorophos	422	434	1.0284	3283.5
GCA_965154615.1	Panellus stipticus	no	H3H	CBCUIS010000799.1	+	197656	199181	57	101.0	1.12e-22	37.356	H3H|Neonothopanus_gardneri	416	402	0.9663	3523.8
GCA_965154615.1	Panellus stipticus	no	H3H	CBCUIS010000799.1	-	75047	76527	41	166.0	3.12e-52	38.846	H3H|Neonothopanus_gardneri	416	375	0.9014	3568.0
GCA_965154615.1	Panellus stipticus	no	H3H	CBCUIS010000335.1	+	497785	514177	146	114.0	1.29e-44	48.696	H3H|Panellus_stipticus	428	404	0.9439	9702.9
GCA_965154615.1	Panellus stipticus	no	H3H	CBCUIS010000410.1	+	133200	134565	38	140.0	2.68e-40	36.704	H3H|Panellus_stipticus	428	381	0.8902	2889.0
GCA_965154615.1	Panellus stipticus	no	H3H	CBCUIS010000247.1	-	94422	96100	41	149.0	1.9e-57	29.157	H3H|Neonothopanus_gardneri	416	403	0.9688	3504.9
GCA_965154615.1	Panellus stipticus	no	H3H	CBCUIS010000358.1	-	12475	13466	24	99.8	5.54e-22	26.974	H3H|Armillaria_fuscipes	426	332	0.7793	1588.3
GCA_965154615.1	Panellus stipticus	no	H3H	CBCUIS010000059.1	+	9836	10252	14	70.5	1.27e-12	34.091	H3H|Armillaria_ostoyae	426	151	0.3545	844.5
GCA_965154615.1	Panellus stipticus	no	H3H	CBCUIS010000057.1	-	260922	261338	14	70.5	1.32e-12	34.091	H3H|Armillaria_ostoyae	426	151	0.3545	844.5
GCA_965154615.1	Panellus stipticus	no	H3H	CBCUIS010000774.1	-	264152	264880	14	64.7	1.02e-10	27.074	H3H|Armillaria_gallica	422	192	0.455	812.9
GCA_965154615.1	Panellus stipticus	no	H3H	CBCUIS010000140.1	-	388261	388632	13	53.5	2.87e-07	37.755	H3H|Armillaria_fuscipes	426	105	0.2465	620.4
GCA_965154615.1	Panellus stipticus	no	H3H	CBCUIS010000140.1	+	428966	434853	7	46.6	4.53e-05	29.032	H3H|Armillaria_gallica	422	93	0.2204	315.4
GCA_965154615.1	Panellus stipticus	no	H3H	CBCUIS010000222.1	+	14258	15925	30	60.5	2.65e-13	35.165	H3H|Panellus_stipticus	428	241	0.5631	1390.4
GCA_965154615.1	Panellus stipticus	no	H3H	CBCUIS010000742.1	+	7237	7515	9	52.4	7.42e-07	39.474	H3H|Guyanagaster_necrorhiza	443	87	0.1964	427.4
GCA_965154615.1	Panellus stipticus	no	H3H	CBCUIS010000741.1	+	9528	9806	9	52.4	7.48e-07	39.474	H3H|Guyanagaster_necrorhiza	443	87	0.1964	427.4
GCA_965154615.1	Panellus stipticus	no	H3H	CBCUIS010000702.1	-	7737	8015	9	52.4	7.5e-07	39.474	H3H|Guyanagaster_necrorhiza	443	87	0.1964	427.4
GCA_965154615.1	Panellus stipticus	no	H3H	CBCUIS010000845.1	-	5865	6143	9	52.4	7.57e-07	39.474	H3H|Guyanagaster_necrorhiza	443	87	0.1964	427.4
GCA_965154615.1	Panellus stipticus	no	H3H	CBCUIS010000703.1	-	5110	5388	9	52.4	7.61e-07	39.474	H3H|Guyanagaster_necrorhiza	443	87	0.1964	427.4
GCA_965154615.1	Panellus stipticus	no	H3H	CBCUIS010000844.1	-	6110	6388	9	52.4	7.67e-07	39.474	H3H|Guyanagaster_necrorhiza	443	87	0.1964	427.4
GCA_965154615.1	Panellus stipticus	no	H3H	CBCUIS010000616.1	+	26086	26364	9	52.4	7.68e-07	39.474	H3H|Guyanagaster_necrorhiza	443	87	0.1964	427.4
GCA_965154615.1	Panellus stipticus	no	H3H	CBCUIS010000374.1	-	38887	39165	9	52.4	7.7e-07	39.474	H3H|Guyanagaster_necrorhiza	443	87	0.1964	427.4
GCA_965154615.1	Panellus stipticus	no	H3H	CBCUIS010000673.1	-	31087	31365	9	52.4	7.71e-07	39.474	H3H|Guyanagaster_necrorhiza	443	87	0.1964	427.4
GCA_965154615.1	Panellus stipticus	no	H3H	CBCUIS010000863.1	+	328995	329255	9	53.1	4.2e-07	37.931	H3H|Guyanagaster_necrorhiza	443	83	0.1874	439.0
GCA_965154615.1	Panellus stipticus	no	H3H	CBCUIS010000251.1	+	32706	32966	9	53.1	4.67e-07	37.931	H3H|Guyanagaster_necrorhiza	443	83	0.1874	437.0
GCA_965154615.1	Panellus stipticus	no	H3H	CBCUIS010000332.1	-	1258560	1258805	14	50.8	2.13e-06	45.455	H3H|Armillaria_mellea	429	78	0.1818	654.6
GCA_965154615.1	Panellus stipticus	no	H3H	CBCUIS010000129.1	-	5957	6220	4	45.8	8.35e-05	37.5	H3H|Armillaria_fuscipes	426	82	0.1925	176.4
GCA_965154615.1	Panellus stipticus	no	H3H	CBCUIS010000662.1	+	12393	12656	4	45.8	8.36e-05	37.5	H3H|Armillaria_fuscipes	426	82	0.1925	176.4
GCA_965154615.1	Panellus stipticus	no	H3H	CBCUIS010000663.1	+	2016	2279	4	45.8	8.42e-05	37.5	H3H|Armillaria_fuscipes	426	82	0.1925	176.4
GCA_965154615.1	Panellus stipticus	no	H3H	CBCUIS010000659.1	-	30	287	4	45.4	8.63e-05	38.372	H3H|Armillaria_fuscipes	426	80	0.1878	176.0
GCA_965154615.1	Panellus stipticus	no	H3H	CBCUIS010000322.1	-	329407	330484	11	47.8	2.47e-05	27.941	H3H|Omphalotus_olearius	540	259	0.4796	494.5
GCA_965154615.1	Panellus stipticus	no	H3H	CBCUIS010000577.1	-	36316	36531	3	45.8	7.33e-05	33.766	H3H|Neonothopanus_gardneri	416	73	0.1755	135.6
GCA_965154615.1	Panellus stipticus	no	H3H	CBCUIS010000577.1	-	65881	66102	4	45.1	0.000124	33.333	H3H|Armillaria_fuscipes	426	73	0.1714	172.9
GCA_965154615.1	Panellus stipticus	no	H3H	CBCUIS010000577.1	-	281714	282214	1	158.0	1.22e-40	53.254	H3H|Omphalotus_olearius	540	153	0.2833	158.0
GCA_965154615.1	Panellus stipticus	no	H3H	CBCUIS010000505.1	+	752016	752726	4	53.9	2.53e-07	23.207	H3H|Armillaria_ostoyae	426	199	0.4671	202.9
GCA_965154615.1	Panellus stipticus	no	H3H	CBCUIS010000577.1	+	7560	7772	2	45.1	0.000187	38.356	H3H|Omphalotus_olearius	540	70	0.1296	87.5
GCA_965154615.1	Panellus stipticus	no	H3H	CBCUIS010000577.1	+	49268	50549	8	57.0	2.3e-08	25.806	H3H|Neonothopanus_gardneri	416	314	0.7548	366.6
GCA_965154615.1	Panellus stipticus	no	H3H	CBCUIS010000576.1	+	9562	9774	2	45.1	0.000181	38.356	H3H|Omphalotus_olearius	540	70	0.1296	87.5
GCA_965154615.1	Panellus stipticus	no	H3H	CBCUIS010000575.1	+	18651	18863	2	45.1	0.000183	38.356	H3H|Omphalotus_olearius	540	70	0.1296	87.5
GCA_965154615.1	Panellus stipticus	no	H3H	CBCUIS010000160.1	+	8737	8949	2	45.1	0.000185	38.356	H3H|Omphalotus_olearius	540	70	0.1296	87.5
GCA_965154615.1	Panellus stipticus	no	H3H	CBCUIS010000141.1	-	2219	2371	1	42.4	0.000773	37.255	H3H|Neonothopanus_nambi	422	51	0.1209	42.4
GCA_965154615.1	Panellus stipticus	no	CPH	CBCUIS010000150.1	+	118336	119312	12	248.0	4.35e-74	59.024	CPH|Neonothopanus_gardneri	321	319	0.9938	2094.0
GCA_965154615.1	Panellus stipticus	no	CPH	CBCUIS010000556.1	-	22780	23899	12	86.7	1.49e-26	39.024	CPH|Neonothopanus_gardneri	321	295	0.919	802.3
GCA_965154615.1	Panellus stipticus	no	CPH	CBCUIS010000322.1	+	671055	671783	6	100.0	4.18e-23	32.932	CPH|Armillaria_ostoyae	302	211	0.6987	572.1
GCA_965154615.1	Panellus stipticus	no	CPH	CBCUIS010000356.1	-	248776	249218	2	37.0	0.000409	28.814	CPH|Neonothopanus_gardneri	321	95	0.296	61.6
GCA_965154615.1	Panellus stipticus	no	Luz	CBCUIS010000426.1	+	52985	53857	15	90.9	2.67e-20	28.276	Luz|Armillaria_ostoyae	266	259	0.9737	1086.4
GCA_965154625.1	Panellus stipticus	no	HispS	OZ234887.1	+	978375	986600	93	242.0	0.0	35.61	HispS|Neonothopanus_nambi	1678	1762	1.0501	12777.6
GCA_965154625.1	Panellus stipticus	no	HispS	OZ234889.1	+	1952846	1961243	136	201.0	1.49e-62	46.899	HispS|Armillaria_ostoyae	1770	1770	1.0	12761.6
GCA_965154625.1	Panellus stipticus	no	HispS	OZ234889.1	-	1783789	1786499	36	85.9	2.51e-16	27.473	HispS|Neonothopanus_gardneri	1691	804	0.4755	1770.8
GCA_965154625.1	Panellus stipticus	no	HispS	OZ234883.1	+	303198	305834	25	172.0	1.19e-63	29.812	HispS|Armillaria_fuscipes	1774	864	0.487	2492.9
GCA_965154625.1	Panellus stipticus	no	HispS	OZ234888.1	+	1844737	1847523	21	167.0	6.55e-52	29.647	HispS|Mycena_chlorophos	1652	823	0.4982	2160.0
GCA_965154625.1	Panellus stipticus	no	HispS	OZ234881.1	+	746385	749295	24	85.9	2.68e-16	28.692	HispS|Armillaria_mellea	1768	813	0.4598	1268.0
GCA_965154625.1	Panellus stipticus	no	HispS	OZ234881.1	+	786239	788695	11	157.0	4.62e-38	25.985	HispS|Mycena_citricolor	1678	853	0.5083	1413.0
GCA_965154625.1	Panellus stipticus	no	HispS	OZ234885.1	+	777390	780031	22	95.1	4.25e-19	27.557	HispS|Mycena_chlorophos	1652	736	0.4455	1249.8
GCA_965154625.1	Panellus stipticus	no	HispS	OZ234880.1	+	3183283	3184635	2	48.5	5.23e-05	22.095	HispS|Guyanagaster_necrorhiza	1766	518	0.2933	92.8
GCA_965154625.1	Panellus stipticus	no	H3H	OZ234888.1	+	502290	506243	73	217.0	2.79e-62	33.81	H3H|Armillaria_fuscipes	426	431	1.0117	6952.0
GCA_965154625.1	Panellus stipticus	no	H3H	OZ234878.1	-	588521	595027	125	114.0	4.25e-45	48.696	H3H|Panellus_stipticus	428	404	0.9439	9537.1
GCA_965154625.1	Panellus stipticus	no	H3H	OZ234878.1	-	3945623	3946947	15	99.8	4.55e-22	26.859	H3H|Armillaria_fuscipes	426	421	0.9883	1248.4
GCA_965154625.1	Panellus stipticus	no	H3H	OZ234878.1	+	1078165	1078410	14	50.8	1.7e-06	45.455	H3H|Armillaria_mellea	429	78	0.1818	654.6
GCA_965154625.1	Panellus stipticus	no	H3H	OZ234882.1	-	2705243	2706723	42	167.0	1.68e-52	38.846	H3H|Neonothopanus_gardneri	416	375	0.9014	3619.8
GCA_965154625.1	Panellus stipticus	no	H3H	OZ234882.1	-	3010310	3010432	4	44.7	0.000132	50.0	H3H|Armillaria_fuscipes	426	42	0.0986	174.5
GCA_965154625.1	Panellus stipticus	no	H3H	OZ234882.1	+	1101977	1103051	12	47.8	1.97e-05	27.941	H3H|Omphalotus_olearius	540	264	0.4889	536.5
GCA_965154625.1	Panellus stipticus	no	H3H	OZ234882.1	+	2687489	2689058	46	144.0	7.64e-37	32.5	H3H|Mycena_chlorophos	422	409	0.9692	3309.4
GCA_965154625.1	Panellus stipticus	no	H3H	OZ234882.1	+	2800522	2802047	57	103.0	9.97e-47	37.356	H3H|Neonothopanus_gardneri	416	402	0.9663	3556.6
GCA_965154625.1	Panellus stipticus	no	H3H	OZ234889.1	-	1514824	1516217	26	184.0	1.13e-50	35.714	H3H|Neonothopanus_gardneri	416	381	0.9159	2898.8
GCA_965154625.1	Panellus stipticus	no	H3H	OZ234885.1	+	570549	572227	42	149.0	1.47e-57	29.157	H3H|Neonothopanus_gardneri	416	403	0.9688	3546.9
GCA_965154625.1	Panellus stipticus	no	H3H	OZ234885.1	+	2593945	2594289	5	43.9	0.000226	29.167	H3H|Neonothopanus_nambi	422	101	0.2393	215.7
GCA_965154625.1	Panellus stipticus	no	H3H	OZ234885.1	-	409147	409410	4	45.8	6.8e-05	37.5	H3H|Armillaria_fuscipes	426	82	0.1925	176.4
GCA_965154625.1	Panellus stipticus	no	H3H	OZ234887.1	-	1448627	1449484	14	85.5	2.15e-17	28.803	H3H|Armillaria_ostoyae	426	291	0.6831	1050.3
GCA_965154625.1	Panellus stipticus	no	H3H	OZ234881.1	-	765545	765844	13	53.5	2.29e-07	37.755	H3H|Armillaria_fuscipes	426	95	0.223	620.0
GCA_965154625.1	Panellus stipticus	no	H3H	OZ234881.1	+	797627	803531	8	46.6	3.61e-05	29.032	H3H|Armillaria_gallica	422	93	0.2204	357.8
GCA_965154625.1	Panellus stipticus	no	H3H	OZ234883.1	+	451582	453249	30	60.5	1.77e-13	35.165	H3H|Panellus_stipticus	428	241	0.5631	1391.5
GCA_965154625.1	Panellus stipticus	no	H3H	CBCUIO010000014.1	+	1859	2137	9	52.4	6.13e-07	39.474	H3H|Guyanagaster_necrorhiza	443	87	0.1964	427.4
GCA_965154625.1	Panellus stipticus	no	H3H	CBCUIO010000009.1	+	50029	50307	9	52.4	6.15e-07	39.474	H3H|Guyanagaster_necrorhiza	443	87	0.1964	427.4
GCA_965154625.1	Panellus stipticus	no	H3H	OZ234886.1	-	809656	810345	12	47.0	2.93e-05	23.611	H3H|Armillaria_fuscipes	426	179	0.4202	547.7
GCA_965154625.1	Panellus stipticus	no	H3H	OZ234880.1	-	162125	162337	2	45.1	0.000149	38.356	H3H|Omphalotus_olearius	540	70	0.1296	87.5
GCA_965154625.1	Panellus stipticus	no	H3H	OZ234880.1	-	234861	235076	3	46.2	4.63e-05	33.766	H3H|Neonothopanus_gardneri	416	73	0.1755	136.0
GCA_965154625.1	Panellus stipticus	no	H3H	OZ234880.1	-	266638	266859	4	45.1	9.84e-05	33.333	H3H|Armillaria_fuscipes	426	73	0.1714	172.9
GCA_965154625.1	Panellus stipticus	no	H3H	OZ234880.1	-	470058	470648	3	104.0	1.88e-37	67.059	H3H|Omphalotus_olearius	540	153	0.2833	195.2
GCA_965154625.1	Panellus stipticus	no	H3H	OZ234880.1	-	1282272	1283077	7	52.4	2.35e-11	23.902	H3H|Armillaria_ostoyae	426	219	0.5141	303.2
GCA_965154625.1	Panellus stipticus	no	H3H	OZ234880.1	+	249732	251013	8	57.0	1.84e-08	25.806	H3H|Neonothopanus_gardneri	416	314	0.7548	366.6
GCA_965154625.1	Panellus stipticus	no	CPH	OZ234881.1	-	3291696	3292672	12	248.0	3.46e-74	59.024	CPH|Neonothopanus_gardneri	321	319	0.9938	2094.0
GCA_965154625.1	Panellus stipticus	no	CPH	OZ234885.1	-	1481075	1481892	12	86.3	4.12e-25	39.496	CPH|Neonothopanus_gardneri	321	223	0.6947	783.5
GCA_965154625.1	Panellus stipticus	no	CPH	OZ234882.1	-	720942	721617	12	68.9	1.47e-19	33.088	CPH|Neonothopanus_gardneri	321	208	0.648	673.8
GCA_965154625.1	Panellus stipticus	no	CPH	OZ234878.1	-	3281106	3281548	2	37.0	0.000281	27.966	CPH|Neonothopanus_gardneri	321	95	0.296	61.6
GCA_965154625.1	Panellus stipticus	no	Luz	OZ234882.1	+	1729090	1729962	18	89.4	6.19e-20	28.72	Luz|Armillaria_ostoyae	266	259	0.9737	1227.8
GCA_013427175.2	Armillaria borealis	yes	HispS	JAAGUC010000003.1	+	111591	117842	102	789.0	0.0	89.438	HispS|Armillaria_ostoyae	1770	1774	1.0023	27056.5
GCA_013427175.2	Armillaria borealis	yes	HispS	JAAGUC010000250.1	+	5194	10844	119	271.0	0.0	38.725	HispS|Armillaria_fuscipes	1774	1600	0.9019	12893.6
GCA_013427175.2	Armillaria borealis	yes	HispS	JAAGUC010000027.1	-	261360	264048	13	251.0	3.17e-66	28.717	HispS|Armillaria_ostoyae	1770	911	0.5147	2604.8
GCA_013427175.2	Armillaria borealis	yes	HispS	JAAGUC010000027.1	+	296311	298614	11	251.0	2.34e-66	28.409	HispS|Armillaria_ostoyae	1770	852	0.4814	2532.0
GCA_013427175.2	Armillaria borealis	yes	HispS	JAAGUC010000595.1	-	4732	6220	15	166.0	9.97e-46	31.415	HispS|Mycena_citricolor	1678	650	0.3874	1745.3
GCA_013427175.2	Armillaria borealis	yes	HispS	JAAGUC010000152.1	+	19187	22088	13	110.0	1.43e-23	31.556	HispS|Armillaria_mellea	1768	605	0.3422	1178.2
GCA_013427175.2	Armillaria borealis	yes	HispS	JAAGUC010000675.1	+	1667	4326	21	104.0	8.83e-22	27.797	HispS|Armillaria_gallica	1771	766	0.4325	1347.5
GCA_013427175.2	Armillaria borealis	yes	HispS	JAAGUC010000053.1	-	82057	83958	11	117.0	1.05e-25	22.934	HispS|Guyanagaster_necrorhiza	1766	599	0.3392	1101.4
GCA_013427175.2	Armillaria borealis	yes	HispS	JAAGUC010022217.1	-	3	298	8	40.4	7.16e-05	41.509	HispS|Armillaria_gallica	1771	90	0.0508	269.5
GCA_013427175.2	Armillaria borealis	yes	HispS	JAAGUC010022344.1	-	3	297	10	40.0	8.9e-05	35.484	HispS|Armillaria_gallica	1771	90	0.0508	334.9
GCA_013427175.2	Armillaria borealis	yes	HispS	JAAGUC010004636.1	-	772	882	7	46.6	0.00015	58.065	HispS|Armillaria_fuscipes	1774	81	0.0457	321.9
GCA_013427175.2	Armillaria borealis	yes	H3H	JAAGUC010000003.1	+	104745	106418	67	380.0	2.96e-141	69.868	H3H|Armillaria_ostoyae	426	430	1.0094	8346.9
GCA_013427175.2	Armillaria borealis	yes	H3H	JAAGUC010000016.1	+	131154	132821	53	60.1	4.08e-09	41.096	H3H|Neonothopanus_nambi	422	293	0.6943	2243.4
GCA_013427175.2	Armillaria borealis	yes	H3H	JAAGUC010000019.1	-	146891	148068	29	78.2	8.56e-15	28.063	H3H|Guyanagaster_necrorhiza	443	287	0.6479	1276.5
GCA_013427175.2	Armillaria borealis	yes	H3H	JAAGUC010002577.1	+	145	1364	28	68.9	2.8e-12	28.638	H3H|Neonothopanus_nambi	422	322	0.763	1590.1
GCA_013427175.2	Armillaria borealis	yes	H3H	JAAGUC010000005.1	+	357148	357426	11	54.7	1.94e-07	46.377	H3H|Armillaria_mellea	429	90	0.2098	553.5
GCA_013427175.2	Armillaria borealis	yes	H3H	JAAGUC010000014.1	-	392872	394056	12	51.6	1.52e-06	29.032	H3H|Neonothopanus_gardneri	416	242	0.5817	559.4
GCA_013427175.2	Armillaria borealis	yes	H3H	JAAGUC010000014.1	-	406432	407593	21	53.1	5.92e-07	38.384	H3H|Panellus_stipticus	428	278	0.6495	978.3
GCA_013427175.2	Armillaria borealis	yes	H3H	JAAGUC010000064.1	+	103493	103645	8	51.6	1.77e-06	53.061	H3H|Guyanagaster_necrorhiza	443	53	0.1196	372.8
GCA_013427175.2	Armillaria borealis	yes	H3H	JAAGUC010000021.1	+	311481	311891	13	53.5	5.53e-07	41.463	H3H|Omphalotus_olearius	540	152	0.2815	611.8
GCA_013427175.2	Armillaria borealis	yes	H3H	JAAGUC010000034.1	+	17359	18102	8	51.6	2.58e-06	28.502	H3H|Omphalotus_olearius	540	251	0.4648	366.2
GCA_013427175.2	Armillaria borealis	yes	H3H	JAAGUC010003209.1	+	10	1093	10	55.5	1.48e-13	31.967	H3H|Panellus_stipticus	428	329	0.7687	442.3
GCA_013427175.2	Armillaria borealis	yes	H3H	JAAGUC010000003.1	-	165054	165975	9	55.5	1.5e-12	34.579	H3H|Panellus_stipticus	428	276	0.6449	407.8
GCA_013427175.2	Armillaria borealis	yes	H3H	JAAGUC010006202.1	+	480	716	4	46.2	2.35e-05	32.468	H3H|Panellus_stipticus	428	77	0.1799	180.6
GCA_013427175.2	Armillaria borealis	yes	H3H	JAAGUC010000105.1	+	26079	26514	2	117.0	5.82e-27	67.442	H3H|Omphalotus_olearius	540	129	0.2389	197.5
GCA_013427175.2	Armillaria borealis	yes	H3H	JAAGUC010000002.1	-	945990	946163	2	43.1	0.000629	40.678	H3H|Panellus_stipticus	428	59	0.1379	85.8
GCA_013427175.2	Armillaria borealis	yes	CPH	JAAGUC010000003.1	+	107335	108565	24	254.0	2.93e-120	76.836	CPH|Armillaria_gallica	302	321	1.0629	2957.1
GCA_013427175.2	Armillaria borealis	yes	CPH	JAAGUC010000033.1	-	98445	99722	18	177.0	2.36e-100	56.707	CPH|Armillaria_mellea	297	320	1.0774	2361.8
GCA_013427175.2	Armillaria borealis	yes	CPH	JAAGUC010000001.1	+	1012111	1012940	8	135.0	5.52e-35	38.496	CPH|Armillaria_gallica	302	257	0.851	837.4
GCA_013427175.2	Armillaria borealis	yes	CPH	JAAGUC010000018.1	-	156718	157179	4	45.1	0.000106	27.273	CPH|Neonothopanus_gardneri	321	97	0.3022	172.2
GCA_013427175.2	Armillaria borealis	yes	Luz	JAAGUC010000003.1	-	103374	104227	24	308.0	1.91e-147	97.386	Luz|Armillaria_ostoyae	266	266	1.0	5104.0
GCA_013427175.2	Armillaria borealis	yes	Luz	JAAGUC010000296.1	+	2605	3396	18	86.3	8.61e-19	27.778	Luz|Mycena_citricolor	246	246	1.0	1135.3
GCA_013427175.2	Armillaria borealis	yes	Luz	JAAGUC010000047.1	-	70500	70682	12	67.8	2.03e-12	53.333	Luz|Armillaria_gallica	266	76	0.2857	775.1
GCA_030435635.1	Armillaria borealis	yes	HispS	JAUEPT010000003.1	-	1776650	1784788	113	785.0	0.0	90.78	HispS|Armillaria_ostoyae	1770	1774	1.0023	27103.2
GCA_030435635.1	Armillaria borealis	yes	HispS	JAUEPT010000003.1	+	2101211	2104112	13	110.0	2.12e-23	31.556	HispS|Armillaria_mellea	1768	605	0.3422	1173.4
GCA_030435635.1	Armillaria borealis	yes	HispS	JAUEPT010000047.1	-	103065	111349	92	339.0	1.92e-115	37.1	HispS|Armillaria_mellea	1768	1732	0.9796	13091.3
GCA_030435635.1	Armillaria borealis	yes	HispS	JAUEPT010000028.1	-	122845	139304	22	269.0	1.27e-71	26.849	HispS|Armillaria_ostoyae	1770	1003	0.5667	5237.0
GCA_030435635.1	Armillaria borealis	yes	HispS	JAUEPT010000028.1	+	170859	173549	19	231.0	2.6e-60	27.333	HispS|Mycena_citricolor	1678	911	0.5429	2830.8
GCA_030435635.1	Armillaria borealis	yes	HispS	JAUEPT010000008.1	+	976934	979347	25	177.0	1.46e-56	31.905	HispS|Mycena_citricolor	1678	858	0.5113	2548.7
GCA_030435635.1	Armillaria borealis	yes	HispS	JAUEPT010000316.1	+	27139	29832	19	229.0	1.08e-59	27.193	HispS|Mycena_citricolor	1678	911	0.5429	2834.4
GCA_030435635.1	Armillaria borealis	yes	HispS	JAUEPT010000005.1	-	523825	526437	31	176.0	4.37e-55	31.106	HispS|Mycena_citricolor	1678	803	0.4785	2414.7
GCA_030435635.1	Armillaria borealis	yes	HispS	JAUEPT010000544.1	+	6939	8697	30	130.0	5.49e-35	30.278	HispS|Mycena_citricolor	1678	643	0.3832	2059.2
GCA_030435635.1	Armillaria borealis	yes	HispS	JAUEPT010000090.1	+	22479	25139	25	76.3	1.36e-18	31.395	HispS|Armillaria_mellea	1768	766	0.4333	1171.6
GCA_030435635.1	Armillaria borealis	yes	HispS	JAUEPT010000090.1	+	144170	146824	18	103.0	2.22e-21	27.797	HispS|Armillaria_gallica	1771	712	0.402	1255.5
GCA_030435635.1	Armillaria borealis	yes	HispS	JAUEPT010000002.1	+	1254478	1256256	11	115.0	7.43e-25	22.934	HispS|Guyanagaster_necrorhiza	1766	595	0.3369	1081.3
GCA_030435635.1	Armillaria borealis	yes	H3H	JAUEPT010000003.1	-	452966	454633	53	60.1	4.24e-09	36.905	H3H|Panellus_stipticus	428	293	0.6846	2243.4
GCA_030435635.1	Armillaria borealis	yes	H3H	JAUEPT010000003.1	-	1789961	1791634	64	382.0	1.32e-141	70.199	H3H|Armillaria_ostoyae	426	430	1.0094	8216.1
GCA_030435635.1	Armillaria borealis	yes	H3H	JAUEPT010000584.1	-	10612	12279	53	60.1	4.06e-09	36.905	H3H|Panellus_stipticus	428	293	0.6846	2243.4
GCA_030435635.1	Armillaria borealis	yes	H3H	JAUEPT010000010.1	+	237258	237704	10	57.8	2.12e-08	33.645	H3H|Panellus_stipticus	428	156	0.3645	509.2
GCA_030435635.1	Armillaria borealis	yes	H3H	JAUEPT010000010.1	+	268354	269581	15	73.2	2.82e-13	28.239	H3H|Panellus_stipticus	428	396	0.9252	899.6
GCA_030435635.1	Armillaria borealis	yes	H3H	JAUEPT010000046.1	+	68586	69593	14	64.3	1.74e-10	25.788	H3H|Mycena_chlorophos	422	284	0.673	756.3
GCA_030435635.1	Armillaria borealis	yes	H3H	JAUEPT010000019.1	-	330816	332013	20	54.7	2.01e-07	26.577	H3H|Armillaria_mellea	429	373	0.8695	928.3
GCA_030435635.1	Armillaria borealis	yes	H3H	JAUEPT010000540.1	+	4620	5822	30	57.0	3.4e-08	31.897	H3H|Panellus_stipticus_2	428	326	0.7617	1481.8
GCA_030435635.1	Armillaria borealis	yes	H3H	JAUEPT010000002.1	+	322018	323205	28	55.5	1.14e-07	31.897	H3H|Panellus_stipticus_2	428	325	0.7593	1344.3
GCA_030435635.1	Armillaria borealis	yes	H3H	JAUEPT010000002.1	+	1931857	1932135	11	54.7	2.09e-07	46.377	H3H|Armillaria_mellea	429	90	0.2098	553.5
GCA_030435635.1	Armillaria borealis	yes	H3H	JAUEPT010000347.1	-	758	15948	43	53.5	3.99e-07	28.495	H3H|Neonothopanus_gardneri	416	277	0.6659	2013.1
GCA_030435635.1	Armillaria borealis	yes	H3H	JAUEPT010000008.1	-	512933	514117	10	51.2	2.36e-06	38.554	H3H|Panellus_stipticus	428	240	0.5607	461.7
GCA_030435635.1	Armillaria borealis	yes	H3H	JAUEPT010000008.1	-	523917	525078	21	53.5	4.43e-07	38.384	H3H|Panellus_stipticus	428	278	0.6495	977.7
GCA_030435635.1	Armillaria borealis	yes	H3H	JAUEPT010000009.1	+	513037	513189	8	51.6	1.91e-06	53.061	H3H|Guyanagaster_necrorhiza	443	53	0.1196	372.8
GCA_030435635.1	Armillaria borealis	yes	H3H	JAUEPT010000203.1	+	2178	2624	10	57.8	1.92e-08	33.645	H3H|Panellus_stipticus	428	156	0.3645	508.8
GCA_030435635.1	Armillaria borealis	yes	H3H	JAUEPT010000203.1	+	31392	32347	12	58.5	1.12e-08	32.174	H3H|Panellus_stipticus	428	266	0.6215	597.3
GCA_030435635.1	Armillaria borealis	yes	H3H	JAUEPT010000010.1	-	251757	252907	16	54.3	2.3e-07	32.71	H3H|Panellus_stipticus	428	310	0.7243	701.5
GCA_030435635.1	Armillaria borealis	yes	H3H	JAUEPT010000203.1	-	14902	16052	16	54.3	2.28e-07	32.71	H3H|Panellus_stipticus	428	310	0.7243	701.5
GCA_030435635.1	Armillaria borealis	yes	H3H	JAUEPT010000005.1	+	631002	631745	9	55.5	1.49e-07	28.986	H3H|Omphalotus_olearius	540	251	0.4648	419.8
GCA_030435635.1	Armillaria borealis	yes	H3H	JAUEPT010000382.1	-	11917	12159	6	47.8	3.42e-05	39.506	H3H|Omphalotus_olearius	540	78	0.1444	268.7
GCA_030435635.1	Armillaria borealis	yes	H3H	JAUEPT010000399.1	+	3398	4141	8	51.6	2.72e-06	28.502	H3H|Omphalotus_olearius	540	251	0.4648	366.2
GCA_030435635.1	Armillaria borealis	yes	H3H	JAUEPT010000011.1	-	723894	724214	9	55.1	2.33e-07	39.024	H3H|Omphalotus_olearius	540	103	0.1907	428.9
GCA_030435635.1	Armillaria borealis	yes	H3H	JAUEPT010000017.1	-	110926	111168	5	45.4	0.000139	41.379	H3H|Neonothopanus_gardneri	416	78	0.1875	222.6
GCA_030435635.1	Armillaria borealis	yes	H3H	JAUEPT010000654.1	-	8290	8583	7	52.4	1.39e-06	40.244	H3H|Omphalotus_olearius	540	94	0.1741	324.6
GCA_030435635.1	Armillaria borealis	yes	H3H	JAUEPT010000001.1	-	868655	868975	6	49.3	1.49e-05	39.024	H3H|Omphalotus_olearius	540	103	0.1907	271.8
GCA_030435635.1	Armillaria borealis	yes	H3H	JAUEPT010000003.1	+	1728652	1729573	9	55.5	1.99e-12	34.579	H3H|Panellus_stipticus	428	276	0.6449	407.8
GCA_030435635.1	Armillaria borealis	yes	H3H	JAUEPT010000490.1	+	6375	6810	2	116.0	8.34e-27	67.442	H3H|Omphalotus_olearius	540	129	0.2389	196.5
GCA_030435635.1	Armillaria borealis	yes	H3H	JAUEPT010000075.1	+	237380	237815	2	116.0	8.86e-27	67.442	H3H|Omphalotus_olearius	540	129	0.2389	196.5
GCA_030435635.1	Armillaria borealis	yes	H3H	JAUEPT010000080.1	-	209546	209982	2	87.8	1.5e-17	46.364	H3H|Omphalotus_olearius	540	129	0.2389	147.9
GCA_030435635.1	Armillaria borealis	yes	H3H	JAUEPT010000006.1	-	949522	949695	2	43.1	0.000706	40.678	H3H|Panellus_stipticus	428	59	0.1379	85.8
GCA_030435635.1	Armillaria borealis	yes	CPH	JAUEPT010000003.1	-	1787814	1789044	24	254.0	3.89e-120	76.836	CPH|Armillaria_gallica	302	321	1.0629	2957.1
GCA_030435635.1	Armillaria borealis	yes	CPH	JAUEPT010000019.1	+	98067	99344	18	178.0	7.2e-99	54.237	CPH|Armillaria_fuscipes	294	320	1.0884	2355.8
GCA_030435635.1	Armillaria borealis	yes	CPH	JAUEPT010000271.1	+	8747	10024	18	178.0	7.36e-99	54.237	CPH|Armillaria_fuscipes	294	320	1.0884	2355.8
GCA_030435635.1	Armillaria borealis	yes	CPH	JAUEPT010000001.1	-	1317712	1318541	8	135.0	5.93e-35	38.496	CPH|Armillaria_gallica	302	257	0.851	837.4
GCA_030435635.1	Armillaria borealis	yes	CPH	JAUEPT010000037.1	+	98772	99233	4	45.1	0.000114	27.273	CPH|Neonothopanus_gardneri	321	97	0.3022	172.2
GCA_030435635.1	Armillaria borealis	yes	Luz	JAUEPT010000003.1	+	1792152	1793005	24	308.0	9.79e-136	97.368	Luz|Armillaria_fuscipes	266	266	1.0	5104.0
GCA_030435635.1	Armillaria borealis	yes	Luz	JAUEPT010000007.1	-	187854	188632	14	73.9	1.88e-14	38.095	Luz|Armillaria_mellea	266	252	0.9474	901.5
GCA_030435635.1	Armillaria borealis	yes	Luz	JAUEPT010000007.1	-	197518	198261	12	106.0	1.36e-25	30.83	Luz|Armillaria_ostoyae	266	236	0.8872	1185.6
GCA_030435635.1	Armillaria borealis	yes	Luz	JAUEPT010000136.1	-	83758	84530	13	73.9	1.87e-14	38.095	Luz|Armillaria_mellea	266	251	0.9436	863.4
GCA_030435635.1	Armillaria borealis	yes	Luz	JAUEPT010000136.1	-	93419	93637	12	58.9	1.83e-09	48.214	Luz|Armillaria_fuscipes	266	88	0.3308	655.1
GCA_030435635.1	Armillaria borealis	yes	Luz	JAUEPT010000039.1	+	351998	352180	12	68.2	1.54e-12	57.143	Luz|Armillaria_fuscipes	266	72	0.2707	778.4
GCA_030435635.1	Armillaria borealis	yes	Luz	JAUEPT010000008.1	-	558931	559722	18	86.3	9.37e-19	27.778	Luz|Mycena_citricolor	246	246	1.0	1135.3
GCA_900157415.1	Armillaria cepistipes	no	HispS	FTRY01000006.1	+	1407411	1413636	87	864.0	0.0	86.32	HispS|Armillaria_gallica	1771	1774	1.0017	25996.1
GCA_900157415.1	Armillaria cepistipes	no	HispS	FTRY01000044.1	-	160102	168427	132	258.0	1.14e-110	38.557	HispS|Armillaria_fuscipes	1774	1733	0.9769	13775.5
GCA_900157415.1	Armillaria cepistipes	no	HispS	FTRY01000010.1	+	1957964	1960948	26	206.0	4.11e-67	31.944	HispS|Mycena_citricolor	1678	911	0.5429	2856.9
GCA_900157415.1	Armillaria cepistipes	no	HispS	FTRY01000010.1	+	2016241	2017615	19	86.3	3.01e-28	27.138	HispS|Armillaria_gallica	1771	597	0.3371	1242.4
GCA_900157415.1	Armillaria cepistipes	no	HispS	FTRY01000004.1	+	3790801	3793814	20	227.0	1.29e-70	28.67	HispS|Armillaria_fuscipes	1774	982	0.5536	2893.1
GCA_900157415.1	Armillaria cepistipes	no	HispS	FTRY01000003.1	-	2399813	2401973	15	119.0	3.15e-26	29.762	HispS|Armillaria_mellea	1768	672	0.3801	1280.4
GCA_900157415.1	Armillaria cepistipes	no	HispS	FTRY01000161.1	+	6874	7200	4	46.6	0.000429	29.358	HispS|Armillaria_gallica	1771	98	0.0553	183.6
GCA_900157415.1	Armillaria cepistipes	no	H3H	FTRY01000006.1	+	1400569	1402232	44	454.0	8.65e-144	58.836	H3H|Armillaria_mellea	429	429	1.0	7060.0
GCA_900157415.1	Armillaria cepistipes	no	H3H	FTRY01000006.1	+	2707472	2709010	37	62.0	1.05e-09	41.892	H3H|Neonothopanus_gardneri	416	269	0.6466	1660.1
GCA_900157415.1	Armillaria cepistipes	no	H3H	FTRY01000006.1	+	3501618	3502846	14	53.9	3.73e-07	32.71	H3H|Panellus_stipticus	428	328	0.7664	595.8
GCA_900157415.1	Armillaria cepistipes	no	H3H	FTRY01000006.1	-	841245	842391	14	55.5	1.87e-14	30.508	H3H|Panellus_stipticus	428	349	0.8154	682.5
GCA_900157415.1	Armillaria cepistipes	no	H3H	FTRY01000006.1	-	1461122	1464191	15	55.8	7.76e-08	35.514	H3H|Panellus_stipticus_3	428	335	0.7827	605.4
GCA_900157415.1	Armillaria cepistipes	no	H3H	FTRY01000003.1	-	4128751	4129491	14	63.2	8.08e-10	28.226	H3H|Omphalotus_olearius	540	195	0.3611	810.4
GCA_900157415.1	Armillaria cepistipes	no	H3H	FTRY01000007.1	+	382820	384020	28	72.8	4.03e-13	29.648	H3H|Neonothopanus_nambi	422	333	0.7891	1616.2
GCA_900157415.1	Armillaria cepistipes	no	H3H	FTRY01000007.1	+	1990274	1990633	11	50.4	3.84e-06	42.029	H3H|Armillaria_mellea	429	125	0.2914	521.0
GCA_900157415.1	Armillaria cepistipes	no	H3H	FTRY01000012.1	-	541641	543011	16	69.3	4.47e-12	26.683	H3H|Mycena_chlorophos	422	412	0.9763	908.3
GCA_900157415.1	Armillaria cepistipes	no	H3H	FTRY01000001.1	+	4336422	4337562	22	52.4	1.09e-06	35.897	H3H|Panellus_stipticus	428	335	0.7827	1041.3
GCA_900157415.1	Armillaria cepistipes	no	H3H	FTRY01000014.1	-	48517	48963	14	59.7	7.92e-09	40.244	H3H|Omphalotus_olearius	540	146	0.2704	675.2
GCA_900157415.1	Armillaria cepistipes	no	H3H	FTRY01000002.1	+	3337608	3337877	13	58.2	2.78e-08	42.169	H3H|Omphalotus_olearius	540	87	0.1611	604.1
GCA_900157415.1	Armillaria cepistipes	no	H3H	FTRY01000002.1	+	4514773	4515208	2	116.0	1.1e-26	67.442	H3H|Omphalotus_olearius	540	129	0.2389	195.3
GCA_900157415.1	Armillaria cepistipes	no	H3H	FTRY01000010.1	-	1783306	1784049	10	54.7	2.98e-07	29.327	H3H|Omphalotus_olearius	540	251	0.4648	467.5
GCA_900157415.1	Armillaria cepistipes	no	H3H	FTRY01000018.1	+	792577	793332	4	51.2	3.63e-06	28.019	H3H|Omphalotus_olearius	540	255	0.4722	181.7
GCA_900157415.1	Armillaria cepistipes	no	CPH	FTRY01000006.1	+	527570	528856	18	182.0	7.34e-93	51.852	CPH|Armillaria_gallica	302	320	1.0596	2376.4
GCA_900157415.1	Armillaria cepistipes	no	CPH	FTRY01000006.1	+	1403129	1404356	21	222.0	1.2e-91	47.319	CPH|Armillaria_fuscipes	294	321	1.0918	2590.3
GCA_900157415.1	Armillaria cepistipes	no	CPH	FTRY01000002.1	+	2787947	2788773	8	138.0	4.76e-36	39.111	CPH|Armillaria_gallica	302	257	0.851	852.0
GCA_900157415.1	Armillaria cepistipes	no	CPH	FTRY01000024.1	+	198164	198405	2	37.0	0.000566	38.0	CPH|Armillaria_fuscipes	294	66	0.2245	62.0
GCA_900157415.1	Armillaria cepistipes	no	Luz	FTRY01000006.1	-	1399175	1400052	24	313.0	3.36e-149	98.039	Luz|Armillaria_gallica	266	266	1.0	5178.0
GCA_900157415.1	Armillaria cepistipes	no	Luz	FTRY01000001.1	+	4304262	4305054	21	73.9	8.54e-25	27.083	Luz|Omphalotus_olearius	261	246	0.9425	1363.2
GCA_900157415.1	Armillaria cepistipes	no	Luz	FTRY01000013.1	+	815990	816838	29	70.1	4.22e-13	26.087	Luz|Omphalotus_olearius	261	258	0.9885	1346.1
GCA_900157415.1	Armillaria cepistipes	no	Luz	FTRY01000013.1	+	824948	825636	17	63.2	9.89e-11	25.333	Luz|Armillaria_fuscipes	266	218	0.8195	830.5
GCA_900157415.1	Armillaria cepistipes	no	Luz	FTRY01000013.1	+	855030	855886	35	63.5	1.49e-19	52.542	Luz|Armillaria_gallica	266	263	0.9887	1568.6
GCA_900157415.1	Armillaria cepistipes	no	Luz	FTRY01000033.1	+	197678	198460	12	83.6	8.37e-18	27.907	Luz|Mycena_citricolor	246	243	0.9878	796.8
GCA_002307695.1	Armillaria gallica	yes	HispS	KZ293645.1	-	2964262	2970512	91	817.0	0.0	92.36	HispS|Armillaria_gallica	1771	1774	1.0017	26261.0
GCA_002307695.1	Armillaria gallica	yes	HispS	KZ293645.1	+	3294134	3297070	13	107.0	1.94e-22	29.373	HispS|Armillaria_mellea	1768	782	0.4423	1158.8
GCA_002307695.1	Armillaria gallica	yes	HispS	KZ293728.1	-	260956	269245	138	272.0	4.74e-144	38.557	HispS|Armillaria_ostoyae	1770	1747	0.987	14008.6
GCA_002307695.1	Armillaria gallica	yes	HispS	KZ293696.1	+	380568	383552	33	181.0	2.9e-65	31.746	HispS|Mycena_citricolor	1678	922	0.5495	2925.0
GCA_002307695.1	Armillaria gallica	yes	HispS	KZ293696.1	+	412580	413378	18	64.7	2.03e-11	28.472	HispS|Guyanagaster_necrorhiza	1766	425	0.2407	832.1
GCA_002307695.1	Armillaria gallica	yes	HispS	KZ293696.1	+	439428	439925	1	46.2	0.000563	23.256	HispS|Armillaria_gallica	1771	165	0.0932	46.2
GCA_002307695.1	Armillaria gallica	yes	HispS	KZ293657.1	+	199407	202376	19	231.0	4.51e-60	26.524	HispS|Armillaria_fuscipes	1774	977	0.5507	2665.2
GCA_002307695.1	Armillaria gallica	yes	HispS	KZ293657.1	-	165465	167839	19	216.0	3.24e-62	28.494	HispS|Mycena_citricolor	1678	864	0.5149	2594.5
GCA_002307695.1	Armillaria gallica	yes	HispS	KZ293789.1	-	5915	7081	11	117.0	1.56e-25	29.94	HispS|Armillaria_mellea	1768	551	0.3117	1119.0
GCA_002307695.1	Armillaria gallica	yes	HispS	KZ293667.1	+	633028	635679	27	112.0	7.98e-24	28.814	HispS|Armillaria_mellea	1768	778	0.44	1695.7
GCA_002307695.1	Armillaria gallica	yes	HispS	KZ293661.1	-	1090078	1092717	17	112.0	3.67e-24	24.333	HispS|Mycena_chlorophos	1652	773	0.4679	1280.2
GCA_002307695.1	Armillaria gallica	yes	HispS	KZ293709.1	+	236654	236944	12	60.1	4.51e-08	39.56	HispS|Armillaria_mellea	1768	182	0.1029	668.2
GCA_002307695.1	Armillaria gallica	yes	H3H	KZ293645.1	-	881562	882805	18	54.3	3.43e-07	32.71	H3H|Panellus_stipticus	428	362	0.8458	735.4
GCA_002307695.1	Armillaria gallica	yes	H3H	KZ293645.1	-	1653702	1655177	42	62.0	1.1e-09	41.892	H3H|Neonothopanus_gardneri	416	250	0.601	1809.7
GCA_002307695.1	Armillaria gallica	yes	H3H	KZ293645.1	-	2975718	2977383	75	390.0	1.44e-147	63.295	H3H|Armillaria_mellea	429	435	1.014	8064.8
GCA_002307695.1	Armillaria gallica	yes	H3H	KZ293645.1	+	2915527	2916719	15	71.6	1.25e-12	27.609	H3H|Panellus_stipticus	428	381	0.8902	795.7
GCA_002307695.1	Armillaria gallica	yes	H3H	KZ293645.1	+	3566614	3566931	4	54.7	2.06e-07	30.841	H3H|Panellus_stipticus	428	104	0.243	207.2
GCA_002307695.1	Armillaria gallica	yes	H3H	KZ293681.1	-	435606	436808	37	55.8	1.06e-07	31.897	H3H|Panellus_stipticus_2	428	331	0.7734	1768.2
GCA_002307695.1	Armillaria gallica	yes	H3H	KZ293653.1	+	810144	810890	14	63.9	3.12e-10	26.423	H3H|Armillaria_ostoyae	426	199	0.4671	832.9
GCA_002307695.1	Armillaria gallica	yes	H3H	KZ293670.1	+	338847	340379	16	71.2	1.44e-12	27.011	H3H|Mycena_chlorophos	422	393	0.9313	966.7
GCA_002307695.1	Armillaria gallica	yes	H3H	KZ293646.1	-	467323	467758	2	95.9	5.24e-20	65.116	H3H|Omphalotus_olearius	540	129	0.2389	175.2
GCA_002307695.1	Armillaria gallica	yes	H3H	KZ293646.1	-	1609576	1610508	14	60.8	4.04e-09	41.463	H3H|Omphalotus_olearius	540	255	0.4722	692.8
GCA_002307695.1	Armillaria gallica	yes	H3H	KZ293675.1	-	340161	341448	8	49.7	8.26e-06	28.804	H3H|Armillaria_mellea	429	268	0.6247	377.9
GCA_002307695.1	Armillaria gallica	yes	H3H	KZ293649.1	-	2119237	2120392	22	53.5	5.28e-07	35.294	H3H|Panellus_stipticus	428	295	0.6893	1030.1
GCA_002307695.1	Armillaria gallica	yes	H3H	KZ293661.1	-	409972	410250	11	52.4	1.17e-06	39.744	H3H|Armillaria_mellea	429	90	0.2098	524.4
GCA_002307695.1	Armillaria gallica	yes	H3H	KZ293644.1	-	3572503	3572952	14	58.5	2e-08	40.244	H3H|Omphalotus_olearius	540	147	0.2722	676.3
GCA_002307695.1	Armillaria gallica	yes	H3H	KZ293696.1	-	251202	251954	8	54.7	3.49e-07	28.986	H3H|Omphalotus_olearius	540	254	0.4704	368.1
GCA_002307695.1	Armillaria gallica	yes	H3H	KZ293652.1	+	1152549	1152668	1	43.1	0.001	50.0	H3H|Guyanagaster_necrorhiza	443	40	0.0903	43.1
GCA_002307695.1	Armillaria gallica	yes	H3H	KZ293700.1	+	126797	127552	4	52.0	2.48e-06	28.019	H3H|Omphalotus_olearius	540	255	0.4722	186.5
GCA_002307695.1	Armillaria gallica	yes	H3H	KZ293712.1	+	174940	175125	3	44.7	0.000319	38.71	H3H|Panellus_stipticus	428	61	0.1425	132.5
GCA_002307695.1	Armillaria gallica	yes	CPH	KZ293645.1	-	2973598	2974866	29	207.0	1.42e-135	61.458	CPH|Armillaria_gallica	302	321	1.0629	3047.0
GCA_002307695.1	Armillaria gallica	yes	CPH	KZ293655.1	-	14310	15595	20	260.0	2.32e-78	46.049	CPH|Neonothopanus_gardneri	321	320	0.9969	2426.7
GCA_002307695.1	Armillaria gallica	yes	CPH	KZ293646.1	-	2089940	2090629	6	138.0	7.03e-36	39.111	CPH|Armillaria_gallica	302	233	0.7715	778.0
GCA_002307695.1	Armillaria gallica	yes	CPH	KZ293657.1	+	1258065	1258306	2	36.6	0.000813	36.0	CPH|Armillaria_fuscipes	294	66	0.2245	61.6
GCA_002307695.1	Armillaria gallica	yes	Luz	KZ293645.1	+	2977909	2978762	24	316.0	5.95e-151	100.0	Luz|Armillaria_gallica	266	266	1.0	5146.0
GCA_002307695.1	Armillaria gallica	yes	Luz	KZ293649.1	-	2145257	2146047	21	71.6	1.22e-23	26.562	Luz|Omphalotus_olearius	261	246	0.9425	1334.6
GCA_002307695.1	Armillaria gallica	yes	Luz	KZ293759.1	-	116906	117716	23	82.4	5.22e-22	34.507	Luz|Armillaria_mellea	266	257	0.9662	1396.6
GCA_002307695.1	Armillaria gallica	yes	Luz	KZ293675.1	+	11015	11797	12	86.3	1.01e-18	28.295	Luz|Mycena_citricolor	246	243	0.9878	809.3
GCA_012064365.1	Armillaria gallica	no	HispS	VTST01000008.1	-	2352180	2358405	75	888.0	0.0	86.32	HispS|Armillaria_gallica	1771	1774	1.0017	25186.4
GCA_012064365.1	Armillaria gallica	no	HispS	VTST01000008.1	+	2683865	2686801	13	109.0	4.64e-23	29.508	HispS|Armillaria_mellea	1768	782	0.4423	1177.7
GCA_012064365.1	Armillaria gallica	no	HispS	VTST01000006.1	-	1478660	1486945	122	355.0	4.79e-145	38.388	HispS|Armillaria_ostoyae	1770	1746	0.9864	13743.4
GCA_012064365.1	Armillaria gallica	no	HispS	VTST01000001.1	-	3502559	3505587	26	207.0	3.85e-68	31.809	HispS|Mycena_citricolor	1678	938	0.559	2871.3
GCA_012064365.1	Armillaria gallica	no	HispS	VTST01000005.1	+	2301087	2304101	27	185.0	2.34e-54	31.529	HispS|Mycena_chlorophos	1652	977	0.5914	2799.7
GCA_012064365.1	Armillaria gallica	no	HispS	VTST01000005.1	-	2265108	2268082	34	183.0	2.36e-53	31.481	HispS|Mycena_chlorophos	1652	982	0.5944	2911.4
GCA_012064365.1	Armillaria gallica	no	HispS	VTST01000007.1	+	2727939	2730096	15	117.0	1.77e-25	29.254	HispS|Armillaria_mellea	1768	671	0.3795	1243.0
GCA_012064365.1	Armillaria gallica	no	HispS	VTST01000007.1	+	2758848	2761005	13	116.0	4.02e-25	29.552	HispS|Armillaria_mellea	1768	653	0.3693	1171.8
GCA_012064365.1	Armillaria gallica	no	HispS	VTST01000002.1	-	2348209	2349798	11	103.0	2.97e-21	23.921	HispS|Neonothopanus_nambi	1678	541	0.3224	1016.5
GCA_012064365.1	Armillaria gallica	no	HispS	VTST01000010.1	+	759072	759311	14	58.2	1.5e-07	42.254	HispS|Armillaria_gallica	1771	210	0.1186	769.7
GCA_012064365.1	Armillaria gallica	no	HispS	VTST01000003.1	-	3486724	3487323	1	47.8	0.000208	26.638	HispS|Armillaria_gallica	1771	217	0.1225	47.8
GCA_012064365.1	Armillaria gallica	no	H3H	VTST01000008.1	-	229771	230892	19	56.2	7.61e-08	33.645	H3H|Panellus_stipticus	428	324	0.757	812.9
GCA_012064365.1	Armillaria gallica	no	H3H	VTST01000008.1	-	1025808	1027283	42	60.1	4.09e-09	40.541	H3H|Neonothopanus_gardneri	416	250	0.601	1786.1
GCA_012064365.1	Armillaria gallica	no	H3H	VTST01000008.1	-	2363602	2365267	71	389.0	5.41e-147	62.931	H3H|Armillaria_mellea	429	435	1.014	7841.9
GCA_012064365.1	Armillaria gallica	no	H3H	VTST01000008.1	+	2303416	2304563	16	67.8	1.92e-11	24.927	H3H|Armillaria_gallica	422	378	0.8957	793.7
GCA_012064365.1	Armillaria gallica	no	H3H	VTST01000008.1	+	2962977	2964243	14	55.1	1.55e-15	27.215	H3H|Panellus_stipticus	428	392	0.9159	688.5
GCA_012064365.1	Armillaria gallica	no	H3H	VTST01000007.1	+	898026	898772	14	66.2	4.92e-11	28.571	H3H|Neonothopanus_gardneri	416	199	0.4784	829.7
GCA_012064365.1	Armillaria gallica	no	H3H	VTST01000002.1	-	1662730	1663002	11	54.3	3.26e-07	42.308	H3H|Armillaria_mellea	429	88	0.2051	549.1
GCA_012064365.1	Armillaria gallica	no	H3H	VTST01000002.1	-	3311686	3312886	28	70.1	3.96e-12	29.148	H3H|Guyanagaster_necrorhiza	443	331	0.7472	1580.3
GCA_012064365.1	Armillaria gallica	no	H3H	VTST01000038.1	+	361751	363079	18	71.6	9.49e-13	25.594	H3H|Mycena_chlorophos	422	390	0.9242	1008.7
GCA_012064365.1	Armillaria gallica	no	H3H	VTST01000011.1	+	420372	421659	12	53.5	5.42e-07	29.891	H3H|Armillaria_mellea	429	277	0.6457	581.8
GCA_012064365.1	Armillaria gallica	no	H3H	VTST01000017.1	+	41663	42929	14	55.1	8.92e-15	27.215	H3H|Panellus_stipticus	428	392	0.9159	674.4
GCA_012064365.1	Armillaria gallica	no	H3H	VTST01000003.1	+	980450	981605	18	51.2	2.55e-06	34.454	H3H|Panellus_stipticus	428	298	0.6963	836.7
GCA_012064365.1	Armillaria gallica	no	H3H	VTST01000004.1	+	2098406	2098852	14	62.0	1.84e-09	41.463	H3H|Omphalotus_olearius	540	146	0.2704	689.1
GCA_012064365.1	Armillaria gallica	no	H3H	VTST01000004.1	+	3235728	3236163	2	116.0	1.08e-26	67.442	H3H|Omphalotus_olearius	540	129	0.2389	195.3
GCA_012064365.1	Armillaria gallica	no	H3H	VTST01000013.1	-	339944	340393	14	59.3	1.29e-08	40.244	H3H|Omphalotus_olearius	540	147	0.2722	683.1
GCA_012064365.1	Armillaria gallica	no	H3H	VTST01000002.1	+	472033	472182	3	47.8	3.51e-05	48.0	H3H|Guyanagaster_necrorhiza	443	50	0.1129	134.0
GCA_012064365.1	Armillaria gallica	no	H3H	VTST01000003.1	-	968422	968685	6	50.1	5.97e-06	46.032	H3H|Mycena_chlorophos	422	95	0.2251	277.3
GCA_012064365.1	Armillaria gallica	no	H3H	VTST01000003.1	-	3720804	3721559	4	50.8	5.15e-06	28.019	H3H|Omphalotus_olearius	540	255	0.4722	181.7
GCA_012064365.1	Armillaria gallica	no	H3H	VTST01000001.1	+	3646488	3647249	10	52.8	1.48e-06	28.986	H3H|Omphalotus_olearius	540	265	0.4907	454.8
GCA_012064365.1	Armillaria gallica	no	H3H	VTST01000005.1	-	1770164	1770337	1	43.1	0.00089	42.373	H3H|Panellus_stipticus	428	59	0.1379	43.1
GCA_012064365.1	Armillaria gallica	no	CPH	VTST01000008.1	-	2361477	2362704	25	202.0	1.83e-132	60.104	CPH|Armillaria_gallica	302	321	1.0629	2824.1
GCA_012064365.1	Armillaria gallica	no	CPH	VTST01000008.1	-	3201367	3202644	24	177.0	9.05e-71	56.707	CPH|Armillaria_mellea	297	320	1.0774	2508.8
GCA_012064365.1	Armillaria gallica	no	CPH	VTST01000008.1	-	3311720	3312974	25	183.0	9.52e-52	49.107	CPH|Neonothopanus_nambi	289	321	1.1107	2220.5
GCA_012064365.1	Armillaria gallica	no	CPH	VTST01000017.1	-	294333	295616	26	193.0	9.07e-55	46.245	CPH|Neonothopanus_gardneri	321	320	0.9969	2407.2
GCA_012064365.1	Armillaria gallica	no	CPH	VTST01000004.1	+	1600991	1601817	8	139.0	3.87e-36	39.556	CPH|Armillaria_gallica	302	237	0.7848	854.4
GCA_012064365.1	Armillaria gallica	no	CPH	VTST01000005.1	+	3346325	3346566	2	36.6	0.000728	36.0	CPH|Armillaria_fuscipes	294	66	0.2245	61.6
GCA_012064365.1	Armillaria gallica	no	Luz	VTST01000008.1	+	2365785	2366653	24	314.0	1.25e-97	88.0	Luz|Armillaria_gallica	266	266	1.0	5172.0
GCA_012064365.1	Armillaria gallica	no	Luz	VTST01000003.1	+	947916	948708	21	73.6	1.04e-24	27.083	Luz|Omphalotus_olearius	261	246	0.9425	1365.8
GCA_012064365.1	Armillaria gallica	no	Luz	VTST01000001.1	-	795286	795981	12	60.1	8.27e-10	25.877	Luz|Mycena_citricolor	246	234	0.9512	675.7
GCA_012064365.1	Armillaria gallica	no	Luz	VTST01000001.1	-	835123	835912	21	68.9	3.73e-17	30.986	Luz|Armillaria_mellea	266	251	0.9436	1119.1
GCA_012064365.1	Armillaria gallica	no	Luz	VTST01000001.1	-	931382	931507	6	45.8	4.86e-05	45.238	Luz|Armillaria_fuscipes	266	58	0.218	266.4
GCA_012064365.1	Armillaria gallica	no	Luz	VTST01000001.1	-	940175	940912	19	72.8	5.92e-14	29.2	Luz|Armillaria_fuscipes	266	231	0.8684	964.2
GCA_012064365.1	Armillaria gallica	no	Luz	VTST01000011.1	+	1098788	1099573	12	82.4	3.59e-17	29.658	Luz|Armillaria_ostoyae	266	245	0.9211	879.0
GCA_026212265.1	Armillaria gallica	no	HispS	JANYMC010000020.1	+	66682	72907	87	874.0	0.0	86.127	HispS|Armillaria_gallica	1771	1774	1.0017	25789.7
GCA_026212265.1	Armillaria gallica	no	HispS	JANYMC010000497.1	+	20299	28593	123	350.0	7.26e-144	37.812	HispS|Armillaria_ostoyae	1770	1746	0.9864	13787.3
GCA_026212265.1	Armillaria gallica	no	HispS	JANYMC010000170.1	-	33974	36630	26	206.0	9.97e-68	31.809	HispS|Mycena_citricolor	1678	907	0.5405	2859.2
GCA_026212265.1	Armillaria gallica	no	HispS	JANYMC010000203.1	-	64003	67017	27	185.0	3.42e-54	31.529	HispS|Mycena_chlorophos	1652	977	0.5914	2804.7
GCA_026212265.1	Armillaria gallica	no	HispS	JANYMC010000253.1	+	5263	8258	34	183.0	2.1e-53	31.481	HispS|Mycena_chlorophos	1652	982	0.5944	2910.6
GCA_026212265.1	Armillaria gallica	no	HispS	JANYMC010000131.1	-	65517	67674	13	116.0	3.13e-25	29.552	HispS|Armillaria_mellea	1768	653	0.3693	1170.8
GCA_026212265.1	Armillaria gallica	no	HispS	JANYMC010000313.1	+	1106	4042	13	109.0	4.13e-23	29.508	HispS|Armillaria_mellea	1768	782	0.4423	1177.7
GCA_026212265.1	Armillaria gallica	no	HispS	JANYMC010000014.1	+	192276	193865	11	103.0	2.31e-21	23.921	HispS|Neonothopanus_nambi	1678	541	0.3224	1017.3
GCA_026212265.1	Armillaria gallica	no	HispS	JANYMC010000235.1	+	47221	47445	15	58.2	1.42e-07	45.588	HispS|Armillaria_gallica	1771	289	0.1632	812.2
GCA_026212265.1	Armillaria gallica	no	HispS	JANYMC010000914.1	+	15434	16033	1	47.8	0.000183	26.638	HispS|Armillaria_gallica	1771	217	0.1225	47.8
GCA_026212265.1	Armillaria gallica	no	H3H	JANYMC010000020.1	+	59817	61482	74	389.0	3.51e-147	62.931	H3H|Armillaria_mellea	429	435	1.014	7970.1
GCA_026212265.1	Armillaria gallica	no	H3H	JANYMC010000020.1	-	120531	121678	15	67.8	1.74e-11	24.927	H3H|Armillaria_gallica	422	376	0.891	774.5
GCA_026212265.1	Armillaria gallica	no	H3H	JANYMC010000017.1	+	231118	232593	42	60.1	3.7e-09	40.541	H3H|Neonothopanus_gardneri	416	250	0.601	1786.1
GCA_026212265.1	Armillaria gallica	no	H3H	JANYMC010000025.1	+	248217	249417	28	70.1	3.59e-12	29.148	H3H|Guyanagaster_necrorhiza	443	331	0.7472	1577.2
GCA_026212265.1	Armillaria gallica	no	H3H	JANYMC010000060.1	+	54210	54956	14	65.1	1.19e-10	31.532	H3H|Neonothopanus_gardneri	416	199	0.4784	817.0
GCA_026212265.1	Armillaria gallica	no	H3H	JANYMC010000166.1	+	28263	28781	8	53.1	6.51e-07	29.348	H3H|Armillaria_mellea	429	177	0.4126	403.1
GCA_026212265.1	Armillaria gallica	no	H3H	JANYMC010000827.1	+	16719	17672	18	55.5	3.69e-08	33.884	H3H|Mycena_citricolor_2	420	266	0.6333	817.2
GCA_026212265.1	Armillaria gallica	no	H3H	JANYMC010000026.1	+	196669	197935	14	55.1	1.48e-15	27.215	H3H|Panellus_stipticus	428	392	0.9159	688.5
GCA_026212265.1	Armillaria gallica	no	H3H	JANYMC010000010.1	+	64506	64778	11	54.3	2.96e-07	42.308	H3H|Armillaria_mellea	429	88	0.2051	549.1
GCA_026212265.1	Armillaria gallica	no	H3H	JANYMC010000016.1	+	61807	62962	20	50.1	6.31e-06	34.454	H3H|Panellus_stipticus	428	295	0.6893	927.3
GCA_026212265.1	Armillaria gallica	no	H3H	JANYMC010000023.1	+	63160	63606	14	62.0	1.66e-09	41.463	H3H|Omphalotus_olearius	540	146	0.2704	689.1
GCA_026212265.1	Armillaria gallica	no	H3H	JANYMC010000091.1	+	137153	137602	14	59.3	1.17e-08	40.244	H3H|Omphalotus_olearius	540	147	0.2722	681.6
GCA_026212265.1	Armillaria gallica	no	H3H	JANYMC010000047.1	-	177882	179003	19	56.2	6.89e-08	33.645	H3H|Panellus_stipticus	428	324	0.757	811.5
GCA_026212265.1	Armillaria gallica	no	H3H	JANYMC010000016.1	-	49791	50036	6	50.1	5.41e-06	46.032	H3H|Mycena_chlorophos	422	89	0.2109	276.6
GCA_026212265.1	Armillaria gallica	no	H3H	JANYMC010000289.1	+	53203	53352	3	47.8	3.16e-05	48.0	H3H|Guyanagaster_necrorhiza	443	50	0.1129	134.0
GCA_026212265.1	Armillaria gallica	no	H3H	JANYMC010000041.1	+	67870	68631	11	52.8	1.34e-06	28.986	H3H|Omphalotus_olearius	540	265	0.4907	497.5
GCA_026212265.1	Armillaria gallica	no	H3H	JANYMC010000160.1	+	20238	20993	5	50.8	4.65e-06	28.019	H3H|Omphalotus_olearius	540	255	0.4722	224.4
GCA_026212265.1	Armillaria gallica	no	H3H	JANYMC010000002.1	-	23251	23686	2	116.0	9.83e-27	67.442	H3H|Omphalotus_olearius	540	129	0.2389	195.3
GCA_026212265.1	Armillaria gallica	no	H3H	JANYMC010000011.1	-	183453	183626	1	43.1	0.000786	42.373	H3H|Panellus_stipticus	428	59	0.1379	43.1
GCA_026212265.1	Armillaria gallica	no	CPH	JANYMC010000020.1	+	62380	63607	25	202.0	1.47e-133	60.104	CPH|Armillaria_gallica	302	321	1.0629	2845.3
GCA_026212265.1	Armillaria gallica	no	CPH	JANYMC010000043.1	+	48292	49575	26	193.0	8.21e-55	46.245	CPH|Neonothopanus_gardneri	321	320	0.9969	2407.2
GCA_026212265.1	Armillaria gallica	no	CPH	JANYMC010000012.1	+	101941	102767	8	139.0	3.51e-36	39.556	CPH|Armillaria_gallica	302	237	0.7848	854.4
GCA_026212265.1	Armillaria gallica	no	CPH	JANYMC010000296.1	+	44063	44304	2	36.2	0.000282	38.0	CPH|Armillaria_fuscipes	294	66	0.2245	63.1
GCA_026212265.1	Armillaria gallica	no	Luz	JANYMC010000020.1	-	58431	59299	24	314.0	1.13e-97	88.0	Luz|Armillaria_gallica	266	266	1.0	5125.0
GCA_026212265.1	Armillaria gallica	no	Luz	JANYMC010000016.1	+	29287	30079	21	73.6	9.75e-25	27.083	Luz|Omphalotus_olearius	261	246	0.9425	1365.8
GCA_026212265.1	Armillaria gallica	no	Luz	JANYMC010000545.1	+	16328	17117	22	68.9	1.99e-17	30.986	Luz|Armillaria_mellea	266	252	0.9474	1169.9
GCA_026212265.1	Armillaria gallica	no	Luz	JANYMC010000269.1	+	47353	48135	12	81.3	5.26e-17	27.907	Luz|Mycena_citricolor	246	243	0.9878	792.9
GCA_026212265.1	Armillaria gallica	no	Luz	JANYMC010001247.1	-	2018	2779	19	67.0	4.08e-12	28.682	Luz|Armillaria_fuscipes	266	231	0.8684	941.8
GCA_026212265.1	Armillaria gallica	no	Luz	JANYMC010000546.1	-	35277	35972	12	60.1	7.42e-10	25.877	Luz|Mycena_citricolor	246	234	0.9512	675.7
GCA_026212265.1	Armillaria gallica	no	Luz	JANYMC010000708.1	+	7503	7628	4	43.1	0.000312	42.857	Luz|Armillaria_fuscipes	266	41	0.1541	172.0
GCA_037576215.1	Armillaria gallica	no	HispS	JBANDB010000008.1	+	2162214	2168439	77	894.0	0.0	86.898	HispS|Armillaria_gallica	1771	1774	1.0017	25277.4
GCA_037576215.1	Armillaria gallica	no	HispS	JBANDB010000008.1	-	1837303	1840239	13	107.0	2.08e-22	26.365	HispS|Armillaria_gallica	1771	782	0.4416	1163.2
GCA_037576215.1	Armillaria gallica	no	HispS	JBANDB010000005.1	-	1497540	1505834	122	350.0	7.77e-144	37.812	HispS|Armillaria_ostoyae	1770	1746	0.9864	13740.3
GCA_037576215.1	Armillaria gallica	no	HispS	JBANDB010000003.1	+	2907282	2909938	26	206.0	1.07e-67	31.809	HispS|Mycena_citricolor	1678	907	0.5405	2859.2
GCA_037576215.1	Armillaria gallica	no	HispS	JBANDB010000017.1	+	216246	219260	27	185.0	3.69e-54	31.529	HispS|Mycena_chlorophos	1652	977	0.5914	2804.7
GCA_037576215.1	Armillaria gallica	no	HispS	JBANDB010000017.1	-	180264	183259	34	183.0	2.26e-53	31.481	HispS|Mycena_chlorophos	1652	982	0.5944	2910.6
GCA_037576215.1	Armillaria gallica	no	HispS	JBANDB010000014.1	-	71271	74258	28	185.0	6.09e-54	31.529	HispS|Mycena_chlorophos	1652	972	0.5884	2842.3
GCA_037576215.1	Armillaria gallica	no	HispS	JBANDB010000014.1	+	118064	121059	34	183.0	1.63e-53	31.481	HispS|Mycena_chlorophos	1652	982	0.5944	2914.5
GCA_037576215.1	Armillaria gallica	no	HispS	JBANDB010000001.1	-	1829340	1831496	14	116.0	3.44e-25	29.552	HispS|Armillaria_mellea	1768	653	0.3693	1188.5
GCA_037576215.1	Armillaria gallica	no	HispS	JBANDB010000002.1	+	3418610	3420130	11	101.0	1.19e-20	23.288	HispS|Neonothopanus_gardneri	1691	491	0.2904	981.8
GCA_037576215.1	Armillaria gallica	no	HispS	JBANDB010000012.1	-	1673272	1673511	14	58.2	1.48e-07	42.254	HispS|Armillaria_gallica	1771	210	0.1186	769.7
GCA_037576215.1	Armillaria gallica	no	H3H	JBANDB010000008.1	+	2155347	2157000	71	389.0	1.63e-146	62.931	H3H|Armillaria_mellea	429	430	1.0023	7838.5
GCA_037576215.1	Armillaria gallica	no	H3H	JBANDB010000008.1	+	3473627	3475102	42	60.1	4.03e-09	40.541	H3H|Neonothopanus_gardneri	416	250	0.601	1786.1
GCA_037576215.1	Armillaria gallica	no	H3H	JBANDB010000008.1	+	4278117	4279238	19	56.2	7.51e-08	33.645	H3H|Panellus_stipticus	428	324	0.757	811.5
GCA_037576215.1	Armillaria gallica	no	H3H	JBANDB010000008.1	-	1570370	1571636	14	55.1	1.52e-15	27.215	H3H|Panellus_stipticus	428	392	0.9159	688.5
GCA_037576215.1	Armillaria gallica	no	H3H	JBANDB010000008.1	-	2216045	2217192	16	67.8	1.9e-11	24.927	H3H|Armillaria_gallica	422	378	0.8957	793.7
GCA_037576215.1	Armillaria gallica	no	H3H	JBANDB010000002.1	+	2456443	2457643	28	70.1	3.91e-12	29.148	H3H|Guyanagaster_necrorhiza	443	331	0.7472	1577.2
GCA_037576215.1	Armillaria gallica	no	H3H	JBANDB010000002.1	+	4102433	4102705	11	54.3	3.22e-07	42.308	H3H|Armillaria_mellea	429	88	0.2051	549.1
GCA_037576215.1	Armillaria gallica	no	H3H	JBANDB010000001.1	-	3859014	3859760	14	65.1	1.3e-10	31.532	H3H|Neonothopanus_gardneri	416	199	0.4784	817.0
GCA_037576215.1	Armillaria gallica	no	H3H	JBANDB010000007.1	-	4605285	4606221	19	60.5	1.09e-09	34.375	H3H|Mycena_citricolor_2	420	251	0.5976	891.3
GCA_037576215.1	Armillaria gallica	no	H3H	JBANDB010000004.1	+	2045014	2045532	8	53.1	7.11e-07	29.348	H3H|Armillaria_mellea	429	177	0.4126	403.1
GCA_037576215.1	Armillaria gallica	no	H3H	JBANDB010000010.1	-	1234123	1235278	20	50.1	6.87e-06	34.454	H3H|Panellus_stipticus	428	295	0.6893	927.3
GCA_037576215.1	Armillaria gallica	no	H3H	JBANDB010000006.1	-	656914	657349	2	116.0	1.07e-26	67.442	H3H|Omphalotus_olearius	540	129	0.2389	195.3
GCA_037576215.1	Armillaria gallica	no	H3H	JBANDB010000006.1	-	1785216	1785662	14	62.0	1.81e-09	41.463	H3H|Omphalotus_olearius	540	146	0.2704	689.1
GCA_037576215.1	Armillaria gallica	no	H3H	JBANDB010000003.1	-	2767571	2768332	11	52.8	1.46e-06	28.986	H3H|Omphalotus_olearius	540	265	0.4907	497.5
GCA_037576215.1	Armillaria gallica	no	H3H	JBANDB010000003.1	-	6445755	6446204	14	59.3	1.27e-08	40.244	H3H|Omphalotus_olearius	540	147	0.2722	681.6
GCA_037576215.1	Armillaria gallica	no	H3H	JBANDB010000002.1	-	5292450	5292599	3	47.8	3.46e-05	48.0	H3H|Guyanagaster_necrorhiza	443	50	0.1129	134.0
GCA_037576215.1	Armillaria gallica	no	H3H	JBANDB010000013.1	-	573775	574900	19	55.8	9e-08	33.645	H3H|Panellus_stipticus	428	324	0.757	810.8
GCA_037576215.1	Armillaria gallica	no	H3H	JBANDB010000013.1	+	606100	607217	11	56.2	7.51e-08	33.645	H3H|Panellus_stipticus	428	276	0.6449	517.9
GCA_037576215.1	Armillaria gallica	no	H3H	JBANDB010000010.1	+	1247049	1247294	6	50.1	5.88e-06	46.032	H3H|Mycena_chlorophos	422	89	0.2109	276.6
GCA_037576215.1	Armillaria gallica	no	H3H	JBANDB010000011.1	+	1184153	1184713	2	50.8	4.78e-06	28.019	H3H|Omphalotus_olearius	540	198	0.3667	94.7
GCA_037576215.1	Armillaria gallica	no	H3H	JBANDB010000014.1	+	565478	565651	1	43.1	0.000863	42.373	H3H|Panellus_stipticus	428	59	0.1379	43.1
GCA_037576215.1	Armillaria gallica	no	CPH	JBANDB010000008.1	+	1223076	1224329	23	204.0	2.14e-81	50.691	CPH|Armillaria_gallica	302	321	1.0629	2264.8
GCA_037576215.1	Armillaria gallica	no	CPH	JBANDB010000008.1	+	1333403	1334680	24	177.0	8.91e-71	56.707	CPH|Armillaria_mellea	297	320	1.0774	2508.8
GCA_037576215.1	Armillaria gallica	no	CPH	JBANDB010000008.1	+	2157909	2159136	25	202.0	1.73e-133	60.104	CPH|Armillaria_gallica	302	321	1.0629	2843.6
GCA_037576215.1	Armillaria gallica	no	CPH	JBANDB010000006.1	-	2296848	2297674	8	139.0	3.82e-36	39.556	CPH|Armillaria_gallica	302	237	0.7848	854.4
GCA_037576215.1	Armillaria gallica	no	CPH	JBANDB010000017.1	+	1215683	1215924	2	36.6	0.00075	36.0	CPH|Armillaria_fuscipes	294	66	0.2245	61.6
GCA_037576215.1	Armillaria gallica	no	Luz	JBANDB010000008.1	-	2153961	2154829	24	314.0	1.23e-97	88.0	Luz|Armillaria_gallica	266	266	1.0	5125.0
GCA_037576215.1	Armillaria gallica	no	Luz	JBANDB010000010.1	-	1267006	1267798	21	73.6	1.03e-24	27.083	Luz|Omphalotus_olearius	261	246	0.9425	1365.8
GCA_037576215.1	Armillaria gallica	no	Luz	JBANDB010000003.1	+	5444096	5444857	19	67.0	4.67e-12	28.682	Luz|Armillaria_fuscipes	266	231	0.8684	941.8
GCA_037576215.1	Armillaria gallica	no	Luz	JBANDB010000003.1	+	5468166	5468291	4	43.1	0.000343	42.857	Luz|Armillaria_fuscipes	266	41	0.1541	172.0
GCA_037576215.1	Armillaria gallica	no	Luz	JBANDB010000003.1	+	5510893	5511682	22	68.9	1.95e-17	30.986	Luz|Armillaria_mellea	266	252	0.9474	1169.9
GCA_037576215.1	Armillaria gallica	no	Luz	JBANDB010000003.1	+	5550788	5551483	12	60.1	8.16e-10	25.877	Luz|Mycena_citricolor	246	234	0.9512	675.7
GCA_037576215.1	Armillaria gallica	no	Luz	JBANDB010000004.1	+	2766255	2767036	24	53.1	5.11e-09	56.0	Luz|Armillaria_fuscipes	266	239	0.8985	929.2
GCA_038088205.1	Armillaria gallica	no	HispS	JBBIWF010000001.1	-	1890702	1896952	89	817.0	0.0	92.36	HispS|Armillaria_gallica	1771	1774	1.0017	26186.8
GCA_038088205.1	Armillaria gallica	no	HispS	JBBIWF010000001.1	+	2206139	2209075	13	108.0	6.19e-23	29.508	HispS|Armillaria_mellea	1768	782	0.4423	1170.8
GCA_038088205.1	Armillaria gallica	no	HispS	JBBIWF010000042.1	+	436932	445236	138	272.0	6.08e-144	38.557	HispS|Armillaria_ostoyae	1770	1746	0.9864	14056.1
GCA_038088205.1	Armillaria gallica	no	HispS	JBBIWF010000043.1	-	292607	295588	26	209.0	7.73e-68	32.008	HispS|Mycena_citricolor	1678	912	0.5435	2861.3
GCA_038088205.1	Armillaria gallica	no	HispS	JBBIWF010000045.1	+	320183	322545	19	223.0	1.04e-63	28.901	HispS|Mycena_citricolor	1678	864	0.5149	2655.2
GCA_038088205.1	Armillaria gallica	no	HispS	JBBIWF010000045.1	-	285617	288571	20	222.0	2.29e-57	26.154	HispS|Armillaria_fuscipes	1774	977	0.5507	2815.8
GCA_038088205.1	Armillaria gallica	no	HispS	JBBIWF010000023.1	-	609082	611239	15	116.0	3.02e-25	29.851	HispS|Armillaria_mellea	1768	671	0.3795	1227.0
GCA_038088205.1	Armillaria gallica	no	HispS	JBBIWF010000023.1	-	639743	641915	13	115.0	5.39e-25	29.552	HispS|Armillaria_mellea	1768	658	0.3722	1173.2
GCA_038088205.1	Armillaria gallica	no	HispS	JBBIWF010000012.1	+	429110	431761	27	112.0	5.47e-24	28.814	HispS|Armillaria_mellea	1768	778	0.44	1701.0
GCA_038088205.1	Armillaria gallica	no	HispS	JBBIWF010000004.1	-	966237	968876	17	105.0	5.7e-22	23.599	HispS|Neonothopanus_gardneri	1691	758	0.4483	1243.9
GCA_038088205.1	Armillaria gallica	no	HispS	JBBIWF010000010.1	-	638209	638412	15	61.2	1.64e-08	47.619	HispS|Armillaria_gallica	1771	253	0.1429	840.6
GCA_038088205.1	Armillaria gallica	no	H3H	JBBIWF010000001.1	-	509485	510957	52	62.0	1.09e-09	41.892	H3H|Neonothopanus_gardneri	416	234	0.5625	2159.1
GCA_038088205.1	Armillaria gallica	no	H3H	JBBIWF010000001.1	-	1902158	1903821	38	457.0	5.67e-145	57.773	H3H|Armillaria_mellea	429	429	1.0	6749.4
GCA_038088205.1	Armillaria gallica	no	H3H	JBBIWF010000001.1	+	1841932	1843124	15	68.9	8.83e-12	27.483	H3H|Panellus_stipticus	428	381	0.8902	786.3
GCA_038088205.1	Armillaria gallica	no	H3H	JBBIWF010000001.1	+	2472836	2474018	16	53.1	6.46e-07	26.126	H3H|Armillaria_mellea	429	362	0.8438	758.6
GCA_038088205.1	Armillaria gallica	no	H3H	JBBIWF010000015.1	+	621438	622184	14	63.2	4.86e-10	28.571	H3H|Neonothopanus_gardneri	416	199	0.4784	815.3
GCA_038088205.1	Armillaria gallica	no	H3H	JBBIWF010000155.1	+	90728	91950	28	70.1	3.35e-12	29.148	H3H|Guyanagaster_necrorhiza	443	332	0.7494	1617.6
GCA_038088205.1	Armillaria gallica	no	H3H	JBBIWF010000037.1	+	56318	57286	17	63.9	3.69e-10	27.419	H3H|Guyanagaster_necrorhiza	443	269	0.6072	834.8
GCA_038088205.1	Armillaria gallica	no	H3H	JBBIWF010000026.1	+	407745	409009	21	55.8	1.03e-07	27.027	H3H|Armillaria_mellea	429	364	0.8485	1045.3
GCA_038088205.1	Armillaria gallica	no	H3H	JBBIWF010000004.1	-	291680	291958	11	52.4	1.06e-06	39.744	H3H|Armillaria_mellea	429	90	0.2098	527.3
GCA_038088205.1	Armillaria gallica	no	H3H	JBBIWF010000004.1	-	1388145	1388330	3	44.3	0.000372	38.71	H3H|Panellus_stipticus	428	61	0.1425	131.7
GCA_038088205.1	Armillaria gallica	no	H3H	JBBIWF010000002.1	-	153121	153556	2	117.0	7.33e-27	67.442	H3H|Omphalotus_olearius	540	129	0.2389	196.3
GCA_038088205.1	Armillaria gallica	no	H3H	JBBIWF010000002.1	-	1292432	1292881	14	60.8	4.08e-09	41.463	H3H|Omphalotus_olearius	540	147	0.2722	684.7
GCA_038088205.1	Armillaria gallica	no	H3H	JBBIWF010000220.1	-	83563	84012	14	58.5	2.2e-08	40.244	H3H|Omphalotus_olearius	540	147	0.2722	675.1
GCA_038088205.1	Armillaria gallica	no	H3H	JBBIWF010000043.1	+	440330	441172	12	53.9	5.43e-07	30.412	H3H|Omphalotus_olearius	540	281	0.5204	558.9
GCA_038088205.1	Armillaria gallica	no	H3H	JBBIWF010000049.1	+	284266	285021	4	52.0	2.58e-06	28.019	H3H|Omphalotus_olearius	540	255	0.4722	186.0
GCA_038088205.1	Armillaria gallica	no	H3H	JBBIWF010000119.1	+	210255	211109	5	49.3	1.8e-05	27.536	H3H|Omphalotus_olearius	540	285	0.5278	224.5
GCA_038088205.1	Armillaria gallica	no	H3H	JBBIWF010000003.1	-	1917667	1917840	2	43.5	0.000617	42.373	H3H|Panellus_stipticus	428	59	0.1379	86.6
GCA_038088205.1	Armillaria gallica	no	CPH	JBBIWF010000001.1	-	1900036	1901304	29	207.0	1.53e-135	61.458	CPH|Armillaria_gallica	302	321	1.0629	3044.3
GCA_038088205.1	Armillaria gallica	no	CPH	JBBIWF010000001.1	-	2740324	2741597	19	189.0	1.8e-53	45.85	CPH|Neonothopanus_gardneri	321	320	0.9969	2257.4
GCA_038088205.1	Armillaria gallica	no	CPH	JBBIWF010000002.1	-	1794500	1795326	7	139.0	3.81e-36	39.556	CPH|Armillaria_gallica	302	237	0.7848	816.7
GCA_038088205.1	Armillaria gallica	no	Luz	JBBIWF010000001.1	+	1904348	1905201	24	316.0	1.19e-150	100.0	Luz|Armillaria_gallica	266	266	1.0	5137.0
GCA_038088205.1	Armillaria gallica	no	Luz	JBBIWF010000228.1	-	25476	26266	21	72.0	1.06e-23	26.562	Luz|Omphalotus_olearius	261	246	0.9425	1336.6
GCA_038088205.1	Armillaria gallica	no	Luz	JBBIWF010000105.1	+	66839	67588	12	75.9	3.73e-15	26.482	Luz|Mycena_citricolor	246	236	0.9593	840.3
GCA_038088205.1	Armillaria gallica	no	Luz	JBBIWF010000133.1	+	1443	1937	12	72.0	9.67e-14	33.929	Luz|Omphalotus_olearius	261	161	0.6169	812.2
GCA_900157425.1	Armillaria ostoyae	yes	HispS	FUEG01000003.1	-	2986651	2992904	103	792.0	0.0	91.489	HispS|Armillaria_ostoyae	1770	1774	1.0023	27148.1
GCA_900157425.1	Armillaria ostoyae	yes	HispS	FUEG01000003.1	+	3315163	3318063	13	108.0	4.4e-23	25.048	HispS|Armillaria_mellea	1768	782	0.4423	1169.4
GCA_900157425.1	Armillaria ostoyae	yes	HispS	FUEG01000025.1	-	192732	201047	121	346.0	1.79e-117	38.165	HispS|Armillaria_fuscipes	1774	1732	0.9763	13669.9
GCA_900157425.1	Armillaria ostoyae	yes	HispS	FUEG01000007.1	+	2102295	2105361	29	190.0	1.05e-47	28.641	HispS|Mycena_citricolor	1678	931	0.5548	2748.7
GCA_900157425.1	Armillaria ostoyae	yes	HispS	FUEG01000002.1	-	4007969	4010346	18	230.0	7.32e-64	28.452	HispS|Armillaria_ostoyae	1770	872	0.4927	2608.9
GCA_900157425.1	Armillaria ostoyae	yes	HispS	FUEG01000002.1	+	4045168	4048125	18	232.0	1.81e-60	26.394	HispS|Armillaria_mellea	1768	981	0.5549	2648.9
GCA_900157425.1	Armillaria ostoyae	yes	HispS	FUEG01000008.1	-	118191	120612	31	130.0	1.77e-35	32.584	HispS|Mycena_citricolor	1678	886	0.528	2373.9
GCA_900157425.1	Armillaria ostoyae	yes	H3H	FUEG01000003.1	-	903307	904230	14	65.1	8.54e-11	26.408	H3H|Panellus_stipticus	428	312	0.729	807.3
GCA_900157425.1	Armillaria ostoyae	yes	H3H	FUEG01000003.1	-	937751	938980	14	55.5	1.01e-07	30.645	H3H|Panellus_stipticus	428	333	0.778	599.6
GCA_900157425.1	Armillaria ostoyae	yes	H3H	FUEG01000003.1	-	1662921	1664588	38	60.1	3.55e-09	36.905	H3H|Panellus_stipticus	428	308	0.7196	1716.1
GCA_900157425.1	Armillaria ostoyae	yes	H3H	FUEG01000003.1	-	2998071	2999735	54	390.0	3.49e-157	73.077	H3H|Armillaria_ostoyae	426	430	1.0094	7882.0
GCA_900157425.1	Armillaria ostoyae	yes	H3H	FUEG01000003.1	+	920984	922244	17	73.6	1.91e-13	27.673	H3H|Panellus_stipticus	428	407	0.9509	960.1
GCA_900157425.1	Armillaria ostoyae	yes	H3H	FUEG01000003.1	+	2932150	2937758	32	77.0	1.62e-14	28.364	H3H|Panellus_stipticus	428	417	0.9743	1769.7
GCA_900157425.1	Armillaria ostoyae	yes	H3H	FUEG01000003.1	+	3590766	3592026	19	57.8	1.92e-08	26.577	H3H|Armillaria_mellea	429	380	0.8858	943.5
GCA_900157425.1	Armillaria ostoyae	yes	H3H	FUEG01000003.1	+	4118421	4118741	11	56.2	8.32e-08	40.244	H3H|Omphalotus_olearius	540	103	0.1907	516.6
GCA_900157425.1	Armillaria ostoyae	yes	H3H	FUEG01000010.1	-	1002389	1003513	21	61.2	1.45e-09	23.393	H3H|Mycena_chlorophos	422	308	0.7299	912.9
GCA_900157425.1	Armillaria ostoyae	yes	H3H	FUEG01000005.1	-	1917828	1918943	14	64.3	1.5e-10	25.746	H3H|Panellus_stipticus	428	353	0.8248	756.8
GCA_900157425.1	Armillaria ostoyae	yes	H3H	FUEG01000001.1	-	1870365	1870643	11	54.7	1.75e-07	46.377	H3H|Armillaria_mellea	429	90	0.2098	553.5
GCA_900157425.1	Armillaria ostoyae	yes	H3H	FUEG01000001.1	-	3431320	3432525	30	56.2	6.02e-08	31.897	H3H|Panellus_stipticus_2	428	328	0.7664	1466.3
GCA_900157425.1	Armillaria ostoyae	yes	H3H	FUEG01000001.1	+	709480	709674	10	53.1	4.77e-07	53.061	H3H|Guyanagaster_necrorhiza	443	65	0.1467	472.3
GCA_900157425.1	Armillaria ostoyae	yes	H3H	FUEG01000018.1	-	283705	283935	8	47.0	5.22e-05	37.662	H3H|Omphalotus_olearius	540	74	0.137	358.2
GCA_900157425.1	Armillaria ostoyae	yes	H3H	FUEG01000008.1	+	473101	482393	20	48.9	1.03e-05	46.032	H3H|Mycena_chlorophos	422	258	0.6114	905.3
GCA_900157425.1	Armillaria ostoyae	yes	H3H	FUEG01000006.1	+	2106796	2107089	10	52.4	1.31e-06	40.244	H3H|Omphalotus_olearius	540	94	0.1741	455.1
GCA_900157425.1	Armillaria ostoyae	yes	H3H	FUEG01000012.1	+	267062	267805	6	55.8	1.18e-07	28.986	H3H|Omphalotus_olearius	540	251	0.4648	290.3
GCA_900157425.1	Armillaria ostoyae	yes	H3H	FUEG01000030.1	+	416178	416613	2	116.0	7.44e-27	67.442	H3H|Omphalotus_olearius	540	129	0.2389	194.2
GCA_900157425.1	Armillaria ostoyae	yes	H3H	FUEG01000002.1	-	3562994	3563167	3	43.9	0.000363	42.373	H3H|Panellus_stipticus	428	59	0.1379	129.4
GCA_900157425.1	Armillaria ostoyae	yes	CPH	FUEG01000003.1	-	2995927	2997157	27	252.0	3.59e-120	76.836	CPH|Armillaria_gallica	302	321	1.0629	3017.4
GCA_900157425.1	Armillaria ostoyae	yes	CPH	FUEG01000003.1	-	3823650	3824917	25	177.0	5.61e-70	56.707	CPH|Armillaria_mellea	297	320	1.0774	2545.1
GCA_900157425.1	Armillaria ostoyae	yes	CPH	FUEG01000006.1	+	1651092	1651921	8	135.0	5.27e-35	38.496	CPH|Armillaria_gallica	302	257	0.851	834.4
GCA_900157425.1	Armillaria ostoyae	yes	Luz	FUEG01000003.1	+	3000254	3001107	24	315.0	1.98e-150	99.346	Luz|Armillaria_ostoyae	266	266	1.0	5121.0
GCA_900157425.1	Armillaria ostoyae	yes	Luz	FUEG01000008.1	+	401071	401893	21	78.2	1.97e-25	28.421	Luz|Omphalotus_olearius	261	258	0.9885	1358.2
GCA_900157425.1	Armillaria ostoyae	yes	Luz	FUEG01000019.1	+	246675	247527	24	79.0	6.47e-21	34.507	Luz|Armillaria_mellea	266	257	0.9662	1401.8
GCA_900157425.1	Armillaria ostoyae	yes	Luz	FUEG01000002.1	-	1787324	1787716	12	67.0	3.62e-12	29.787	Luz|Neonothopanus_gardneri	264	139	0.5265	746.6
GCA_900157425.1	Armillaria ostoyae	yes	Luz	FUEG01000002.1	-	1803473	1804217	22	82.0	5.69e-21	34.507	Luz|Armillaria_mellea	266	236	0.8872	1300.9
GCA_900157425.1	Armillaria ostoyae	yes	Luz	FUEG01000009.1	-	1930665	1930847	12	66.6	5.47e-12	54.386	Luz|Armillaria_mellea	266	73	0.2744	760.8
GCA_902506015.1	Armillaria ostoyae	no	HispS	LR732083.1	-	3818868	3825121	103	792.0	0.0	91.489	HispS|Armillaria_ostoyae	1770	1774	1.0023	27148.1
GCA_902506015.1	Armillaria ostoyae	no	HispS	LR732083.1	+	4147380	4150280	13	108.0	4.14e-23	25.048	HispS|Armillaria_mellea	1768	782	0.4423	1169.4
GCA_902506015.1	Armillaria ostoyae	no	HispS	LR732080.1	+	4410505	4418820	121	346.0	1.67e-117	38.165	HispS|Armillaria_fuscipes	1774	1732	0.9763	13669.9
GCA_902506015.1	Armillaria ostoyae	no	HispS	LR732079.1	+	2089631	2092697	29	190.0	9.89e-48	28.641	HispS|Mycena_citricolor	1678	931	0.5548	2748.7
GCA_902506015.1	Armillaria ostoyae	no	HispS	LR732077.1	-	4718564	4720941	18	230.0	6.89e-64	28.452	HispS|Armillaria_ostoyae	1770	872	0.4927	2608.9
GCA_902506015.1	Armillaria ostoyae	no	HispS	LR732077.1	+	4755763	4758720	18	232.0	1.7e-60	26.394	HispS|Armillaria_mellea	1768	981	0.5549	2648.9
GCA_902506015.1	Armillaria ostoyae	no	HispS	LR732076.1	+	2909298	2911719	31	130.0	1.66e-35	32.584	HispS|Mycena_citricolor	1678	886	0.528	2373.9
GCA_902506015.1	Armillaria ostoyae	no	H3H	LR732083.1	-	1735524	1736447	14	65.1	8.06e-11	26.408	H3H|Panellus_stipticus	428	312	0.729	807.3
GCA_902506015.1	Armillaria ostoyae	no	H3H	LR732083.1	-	1769968	1771197	14	55.5	9.53e-08	30.645	H3H|Panellus_stipticus	428	333	0.778	599.6
GCA_902506015.1	Armillaria ostoyae	no	H3H	LR732083.1	-	2495138	2496805	38	60.1	3.35e-09	36.905	H3H|Panellus_stipticus	428	308	0.7196	1716.1
GCA_902506015.1	Armillaria ostoyae	no	H3H	LR732083.1	-	3830288	3831952	54	390.0	3.29e-157	73.077	H3H|Armillaria_ostoyae	426	430	1.0094	7882.0
GCA_902506015.1	Armillaria ostoyae	no	H3H	LR732083.1	+	1753201	1754461	17	73.6	1.8e-13	27.673	H3H|Panellus_stipticus	428	407	0.9509	960.1
GCA_902506015.1	Armillaria ostoyae	no	H3H	LR732083.1	+	3764367	3769975	32	77.0	1.53e-14	28.364	H3H|Panellus_stipticus	428	417	0.9743	1769.7
GCA_902506015.1	Armillaria ostoyae	no	H3H	LR732083.1	+	4422983	4424243	19	57.8	1.81e-08	26.577	H3H|Armillaria_mellea	429	380	0.8858	943.5
GCA_902506015.1	Armillaria ostoyae	no	H3H	LR732083.1	+	4950638	4950958	12	56.2	7.84e-08	40.244	H3H|Omphalotus_olearius	540	103	0.1907	559.0
GCA_902506015.1	Armillaria ostoyae	no	H3H	LR732085.1	-	1800588	1801712	21	61.2	1.37e-09	23.393	H3H|Mycena_chlorophos	422	308	0.7299	912.9
GCA_902506015.1	Armillaria ostoyae	no	H3H	LR732077.1	+	1334511	1335626	14	64.3	1.42e-10	25.746	H3H|Panellus_stipticus	428	353	0.8248	756.8
GCA_902506015.1	Armillaria ostoyae	no	H3H	LR732082.1	-	2283428	2283706	11	54.7	1.65e-07	46.377	H3H|Armillaria_mellea	429	90	0.2098	553.5
GCA_902506015.1	Armillaria ostoyae	no	H3H	LR732082.1	-	3844383	3845588	30	56.2	5.67e-08	31.897	H3H|Panellus_stipticus_2	428	328	0.7664	1466.3
GCA_902506015.1	Armillaria ostoyae	no	H3H	LR732082.1	+	1122543	1122737	10	53.1	4.49e-07	53.061	H3H|Guyanagaster_necrorhiza	443	65	0.1467	472.3
GCA_902506015.1	Armillaria ostoyae	no	H3H	LR732078.1	-	2955260	2955490	8	47.0	4.92e-05	37.662	H3H|Omphalotus_olearius	540	74	0.137	358.2
GCA_902506015.1	Armillaria ostoyae	no	H3H	LR732076.1	-	2547517	2556809	20	48.9	9.72e-06	46.032	H3H|Mycena_chlorophos	422	258	0.6114	905.3
GCA_902506015.1	Armillaria ostoyae	no	H3H	LR732075.1	+	3595549	3595842	10	52.4	1.23e-06	40.244	H3H|Omphalotus_olearius	540	94	0.1741	455.1
GCA_902506015.1	Armillaria ostoyae	no	H3H	LR732075.1	+	4816876	4817311	2	116.0	7.03e-27	67.442	H3H|Omphalotus_olearius	540	129	0.2389	194.2
GCA_902506015.1	Armillaria ostoyae	no	H3H	LR732079.1	-	1985711	1986454	8	55.8	1.11e-07	28.986	H3H|Omphalotus_olearius	540	251	0.4648	375.1
GCA_902506015.1	Armillaria ostoyae	no	H3H	LR732077.1	-	4273589	4273762	3	43.9	0.000342	42.373	H3H|Panellus_stipticus	428	59	0.1379	129.4
GCA_902506015.1	Armillaria ostoyae	no	CPH	LR732083.1	-	3828144	3829374	27	252.0	3.38e-120	76.836	CPH|Armillaria_gallica	302	321	1.0629	3017.4
GCA_902506015.1	Armillaria ostoyae	no	CPH	LR732083.1	-	4655867	4657134	25	177.0	5.31e-70	56.707	CPH|Armillaria_mellea	297	320	1.0774	2545.1
GCA_902506015.1	Armillaria ostoyae	no	CPH	LR732075.1	+	3139845	3140674	8	135.0	4.97e-35	38.496	CPH|Armillaria_gallica	302	257	0.851	834.4
GCA_902506015.1	Armillaria ostoyae	no	Luz	LR732083.1	+	3832471	3833324	24	315.0	1.87e-150	99.346	Luz|Armillaria_ostoyae	266	266	1.0	5121.0
GCA_902506015.1	Armillaria ostoyae	no	Luz	LR732076.1	-	2628017	2628839	21	78.2	1.84e-25	28.421	Luz|Omphalotus_olearius	261	258	0.9885	1358.2
GCA_902506015.1	Armillaria ostoyae	no	Luz	LR732079.1	-	624256	625108	24	79.0	5.93e-21	34.507	Luz|Armillaria_mellea	266	257	0.9662	1401.8
GCA_902506015.1	Armillaria ostoyae	no	Luz	LR732079.1	+	4425016	4425760	22	82.0	5.37e-21	34.507	Luz|Armillaria_mellea	266	236	0.8872	1300.9
GCA_902506015.1	Armillaria ostoyae	no	Luz	LR732079.1	+	4441517	4441909	12	67.0	3.41e-12	29.787	Luz|Neonothopanus_gardneri	264	139	0.5265	746.6
GCA_902506015.1	Armillaria ostoyae	no	Luz	LR732084.1	-	3144118	3144300	12	66.6	5.16e-12	54.386	Luz|Armillaria_mellea	266	73	0.2744	760.8
GCA_964034915.1	Armillaria ostoyae	no	HispS	OZ035947.1	-	3135996	3142247	103	793.0	0.0	91.489	HispS|Armillaria_ostoyae	1770	1774	1.0023	27111.9
GCA_964034915.1	Armillaria ostoyae	no	HispS	OZ035947.1	+	3467637	3470536	13	110.0	1.94e-23	31.556	HispS|Armillaria_mellea	1768	605	0.3422	1171.1
GCA_964034915.1	Armillaria ostoyae	no	HispS	OZ035950.1	+	3706399	3714711	116	350.0	0.0	37.338	HispS|Armillaria_ostoyae	1770	1733	0.9791	13515.6
GCA_964034915.1	Armillaria ostoyae	no	HispS	OZ035942.1	+	2271057	2274115	26	211.0	1.85e-68	32.157	HispS|Mycena_citricolor	1678	942	0.5614	2907.1
GCA_964034915.1	Armillaria ostoyae	no	HispS	OZ035943.1	-	1639404	1642338	13	253.0	1.03e-66	28.844	HispS|Armillaria_ostoyae	1770	972	0.5492	2617.9
GCA_964034915.1	Armillaria ostoyae	no	HispS	OZ035943.1	+	1675783	1678794	11	267.0	3.67e-71	27.115	HispS|Armillaria_ostoyae	1770	980	0.5537	2670.0
GCA_964034915.1	Armillaria ostoyae	no	HispS	OZ035949.1	-	1267410	1269831	31	130.0	1.93e-35	32.584	HispS|Mycena_citricolor	1678	886	0.528	2373.9
GCA_964034915.1	Armillaria ostoyae	no	H3H	OZ035947.1	-	1239830	1241090	17	68.9	6.18e-12	27.243	H3H|Panellus_stipticus	428	407	0.9509	954.2
GCA_964034915.1	Armillaria ostoyae	no	H3H	OZ035947.1	-	1268637	1269866	19	56.2	5.35e-08	33.645	H3H|Panellus_stipticus	428	358	0.8364	834.8
GCA_964034915.1	Armillaria ostoyae	no	H3H	OZ035947.1	-	1837751	1839418	38	60.1	3.92e-09	36.905	H3H|Panellus_stipticus	428	308	0.7196	1716.1
GCA_964034915.1	Armillaria ostoyae	no	H3H	OZ035947.1	-	3147409	3149082	56	382.0	8.58e-142	68.543	H3H|Armillaria_ostoyae	426	430	1.0094	7730.8
GCA_964034915.1	Armillaria ostoyae	no	H3H	OZ035947.1	+	1256830	1258059	16	58.5	1.22e-08	31.452	H3H|Panellus_stipticus	428	356	0.8318	716.9
GCA_964034915.1	Armillaria ostoyae	no	H3H	OZ035947.1	+	3087766	3088722	11	76.3	3.17e-14	28.028	H3H|Panellus_stipticus	428	321	0.75	652.1
GCA_964034915.1	Armillaria ostoyae	no	H3H	OZ035947.1	+	3728286	3729462	15	55.5	1.04e-07	26.577	H3H|Armillaria_mellea	429	356	0.8298	734.3
GCA_964034915.1	Armillaria ostoyae	no	H3H	OZ035947.1	+	4253193	4253513	10	56.2	9.17e-08	40.244	H3H|Omphalotus_olearius	540	103	0.1907	473.9
GCA_964034915.1	Armillaria ostoyae	no	H3H	OZ035951.1	-	2223097	2224221	25	61.2	1.58e-09	23.393	H3H|Mycena_chlorophos	422	308	0.7299	1003.5
GCA_964034915.1	Armillaria ostoyae	no	H3H	OZ035944.1	+	1434566	1435771	30	56.2	6.64e-08	31.897	H3H|Panellus_stipticus_2	428	328	0.7664	1466.3
GCA_964034915.1	Armillaria ostoyae	no	H3H	OZ035944.1	+	3133561	3133839	11	54.7	1.93e-07	46.377	H3H|Armillaria_mellea	429	90	0.2098	553.5
GCA_964034915.1	Armillaria ostoyae	no	H3H	OZ035949.1	+	1707664	1715044	33	48.5	1.32e-05	32.609	H3H|Armillaria_fuscipes	426	318	0.7465	1448.3
GCA_964034915.1	Armillaria ostoyae	no	H3H	OZ035949.1	+	1729314	1729823	7	50.8	2.55e-06	33.945	H3H|Panellus_stipticus	428	181	0.4229	323.4
GCA_964034915.1	Armillaria ostoyae	no	H3H	OZ035944.1	-	4345566	4345712	2	47.8	2.78e-05	46.939	H3H|Guyanagaster_necrorhiza	443	49	0.1106	90.9
GCA_964034915.1	Armillaria ostoyae	no	H3H	OZ035942.1	-	2161558	2162301	6	55.8	1.3e-07	28.986	H3H|Omphalotus_olearius	540	251	0.4648	290.3
GCA_964034915.1	Armillaria ostoyae	no	H3H	OZ035941.1	+	3582307	3582600	7	52.0	1.96e-06	39.024	H3H|Omphalotus_olearius	540	94	0.1741	324.2
GCA_964034915.1	Armillaria ostoyae	no	H3H	OZ035941.1	+	4722128	4722563	2	116.0	8.23e-27	67.442	H3H|Omphalotus_olearius	540	129	0.2389	194.2
GCA_964034915.1	Armillaria ostoyae	no	H3H	OZ035945.1	-	3238672	3238914	3	46.6	7.31e-05	39.506	H3H|Omphalotus_olearius	540	77	0.1426	136.7
GCA_964034915.1	Armillaria ostoyae	no	H3H	OZ035943.1	+	2106885	2107058	3	43.9	0.000397	42.373	H3H|Panellus_stipticus	428	59	0.1379	130.1
GCA_964034915.1	Armillaria ostoyae	no	CPH	OZ035947.1	-	3145271	3146501	26	253.0	1.54e-120	76.836	CPH|Armillaria_gallica	302	321	1.0629	3017.8
GCA_964034915.1	Armillaria ostoyae	no	CPH	OZ035947.1	-	3958183	3959379	24	147.0	3.16e-39	49.08	CPH|Armillaria_fuscipes	294	317	1.0782	2453.1
GCA_964034915.1	Armillaria ostoyae	no	CPH	OZ035941.1	+	3134458	3135287	8	135.0	5.81e-35	38.496	CPH|Armillaria_gallica	302	257	0.851	834.4
GCA_964034915.1	Armillaria ostoyae	no	CPH	OZ035943.1	-	497415	497876	5	44.3	0.000136	35.294	CPH|Armillaria_fuscipes	294	97	0.3299	216.4
GCA_964034915.1	Armillaria ostoyae	no	Luz	OZ035947.1	+	3149597	3150450	24	315.0	6.35e-151	99.346	Luz|Armillaria_ostoyae	266	266	1.0	5111.0
GCA_964034915.1	Armillaria ostoyae	no	Luz	OZ035942.1	+	4458186	4458930	21	82.0	5.7e-21	34.507	Luz|Armillaria_mellea	266	236	0.8872	1266.8
GCA_964034915.1	Armillaria ostoyae	no	Luz	OZ035942.1	+	4468496	4468657	12	56.6	1.01e-08	46.296	Luz|Armillaria_fuscipes	266	70	0.2632	623.1
GCA_964034915.1	Armillaria ostoyae	no	Luz	OZ035942.1	-	788293	789151	21	75.1	2.52e-19	33.099	Luz|Armillaria_mellea	266	257	0.9662	1184.9
GCA_964034915.1	Armillaria ostoyae	no	Luz	OZ035949.1	+	1669706	1670530	15	90.5	4.38e-20	30.798	Luz|Armillaria_ostoyae	266	259	0.9737	1048.2
GCA_964034915.1	Armillaria ostoyae	no	Luz	OZ035946.1	+	1252601	1252786	12	66.6	5.5e-12	55.357	Luz|Armillaria_fuscipes	266	72	0.2707	759.3
GCA_964034935.1	Armillaria ostoyae	no	HispS	CAXIUJ010000038.1	+	452356	458580	92	794.0	0.0	90.112	HispS|Armillaria_ostoyae	1770	1774	1.0023	26842.0
GCA_964034935.1	Armillaria ostoyae	no	HispS	CAXIUJ010000038.1	-	127398	130298	13	108.0	4.56e-23	25.048	HispS|Armillaria_mellea	1768	782	0.4423	1169.4
GCA_964034935.1	Armillaria ostoyae	no	HispS	CAXIUJ010000056.1	+	122401	130695	113	345.0	2.78e-116	37.336	HispS|Armillaria_mellea	1768	1732	0.9796	13497.4
GCA_964034935.1	Armillaria ostoyae	no	HispS	CAXIUJ010000022.1	-	526177	529243	29	190.0	1.09e-47	28.641	HispS|Mycena_citricolor	1678	931	0.5548	2748.7
GCA_964034935.1	Armillaria ostoyae	no	HispS	CAXIUJ010000023.1	-	213068	216078	20	227.0	4.94e-69	28.173	HispS|Armillaria_ostoyae	1770	980	0.5537	2806.9
GCA_964034935.1	Armillaria ostoyae	no	HispS	CAXIUJ010000023.1	+	248676	251609	19	234.0	2.48e-61	26.535	HispS|Armillaria_mellea	1768	972	0.5498	2673.3
GCA_964034935.1	Armillaria ostoyae	no	HispS	CAXIUJ010000138.1	-	311263	313684	31	130.0	1.87e-35	32.584	HispS|Mycena_citricolor	1678	886	0.528	2373.9
GCA_964034935.1	Armillaria ostoyae	no	H3H	CAXIUJ010000038.1	+	445525	447180	56	395.0	5.04e-144	71.572	H3H|Armillaria_ostoyae	426	430	1.0094	7705.9
GCA_964034935.1	Armillaria ostoyae	no	H3H	CAXIUJ010000038.1	-	505997	511605	32	76.6	1.81e-14	28.364	H3H|Panellus_stipticus	428	417	0.9743	1768.1
GCA_964034935.1	Armillaria ostoyae	no	H3H	CAXIUJ010000050.1	-	249156	250416	17	72.8	3.7e-13	27.358	H3H|Panellus_stipticus	428	407	0.9509	979.7
GCA_964034935.1	Armillaria ostoyae	no	H3H	CAXIUJ010000050.1	-	287792	289021	19	56.2	5.03e-08	33.645	H3H|Panellus_stipticus	428	358	0.8364	834.8
GCA_964034935.1	Armillaria ostoyae	no	H3H	CAXIUJ010000103.1	-	244163	245287	24	61.2	1.51e-09	23.393	H3H|Mycena_chlorophos	422	308	0.7299	982.7
GCA_964034935.1	Armillaria ostoyae	no	H3H	CAXIUJ010000106.1	+	86232	87606	15	55.5	9.66e-08	27.027	H3H|Armillaria_mellea	429	411	0.958	739.6
GCA_964034935.1	Armillaria ostoyae	no	H3H	CAXIUJ010000538.1	-	72827	73852	13	63.5	3.03e-10	25.66	H3H|Panellus_stipticus	428	315	0.736	686.0
GCA_964034935.1	Armillaria ostoyae	no	H3H	CAXIUJ010000040.1	+	448226	449428	30	56.2	5.73e-08	31.897	H3H|Panellus_stipticus_2	428	328	0.7664	1470.2
GCA_964034935.1	Armillaria ostoyae	no	H3H	CAXIUJ010000064.1	-	93900	94094	8	53.1	4.94e-07	53.061	H3H|Guyanagaster_necrorhiza	443	65	0.1467	387.5
GCA_964034935.1	Armillaria ostoyae	no	H3H	CAXIUJ010000007.1	-	302494	312000	35	63.5	2.88e-10	31.016	H3H|Neonothopanus_gardneri	416	370	0.8894	1652.1
GCA_964034935.1	Armillaria ostoyae	no	H3H	CAXIUJ010000073.1	-	279498	279776	11	50.8	2.67e-06	39.744	H3H|Armillaria_mellea	429	90	0.2098	520.0
GCA_964034935.1	Armillaria ostoyae	no	H3H	CAXIUJ010000050.1	+	267212	268440	16	57.8	1.68e-08	33.645	H3H|Panellus_stipticus	428	356	0.8318	713.9
GCA_964034935.1	Armillaria ostoyae	no	H3H	CAXIUJ010000022.1	+	688785	689528	8	55.5	1.52e-07	28.986	H3H|Omphalotus_olearius	540	251	0.4648	377.8
GCA_964034935.1	Armillaria ostoyae	no	H3H	CAXIUJ010000053.1	-	305665	305958	10	52.4	1.36e-06	40.244	H3H|Omphalotus_olearius	540	94	0.1741	455.1
GCA_964034935.1	Armillaria ostoyae	no	H3H	CAXIUJ010000025.1	+	307598	307891	3	49.3	1.14e-05	40.244	H3H|Omphalotus_olearius	540	94	0.1741	140.5
GCA_964034935.1	Armillaria ostoyae	no	H3H	CAXIUJ010000065.1	+	326154	326396	3	47.0	5.24e-05	39.506	H3H|Omphalotus_olearius	540	77	0.1426	137.1
GCA_964034935.1	Armillaria ostoyae	no	H3H	CAXIUJ010000039.1	+	404217	404652	2	118.0	2.06e-27	68.605	H3H|Omphalotus_olearius	540	129	0.2389	196.2
GCA_964034935.1	Armillaria ostoyae	no	H3H	CAXIUJ010000018.1	-	1071361	1071534	3	43.9	0.000374	42.373	H3H|Panellus_stipticus	428	59	0.1379	130.1
GCA_964034935.1	Armillaria ostoyae	no	CPH	CAXIUJ010000038.1	+	448107	449337	28	255.0	9.56e-123	76.836	CPH|Armillaria_gallica	302	321	1.0629	3064.7
GCA_964034935.1	Armillaria ostoyae	no	CPH	CAXIUJ010000025.1	-	11694	12962	25	174.0	2.49e-69	56.098	CPH|Armillaria_mellea	297	320	1.0774	2537.3
GCA_964034935.1	Armillaria ostoyae	no	CPH	CAXIUJ010000053.1	-	754010	754839	8	135.0	5.79e-35	38.496	CPH|Armillaria_gallica	302	257	0.851	835.4
GCA_964034935.1	Armillaria ostoyae	no	CPH	CAXIUJ010000016.1	-	179234	179695	5	44.3	0.000128	35.294	CPH|Armillaria_fuscipes	294	97	0.3299	216.4
GCA_964034935.1	Armillaria ostoyae	no	Luz	CAXIUJ010000038.1	-	444154	445007	24	315.0	6.69e-151	99.346	Luz|Armillaria_ostoyae	266	266	1.0	5113.0
GCA_964034935.1	Armillaria ostoyae	no	Luz	CAXIUJ010000002.1	-	272794	272955	12	56.6	9.48e-09	46.296	Luz|Armillaria_fuscipes	266	70	0.2632	623.1
GCA_964034935.1	Armillaria ostoyae	no	Luz	CAXIUJ010000002.1	-	282521	283265	21	82.0	5.67e-21	34.507	Luz|Armillaria_mellea	266	236	0.8872	1266.8
GCA_964034935.1	Armillaria ostoyae	no	Luz	CAXIUJ010000134.1	+	105774	106593	19	75.1	1.94e-19	33.099	Luz|Armillaria_mellea	266	250	0.9398	1098.7
GCA_964034935.1	Armillaria ostoyae	no	Luz	CAXIUJ010000007.1	-	339145	339969	15	90.5	4.13e-20	30.798	Luz|Armillaria_ostoyae	266	259	0.9737	1048.2
GCA_964034935.1	Armillaria ostoyae	no	Luz	CAXIUJ010000011.1	-	322000	322182	12	66.6	5.68e-12	54.386	Luz|Armillaria_mellea	266	73	0.2744	760.8
GCA_030407055.1	Armillaria mellea	yes	HispS	JAUDZF010000005.1	+	1709804	1716005	118	783.0	0.0	89.437	HispS|Armillaria_mellea	1768	1774	1.0034	26930.3
GCA_030407055.1	Armillaria mellea	yes	HispS	JAUDZF010000005.1	-	1400887	1403790	13	104.0	8.72e-22	27.962	HispS|Neonothopanus_nambi	1678	820	0.4887	1133.5
GCA_030407055.1	Armillaria mellea	yes	HispS	JAUDZF010000015.1	-	126780	135076	134	291.0	0.0	36.686	HispS|Armillaria_ostoyae	1770	1743	0.9847	13050.5
GCA_030407055.1	Armillaria mellea	yes	HispS	JAUDZF010000003.1	-	3689663	3692633	22	218.0	2.19e-70	30.706	HispS|Mycena_citricolor	1678	916	0.5459	2783.4
GCA_030407055.1	Armillaria mellea	yes	HispS	JAUDZF010000164.1	-	40516	43207	22	197.0	3.91e-64	29.756	HispS|Mycena_citricolor	1678	916	0.5459	2622.4
GCA_030407055.1	Armillaria mellea	yes	HispS	JAUDZF010000001.1	-	1621264	1624307	19	226.0	1.77e-58	28.488	HispS|Armillaria_fuscipes	1774	997	0.562	2741.8
GCA_030407055.1	Armillaria mellea	yes	HispS	JAUDZF010000001.1	-	4256667	4256894	9	59.7	4.58e-08	42.623	HispS|Neonothopanus_gardneri	1691	204	0.1206	486.1
GCA_030407055.1	Armillaria mellea	yes	HispS	JAUDZF010000001.1	-	4305053	4305268	9	58.5	9.04e-08	42.623	HispS|Neonothopanus_gardneri	1691	182	0.1076	487.0
GCA_030407055.1	Armillaria mellea	yes	HispS	JAUDZF010000001.1	+	4193685	4193942	10	65.5	7.85e-10	45.902	HispS|Neonothopanus_gardneri	1691	236	0.1396	590.9
GCA_030407055.1	Armillaria mellea	yes	HispS	JAUDZF010000106.1	-	51218	52990	11	104.0	8.52e-22	27.962	HispS|Neonothopanus_nambi	1678	596	0.3552	1058.8
GCA_030407055.1	Armillaria mellea	yes	HispS	JAUDZF010000019.1	+	339346	339573	9	60.8	2.05e-08	44.262	HispS|Neonothopanus_gardneri	1691	204	0.1206	496.8
GCA_030407055.1	Armillaria mellea	yes	HispS	JAUDZF010000006.1	-	1075999	1078947	10	58.2	1.23e-07	24.834	HispS|Armillaria_ostoyae	1770	643	0.3633	467.9
GCA_030407055.1	Armillaria mellea	yes	HispS	JAUDZF010000218.1	-	1240	1827	5	57.0	2.28e-07	29.648	HispS|Mycena_citricolor	1678	181	0.1079	248.5
GCA_030407055.1	Armillaria mellea	yes	HispS	JAUDZF010000002.1	-	2717013	2718663	8	76.3	3.48e-13	30.556	HispS|Panellus_stipticus	1504	522	0.3471	538.9
GCA_030407055.1	Armillaria mellea	yes	H3H	JAUDZF010000005.1	+	1702909	1704567	52	388.0	0.0	71.141	H3H|Armillaria_mellea	429	432	1.007	8086.6
GCA_030407055.1	Armillaria mellea	yes	H3H	JAUDZF010000005.1	+	2984819	2986360	24	61.2	1.74e-09	41.096	H3H|Neonothopanus_gardneri	416	268	0.6442	1154.9
GCA_030407055.1	Armillaria mellea	yes	H3H	JAUDZF010000005.1	-	1122183	1123455	12	57.4	1.49e-15	27.5	H3H|Panellus_stipticus_3	428	381	0.8902	602.0
GCA_030407055.1	Armillaria mellea	yes	H3H	JAUDZF010000005.1	-	1762630	1763611	10	52.8	9.2e-12	33.333	H3H|Panellus_stipticus	428	315	0.736	442.6
GCA_030407055.1	Armillaria mellea	yes	H3H	JAUDZF010000005.1	-	3697683	3698896	18	55.8	8.96e-08	30.973	H3H|Panellus_stipticus	428	343	0.8014	763.0
GCA_030407055.1	Armillaria mellea	yes	H3H	JAUDZF010000338.1	-	7890	9038	12	68.6	7.26e-12	25.98	H3H|Armillaria_gallica	422	379	0.8981	760.3
GCA_030407055.1	Armillaria mellea	yes	H3H	JAUDZF010000002.1	+	3559961	3561184	33	56.6	5.43e-08	29.825	H3H|Panellus_stipticus_2	428	328	0.7664	1614.5
GCA_030407055.1	Armillaria mellea	yes	H3H	JAUDZF010000002.1	-	2054467	2054745	10	48.9	1.35e-05	37.363	H3H|Panellus_stipticus_2	428	90	0.2103	468.9
GCA_030407055.1	Armillaria mellea	yes	H3H	JAUDZF010000002.1	-	3265548	3265814	9	54.3	4.33e-07	41.25	H3H|Omphalotus_olearius	540	87	0.1611	426.2
GCA_030407055.1	Armillaria mellea	yes	H3H	JAUDZF010000008.1	-	2452935	2454083	12	67.8	1.62e-11	25.98	H3H|Armillaria_gallica	422	379	0.8981	740.6
GCA_030407055.1	Armillaria mellea	yes	H3H	JAUDZF010000010.1	-	1206408	1206989	14	68.9	5.6e-12	30.178	H3H|Mycena_chlorophos	422	184	0.436	768.5
GCA_030407055.1	Armillaria mellea	yes	H3H	JAUDZF010000151.1	-	32800	34072	12	57.4	3.38e-15	27.5	H3H|Panellus_stipticus_3	428	381	0.8902	595.4
GCA_030407055.1	Armillaria mellea	yes	H3H	JAUDZF010000004.1	+	2014922	2016202	14	62.8	8.55e-10	26.429	H3H|Omphalotus_olearius	540	354	0.6556	700.5
GCA_030407055.1	Armillaria mellea	yes	H3H	JAUDZF010000023.1	+	9645	10925	15	63.2	6.65e-10	26.071	H3H|Omphalotus_olearius	540	354	0.6556	722.5
GCA_030407055.1	Armillaria mellea	yes	H3H	JAUDZF010000006.1	-	2322598	2323044	11	57.4	2.74e-08	33.645	H3H|Panellus_stipticus	428	156	0.3645	547.9
GCA_030407055.1	Armillaria mellea	yes	H3H	JAUDZF010000006.1	-	3023172	3023498	3	48.5	1.63e-05	32.143	H3H|Panellus_stipticus_2	428	97	0.2266	141.7
GCA_030407055.1	Armillaria mellea	yes	H3H	JAUDZF010000001.1	+	7538351	7539096	12	52.4	1.51e-06	38.75	H3H|Omphalotus_olearius	540	119	0.2204	551.3
GCA_030407055.1	Armillaria mellea	yes	H3H	JAUDZF010000035.1	-	50200	51497	19	56.2	6.43e-08	28.378	H3H|Panellus_stipticus	428	377	0.8808	809.9
GCA_030407055.1	Armillaria mellea	yes	H3H	JAUDZF010000003.1	+	3790391	3791251	11	56.6	8.34e-08	28.846	H3H|Omphalotus_olearius	540	290	0.537	551.6
GCA_030407055.1	Armillaria mellea	yes	H3H	JAUDZF010000364.1	+	14749	15609	11	55.5	1.6e-07	28.986	H3H|Omphalotus_olearius	540	290	0.537	553.0
GCA_030407055.1	Armillaria mellea	yes	H3H	JAUDZF010000016.1	+	3186	3570	2	92.8	8.11e-36	68.116	H3H|Omphalotus_olearius	540	112	0.2074	171.0
GCA_030407055.1	Armillaria mellea	yes	CPH	JAUDZF010000005.1	+	907154	908424	24	176.0	8.35e-70	57.143	CPH|Armillaria_mellea	297	320	1.0774	2502.0
GCA_030407055.1	Armillaria mellea	yes	CPH	JAUDZF010000005.1	+	1705413	1706632	13	292.0	9.13e-122	60.573	CPH|Armillaria_mellea	297	321	1.0808	2479.0
GCA_030407055.1	Armillaria mellea	yes	CPH	JAUDZF010000001.1	+	647806	648000	2	42.0	0.00084	35.385	CPH|Armillaria_mellea	297	48	0.1616	84.0
GCA_030407055.1	Armillaria mellea	yes	CPH	JAUDZF010000001.1	+	7090151	7090794	7	134.0	9.63e-35	44.444	CPH|Armillaria_gallica	302	192	0.6358	798.2
GCA_030407055.1	Armillaria mellea	yes	CPH	JAUDZF010000094.1	+	9380	9841	3	42.7	0.000644	27.922	CPH|Neonothopanus_gardneri	321	97	0.3022	126.7
GCA_030407055.1	Armillaria mellea	yes	Luz	JAUDZF010000005.1	-	1701529	1702406	24	315.0	3.56e-98	99.346	Luz|Armillaria_mellea	266	266	1.0	5237.0
GCA_030407055.1	Armillaria mellea	yes	Luz	JAUDZF010000008.1	-	2474235	2475027	24	76.6	1.61e-25	26.562	Luz|Omphalotus_olearius	261	251	0.9617	1527.2
GCA_030407055.1	Armillaria mellea	yes	Luz	JAUDZF010000003.1	-	1339530	1340260	24	61.6	3.78e-21	51.923	Luz|Armillaria_fuscipes	266	235	0.8835	1346.7
GCA_030407055.1	Armillaria mellea	yes	Luz	JAUDZF010000006.1	-	2620883	2621650	12	84.3	4.84e-18	29.615	Luz|Mycena_chlorophos	251	233	0.9283	925.6
GCA_003987895.1	Neonothopanus nambi	no	HispS	RCHF01000489.1	+	9325	15313	111	786.0	0.0	81.557	HispS|Neonothopanus_nambi	1678	1772	1.056	21618.5
GCA_003987895.1	Neonothopanus nambi	no	HispS	RCHF01005138.1	-	641	6630	138	551.0	0.0	92.254	HispS|Neonothopanus_nambi	1678	1772	1.056	22314.4
GCA_003987895.1	Neonothopanus nambi	no	HispS	RCHF01012416.1	-	3	780	22	310.0	9.09e-133	97.987	HispS|Neonothopanus_nambi	1678	416	0.2479	3295.6
GCA_003987895.1	Neonothopanus nambi	no	HispS	RCHF01010502.1	+	2520	5473	35	152.0	2.5e-55	28.733	HispS|Mycena_citricolor	1678	959	0.5715	3091.0
GCA_003987895.1	Neonothopanus nambi	no	HispS	RCHF01000300.1	+	119093	122046	35	150.0	1.36e-55	28.733	HispS|Mycena_citricolor	1678	959	0.5715	3098.4
GCA_003987895.1	Neonothopanus nambi	no	HispS	RCHF01012556.1	-	1	674	30	145.0	1.9e-64	94.667	HispS|Neonothopanus_nambi	1678	231	0.1377	2493.5
GCA_003987895.1	Neonothopanus nambi	no	HispS	RCHF01002164.1	+	2509	3228	22	77.8	8.45e-22	59.722	HispS|Neonothopanus_nambi	1678	240	0.143	1202.0
GCA_003987895.1	Neonothopanus nambi	no	HispS	RCHF01000966.1	-	7438	10092	26	98.2	1.26e-19	25.201	HispS|Armillaria_ostoyae	1770	759	0.4288	1439.8
GCA_003987895.1	Neonothopanus nambi	no	HispS	RCHF01000427.1	-	19347	22042	27	97.1	2.87e-19	25.201	HispS|Armillaria_ostoyae	1770	788	0.4452	1477.6
GCA_003987895.1	Neonothopanus nambi	no	HispS	RCHF01004502.1	-	7657	8447	12	70.1	4.04e-11	44.167	HispS|Neonothopanus_nambi	1678	273	0.1627	683.2
GCA_003987895.1	Neonothopanus nambi	no	HispS	RCHF01010503.1	+	16	893	16	58.5	3.17e-08	25.893	HispS|Mycena_chlorophos	1652	305	0.1846	702.7
GCA_003987895.1	Neonothopanus nambi	no	HispS	RCHF01000850.1	+	9884	12902	17	57.4	1.47e-11	23.659	HispS|Neonothopanus_nambi	1678	812	0.4839	707.2
GCA_003987895.1	Neonothopanus nambi	no	HispS	RCHF01011092.1	+	1	162	7	52.8	4.88e-06	51.852	HispS|Neonothopanus_nambi	1678	44	0.0262	359.7
GCA_003987895.1	Neonothopanus nambi	no	HispS	RCHF01005843.1	+	2894	5009	9	57.4	8.19e-09	23.659	HispS|Neonothopanus_nambi	1678	558	0.3325	359.7
GCA_003987895.1	Neonothopanus nambi	no	HispS	RCHF01013079.1	-	5987	6505	3	56.6	4.38e-07	27.841	HispS|Neonothopanus_nambi	1678	182	0.1085	159.8
GCA_003987895.1	Neonothopanus nambi	no	HispS	RCHF01000113.1	-	35443	35712	3	56.6	4.76e-07	34.783	HispS|Neonothopanus_nambi	1678	92	0.0548	159.8
GCA_003987895.1	Neonothopanus nambi	no	HispS	RCHF01004197.1	+	15137	15436	3	55.1	1.59e-06	33.333	HispS|Neonothopanus_gardneri	1691	101	0.0597	155.6
GCA_003987895.1	Neonothopanus nambi	no	HispS	RCHF01003766.1	-	867	1200	4	88.2	5.26e-21	55.435	HispS|Neonothopanus_nambi	1678	103	0.0614	228.4
GCA_003987895.1	Neonothopanus nambi	no	HispS	RCHF01001174.1	-	9112	9336	2	75.9	6.55e-13	60.526	HispS|Neonothopanus_nambi	1678	67	0.0399	139.8
GCA_003987895.1	Neonothopanus nambi	no	HispS	RCHF01003643.1	-	3646	3967	4	65.1	1.4e-09	47.778	HispS|Neonothopanus_nambi	1678	101	0.0602	237.6
GCA_003987895.1	Neonothopanus nambi	no	HispS	RCHF01000244.1	+	19106	19297	2	47.4	0.000321	35.938	HispS|Neonothopanus_gardneri	1691	64	0.0378	94.8
GCA_003987895.1	Neonothopanus nambi	no	H3H	RCHF01000489.1	+	5383	7034	31	389.0	0.0	73.239	H3H|Neonothopanus_nambi	422	431	1.0213	6844.6
GCA_003987895.1	Neonothopanus nambi	no	H3H	RCHF01006372.1	-	1207	2520	42	301.0	3.72e-175	78.173	H3H|Neonothopanus_nambi	422	357	0.846	6673.2
GCA_003987895.1	Neonothopanus nambi	no	H3H	RCHF01004227.1	-	45148	46245	14	113.0	3.83e-26	30.916	H3H|Neonothopanus_nambi	422	351	0.8318	1446.2
GCA_003987895.1	Neonothopanus nambi	no	H3H	RCHF01004168.1	-	15691	16788	14	114.0	9.78e-27	31.034	H3H|Neonothopanus_gardneri	416	351	0.8438	1444.0
GCA_003987895.1	Neonothopanus nambi	no	H3H	RCHF01010006.1	-	61	801	14	107.0	1.17e-25	31.102	H3H|Neonothopanus_nambi	422	251	0.5948	1380.3
GCA_003987895.1	Neonothopanus nambi	no	H3H	RCHF01003048.1	-	76782	78351	41	65.5	1.33e-13	34.161	H3H|Armillaria_fuscipes	426	266	0.6244	1963.2
GCA_003987895.1	Neonothopanus nambi	no	H3H	RCHF01004561.1	+	4483	6052	42	62.0	1.24e-12	32.298	H3H|Armillaria_mellea	429	267	0.6224	1957.0
GCA_003987895.1	Neonothopanus nambi	no	H3H	RCHF01000508.1	-	13058	13857	18	63.9	3.63e-10	38.532	H3H|Armillaria_fuscipes	426	209	0.4906	985.0
GCA_003987895.1	Neonothopanus nambi	no	H3H	RCHF01000501.1	+	15109	15908	19	60.8	3.61e-09	37.615	H3H|Armillaria_fuscipes	426	209	0.4906	956.0
GCA_003987895.1	Neonothopanus nambi	no	H3H	RCHF01000484.1	+	42505	43554	8	60.5	4.77e-09	25.271	H3H|Guyanagaster_necrorhiza	443	256	0.5779	428.4
GCA_003987895.1	Neonothopanus nambi	no	H3H	RCHF01000781.1	-	1831	2970	9	57.8	3.23e-08	24.111	H3H|Guyanagaster_necrorhiza	443	284	0.6411	463.7
GCA_003987895.1	Neonothopanus nambi	no	H3H	RCHF01002161.1	+	21052	22297	28	61.2	2.44e-09	26.201	H3H|Neonothopanus_nambi	422	331	0.7844	1414.5
GCA_003987895.1	Neonothopanus nambi	no	H3H	RCHF01011567.1	+	246	1093	28	52.4	7.39e-07	44.643	H3H|Armillaria_mellea	429	170	0.3963	1329.1
GCA_003987895.1	Neonothopanus nambi	no	H3H	RCHF01004493.1	-	2451	3316	28	52.4	1.37e-06	44.643	H3H|Armillaria_mellea	429	175	0.4079	1334.1
GCA_003987895.1	Neonothopanus nambi	no	H3H	RCHF01013164.1	+	287	541	4	48.9	1.42e-05	33.333	H3H|Armillaria_fuscipes	426	82	0.1925	186.0
GCA_003987895.1	Neonothopanus nambi	no	H3H	RCHF01009494.1	+	21076	24089	6	48.9	1.57e-05	33.333	H3H|Armillaria_fuscipes	426	199	0.4671	248.3
GCA_003987895.1	Neonothopanus nambi	no	H3H	RCHF01010660.1	+	2294	5303	9	48.9	1.57e-05	33.333	H3H|Armillaria_fuscipes	426	203	0.4765	356.4
GCA_003987895.1	Neonothopanus nambi	no	H3H	RCHF01000331.1	+	12362	13156	10	57.8	3.14e-08	29.457	H3H|Neonothopanus_nambi	422	207	0.4905	492.6
GCA_003987895.1	Neonothopanus nambi	no	H3H	RCHF01000287.1	+	25154	25936	1	51.2	2.82e-06	24.436	H3H|Armillaria_gallica	422	234	0.5545	51.2
GCA_003987895.1	Neonothopanus nambi	no	H3H	RCHF01004476.1	+	7567	8349	1	50.4	5.84e-06	24.06	H3H|Armillaria_gallica	422	234	0.5545	50.4
GCA_003987895.1	Neonothopanus nambi	no	H3H	RCHF01000235.1	-	51351	51668	10	59.7	8.25e-09	36.364	H3H|Neonothopanus_nambi	422	120	0.2844	489.3
GCA_003987895.1	Neonothopanus nambi	no	H3H	RCHF01000147.1	-	25821	29826	5	68.2	1.5e-11	21.78	H3H|Neonothopanus_nambi	422	381	0.9028	281.6
GCA_003987895.1	Neonothopanus nambi	no	H3H	RCHF01000597.1	+	8361	8651	1	45.4	0.000253	32.039	H3H|Omphalotus_olearius	540	95	0.1759	45.4
GCA_003987895.1	Neonothopanus nambi	no	H3H	RCHF01000597.1	+	23310	24215	4	56.2	8.92e-08	23.052	H3H|Neonothopanus_nambi	422	234	0.5545	209.2
GCA_003987895.1	Neonothopanus nambi	no	H3H	RCHF01010691.1	-	6035	6352	8	60.1	4.61e-09	36.364	H3H|Neonothopanus_nambi	422	120	0.2844	401.2
GCA_003987895.1	Neonothopanus nambi	no	H3H	RCHF01005582.1	+	26	766	3	48.5	1.69e-05	22.0	H3H|Neonothopanus_nambi	422	195	0.4621	139.4
GCA_003987895.1	Neonothopanus nambi	no	H3H	RCHF01012988.1	+	8115	8480	8	53.1	7.05e-07	27.907	H3H|Neonothopanus_nambi	422	124	0.2938	383.1
GCA_003987895.1	Neonothopanus nambi	no	H3H	RCHF01000134.1	-	56518	56823	4	51.6	2.07e-06	34.211	H3H|Neonothopanus_gardneri	416	108	0.2596	198.7
GCA_003987895.1	Neonothopanus nambi	no	H3H	RCHF01012988.1	-	3272	4048	7	62.8	7.19e-10	27.165	H3H|Neonothopanus_nambi	422	206	0.4882	366.2
GCA_003987895.1	Neonothopanus nambi	no	H3H	RCHF01003105.1	+	12	248	4	49.3	1.15e-05	36.709	H3H|Neonothopanus_gardneri	416	76	0.1827	192.1
GCA_003987895.1	Neonothopanus nambi	no	H3H	RCHF01000450.1	-	6039	7182	8	57.0	5.42e-08	33.071	H3H|Neonothopanus_nambi	422	277	0.6564	392.8
GCA_003987895.1	Neonothopanus nambi	no	H3H	RCHF01000169.1	+	55382	56044	5	45.8	0.000162	24.561	H3H|Panellus_stipticus_3	428	170	0.3972	220.2
GCA_003987895.1	Neonothopanus nambi	no	H3H	RCHF01000099.1	-	132698	132925	9	55.1	3.47e-07	40.789	H3H|Omphalotus_olearius	540	75	0.1389	432.4
GCA_003987895.1	Neonothopanus nambi	no	H3H	RCHF01003065.1	-	6215	6787	1	45.8	0.000158	24.747	H3H|Mycena_citricolor	419	168	0.401	45.8
GCA_003987895.1	Neonothopanus nambi	no	H3H	RCHF01000034.1	+	57837	58409	1	45.1	0.000269	24.242	H3H|Mycena_citricolor	419	168	0.401	45.1
GCA_003987895.1	Neonothopanus nambi	no	H3H	RCHF01000331.1	-	7890	8285	5	50.4	6.3e-06	27.397	H3H|Neonothopanus_nambi	422	135	0.3199	232.1
GCA_003987895.1	Neonothopanus nambi	no	H3H	RCHF01004223.1	-	9883	11037	7	55.1	2.23e-07	33.083	H3H|Neonothopanus_nambi	422	280	0.6635	334.7
GCA_003987895.1	Neonothopanus nambi	no	H3H	RCHF01004179.1	+	14491	14718	6	54.3	4.85e-07	42.254	H3H|Omphalotus_olearius	540	71	0.1315	284.6
GCA_003987895.1	Neonothopanus nambi	no	H3H	RCHF01014044.1	+	1684	1959	2	44.7	0.000258	35.616	H3H|Neonothopanus_nambi	422	92	0.218	88.6
GCA_003987895.1	Neonothopanus nambi	no	H3H	RCHF01003125.1	+	5082	5456	3	45.1	0.000254	30.303	H3H|Panellus_stipticus_3	428	109	0.2547	132.1
GCA_003987895.1	Neonothopanus nambi	no	H3H	RCHF01001660.1	+	10811	11086	2	44.3	0.000682	35.135	H3H|Omphalotus_olearius	540	92	0.1704	87.4
GCA_003987895.1	Neonothopanus nambi	no	H3H	RCHF01002214.1	+	10806	11298	2	134.0	3.34e-55	81.176	H3H|Omphalotus_olearius	540	145	0.2685	236.0
GCA_003987895.1	Neonothopanus nambi	no	H3H	RCHF01000378.1	-	84687	85176	2	134.0	6.01e-55	81.176	H3H|Omphalotus_olearius	540	143	0.2648	235.0
GCA_003987895.1	Neonothopanus nambi	no	H3H	RCHF01000045.1	+	155512	155772	1	60.1	8.31e-09	41.379	H3H|Omphalotus_olearius	540	66	0.1222	60.1
GCA_003987895.1	Neonothopanus nambi	no	H3H	RCHF01000103.1	+	16025	16284	2	38.5	1.53e-07	51.613	H3H|Omphalotus_olearius	540	61	0.113	75.9
GCA_003987895.1	Neonothopanus nambi	no	H3H	RCHF01005809.1	+	12960	13181	1	44.3	0.000709	35.135	H3H|Omphalotus_olearius	540	68	0.1259	44.3
GCA_003987895.1	Neonothopanus nambi	no	H3H	RCHF01000425.1	-	14829	15050	1	44.3	0.000735	33.784	H3H|Omphalotus_olearius	540	68	0.1259	44.3
GCA_003987895.1	Neonothopanus nambi	no	H3H	RCHF01000425.1	-	50804	51025	1	43.9	0.000801	35.135	H3H|Omphalotus_olearius	540	68	0.1259	43.9
GCA_003987895.1	Neonothopanus nambi	no	CPH	RCHF01000862.1	+	8179	9474	19	199.0	1.14e-85	42.014	CPH|Armillaria_ostoyae	302	317	1.0497	2135.0
GCA_003987895.1	Neonothopanus nambi	no	CPH	RCHF01000489.1	+	7272	8556	26	179.0	2.85e-50	100.0	CPH|Neonothopanus_nambi	289	320	1.1073	2656.9
GCA_003987895.1	Neonothopanus nambi	no	CPH	RCHF01006372.1	-	6	953	20	158.0	8.21e-43	53.503	CPH|Neonothopanus_gardneri	321	239	0.7445	1809.0
GCA_003987895.1	Neonothopanus nambi	no	CPH	RCHF01000073.1	-	8246	9016	6	154.0	1.58e-41	37.647	CPH|Armillaria_gallica	302	238	0.7881	876.0
GCA_003987895.1	Neonothopanus nambi	no	CPH	RCHF01005138.1	-	7391	7606	6	150.0	2.26e-40	100.0	CPH|Neonothopanus_nambi	289	104	0.3599	703.0
GCA_003987895.1	Neonothopanus nambi	no	CPH	RCHF01005696.1	+	4163	4573	6	102.0	7.92e-24	41.791	CPH|Neonothopanus_nambi	289	140	0.4844	540.7
GCA_003987895.1	Neonothopanus nambi	no	CPH	RCHF01003078.1	-	23802	24227	6	88.2	1.05e-18	38.571	CPH|Armillaria_gallica	302	146	0.4834	482.2
GCA_003987895.1	Neonothopanus nambi	no	CPH	RCHF01003084.1	+	28711	28854	6	63.9	8.61e-11	67.347	CPH|Armillaria_fuscipes	294	72	0.2449	367.4
GCA_003987895.1	Neonothopanus nambi	no	Luz	RCHF01000489.1	-	4198	5050	24	328.0	2.85e-151	100.0	Luz|Neonothopanus_nambi	267	267	1.0	4963.0
GCA_030435655.1	Armillaria novae-zelandiae	yes	HispS	JAUEPR010000001.1	-	2696673	2702946	119	714.0	0.0	80.587	HispS|Armillaria_mellea	1768	1774	1.0034	26735.5
GCA_030435655.1	Armillaria novae-zelandiae	yes	HispS	JAUEPR010000082.1	-	99096	107394	93	325.0	5.74e-89	39.37	HispS|Neonothopanus_gardneri	1691	1733	1.0248	13044.7
GCA_030435655.1	Armillaria novae-zelandiae	yes	HispS	JAUEPR010000056.1	-	234919	243222	104	323.0	2.36e-88	37.234	HispS|Armillaria_ostoyae	1770	1733	0.9791	13457.5
GCA_030435655.1	Armillaria novae-zelandiae	yes	HispS	JAUEPR010000006.1	+	2178828	2181841	20	227.0	6.71e-73	28.94	HispS|Mycena_citricolor	1678	981	0.5846	2908.0
GCA_030435655.1	Armillaria novae-zelandiae	yes	HispS	JAUEPR010000005.1	+	1364439	1367106	29	192.0	6.51e-64	29.325	HispS|Mycena_citricolor	1678	916	0.5459	2801.4
GCA_030435655.1	Armillaria novae-zelandiae	yes	HispS	JAUEPR010000122.1	+	78914	79066	3	47.8	0.000201	42.593	HispS|Armillaria_fuscipes	1774	54	0.0304	140.2
GCA_030435655.1	Armillaria novae-zelandiae	yes	HispS	JAUEPR010000004.1	-	1094221	1096842	20	65.9	6.76e-10	26.016	HispS|Mycena_chlorophos	1652	400	0.2421	851.4
GCA_030435655.1	Armillaria novae-zelandiae	yes	H3H	JAUEPR010000001.1	-	711962	713097	10	55.1	1.4e-07	33.645	H3H|Panellus_stipticus_3	428	274	0.6402	455.2
GCA_030435655.1	Armillaria novae-zelandiae	yes	H3H	JAUEPR010000001.1	-	1422331	1423490	36	62.0	9.08e-10	40.541	H3H|Neonothopanus_gardneri	416	218	0.524	1635.2
GCA_030435655.1	Armillaria novae-zelandiae	yes	H3H	JAUEPR010000001.1	-	2708071	2709755	30	506.0	0.0	66.033	H3H|Armillaria_ostoyae	426	443	1.0399	7332.1
GCA_030435655.1	Armillaria novae-zelandiae	yes	H3H	JAUEPR010000001.1	+	727162	727497	8	55.1	1.79e-07	32.71	H3H|Panellus_stipticus_3	428	114	0.2664	387.8
GCA_030435655.1	Armillaria novae-zelandiae	yes	H3H	JAUEPR010000001.1	+	3296558	3297716	17	52.8	3.02e-13	29.839	H3H|Panellus_stipticus	428	365	0.8528	763.0
GCA_030435655.1	Armillaria novae-zelandiae	yes	H3H	JAUEPR010000004.1	+	1955698	1956771	23	53.9	3.71e-07	41.27	H3H|Mycena_chlorophos	422	252	0.5972	1029.2
GCA_030435655.1	Armillaria novae-zelandiae	yes	H3H	JAUEPR010000004.1	-	404402	405108	14	48.9	1.18e-05	42.308	H3H|Armillaria_mellea	429	172	0.4009	620.7
GCA_030435655.1	Armillaria novae-zelandiae	yes	H3H	JAUEPR010000004.1	-	1464621	1464806	8	46.6	6.72e-05	38.71	H3H|Panellus_stipticus	428	63	0.1472	363.8
GCA_030435655.1	Armillaria novae-zelandiae	yes	H3H	JAUEPR010000022.1	-	698337	699490	23	59.3	7.76e-09	30.769	H3H|Mycena_chlorophos	422	294	0.6967	1037.2
GCA_030435655.1	Armillaria novae-zelandiae	yes	H3H	JAUEPR010000112.1	-	2	412	11	52.8	7.69e-07	35.238	H3H|Mycena_citricolor_2	420	127	0.3024	536.7
GCA_030435655.1	Armillaria novae-zelandiae	yes	H3H	JAUEPR010000246.1	-	36741	37013	11	48.9	1.17e-05	42.308	H3H|Armillaria_mellea	429	88	0.2051	512.1
GCA_030435655.1	Armillaria novae-zelandiae	yes	H3H	JAUEPR010000009.1	+	1351186	1351911	14	55.5	1.32e-07	38.75	H3H|Neonothopanus_nambi	422	187	0.4431	679.2
GCA_030435655.1	Armillaria novae-zelandiae	yes	H3H	JAUEPR010000003.1	+	1030633	1031759	13	50.1	5.76e-06	32.432	H3H|Panellus_stipticus	428	370	0.8645	589.2
GCA_030435655.1	Armillaria novae-zelandiae	yes	H3H	JAUEPR010000005.1	-	1271135	1271878	8	57.0	6.52e-08	28.019	H3H|Omphalotus_olearius	540	251	0.4648	391.2
GCA_030435655.1	Armillaria novae-zelandiae	yes	H3H	JAUEPR010000006.1	+	1617292	1618095	14	52.8	1.39e-06	27.536	H3H|Omphalotus_olearius	540	277	0.513	665.4
GCA_030435655.1	Armillaria novae-zelandiae	yes	H3H	JAUEPR010000165.1	-	21722	21991	10	52.0	2.31e-06	38.462	H3H|Omphalotus_olearius	540	87	0.1611	476.8
GCA_030435655.1	Armillaria novae-zelandiae	yes	H3H	JAUEPR010000002.1	-	3225206	3225475	10	52.0	2.32e-06	38.462	H3H|Omphalotus_olearius	540	87	0.1611	476.8
GCA_030435655.1	Armillaria novae-zelandiae	yes	H3H	JAUEPR010000115.1	+	25489	25806	5	49.7	8.16e-06	29.907	H3H|Panellus_stipticus	428	105	0.2453	241.5
GCA_030435655.1	Armillaria novae-zelandiae	yes	H3H	JAUEPR010000012.1	-	940878	941195	4	48.5	1.87e-05	28.972	H3H|Panellus_stipticus_3	428	104	0.243	192.5
GCA_030435655.1	Armillaria novae-zelandiae	yes	H3H	JAUEPR010000213.1	-	5338	5607	9	51.6	2.66e-06	39.744	H3H|Omphalotus_olearius	540	86	0.1593	431.3
GCA_030435655.1	Armillaria novae-zelandiae	yes	H3H	JAUEPR010000008.1	-	609082	609530	2	112.0	1.23e-40	66.279	H3H|Omphalotus_olearius	540	136	0.2519	187.1
GCA_030435655.1	Armillaria novae-zelandiae	yes	H3H	JAUEPR010000008.1	-	1736918	1737187	9	51.2	4.04e-06	39.744	H3H|Omphalotus_olearius	540	86	0.1593	429.3
GCA_030435655.1	Armillaria novae-zelandiae	yes	CPH	JAUEPR010000001.1	-	2705937	2707224	24	159.0	2.95e-136	77.885	CPH|Armillaria_gallica	302	321	1.0629	2950.1
GCA_030435655.1	Armillaria novae-zelandiae	yes	CPH	JAUEPR010000001.1	-	3493388	3494655	25	187.0	4.3e-53	42.339	CPH|Armillaria_gallica	302	320	1.0596	2476.8
GCA_030435655.1	Armillaria novae-zelandiae	yes	CPH	JAUEPR010000034.1	-	293978	294621	7	139.0	3.68e-36	45.614	CPH|Armillaria_gallica	302	213	0.7053	813.5
GCA_030435655.1	Armillaria novae-zelandiae	yes	CPH	JAUEPR010000007.1	+	1524373	1524971	10	45.4	4.28e-06	25.595	CPH|Neonothopanus_gardneri	321	153	0.4766	320.9
GCA_030435655.1	Armillaria novae-zelandiae	yes	Luz	JAUEPR010000001.1	+	2710226	2711079	24	311.0	2.34e-140	96.753	Luz|Armillaria_gallica	266	266	1.0	5161.0
GCA_030435655.1	Armillaria novae-zelandiae	yes	Luz	JAUEPR010000010.1	-	963057	963521	12	73.6	3.1e-14	34.228	Luz|Armillaria_fuscipes	266	156	0.5865	838.2
GCA_030435655.1	Armillaria novae-zelandiae	yes	Luz	JAUEPR010000010.1	+	955659	956500	24	64.3	3.47e-11	52.83	Luz|Armillaria_fuscipes	266	200	0.7519	1237.7
GCA_030435655.1	Armillaria novae-zelandiae	yes	Luz	JAUEPR010000051.1	-	203479	204021	12	72.8	4.8e-14	31.073	Luz|Armillaria_mellea	266	149	0.5602	826.2
GCA_030435655.1	Armillaria novae-zelandiae	yes	Luz	JAUEPR010000003.1	+	943598	944385	20	64.3	3.5e-11	55.769	Luz|Armillaria_fuscipes	266	245	0.9211	1095.2
GCA_013387415.1	Panellus pusillus	no	HispS	QVIE01002526.1	+	65024	70915	131	513.0	0.0	86.0	HispS|Panellus_stipticus_2	1601	1739	1.0862	20910.7
GCA_013387415.1	Panellus pusillus	no	HispS	QVIE01002910.1	-	17630	25842	101	287.0	2.82e-173	32.16	HispS|Neonothopanus_nambi	1678	1762	1.0501	12000.4
GCA_013387415.1	Panellus pusillus	no	HispS	QVIE01000481.1	+	7911	13827	97	213.0	6.05e-55	44.224	HispS|Armillaria_ostoyae	1770	1618	0.9141	10666.3
GCA_013387415.1	Panellus pusillus	no	HispS	QVIE01001180.1	+	9	7895	139	163.0	1.19e-52	43.842	HispS|Armillaria_fuscipes	1774	1531	0.863	10957.8
GCA_013387415.1	Panellus pusillus	no	HispS	QVIE01002893.1	-	6711	7954	24	145.0	3.29e-46	42.308	HispS|Armillaria_fuscipes	1774	367	0.2069	2133.8
GCA_013387415.1	Panellus pusillus	no	HispS	QVIE01001020.1	-	28216	30503	19	165.0	1.35e-52	28.972	HispS|Mycena_chlorophos	1652	803	0.4861	1994.1
GCA_013387415.1	Panellus pusillus	no	HispS	QVIE01002273.1	-	3352	4891	12	176.0	1.33e-43	31.204	HispS|Armillaria_gallica	1771	487	0.275	1822.4
GCA_013387415.1	Panellus pusillus	no	HispS	QVIE01000559.1	+	8962	11358	11	159.0	1.92e-38	25.926	HispS|Mycena_citricolor	1678	853	0.5083	1419.0
GCA_013387415.1	Panellus pusillus	no	HispS	QVIE01001534.1	+	18015	20761	17	90.5	1.46e-17	27.559	HispS|Mycena_citricolor	1678	674	0.4017	1158.9
GCA_013387415.1	Panellus pusillus	no	HispS	QVIE01000616.1	-	16844	17860	12	79.3	2.98e-14	24.661	HispS|Panellus_stipticus	1504	513	0.3411	808.7
GCA_013387415.1	Panellus pusillus	no	HispS	QVIE01001199.1	-	7268	9550	19	95.9	2.96e-19	31.502	HispS|Mycena_chlorophos	1652	549	0.3323	1104.8
GCA_013387415.1	Panellus pusillus	no	HispS	QVIE01000341.1	+	383	649	7	49.7	3.3e-05	40.23	HispS|Guyanagaster_necrorhiza	1766	88	0.0498	329.3
GCA_013387415.1	Panellus pusillus	no	HispS	QVIE01001855.1	-	21882	22289	1	45.1	0.000726	32.609	HispS|Mycena_chlorophos	1652	119	0.072	45.1
GCA_013387415.1	Panellus pusillus	no	HispS	QVIE01001140.1	-	37435	37842	1	46.2	0.000378	29.333	HispS|Neonothopanus_nambi	1678	139	0.0828	46.2
GCA_013387415.1	Panellus pusillus	no	HispS	QVIE01002728.1	+	843	1305	4	72.4	1.15e-12	40.157	HispS|Panellus_stipticus_2	1601	221	0.138	232.7
GCA_013387415.1	Panellus pusillus	no	H3H	QVIE01002102.1	-	11895	16668	80	177.0	5.91e-47	35.976	H3H|Omphalotus_olearius	540	390	0.7222	6102.0
GCA_013387415.1	Panellus pusillus	no	H3H	QVIE01003048.1	-	10934	12456	46	147.0	2.31e-38	29.386	H3H|Armillaria_fuscipes	426	419	0.9836	3474.5
GCA_013387415.1	Panellus pusillus	no	H3H	QVIE01001697.1	-	10730	14758	89	157.0	7.13e-59	39.565	H3H|Neonothopanus_nambi	422	418	0.9905	6933.2
GCA_013387415.1	Panellus pusillus	no	H3H	QVIE01003447.1	+	1629	5346	81	158.0	2.2e-59	40.0	H3H|Neonothopanus_nambi	422	420	0.9953	6961.1
GCA_013387415.1	Panellus pusillus	no	H3H	QVIE01002526.1	-	60859	62535	57	238.0	5.37e-76	44.643	H3H|Panellus_stipticus_2	428	437	1.021	5933.5
GCA_013387415.1	Panellus pusillus	no	H3H	QVIE01000973.1	+	18784	21506	46	155.0	1.26e-40	30.189	H3H|Mycena_citricolor_2	420	347	0.8262	3233.2
GCA_013387415.1	Panellus pusillus	no	H3H	QVIE01000866.1	+	4116	5712	64	86.3	2.39e-21	32.127	H3H|Mycena_chlorophos	422	401	0.9502	4013.2
GCA_013387415.1	Panellus pusillus	no	H3H	QVIE01000225.1	+	56355	57706	59	76.3	2.35e-14	55.224	H3H|Panellus_stipticus	428	372	0.8692	3539.3
GCA_013387415.1	Panellus pusillus	no	H3H	QVIE01002444.1	-	31061	32057	27	92.8	9.83e-24	26.689	H3H|Armillaria_fuscipes	426	331	0.777	1566.1
GCA_013387415.1	Panellus pusillus	no	H3H	QVIE01001330.1	+	1462	1833	13	55.5	7.88e-08	31.2	H3H|Armillaria_fuscipes	426	106	0.2488	644.4
GCA_013387415.1	Panellus pusillus	no	H3H	QVIE01002296.1	+	16103	16893	21	60.1	3.92e-12	31.868	H3H|Mycena_chlorophos	422	197	0.4668	969.6
GCA_013387415.1	Panellus pusillus	no	H3H	QVIE01000340.1	-	9874	10860	16	62.4	4.59e-10	25.159	H3H|Mycena_chlorophos	422	262	0.6209	823.3
GCA_013387415.1	Panellus pusillus	no	H3H	QVIE01003004.1	-	20132	20431	8	52.8	5.75e-07	37.0	H3H|Armillaria_fuscipes	426	92	0.216	371.3
GCA_013387415.1	Panellus pusillus	no	H3H	QVIE01001499.1	-	11737	12009	9	55.1	9.74e-08	39.326	H3H|Guyanagaster_necrorhiza	443	87	0.1964	436.0
GCA_013387415.1	Panellus pusillus	no	H3H	QVIE01002416.1	+	8948	9217	12	49.3	5.41e-06	36.486	H3H|Mycena_citricolor	419	88	0.21	561.2
GCA_013387415.1	Panellus pusillus	no	H3H	QVIE01002210.1	-	7842	8117	5	46.2	5.61e-05	33.696	H3H|Armillaria_fuscipes	426	86	0.2019	220.7
GCA_013387415.1	Panellus pusillus	no	H3H	QVIE01001779.1	+	23836	24156	6	50.8	2.17e-06	34.579	H3H|Guyanagaster_necrorhiza	443	96	0.2167	272.2
GCA_013387415.1	Panellus pusillus	no	H3H	QVIE01000559.1	+	21450	21719	5	44.3	0.000208	36.842	H3H|Armillaria_fuscipes	426	91	0.2136	215.3
GCA_013387415.1	Panellus pusillus	no	H3H	QVIE01001260.1	+	15652	15921	8	46.6	3.83e-05	37.681	H3H|Mycena_citricolor_2	420	97	0.231	353.8
GCA_013387415.1	Panellus pusillus	no	H3H	QVIE01003439.1	+	7207	7548	8	50.1	3.54e-06	37.179	H3H|Neonothopanus_gardneri	416	99	0.238	371.4
GCA_013387415.1	Panellus pusillus	no	H3H	QVIE01002303.1	+	8599	8779	6	49.3	9.15e-06	68.75	H3H|Omphalotus_olearius	540	46	0.0852	250.7
GCA_013387415.1	Panellus pusillus	no	H3H	QVIE01003362.1	-	316	489	1	42.7	0.000625	43.103	H3H|Guyanagaster_necrorhiza	443	55	0.1242	42.7
GCA_013387415.1	Panellus pusillus	no	H3H	QVIE01003094.1	+	4589	6256	15	39.3	1.1e-14	24.118	H3H|Mycena_chlorophos	422	380	0.9005	498.2
GCA_013387415.1	Panellus pusillus	no	H3H	QVIE01001963.1	-	2065	2283	6	48.9	7.1e-06	37.179	H3H|Neonothopanus_gardneri	416	73	0.1755	279.5
GCA_013387415.1	Panellus pusillus	no	H3H	QVIE01002786.1	+	1321	1959	1	56.2	4.23e-08	28.638	H3H|Neonothopanus_nambi	422	167	0.3957	56.2
GCA_013387415.1	Panellus pusillus	no	H3H	QVIE01001969.1	-	29729	30151	2	44.7	0.000231	27.206	H3H|Omphalotus_olearius	540	148	0.2741	87.4
GCA_013387415.1	Panellus pusillus	no	H3H	QVIE01000254.1	-	63844	64272	1	163.0	3.23e-42	60.417	H3H|Omphalotus_olearius	540	124	0.2296	163.0
GCA_013387415.1	Panellus pusillus	no	H3H	QVIE01001330.1	-	4630	4989	2	42.7	0.000689	33.058	H3H|Panellus_stipticus_3	428	116	0.271	84.7
GCA_013387415.1	Panellus pusillus	no	CPH	QVIE01002230.1	-	33875	34553	12	63.5	1.69e-18	42.683	CPH|Neonothopanus_gardneri	321	208	0.648	659.4
GCA_013387415.1	Panellus pusillus	no	CPH	QVIE01001730.1	-	2842	3970	17	96.3	6.92e-22	31.799	CPH|Armillaria_mellea	297	316	1.064	1106.4
GCA_013387415.1	Panellus pusillus	no	CPH	QVIE01002956.1	+	2018	3137	7	54.7	3.9e-12	41.791	CPH|Neonothopanus_nambi	289	286	0.9896	352.5
GCA_013387415.1	Panellus pusillus	no	Luz	QVIE01003201.1	-	2017	2821	24	318.0	8.77e-139	96.753	Luz|Panellus_stipticus	249	261	1.0482	4870.0
GCA_013387415.1	Panellus pusillus	no	Luz	QVIE01002526.1	+	63445	64249	34	314.0	7.98e-131	96.104	Luz|Panellus_stipticus	249	261	1.0482	4806.9
GCA_013387415.1	Panellus pusillus	no	Luz	QVIE01002256.1	-	62876	63462	20	65.1	1.44e-13	58.182	Luz|Armillaria_ostoyae	266	183	0.688	948.8
GCA_029449255.1	Mycena polygramma	yes	HispS	JARKID010000079.1	-	333198	339082	90	681.0	0.0	43.154	HispS|Guyanagaster_necrorhiza	1766	1767	1.0006	18532.1
GCA_029449255.1	Mycena polygramma	yes	HispS	JARKID010000079.1	+	159573	160401	23	47.0	1.99e-11	35.443	HispS|Neonothopanus_gardneri	1691	207	0.1224	840.3
GCA_029449255.1	Mycena polygramma	yes	HispS	JARKID010000018.1	+	783350	791769	117	233.0	0.0	33.031	HispS|Neonothopanus_nambi	1678	1756	1.0465	12362.6
GCA_029449255.1	Mycena polygramma	yes	HispS	JARKID010000164.1	-	78096	86512	142	186.0	3.02e-140	46.154	HispS|Armillaria_fuscipes	1774	1709	0.9634	13142.1
GCA_029449255.1	Mycena polygramma	yes	HispS	JARKID010000279.1	+	36117	38837	21	185.0	5.06e-46	30.022	HispS|Neonothopanus_nambi	1678	895	0.5334	2480.8
GCA_029449255.1	Mycena polygramma	yes	HispS	JARKID010000128.1	-	104360	107125	34	167.0	1.59e-51	30.445	HispS|Armillaria_fuscipes	1774	865	0.4876	2888.9
GCA_029449255.1	Mycena polygramma	yes	HispS	JARKID010000099.1	+	7787	10718	24	175.0	5.73e-43	30.602	HispS|Neonothopanus_nambi	1678	948	0.565	2489.0
GCA_029449255.1	Mycena polygramma	yes	HispS	JARKID010000001.1	+	144937	147704	33	160.0	9.55e-46	29.698	HispS|Armillaria_fuscipes	1774	867	0.4887	2770.8
GCA_029449255.1	Mycena polygramma	yes	HispS	JARKID010000065.1	-	8090	11068	27	100.0	3.01e-20	23.483	HispS|Armillaria_fuscipes	1774	928	0.5231	2014.5
GCA_029449255.1	Mycena polygramma	yes	HispS	JARKID010000065.1	-	137814	140383	27	98.6	8.3e-37	29.21	HispS|Armillaria_gallica	1771	746	0.4212	1519.6
GCA_029449255.1	Mycena polygramma	yes	HispS	JARKID010000011.1	-	830707	833303	19	108.0	1.26e-22	24.346	HispS|Neonothopanus_gardneri	1691	791	0.4678	1488.1
GCA_029449255.1	Mycena polygramma	yes	HispS	JARKID010000064.1	-	283859	286455	19	110.0	3.4e-23	24.95	HispS|Neonothopanus_gardneri	1691	791	0.4678	1500.7
GCA_029449255.1	Mycena polygramma	yes	HispS	JARKID010000007.1	-	910777	913446	27	96.7	5.36e-19	23.092	HispS|Armillaria_fuscipes	1774	883	0.4977	2013.9
GCA_029449255.1	Mycena polygramma	yes	HispS	JARKID010000007.1	+	1092019	1094997	25	91.7	1.56e-17	28.521	HispS|Armillaria_fuscipes	1774	855	0.482	1301.1
GCA_029449255.1	Mycena polygramma	yes	HispS	JARKID010000007.1	+	1520282	1522744	16	105.0	1.46e-22	24.765	HispS|Mycena_chlorophos	1652	732	0.4431	1191.0
GCA_029449255.1	Mycena polygramma	yes	HispS	JARKID010000021.1	-	558071	560123	12	90.5	2.25e-21	25.587	HispS|Guyanagaster_necrorhiza	1766	667	0.3777	920.9
GCA_029449255.1	Mycena polygramma	yes	HispS	JARKID010000095.1	+	408959	411596	21	88.2	2.06e-16	27.615	HispS|Armillaria_ostoyae	1770	686	0.3876	1179.9
GCA_029449255.1	Mycena polygramma	yes	HispS	JARKID010000066.1	-	58887	61349	14	104.0	2.73e-22	24.912	HispS|Mycena_chlorophos	1652	732	0.4431	1112.6
GCA_029449255.1	Mycena polygramma	yes	HispS	JARKID010000026.1	-	951743	954632	19	79.3	9.94e-14	29.139	HispS|Armillaria_mellea	1768	843	0.4768	1162.2
GCA_029449255.1	Mycena polygramma	yes	HispS	JARKID010000030.1	-	169471	172128	27	93.6	3.95e-18	26.537	HispS|Neonothopanus_nambi	1678	850	0.5066	1571.7
GCA_029449255.1	Mycena polygramma	yes	HispS	JARKID010000380.1	-	15247	17853	19	60.5	4.27e-12	25.926	HispS|Armillaria_ostoyae	1770	650	0.3672	836.7
GCA_029449255.1	Mycena polygramma	yes	HispS	JARKID010000009.1	+	1061899	1064158	21	103.0	3.24e-21	23.829	HispS|Neonothopanus_gardneri	1691	661	0.3909	1224.6
GCA_029449255.1	Mycena polygramma	yes	HispS	JARKID010000096.1	-	45935	48672	20	101.0	2.18e-20	22.674	HispS|Neonothopanus_gardneri	1691	877	0.5186	1357.9
GCA_029449255.1	Mycena polygramma	yes	HispS	JARKID010000029.1	-	52330	54749	17	115.0	7.4e-25	23.333	HispS|Neonothopanus_gardneri	1691	714	0.4222	1204.9
GCA_029449255.1	Mycena polygramma	yes	HispS	JARKID010000153.1	-	68266	70337	16	114.0	1.2e-24	25.589	HispS|Mycena_citricolor	1678	784	0.4672	1162.8
GCA_029449255.1	Mycena polygramma	yes	HispS	JARKID010000075.1	+	78648	79664	3	54.7	2.78e-06	23.876	HispS|Armillaria_gallica	1771	328	0.1852	152.2
GCA_029449255.1	Mycena polygramma	yes	HispS	JARKID010000012.1	-	376293	377039	3	51.6	2.24e-05	24.436	HispS|Armillaria_gallica	1771	240	0.1355	147.5
GCA_029449255.1	Mycena polygramma	yes	H3H	JARKID010000079.1	-	341680	343359	69	206.0	4.42e-118	65.772	H3H|Armillaria_ostoyae	426	426	1.0	7576.9
GCA_029449255.1	Mycena polygramma	yes	H3H	JARKID010000090.1	-	130936	132496	28	157.0	1.22e-70	34.049	H3H|Neonothopanus_gardneri	416	412	0.9904	3871.0
GCA_029449255.1	Mycena polygramma	yes	H3H	JARKID010000127.1	-	2474	3888	40	227.0	7.85e-65	40.625	H3H|Panellus_stipticus_2	428	383	0.8949	4087.0
GCA_029449255.1	Mycena polygramma	yes	H3H	JARKID010000127.1	+	16465	18040	51	141.0	2.14e-64	42.162	H3H|Panellus_stipticus_2	428	429	1.0023	3873.9
GCA_029449255.1	Mycena polygramma	yes	H3H	JARKID010000004.1	-	886721	897535	89	166.0	4.59e-44	30.488	H3H|Mycena_chlorophos	422	425	1.0071	7838.4
GCA_029449255.1	Mycena polygramma	yes	H3H	JARKID010000004.1	-	941643	943052	35	228.0	3.92e-65	40.625	H3H|Panellus_stipticus_2	428	402	0.9393	3909.8
GCA_029449255.1	Mycena polygramma	yes	H3H	JARKID010000004.1	+	754214	754555	9	51.2	4.42e-06	31.683	H3H|Neonothopanus_nambi	422	97	0.2299	432.1
GCA_029449255.1	Mycena polygramma	yes	H3H	JARKID010000004.1	+	958806	960214	44	149.0	1.12e-58	51.408	H3H|Panellus_stipticus	428	371	0.8668	3594.8
GCA_029449255.1	Mycena polygramma	yes	H3H	JARKID010000006.1	-	980294	981846	29	133.0	1.28e-53	42.941	H3H|Panellus_stipticus_3	428	417	0.9743	3032.0
GCA_029449255.1	Mycena polygramma	yes	H3H	JARKID010000025.1	+	225159	226766	45	127.0	6.66e-47	28.646	H3H|Armillaria_ostoyae	426	426	1.0	3231.2
GCA_029449255.1	Mycena polygramma	yes	H3H	JARKID010000025.1	+	238307	240002	31	167.0	6.43e-51	31.034	H3H|Omphalotus_olearius	540	422	0.7815	3225.5
GCA_029449255.1	Mycena polygramma	yes	H3H	JARKID010000025.1	-	806715	808213	17	87.8	1.14e-17	28.28	H3H|Panellus_stipticus	428	392	0.9159	1170.4
GCA_029449255.1	Mycena polygramma	yes	H3H	JARKID010000042.1	-	593772	602963	74	141.0	3.57e-43	33.218	H3H|Omphalotus_olearius	540	420	0.7778	6286.3
GCA_029449255.1	Mycena polygramma	yes	H3H	JARKID010000169.1	+	1	354	14	91.7	5.67e-19	40.708	H3H|Panellus_stipticus_3	428	122	0.285	1186.5
GCA_029449255.1	Mycena polygramma	yes	H3H	JARKID010000169.1	+	8991	12709	71	122.0	4.02e-29	32.959	H3H|Mycena_chlorophos	422	421	0.9976	5761.3
GCA_029449255.1	Mycena polygramma	yes	H3H	JARKID010000169.1	-	4508	5907	65	108.0	1.65e-24	31.897	H3H|Mycena_chlorophos	422	385	0.9123	4006.7
GCA_029449255.1	Mycena polygramma	yes	H3H	JARKID010000169.1	-	165673	166014	8	49.7	1.4e-05	38.333	H3H|Neonothopanus_nambi	422	91	0.2156	373.6
GCA_029449255.1	Mycena polygramma	yes	H3H	JARKID010000169.1	-	195282	195557	9	52.4	2e-06	41.096	H3H|Mycena_citricolor	419	85	0.2029	439.8
GCA_029449255.1	Mycena polygramma	yes	H3H	JARKID010000184.1	+	51047	52533	37	119.0	5.69e-28	40.741	H3H|Panellus_stipticus_3	428	425	0.993	2873.4
GCA_029449255.1	Mycena polygramma	yes	H3H	JARKID010000037.1	+	37118	38658	42	132.0	1.14e-32	32.416	H3H|Neonothopanus_gardneri	416	394	0.9471	3326.8
GCA_029449255.1	Mycena polygramma	yes	H3H	JARKID010000148.1	+	120509	121963	43	111.0	1.2e-41	36.863	H3H|Mycena_citricolor	419	394	0.9403	3220.8
GCA_029449255.1	Mycena polygramma	yes	H3H	JARKID010000148.1	-	96422	98040	61	88.6	5.82e-33	56.944	H3H|Panellus_stipticus_3	428	420	0.9813	4229.2
GCA_029449255.1	Mycena polygramma	yes	H3H	JARKID010000043.1	-	726500	727973	63	74.7	5.65e-32	46.377	H3H|Mycena_chlorophos	422	369	0.8744	3506.2
GCA_029449255.1	Mycena polygramma	yes	H3H	JARKID010000268.1	-	68999	71550	51	105.0	2.03e-28	27.794	H3H|Armillaria_fuscipes	426	440	1.0329	3373.7
GCA_029449255.1	Mycena polygramma	yes	H3H	JARKID010000003.1	+	2090633	2091619	14	115.0	1.18e-26	28.451	H3H|Armillaria_fuscipes	426	348	0.8169	1461.5
GCA_029449255.1	Mycena polygramma	yes	H3H	JARKID010000055.1	-	130789	134313	39	106.0	9.88e-24	37.321	H3H|Neonothopanus_nambi	422	349	0.827	2716.6
GCA_029449255.1	Mycena polygramma	yes	H3H	JARKID010000202.1	+	73624	75136	48	115.0	1.34e-33	32.824	H3H|Panellus_stipticus	428	389	0.9089	2924.7
GCA_029449255.1	Mycena polygramma	yes	H3H	JARKID010000015.1	+	1217421	1217837	14	102.0	2.06e-22	56.098	H3H|Panellus_stipticus_2	428	121	0.2827	1292.0
GCA_029449255.1	Mycena polygramma	yes	H3H	JARKID010000064.1	+	17037	17201	1	43.9	0.000749	44.828	H3H|Neonothopanus_gardneri	416	57	0.137	43.9
GCA_029449255.1	Mycena polygramma	yes	H3H	JARKID010000064.1	+	356800	358309	36	82.4	3.78e-20	30.645	H3H|Guyanagaster_necrorhiza	443	406	0.9165	1954.3
GCA_029449255.1	Mycena polygramma	yes	H3H	JARKID010000011.1	+	900278	901787	33	77.4	9.16e-19	30.242	H3H|Guyanagaster_necrorhiza	443	388	0.8758	1761.4
GCA_029449255.1	Mycena polygramma	yes	H3H	JARKID010000011.1	-	163658	164722	23	58.9	1.74e-08	28.986	H3H|Neonothopanus_nambi	422	232	0.5498	1146.2
GCA_029449255.1	Mycena polygramma	yes	H3H	JARKID010000123.1	-	105614	105929	28	62.0	1.39e-17	46.032	H3H|Armillaria_ostoyae	426	123	0.2887	1524.4
GCA_029449255.1	Mycena polygramma	yes	H3H	JARKID010000032.1	+	908945	909871	14	74.7	1.78e-13	28.571	H3H|Armillaria_fuscipes	426	279	0.6549	940.8
GCA_029449255.1	Mycena polygramma	yes	H3H	JARKID010000125.1	-	265423	266928	26	70.5	3.61e-12	30.89	H3H|Panellus_stipticus	428	343	0.8014	1366.2
GCA_029449255.1	Mycena polygramma	yes	H3H	JARKID010000065.1	-	46452	47559	32	60.1	1.15e-10	27.568	H3H|Armillaria_ostoyae	426	333	0.7817	1332.9
GCA_029449255.1	Mycena polygramma	yes	H3H	JARKID010000065.1	+	268170	269279	29	55.8	2.59e-09	25.668	H3H|Armillaria_ostoyae	426	333	0.7817	1133.4
GCA_029449255.1	Mycena polygramma	yes	H3H	JARKID010000122.1	+	248121	248905	28	56.2	5.98e-10	25.137	H3H|Armillaria_fuscipes	426	233	0.5469	1162.9
GCA_029449255.1	Mycena polygramma	yes	H3H	JARKID010000105.1	-	4298	5029	15	63.5	6.33e-10	36.842	H3H|Armillaria_fuscipes	426	199	0.4671	856.3
GCA_029449255.1	Mycena polygramma	yes	H3H	JARKID010000116.1	+	42103	42423	14	63.2	7.8e-10	35.965	H3H|Armillaria_fuscipes	426	114	0.2676	786.9
GCA_029449255.1	Mycena polygramma	yes	H3H	JARKID010000116.1	-	73175	74027	15	53.9	5.73e-07	27.941	H3H|Armillaria_fuscipes	426	261	0.6127	708.9
GCA_029449255.1	Mycena polygramma	yes	H3H	JARKID010000086.1	+	355757	356541	28	54.3	1.19e-09	25.137	H3H|Armillaria_fuscipes	426	233	0.5469	1151.3
GCA_029449255.1	Mycena polygramma	yes	H3H	JARKID010000007.1	-	972726	973835	29	59.3	2.49e-10	27.027	H3H|Armillaria_ostoyae	426	333	0.7817	1183.3
GCA_029449255.1	Mycena polygramma	yes	H3H	JARKID010000012.1	+	878897	879964	22	63.2	7.41e-10	24.119	H3H|Armillaria_mellea	429	346	0.8065	1107.4
GCA_029449255.1	Mycena polygramma	yes	H3H	JARKID010000040.1	+	666546	667910	16	92.8	2.19e-19	25.541	H3H|Neonothopanus_nambi	422	408	0.9668	1101.3
GCA_029449255.1	Mycena polygramma	yes	H3H	JARKID010000022.1	+	1070917	1072281	16	92.8	2.19e-19	25.541	H3H|Neonothopanus_nambi	422	408	0.9668	1098.5
GCA_029449255.1	Mycena polygramma	yes	H3H	JARKID010000026.1	-	601875	602210	5	56.2	1.19e-07	29.464	H3H|Armillaria_mellea	429	97	0.2261	267.7
GCA_029449255.1	Mycena polygramma	yes	H3H	JARKID010000026.1	-	617056	617556	6	62.8	1.18e-09	30.0	H3H|Armillaria_mellea	429	145	0.338	327.8
GCA_029449255.1	Mycena polygramma	yes	H3H	JARKID010000009.1	-	435677	436756	2	54.7	3.51e-07	24.742	H3H|Mycena_citricolor	419	375	0.895	107.1
GCA_029449255.1	Mycena polygramma	yes	H3H	JARKID010000008.1	+	1077930	1078217	5	57.0	6.84e-08	34.375	H3H|Armillaria_mellea	429	81	0.1888	267.7
GCA_029449255.1	Mycena polygramma	yes	H3H	JARKID010000034.1	-	604160	604513	11	50.4	6.4e-06	31.683	H3H|Armillaria_fuscipes	426	102	0.2394	523.3
GCA_029449255.1	Mycena polygramma	yes	H3H	JARKID010000041.1	-	194973	196409	25	61.6	2.55e-09	22.727	H3H|Mycena_chlorophos	422	324	0.7678	1243.4
GCA_029449255.1	Mycena polygramma	yes	H3H	JARKID010000041.1	-	206020	207212	23	65.9	1.24e-10	25.283	H3H|Panellus_stipticus	428	322	0.7523	1230.1
GCA_029449255.1	Mycena polygramma	yes	H3H	JARKID010000141.1	+	66115	67546	25	63.2	1.19e-10	38.462	H3H|Neonothopanus_nambi	422	208	0.4929	1241.5
GCA_029449255.1	Mycena polygramma	yes	H3H	JARKID010000137.1	+	183179	183421	5	47.8	4.91e-05	36.667	H3H|Armillaria_fuscipes	426	72	0.169	234.3
GCA_029449255.1	Mycena polygramma	yes	H3H	JARKID010000005.1	+	1293278	1293496	1	43.9	0.00068	37.838	H3H|Armillaria_fuscipes	426	74	0.1737	43.9
GCA_029449255.1	Mycena polygramma	yes	H3H	JARKID010000088.1	+	313510	314175	4	69.3	9.74e-12	29.787	H3H|Neonothopanus_nambi	422	241	0.5711	235.4
GCA_029449255.1	Mycena polygramma	yes	H3H	JARKID010000088.1	-	305835	306977	3	59.7	8.91e-09	24.638	H3H|Neonothopanus_nambi	422	387	0.9171	152.5
GCA_029449255.1	Mycena polygramma	yes	H3H	JARKID010000021.1	+	118802	119497	1	49.7	1.11e-05	23.431	H3H|Mycena_chlorophos	422	216	0.5118	49.7
GCA_029449255.1	Mycena polygramma	yes	H3H	JARKID010000018.1	-	341542	342237	1	49.3	1.78e-05	23.849	H3H|Mycena_chlorophos	422	216	0.5118	49.3
GCA_029449255.1	Mycena polygramma	yes	H3H	JARKID010000284.1	+	54094	54570	1	47.4	6e-05	29.07	H3H|Mycena_chlorophos	422	161	0.3815	47.4
GCA_029449255.1	Mycena polygramma	yes	H3H	JARKID010000292.1	+	10142	10618	1	45.8	0.000193	28.488	H3H|Mycena_chlorophos	422	161	0.3815	45.8
GCA_029449255.1	Mycena polygramma	yes	H3H	JARKID010000160.1	+	86840	87502	4	59.7	9.96e-09	30.508	H3H|Neonothopanus_nambi	422	235	0.5569	206.0
GCA_029449255.1	Mycena polygramma	yes	H3H	JARKID010000001.1	+	807154	808182	2	53.9	5.5e-07	26.296	H3H|Mycena_citricolor	419	342	0.8162	104.7
GCA_029449255.1	Mycena polygramma	yes	H3H	JARKID010000001.1	-	800347	801150	2	43.9	0.000664	26.667	H3H|Mycena_citricolor_2	420	260	0.619	87.4
GCA_029449255.1	Mycena polygramma	yes	H3H	JARKID010000001.1	-	856482	857240	2	53.5	7e-07	26.667	H3H|Mycena_citricolor	419	247	0.5895	107.0
GCA_029449255.1	Mycena polygramma	yes	H3H	JARKID010000001.1	-	1351091	1351306	1	44.3	0.000893	38.356	H3H|Omphalotus_olearius	540	69	0.1278	44.3
GCA_029449255.1	Mycena polygramma	yes	H3H	JARKID010000017.1	+	391910	392520	7	47.8	4.44e-05	54.545	H3H|Neonothopanus_nambi	422	155	0.3673	286.5
GCA_029449255.1	Mycena polygramma	yes	H3H	JARKID010000160.1	-	79141	80277	2	55.5	1.72e-07	24.396	H3H|Neonothopanus_nambi	422	378	0.8957	104.8
GCA_029449255.1	Mycena polygramma	yes	H3H	JARKID010000002.1	+	508398	509192	2	49.3	2.75e-05	26.071	H3H|Omphalotus_olearius	540	253	0.4685	93.6
GCA_029449255.1	Mycena polygramma	yes	H3H	JARKID010000003.1	-	1892682	1893217	2	94.0	6.27e-34	65.882	H3H|Omphalotus_olearius	540	153	0.2833	165.6
GCA_029449255.1	Mycena polygramma	yes	H3H	JARKID010000293.1	+	2660	3454	3	55.5	1.8e-07	27.599	H3H|Panellus_stipticus_3	428	223	0.521	164.9
GCA_029449255.1	Mycena polygramma	yes	H3H	JARKID010000046.1	+	58956	59591	3	52.0	2.57e-06	27.876	H3H|Panellus_stipticus	428	189	0.4416	156.0
GCA_029449255.1	Mycena polygramma	yes	H3H	JARKID010000084.1	+	143598	143918	3	45.4	0.000298	33.645	H3H|Panellus_stipticus	428	74	0.1729	133.6
GCA_029449255.1	Mycena polygramma	yes	H3H	JARKID010000049.1	+	192684	193004	3	45.4	0.000298	33.645	H3H|Panellus_stipticus	428	74	0.1729	133.6
GCA_029449255.1	Mycena polygramma	yes	CPH	JARKID010000002.1	+	698535	699697	22	226.0	3.5e-86	53.043	CPH|Neonothopanus_nambi	289	317	1.0969	2442.7
GCA_029449255.1	Mycena polygramma	yes	CPH	JARKID010000026.1	-	382168	382911	6	74.3	5.63e-14	30.0	CPH|Armillaria_gallica	302	214	0.7086	400.1
GCA_029449255.1	Mycena polygramma	yes	CPH	JARKID010000008.1	+	1213055	1213366	6	60.1	2.86e-09	40.244	CPH|Neonothopanus_gardneri	321	110	0.3427	339.7
GCA_029449255.1	Mycena polygramma	yes	CPH	JARKID010000245.1	-	76917	77878	24	47.4	3.33e-05	50.0	CPH|Armillaria_gallica	302	224	0.7417	915.2
GCA_029449255.1	Mycena polygramma	yes	Luz	JARKID010000079.1	+	343508	344362	12	393.0	5.17e-125	74.517	Luz|Armillaria_gallica	266	263	0.9887	4512.0
GCA_029449255.1	Mycena polygramma	yes	Luz	JARKID010000066.1	+	384210	384959	12	90.9	7.04e-20	29.07	Luz|Armillaria_ostoyae	266	237	0.891	1044.5
GCA_029449255.1	Mycena polygramma	yes	Luz	JARKID010000259.1	+	74270	75020	15	72.8	9.08e-14	40.909	Luz|Armillaria_mellea	266	237	0.891	934.3
GCA_029281435.1	Mycena haematopus	yes	HispS	JARJCV010000121.1	+	67824	73742	118	295.0	1.27e-165	54.513	HispS|Panellus_stipticus	1504	1772	1.1782	18793.1
GCA_029281435.1	Mycena haematopus	yes	HispS	JARJCV010000603.1	+	29	3806	83	278.0	3.69e-75	58.442	HispS|Panellus_stipticus	1504	1237	0.8225	12615.8
GCA_029281435.1	Mycena haematopus	yes	HispS	JARJCV010000096.1	-	149554	152061	35	176.0	3.63e-71	30.562	HispS|Mycena_citricolor	1678	786	0.4684	3004.4
GCA_029281435.1	Mycena haematopus	yes	HispS	JARJCV010000254.1	-	9936	12655	26	219.0	2.35e-67	28.358	HispS|Armillaria_ostoyae	1770	856	0.4836	2675.2
GCA_029281435.1	Mycena haematopus	yes	HispS	JARJCV010000110.1	+	75169	77465	28	120.0	2.34e-33	23.732	HispS|Neonothopanus_gardneri	1691	768	0.4542	1879.1
GCA_029281435.1	Mycena haematopus	yes	HispS	JARJCV010000017.1	+	117177	119710	21	143.0	1.3e-33	33.117	HispS|Armillaria_fuscipes	1774	865	0.4876	2200.4
GCA_029281435.1	Mycena haematopus	yes	HispS	JARJCV010000081.1	+	47193	50146	22	107.0	1.33e-36	26.644	HispS|Armillaria_gallica	1771	889	0.502	1676.6
GCA_029281435.1	Mycena haematopus	yes	HispS	JARJCV010000189.1	-	72899	75764	19	94.7	1.04e-18	27.393	HispS|Armillaria_ostoyae	1770	836	0.4723	1081.6
GCA_029281435.1	Mycena haematopus	yes	HispS	JARJCV010000740.1	+	6817	9813	31	77.0	3.22e-17	25.882	HispS|Armillaria_ostoyae	1770	840	0.4746	1473.6
GCA_029281435.1	Mycena haematopus	yes	HispS	JARJCV010000430.1	-	28712	30671	9	73.6	2.29e-12	26.531	HispS|Neonothopanus_gardneri	1691	379	0.2241	461.2
GCA_029281435.1	Mycena haematopus	yes	H3H	JARJCV010000121.1	+	63489	65086	29	262.0	2.15e-127	50.166	H3H|Mycena_citricolor	419	423	1.0095	6278.6
GCA_029281435.1	Mycena haematopus	yes	H3H	JARJCV010000346.1	-	21	4536	80	171.0	1.53e-65	36.22	H3H|Neonothopanus_gardneri	416	411	0.988	5491.1
GCA_029281435.1	Mycena haematopus	yes	H3H	JARJCV010000346.1	+	20833	28249	88	193.0	1.11e-53	37.798	H3H|Mycena_citricolor	419	392	0.9356	6695.6
GCA_029281435.1	Mycena haematopus	yes	H3H	JARJCV010000151.1	-	47450	53419	92	171.0	4.22e-64	36.22	H3H|Neonothopanus_gardneri	416	411	0.988	7215.5
GCA_029281435.1	Mycena haematopus	yes	H3H	JARJCV010000151.1	+	63821	72781	93	194.0	7.52e-54	37.91	H3H|Mycena_citricolor	419	408	0.9737	7253.8
GCA_029281435.1	Mycena haematopus	yes	H3H	JARJCV010000282.1	-	15148	19206	97	191.0	1.03e-52	32.805	H3H|Mycena_citricolor_2	420	415	0.9881	7877.3
GCA_029281435.1	Mycena haematopus	yes	H3H	JARJCV010000064.1	-	44443	45960	32	161.0	9.38e-54	40.562	H3H|Armillaria_ostoyae	426	423	0.993	3159.4
GCA_029281435.1	Mycena haematopus	yes	H3H	JARJCV010000231.1	-	44191	45653	52	95.1	1.52e-48	31.892	H3H|Armillaria_mellea	429	389	0.9068	3318.9
GCA_029281435.1	Mycena haematopus	yes	H3H	JARJCV010000118.1	-	81174	82547	42	138.0	1.21e-34	35.021	H3H|Panellus_stipticus_2	428	361	0.8435	3314.1
GCA_029281435.1	Mycena haematopus	yes	H3H	JARJCV010000212.1	-	42662	44133	54	95.1	3.4e-48	31.892	H3H|Armillaria_mellea	429	389	0.9068	3379.4
GCA_029281435.1	Mycena haematopus	yes	H3H	JARJCV010000083.1	+	11059	12595	49	120.0	9.86e-34	46.457	H3H|Armillaria_ostoyae	426	425	0.9977	3673.6
GCA_029281435.1	Mycena haematopus	yes	H3H	JARJCV010000029.1	+	23677	25131	68	107.0	8.94e-34	36.517	H3H|Panellus_stipticus	428	393	0.9182	3891.5
GCA_029281435.1	Mycena haematopus	yes	H3H	JARJCV010000037.1	+	147866	149044	14	126.0	7.67e-31	29.71	H3H|Armillaria_fuscipes	426	387	0.9085	1563.5
GCA_029281435.1	Mycena haematopus	yes	H3H	JARJCV010000457.1	+	23679	25064	29	58.2	1.51e-12	31.624	H3H|Panellus_stipticus	428	395	0.9229	1356.6
GCA_029281435.1	Mycena haematopus	yes	H3H	JARJCV010000240.1	-	15714	17068	23	94.4	3.58e-20	29.338	H3H|Panellus_stipticus	428	363	0.8481	1582.4
GCA_029281435.1	Mycena haematopus	yes	H3H	JARJCV010000015.1	-	150580	151871	20	80.9	9.94e-16	28.425	H3H|Panellus_stipticus	428	334	0.7804	1173.7
GCA_029281435.1	Mycena haematopus	yes	H3H	JARJCV010000220.1	+	18018	18773	14	68.9	6.64e-12	30.196	H3H|Guyanagaster_necrorhiza	443	208	0.4695	797.4
GCA_029281435.1	Mycena haematopus	yes	H3H	JARJCV010000045.1	-	87544	87843	5	56.2	4.92e-08	38.889	H3H|Armillaria_fuscipes	426	92	0.216	268.8
GCA_029281435.1	Mycena haematopus	yes	H3H	JARJCV010000266.1	-	61	339	14	65.5	6.8e-11	44.048	H3H|Panellus_stipticus	428	101	0.236	798.4
GCA_029281435.1	Mycena haematopus	yes	H3H	JARJCV010000856.1	+	2453	3286	14	65.5	7.11e-11	34.559	H3H|Panellus_stipticus	428	276	0.6449	800.1
GCA_029281435.1	Mycena haematopus	yes	H3H	JARJCV010000148.1	-	47711	48836	9	53.5	3.57e-07	35.955	H3H|Armillaria_fuscipes	426	204	0.4789	434.0
GCA_029281435.1	Mycena haematopus	yes	H3H	JARJCV010000148.1	+	59470	59733	7	50.1	4.9e-06	34.091	H3H|Armillaria_fuscipes	426	84	0.1972	332.8
GCA_029281435.1	Mycena haematopus	yes	H3H	JARJCV010000079.1	+	127175	128591	30	54.7	1.64e-07	28.125	H3H|Mycena_chlorophos	422	202	0.4787	1412.1
GCA_029281435.1	Mycena haematopus	yes	H3H	JARJCV010000009.1	+	55240	55986	14	56.6	4.28e-08	28.91	H3H|Mycena_citricolor	419	261	0.6229	743.1
GCA_029281435.1	Mycena haematopus	yes	H3H	JARJCV010000009.1	-	84773	85165	13	54.3	2.5e-07	62.791	H3H|Panellus_stipticus	428	126	0.2944	614.0
GCA_029281435.1	Mycena haematopus	yes	H3H	JARJCV010000135.1	-	28866	30189	24	59.3	8.84e-09	29.932	H3H|Omphalotus_olearius	540	272	0.5037	1186.5
GCA_029281435.1	Mycena haematopus	yes	H3H	JARJCV010000290.1	-	25566	26708	14	72.4	3.93e-13	24.146	H3H|Neonothopanus_gardneri	416	383	0.9207	752.6
GCA_029281435.1	Mycena haematopus	yes	H3H	JARJCV010000730.1	+	4853	5101	3	49.3	8.59e-06	35.632	H3H|Armillaria_fuscipes	426	83	0.1948	142.5
GCA_029281435.1	Mycena haematopus	yes	H3H	JARJCV010000016.1	-	53819	54805	15	57.0	3.34e-08	38.095	H3H|Panellus_stipticus	428	132	0.3084	758.3
GCA_029281435.1	Mycena haematopus	yes	H3H	JARJCV010000358.1	-	15071	16181	20	49.7	6.19e-06	29.412	H3H|Panellus_stipticus	428	210	0.4907	934.5
GCA_029281435.1	Mycena haematopus	yes	H3H	JARJCV010000205.1	-	13119	13460	7	47.8	2.29e-05	31.373	H3H|Armillaria_mellea	429	99	0.2308	314.3
GCA_029281435.1	Mycena haematopus	yes	H3H	JARJCV010000320.1	+	13995	15340	17	58.9	9.02e-09	31.469	H3H|Panellus_stipticus	428	209	0.4883	867.7
GCA_029281435.1	Mycena haematopus	yes	H3H	JARJCV010000033.1	-	40488	41111	9	50.8	2.92e-06	24.576	H3H|Guyanagaster_necrorhiza	443	207	0.4673	425.8
GCA_029281435.1	Mycena haematopus	yes	H3H	JARJCV010000699.1	-	6392	7137	16	50.1	4.93e-06	24.569	H3H|Guyanagaster_necrorhiza	443	235	0.5305	662.0
GCA_029281435.1	Mycena haematopus	yes	H3H	JARJCV010000194.1	-	59011	59226	4	47.0	3.7e-05	38.889	H3H|Neonothopanus_gardneri	416	66	0.1587	183.8
GCA_029281435.1	Mycena haematopus	yes	H3H	JARJCV010000255.1	-	14217	15428	6	55.8	1.01e-07	22.472	H3H|Omphalotus_olearius	540	388	0.7185	281.5
GCA_029281435.1	Mycena haematopus	yes	H3H	JARJCV010000255.1	-	46399	47547	1	46.2	9.91e-05	22.967	H3H|Omphalotus_olearius	540	377	0.6981	46.2
GCA_029281435.1	Mycena haematopus	yes	H3H	JARJCV010000002.1	+	640010	641086	3	57.4	3.61e-08	25.758	H3H|Omphalotus_olearius	540	378	0.7	164.1
GCA_029281435.1	Mycena haematopus	yes	H3H	JARJCV010000003.1	+	27271	28386	2	47.4	3.1e-05	24.623	H3H|Neonothopanus_gardneri	416	364	0.875	93.2
GCA_029281435.1	Mycena haematopus	yes	H3H	JARJCV010000054.1	+	69896	70334	2	91.7	9.44e-19	58.333	H3H|Omphalotus_olearius	540	128	0.237	156.8
GCA_029281435.1	Mycena haematopus	yes	H3H	JARJCV010000013.1	+	396486	396875	1	81.3	1.62e-15	46.212	H3H|Omphalotus_olearius	540	116	0.2148	81.3
GCA_029281435.1	Mycena haematopus	yes	H3H	JARJCV010000003.1	-	42004	43137	1	45.8	0.00013	24.46	H3H|Omphalotus_olearius	540	370	0.6852	45.8
GCA_029281435.1	Mycena haematopus	yes	H3H	JARJCV010000369.1	+	10947	11114	1	43.1	0.000793	41.071	H3H|Omphalotus_olearius	540	56	0.1037	43.1
GCA_029281435.1	Mycena haematopus	yes	H3H	JARJCV010000113.1	+	22868	23035	1	43.1	0.0008	41.071	H3H|Omphalotus_olearius	540	56	0.1037	43.1
GCA_029281435.1	Mycena haematopus	yes	H3H	JARJCV010000213.1	+	51787	52302	3	46.6	5.07e-05	24.713	H3H|Panellus_stipticus	428	150	0.3505	136.3
GCA_029281435.1	Mycena haematopus	yes	H3H	JARJCV010000131.1	-	91630	91779	1	42.7	0.000777	40.0	H3H|Panellus_stipticus	428	48	0.1121	42.7
GCA_029281435.1	Mycena haematopus	yes	CPH	JARJCV010000017.1	+	52582	53733	18	199.0	2.88e-57	48.148	CPH|Neonothopanus_nambi	289	317	1.0969	2312.9
GCA_029281435.1	Mycena haematopus	yes	CPH	JARJCV010000008.1	-	475444	476023	11	61.6	5.71e-13	48.101	CPH|Armillaria_gallica	302	172	0.5695	497.9
GCA_029281435.1	Mycena haematopus	yes	CPH	JARJCV010000998.1	-	4162	4446	6	64.3	6.16e-11	45.122	CPH|Neonothopanus_gardneri	321	110	0.3427	347.0
GCA_029281435.1	Mycena haematopus	yes	CPH	JARJCV010000018.1	+	69328	69796	2	42.7	9.63e-06	25.962	CPH|Neonothopanus_gardneri	321	121	0.3769	67.7
GCA_029281435.1	Mycena haematopus	yes	Luz	JARJCV010000121.1	-	62177	62969	36	270.0	1.23e-104	83.007	Luz|Armillaria_fuscipes	266	265	0.9962	4802.5
GCA_029281435.1	Mycena haematopus	yes	Luz	JARJCV010000003.1	-	513914	514722	17	56.6	8.4e-09	50.98	Luz|Mycena_citricolor	246	230	0.935	866.5
GCA_014462675.1	Mycena sanguinolenta	yes	HispS	JACAZH010000011.1	+	641023	646902	131	602.0	0.0	49.04	HispS|Panellus_stipticus_2	1601	1745	1.0899	18473.1
GCA_014462675.1	Mycena sanguinolenta	yes	HispS	JACAZH010000011.1	+	4724432	4727288	41	109.0	9.6e-23	29.26	HispS|Armillaria_ostoyae	1770	865	0.4887	2268.0
GCA_014462675.1	Mycena sanguinolenta	yes	HispS	JACAZH010000011.1	-	4681833	4684753	20	102.0	8.37e-21	25.823	HispS|Neonothopanus_gardneri	1691	782	0.4624	1434.0
GCA_014462675.1	Mycena sanguinolenta	yes	HispS	JACAZH010000004.1	-	6459630	6462357	27	175.0	5.62e-69	31.542	HispS|Armillaria_fuscipes	1774	853	0.4808	2757.0
GCA_014462675.1	Mycena sanguinolenta	yes	HispS	JACAZH010000004.1	-	7076115	7078800	17	100.0	4.4e-20	26.627	HispS|Neonothopanus_nambi	1678	625	0.3725	1306.1
GCA_014462675.1	Mycena sanguinolenta	yes	HispS	JACAZH010000004.1	-	7107874	7110561	19	101.0	2.35e-20	22.807	HispS|Neonothopanus_gardneri	1691	802	0.4743	1410.2
GCA_014462675.1	Mycena sanguinolenta	yes	HispS	JACAZH010000004.1	-	8084028	8084624	1	47.8	0.000387	23.333	HispS|Mycena_chlorophos	1652	171	0.1035	47.8
GCA_014462675.1	Mycena sanguinolenta	yes	HispS	JACAZH010000009.1	+	525153	528004	24	66.2	3.8e-11	27.869	HispS|Armillaria_ostoyae	1770	726	0.4102	1237.7
GCA_014462675.1	Mycena sanguinolenta	yes	HispS	JACAZH010000009.1	+	894651	895160	11	72.4	1.66e-11	28.488	HispS|Armillaria_mellea	1768	347	0.1963	733.1
GCA_014462675.1	Mycena sanguinolenta	yes	HispS	JACAZH010000009.1	+	919553	922115	19	100.0	3.31e-20	24.379	HispS|Neonothopanus_nambi	1678	695	0.4142	1377.5
GCA_014462675.1	Mycena sanguinolenta	yes	HispS	JACAZH010000014.1	+	3221936	3224697	19	87.4	3.8e-16	27.632	HispS|Armillaria_ostoyae	1770	756	0.4271	1083.7
GCA_014462675.1	Mycena sanguinolenta	yes	HispS	JACAZH010000010.1	-	1847815	1850157	21	95.1	6.4e-27	23.529	HispS|Neonothopanus_gardneri	1691	804	0.4755	1261.4
GCA_014462675.1	Mycena sanguinolenta	yes	HispS	JACAZH010000017.1	-	844596	846556	13	79.3	1.06e-13	28.631	HispS|Guyanagaster_necrorhiza	1766	773	0.4377	874.2
GCA_014462675.1	Mycena sanguinolenta	yes	HispS	JACAZH010000017.1	-	900829	903139	15	80.1	7.59e-14	29.279	HispS|Guyanagaster_necrorhiza	1766	683	0.3867	962.5
GCA_014462675.1	Mycena sanguinolenta	yes	HispS	JACAZH010000017.1	-	944431	945378	10	84.7	2.32e-15	28.889	HispS|Mycena_chlorophos	1652	386	0.2337	668.9
GCA_014462675.1	Mycena sanguinolenta	yes	HispS	JACAZH010000017.1	-	1066772	1067770	11	87.0	5.53e-16	28.274	HispS|Guyanagaster_necrorhiza	1766	500	0.2831	827.1
GCA_014462675.1	Mycena sanguinolenta	yes	HispS	JACAZH010000017.1	-	1138833	1141353	25	77.0	5.61e-13	26.117	HispS|Neonothopanus_nambi	1678	782	0.466	1201.0
GCA_014462675.1	Mycena sanguinolenta	yes	HispS	JACAZH010000013.1	-	1247280	1248241	18	69.7	3.81e-12	27.485	HispS|Armillaria_gallica	1771	277	0.1564	827.8
GCA_014462675.1	Mycena sanguinolenta	yes	HispS	JACAZH010000002.1	+	1426981	1429280	16	73.6	6.89e-12	26.721	HispS|Mycena_citricolor	1678	574	0.3421	913.5
GCA_014462675.1	Mycena sanguinolenta	yes	HispS	JACAZH010000003.1	-	8414157	8416643	19	86.3	9.81e-16	26.064	HispS|Neonothopanus_gardneri	1691	724	0.4281	916.1
GCA_014462675.1	Mycena sanguinolenta	yes	HispS	JACAZH010000003.1	+	5033647	5036404	13	99.8	7.6e-20	26.891	HispS|Mycena_citricolor	1678	808	0.4815	959.7
GCA_014462675.1	Mycena sanguinolenta	yes	HispS	JACAZH010000015.1	+	2556938	2559581	19	101.0	2.31e-20	24.561	HispS|Guyanagaster_necrorhiza	1766	838	0.4745	1463.6
GCA_014462675.1	Mycena sanguinolenta	yes	HispS	JACAZH010000050.1	+	260677	263450	13	94.0	4.51e-18	25.432	HispS|Neonothopanus_nambi	1678	665	0.3963	925.0
GCA_014462675.1	Mycena sanguinolenta	yes	HispS	JACAZH010000001.1	-	7221903	7229482	26	67.4	9.91e-20	27.684	HispS|Neonothopanus_gardneri	1691	736	0.4352	1363.0
GCA_014462675.1	Mycena sanguinolenta	yes	H3H	JACAZH010000011.1	+	607650	608378	14	150.0	2.71e-38	46.977	H3H|Panellus_stipticus_2	428	232	0.5421	1871.0
GCA_014462675.1	Mycena sanguinolenta	yes	H3H	JACAZH010000011.1	+	636254	637935	57	275.0	6.45e-119	50.962	H3H|Panellus_stipticus	428	435	1.0164	7746.7
GCA_014462675.1	Mycena sanguinolenta	yes	H3H	JACAZH010000011.1	+	1742535	1743650	5	55.5	2.6e-07	24.742	H3H|Armillaria_ostoyae	426	371	0.8709	262.4
GCA_014462675.1	Mycena sanguinolenta	yes	H3H	JACAZH010000011.1	+	2799938	2801647	19	58.2	3.29e-08	33.673	H3H|Panellus_stipticus	428	312	0.729	954.7
GCA_014462675.1	Mycena sanguinolenta	yes	H3H	JACAZH010000002.1	-	3998595	4000017	28	222.0	6.82e-63	40.683	H3H|Armillaria_ostoyae	426	402	0.9437	3525.2
GCA_014462675.1	Mycena sanguinolenta	yes	H3H	JACAZH010000002.1	-	4015992	4025808	138	221.0	5.9e-63	34.69	H3H|Neonothopanus_gardneri	416	429	1.0312	10896.9
GCA_014462675.1	Mycena sanguinolenta	yes	H3H	JACAZH010000002.1	-	4128030	4129439	14	234.0	4.46e-67	36.786	H3H|Mycena_chlorophos	422	402	0.9526	2929.0
GCA_014462675.1	Mycena sanguinolenta	yes	H3H	JACAZH010000002.1	-	4979597	4981048	42	105.0	6.25e-43	38.636	H3H|Panellus_stipticus_3	428	381	0.8902	3493.7
GCA_014462675.1	Mycena sanguinolenta	yes	H3H	JACAZH010000002.1	-	4990342	4991875	35	134.0	2.45e-44	33.333	H3H|Armillaria_ostoyae	426	391	0.9178	2952.1
GCA_014462675.1	Mycena sanguinolenta	yes	H3H	JACAZH010000002.1	-	5081210	5082539	31	112.0	6.3e-50	30.625	H3H|Armillaria_fuscipes	426	375	0.8803	3177.0
GCA_014462675.1	Mycena sanguinolenta	yes	H3H	JACAZH010000002.1	-	5141818	5158296	110	142.0	2.8e-41	37.179	H3H|Panellus_stipticus_2	428	421	0.9836	6798.7
GCA_014462675.1	Mycena sanguinolenta	yes	H3H	JACAZH010000002.1	-	5492528	5492650	1	44.3	0.000785	52.381	H3H|Guyanagaster_necrorhiza	443	42	0.0948	44.3
GCA_014462675.1	Mycena sanguinolenta	yes	H3H	JACAZH010000002.1	-	5529417	5530362	39	120.0	5.33e-31	42.857	H3H|Panellus_stipticus_2	428	300	0.7009	2798.2
GCA_014462675.1	Mycena sanguinolenta	yes	H3H	JACAZH010000002.1	-	5579764	5581143	37	115.0	4.58e-46	44.167	H3H|Armillaria_gallica	422	363	0.8602	3032.5
GCA_014462675.1	Mycena sanguinolenta	yes	H3H	JACAZH010000002.1	-	10755337	10756062	3	53.9	1.32e-06	25.911	H3H|Omphalotus_olearius	540	192	0.3556	147.1
GCA_014462675.1	Mycena sanguinolenta	yes	H3H	JACAZH010000002.1	+	4007612	4015369	69	143.0	3.71e-57	50.0	H3H|Neonothopanus_gardneri	416	382	0.9183	6215.4
GCA_014462675.1	Mycena sanguinolenta	yes	H3H	JACAZH010000002.1	+	4094342	4094599	13	62.0	2.4e-09	54.902	H3H|Mycena_chlorophos	422	94	0.2227	724.2
GCA_014462675.1	Mycena sanguinolenta	yes	H3H	JACAZH010000002.1	+	5039823	5041230	48	118.0	1.53e-27	44.444	H3H|Panellus_stipticus_2	428	399	0.9322	3511.6
GCA_014462675.1	Mycena sanguinolenta	yes	H3H	JACAZH010000002.1	+	5049171	5053290	16	165.0	2.21e-43	33.956	H3H|Panellus_stipticus_2	428	348	0.8131	2227.8
GCA_014462675.1	Mycena sanguinolenta	yes	H3H	JACAZH010000002.1	+	5168475	5169981	20	123.0	2.19e-29	34.532	H3H|Mycena_citricolor	419	372	0.8878	1959.2
GCA_014462675.1	Mycena sanguinolenta	yes	H3H	JACAZH010000002.1	+	5543464	5543826	9	55.1	3.54e-07	39.13	H3H|Mycena_citricolor	419	87	0.2076	444.9
GCA_014462675.1	Mycena sanguinolenta	yes	H3H	JACAZH010000002.1	+	7902464	7903787	21	58.9	3.14e-08	29.252	H3H|Omphalotus_olearius	540	263	0.487	1015.0
GCA_014462675.1	Mycena sanguinolenta	yes	H3H	JACAZH010000017.1	+	2439780	2444362	52	214.0	1.72e-60	35.912	H3H|Armillaria_ostoyae	426	423	0.993	6177.0
GCA_014462675.1	Mycena sanguinolenta	yes	H3H	JACAZH010000039.1	-	159903	161477	51	132.0	7.21e-53	47.183	H3H|Panellus_stipticus_2	428	405	0.9463	3548.0
GCA_014462675.1	Mycena sanguinolenta	yes	H3H	JACAZH010000039.1	+	344779	345548	12	56.2	1.33e-07	34.545	H3H|Armillaria_mellea	429	170	0.3963	624.5
GCA_014462675.1	Mycena sanguinolenta	yes	H3H	JACAZH010000003.1	-	10704991	10715053	93	147.0	7.54e-53	42.029	H3H|Armillaria_ostoyae	426	416	0.9765	7110.3
GCA_014462675.1	Mycena sanguinolenta	yes	H3H	JACAZH010000003.1	+	5432163	5432390	2	45.8	0.000252	38.961	H3H|Armillaria_fuscipes	426	69	0.162	89.7
GCA_014462675.1	Mycena sanguinolenta	yes	H3H	JACAZH010000003.1	+	8427026	8428612	70	82.0	1.06e-15	53.968	H3H|Armillaria_fuscipes	426	396	0.9296	3956.4
GCA_014462675.1	Mycena sanguinolenta	yes	H3H	JACAZH010000003.1	+	10372634	10373352	18	52.0	1.48e-08	31.776	H3H|Armillaria_mellea	429	208	0.4848	745.6
GCA_014462675.1	Mycena sanguinolenta	yes	H3H	JACAZH010000003.1	+	10383000	10383988	14	52.0	6.21e-14	32.407	H3H|Panellus_stipticus	428	259	0.6051	646.8
GCA_014462675.1	Mycena sanguinolenta	yes	H3H	JACAZH010000003.1	+	10475676	10476740	14	71.6	2.13e-12	26.036	H3H|Panellus_stipticus	428	335	0.7827	843.4
GCA_014462675.1	Mycena sanguinolenta	yes	H3H	JACAZH010000003.1	+	10774622	10775795	26	115.0	1.19e-30	28.531	H3H|Armillaria_fuscipes	426	401	0.9413	1862.7
GCA_014462675.1	Mycena sanguinolenta	yes	H3H	JACAZH010000003.1	+	11170530	11172418	50	83.6	2.56e-21	32.53	H3H|Armillaria_ostoyae	426	299	0.7019	2843.9
GCA_014462675.1	Mycena sanguinolenta	yes	H3H	JACAZH010000014.1	-	474675	476149	18	161.0	3.12e-42	34.513	H3H|Armillaria_gallica	422	368	0.872	2267.9
GCA_014462675.1	Mycena sanguinolenta	yes	H3H	JACAZH010000014.1	+	3178327	3186284	27	57.4	6.28e-08	33.735	H3H|Guyanagaster_necrorhiza	443	332	0.7494	1188.1
GCA_014462675.1	Mycena sanguinolenta	yes	H3H	JACAZH010000008.1	+	1619240	1620650	36	158.0	5.09e-40	36.246	H3H|Omphalotus_olearius	540	345	0.6389	3091.2
GCA_014462675.1	Mycena sanguinolenta	yes	H3H	JACAZH010000008.1	-	5205467	5212746	64	75.9	1.68e-23	48.649	H3H|Mycena_citricolor	419	378	0.9021	3414.4
GCA_014462675.1	Mycena sanguinolenta	yes	H3H	JACAZH010000025.1	+	178289	179726	28	131.0	5.09e-32	48.837	H3H|Armillaria_gallica	422	405	0.9597	3035.9
GCA_014462675.1	Mycena sanguinolenta	yes	H3H	JACAZH010000025.1	-	504741	505799	38	124.0	1.63e-29	30.392	H3H|Mycena_citricolor	419	314	0.7494	2888.8
GCA_014462675.1	Mycena sanguinolenta	yes	H3H	JACAZH010000001.1	+	2509552	2510036	2	110.0	6.24e-37	65.909	H3H|Omphalotus_olearius	540	143	0.2648	175.9
GCA_014462675.1	Mycena sanguinolenta	yes	H3H	JACAZH010000001.1	+	13197485	13198374	22	67.0	4.93e-14	28.017	H3H|Panellus_stipticus	428	283	0.6612	1037.9
GCA_014462675.1	Mycena sanguinolenta	yes	H3H	JACAZH010000001.1	+	13270781	13278421	72	98.6	1.14e-22	25.553	H3H|Omphalotus_olearius	540	393	0.7278	4065.5
GCA_014462675.1	Mycena sanguinolenta	yes	H3H	JACAZH010000001.1	+	15014089	15015199	7	49.7	1.71e-05	35.556	H3H|Armillaria_fuscipes	426	172	0.4038	330.0
GCA_014462675.1	Mycena sanguinolenta	yes	H3H	JACAZH010000001.1	-	3955246	3955533	4	45.1	0.000445	29.167	H3H|Armillaria_mellea	429	79	0.1841	177.6
GCA_014462675.1	Mycena sanguinolenta	yes	H3H	JACAZH010000001.1	-	13316085	13321190	36	85.5	4.47e-19	24.728	H3H|Omphalotus_olearius	540	406	0.7519	2175.8
GCA_014462675.1	Mycena sanguinolenta	yes	H3H	JACAZH010000010.1	-	860999	862253	23	59.3	2.33e-08	27.612	H3H|Omphalotus_olearius	540	334	0.6185	1204.3
GCA_014462675.1	Mycena sanguinolenta	yes	H3H	JACAZH010000010.1	-	4333483	4334448	14	91.3	9.75e-19	26.888	H3H|Neonothopanus_gardneri	416	297	0.7139	1178.1
GCA_014462675.1	Mycena sanguinolenta	yes	H3H	JACAZH010000006.1	-	623515	624898	20	64.7	6.94e-20	28.736	H3H|Panellus_stipticus	428	356	0.8318	923.7
GCA_014462675.1	Mycena sanguinolenta	yes	H3H	JACAZH010000006.1	-	636920	638360	24	69.7	6e-22	29.545	H3H|Panellus_stipticus	428	369	0.8621	1234.7
GCA_014462675.1	Mycena sanguinolenta	yes	H3H	JACAZH010000006.1	-	4068228	4069541	23	62.8	1.65e-09	39.048	H3H|Guyanagaster_necrorhiza	443	261	0.5892	1254.7
GCA_014462675.1	Mycena sanguinolenta	yes	H3H	JACAZH010000024.1	+	149015	150531	17	77.4	4.03e-16	26.521	H3H|Mycena_citricolor	419	388	0.926	963.6
GCA_014462675.1	Mycena sanguinolenta	yes	H3H	JACAZH010000005.1	+	1496081	1496360	6	36.6	0.00026	42.623	H3H|Panellus_stipticus	428	91	0.2126	190.6
GCA_014462675.1	Mycena sanguinolenta	yes	H3H	JACAZH010000005.1	+	3408928	3409188	7	55.5	2.64e-07	36.782	H3H|Armillaria_fuscipes	426	83	0.1948	356.3
GCA_014462675.1	Mycena sanguinolenta	yes	H3H	JACAZH010000005.1	+	3438953	3439270	12	59.3	1.78e-08	40.0	H3H|Armillaria_fuscipes	426	104	0.2441	605.8
GCA_014462675.1	Mycena sanguinolenta	yes	H3H	JACAZH010000021.1	-	95602	96308	15	57.4	5.91e-08	28.814	H3H|Armillaria_mellea	429	214	0.4988	717.7
GCA_014462675.1	Mycena sanguinolenta	yes	H3H	JACAZH010000004.1	-	6727496	6728023	11	51.2	5.74e-06	28.346	H3H|Panellus_stipticus	428	136	0.3178	526.4
GCA_014462675.1	Mycena sanguinolenta	yes	H3H	JACAZH010000004.1	-	8215399	8215701	5	50.8	6.09e-06	37.5	H3H|Armillaria_gallica	422	92	0.218	241.0
GCA_014462675.1	Mycena sanguinolenta	yes	H3H	JACAZH010000004.1	-	8239671	8250727	33	59.7	1.09e-08	32.353	H3H|Mycena_citricolor	419	253	0.6038	1624.3
GCA_014462675.1	Mycena sanguinolenta	yes	H3H	JACAZH010000004.1	+	6920930	6921868	9	48.1	4.41e-05	37.209	H3H|Armillaria_fuscipes	426	142	0.3333	413.6
GCA_014462675.1	Mycena sanguinolenta	yes	H3H	JACAZH010000004.1	+	8227959	8228210	9	50.8	7e-06	34.722	H3H|Armillaria_fuscipes	426	86	0.2019	423.3
GCA_014462675.1	Mycena sanguinolenta	yes	H3H	JACAZH010000004.1	+	8371556	8372056	13	50.8	7.33e-06	30.088	H3H|Mycena_citricolor	419	166	0.3962	624.6
GCA_014462675.1	Mycena sanguinolenta	yes	H3H	JACAZH010000096.1	-	75987	77098	6	48.1	4.9e-05	35.556	H3H|Armillaria_fuscipes	426	172	0.4038	277.2
GCA_014462675.1	Mycena sanguinolenta	yes	H3H	JACAZH010000022.1	+	798360	799905	15	71.2	4.99e-12	26.73	H3H|Omphalotus_olearius	540	331	0.613	850.2
GCA_014462675.1	Mycena sanguinolenta	yes	H3H	JACAZH010000033.1	-	1004233	1004742	6	51.2	4.88e-06	28.743	H3H|Mycena_citricolor	419	164	0.3914	295.5
GCA_014462675.1	Mycena sanguinolenta	yes	H3H	JACAZH010000011.1	-	1443578	1443898	4	46.2	0.00018	29.907	H3H|Mycena_citricolor	419	92	0.2196	181.8
GCA_014462675.1	Mycena sanguinolenta	yes	H3H	JACAZH010000021.1	+	275903	276276	4	34.3	0.000282	36.735	H3H|Mycena_citricolor	419	104	0.2482	129.0
GCA_014462675.1	Mycena sanguinolenta	yes	H3H	JACAZH010000005.1	-	124608	125681	3	55.1	3.08e-07	25.5	H3H|Neonothopanus_nambi	422	378	0.8957	159.8
GCA_014462675.1	Mycena sanguinolenta	yes	H3H	JACAZH010000032.1	-	521772	522131	3	46.6	0.000139	26.4	H3H|Panellus_stipticus	428	115	0.2687	137.1
GCA_014462675.1	Mycena sanguinolenta	yes	CPH	JACAZH010000041.1	+	200219	201376	29	142.0	3.77e-37	64.286	CPH|Neonothopanus_nambi	289	317	1.0969	2531.5
GCA_014462675.1	Mycena sanguinolenta	yes	CPH	JACAZH010000003.1	+	7407454	7410998	12	72.4	2.1e-13	36.552	CPH|Neonothopanus_nambi	289	179	0.6194	665.0
GCA_014462675.1	Mycena sanguinolenta	yes	CPH	JACAZH010000116.1	+	32195	36010	18	58.9	8.98e-09	33.065	CPH|Neonothopanus_gardneri	321	218	0.6791	924.4
GCA_014462675.1	Mycena sanguinolenta	yes	CPH	JACAZH010000011.1	-	1308787	1309077	6	63.9	2.36e-10	44.048	CPH|Neonothopanus_gardneri	321	112	0.3489	344.8
GCA_014462675.1	Mycena sanguinolenta	yes	CPH	JACAZH010000007.1	-	2462305	2462776	2	35.8	6.13e-05	27.16	CPH|Neonothopanus_gardneri	321	122	0.3801	66.2
GCA_014462675.1	Mycena sanguinolenta	yes	Luz	JACAZH010000011.1	-	606733	607515	27	224.0	7.23e-68	65.517	Luz|Panellus_stipticus	249	261	1.0482	4066.5
GCA_014462675.1	Mycena sanguinolenta	yes	Luz	JACAZH010000011.1	-	635088	635897	12	393.0	2.95e-125	73.208	Luz|Panellus_stipticus	249	261	1.0482	4543.0
GCA_014462675.1	Mycena sanguinolenta	yes	Luz	JACAZH010000006.1	-	2836850	2844639	23	69.7	8.68e-13	36.22	Luz|Mycena_citricolor	246	253	1.0285	1251.5
GCA_014462675.1	Mycena sanguinolenta	yes	Luz	JACAZH010000002.1	-	7063732	7067613	31	71.6	2.15e-13	28.571	Luz|Panellus_stipticus	249	245	0.9839	1726.7
GCA_014462675.1	Mycena sanguinolenta	yes	Luz	JACAZH010000008.1	+	3597276	3598079	16	69.7	1.03e-12	28.889	Luz|Panellus_stipticus_2	249	252	1.012	916.1
GCA_029203985.1	Mycena sanguinolenta	yes	HispS	JARGYH010000021.1	+	82025	83296	25	56.6	3.19e-13	31.25	HispS|Mycena_chlorophos	1652	391	0.2367	1019.9
GCA_029203985.1	Mycena sanguinolenta	yes	HispS	JARGYH010000021.1	+	315731	321620	122	541.0	0.0	61.422	HispS|Panellus_stipticus	1504	1759	1.1695	19504.3
GCA_029203985.1	Mycena sanguinolenta	yes	HispS	JARGYH010000023.1	+	153254	156011	26	162.0	1.37e-60	30.14	HispS|Armillaria_fuscipes	1774	864	0.487	2530.7
GCA_029203985.1	Mycena sanguinolenta	yes	HispS	JARGYH010000012.1	+	968169	971163	27	86.3	5.39e-17	28.682	HispS|Armillaria_ostoyae	1770	830	0.4689	1456.2
GCA_029203985.1	Mycena sanguinolenta	yes	HispS	JARGYH010000040.1	-	714897	717497	18	99.4	5.94e-20	24.494	HispS|Neonothopanus_nambi	1678	755	0.4499	1299.1
GCA_029203985.1	Mycena sanguinolenta	yes	HispS	JARGYH010000059.1	-	485243	507521	22	91.7	1.44e-17	26.117	HispS|Mycena_citricolor	1678	871	0.5191	1551.7
GCA_029203985.1	Mycena sanguinolenta	yes	HispS	JARGYH010000085.1	+	245689	248450	23	96.3	4.65e-34	25.941	HispS|Mycena_citricolor	1678	787	0.469	1224.3
GCA_029203985.1	Mycena sanguinolenta	yes	HispS	JARGYH010000017.1	-	1401364	1403792	17	97.8	1.93e-19	23.986	HispS|Mycena_chlorophos	1652	626	0.3789	1158.8
GCA_029203985.1	Mycena sanguinolenta	yes	HispS	JARGYH010000017.1	-	1487385	1488962	11	91.3	1.78e-17	27.356	HispS|Mycena_chlorophos	1652	661	0.4001	821.5
GCA_029203985.1	Mycena sanguinolenta	yes	HispS	JARGYH010000015.1	+	1630729	1633419	13	79.7	5.43e-14	26.515	HispS|Mycena_citricolor	1678	540	0.3218	835.4
GCA_029203985.1	Mycena sanguinolenta	yes	HispS	JARGYH010000002.1	+	822896	825819	36	101.0	2.07e-20	26.554	HispS|Guyanagaster_necrorhiza	1766	865	0.4898	1636.6
GCA_029203985.1	Mycena sanguinolenta	yes	HispS	JARGYH010000003.1	+	1529071	1531949	19	87.0	3.46e-16	26.875	HispS|Neonothopanus_gardneri	1691	595	0.3519	864.6
GCA_029203985.1	Mycena sanguinolenta	yes	HispS	JARGYH010000122.1	+	17711	20101	23	115.0	6.58e-25	26.481	HispS|Mycena_chlorophos	1652	680	0.4116	1367.1
GCA_029203985.1	Mycena sanguinolenta	yes	H3H	JARGYH010000021.1	+	310979	312626	21	401.0	3.53e-125	48.527	H3H|Panellus_stipticus_2	428	413	0.965	5323.3
GCA_029203985.1	Mycena sanguinolenta	yes	H3H	JARGYH010000063.1	+	140236	141756	28	210.0	8.56e-59	32.227	H3H|Guyanagaster_necrorhiza	443	430	0.9707	3497.8
GCA_029203985.1	Mycena sanguinolenta	yes	H3H	JARGYH010000003.1	+	599051	600465	31	172.0	1.3e-54	38.525	H3H|Mycena_chlorophos	422	399	0.9455	3425.5
GCA_029203985.1	Mycena sanguinolenta	yes	H3H	JARGYH010000003.1	+	873932	881267	57	177.0	6.77e-64	39.919	H3H|Mycena_chlorophos	422	411	0.9739	7189.5
GCA_029203985.1	Mycena sanguinolenta	yes	H3H	JARGYH010000003.1	+	1403632	1421174	149	146.0	2.74e-37	34.853	H3H|Armillaria_fuscipes	426	430	1.0094	12216.3
GCA_029203985.1	Mycena sanguinolenta	yes	H3H	JARGYH010000003.1	+	1486289	1487673	28	135.0	1.16e-33	31.268	H3H|Armillaria_fuscipes	426	392	0.9202	3304.0
GCA_029203985.1	Mycena sanguinolenta	yes	H3H	JARGYH010000003.1	-	865162	866698	42	135.0	2.17e-33	38.462	H3H|Panellus_stipticus_3	428	405	0.9463	4031.0
GCA_029203985.1	Mycena sanguinolenta	yes	H3H	JARGYH010000003.1	-	884536	888702	77	176.0	2.49e-47	35.783	H3H|Neonothopanus_gardneri	416	408	0.9808	6922.6
GCA_029203985.1	Mycena sanguinolenta	yes	H3H	JARGYH010000003.1	-	953090	954577	43	134.0	5.69e-37	55.639	H3H|Armillaria_ostoyae	426	417	0.9789	3402.2
GCA_029203985.1	Mycena sanguinolenta	yes	H3H	JARGYH010000003.1	-	1354313	1360246	94	114.0	1.53e-26	45.0	H3H|Armillaria_gallica	422	425	1.0071	6948.5
GCA_029203985.1	Mycena sanguinolenta	yes	H3H	JARGYH010000003.1	-	1518033	1519590	36	166.0	6.71e-44	47.674	H3H|Armillaria_fuscipes	426	435	1.0211	4242.4
GCA_029203985.1	Mycena sanguinolenta	yes	H3H	JARGYH010000003.1	-	1538366	1539737	29	114.0	1.42e-46	41.985	H3H|Panellus_stipticus_2	428	383	0.8949	2963.9
GCA_029203985.1	Mycena sanguinolenta	yes	H3H	JARGYH010000016.1	-	822769	824153	28	131.0	1.07e-54	32.602	H3H|Armillaria_fuscipes	426	390	0.9155	3064.9
GCA_029203985.1	Mycena sanguinolenta	yes	H3H	JARGYH010000013.1	+	785974	787405	56	135.0	1.03e-55	51.145	H3H|Panellus_stipticus_2	428	389	0.9089	4003.9
GCA_029203985.1	Mycena sanguinolenta	yes	H3H	JARGYH010000031.1	+	26109	27524	29	158.0	5.8e-53	36.842	H3H|Armillaria_fuscipes	426	404	0.9484	3203.0
GCA_029203985.1	Mycena sanguinolenta	yes	H3H	JARGYH010000005.1	+	1040905	1042440	30	120.0	1.88e-28	35.784	H3H|Panellus_stipticus_3	428	361	0.8435	3096.6
GCA_029203985.1	Mycena sanguinolenta	yes	H3H	JARGYH010000005.1	+	1062895	1065322	30	123.0	1.89e-29	36.275	H3H|Panellus_stipticus_3	428	361	0.8435	3106.2
GCA_029203985.1	Mycena sanguinolenta	yes	H3H	JARGYH010000049.1	-	247958	248775	17	147.0	2.14e-37	42.132	H3H|Armillaria_ostoyae	426	237	0.5563	2053.0
GCA_029203985.1	Mycena sanguinolenta	yes	H3H	JARGYH010000049.1	-	294467	296025	34	147.0	1.1e-37	41.579	H3H|Armillaria_ostoyae	426	387	0.9085	3278.1
GCA_029203985.1	Mycena sanguinolenta	yes	H3H	JARGYH010000049.1	-	667289	668441	27	125.0	6e-32	30.532	H3H|Armillaria_gallica	422	389	0.9218	1954.8
GCA_029203985.1	Mycena sanguinolenta	yes	H3H	JARGYH010000049.1	+	339735	340853	28	173.0	2.13e-46	34.324	H3H|Neonothopanus_nambi	422	307	0.7275	2915.8
GCA_029203985.1	Mycena sanguinolenta	yes	H3H	JARGYH010000101.1	-	145183	146689	68	86.3	2.7e-30	27.917	H3H|Mycena_chlorophos	422	402	0.9526	3582.8
GCA_029203985.1	Mycena sanguinolenta	yes	H3H	JARGYH010000057.1	-	38634	40080	55	125.0	3.43e-50	51.079	H3H|Mycena_chlorophos	422	405	0.9597	3543.2
GCA_029203985.1	Mycena sanguinolenta	yes	H3H	JARGYH010000001.1	-	4449040	4450474	20	66.6	5.76e-11	26.339	H3H|Panellus_stipticus	428	423	0.9883	1117.3
GCA_029203985.1	Mycena sanguinolenta	yes	H3H	JARGYH010000093.1	+	108529	109871	28	64.3	3.44e-16	27.984	H3H|Panellus_stipticus_2	428	361	0.8435	1422.8
GCA_029203985.1	Mycena sanguinolenta	yes	H3H	JARGYH010000030.1	+	454671	455630	14	79.7	3.85e-15	27.972	H3H|Panellus_stipticus	428	308	0.7196	970.7
GCA_029203985.1	Mycena sanguinolenta	yes	H3H	JARGYH010000030.1	+	469664	471091	36	83.2	2.98e-16	27.972	H3H|Panellus_stipticus	428	394	0.9206	1719.5
GCA_029203985.1	Mycena sanguinolenta	yes	H3H	JARGYH010000030.1	+	489550	490916	26	78.6	7.59e-18	29.545	H3H|Panellus_stipticus	428	394	0.9206	1371.4
GCA_029203985.1	Mycena sanguinolenta	yes	H3H	JARGYH010000123.1	-	53567	54781	14	66.2	7.59e-11	28.627	H3H|Mycena_citricolor_2	420	324	0.7714	827.9
GCA_029203985.1	Mycena sanguinolenta	yes	H3H	JARGYH010000012.1	+	900711	901900	28	64.7	2.28e-10	29.07	H3H|Neonothopanus_nambi	422	390	0.9242	1626.2
GCA_029203985.1	Mycena sanguinolenta	yes	H3H	JARGYH010000041.1	-	647004	647201	1	44.7	0.000383	39.437	H3H|Neonothopanus_nambi	422	71	0.1682	44.7
GCA_029203985.1	Mycena sanguinolenta	yes	H3H	JARGYH010000041.1	-	926807	927940	6	58.5	1.81e-08	24.615	H3H|Armillaria_fuscipes	426	375	0.8803	320.7
GCA_029203985.1	Mycena sanguinolenta	yes	H3H	JARGYH010000007.1	-	1474314	1475390	15	58.5	1.91e-08	40.0	H3H|Armillaria_fuscipes	426	168	0.3944	748.5
GCA_029203985.1	Mycena sanguinolenta	yes	H3H	JARGYH010000007.1	-	1498499	1498762	9	55.5	1.87e-07	35.227	H3H|Armillaria_fuscipes	426	85	0.1995	451.4
GCA_029203985.1	Mycena sanguinolenta	yes	H3H	JARGYH010000008.1	+	1124605	1128094	35	73.2	1.19e-13	25.969	H3H|Guyanagaster_necrorhiza	443	298	0.6727	1752.0
GCA_029203985.1	Mycena sanguinolenta	yes	H3H	JARGYH010000084.1	-	142801	143791	27	52.4	1.04e-08	24.339	H3H|Guyanagaster_necrorhiza	443	298	0.6727	1011.3
GCA_029203985.1	Mycena sanguinolenta	yes	H3H	JARGYH010000028.1	-	616089	617442	29	55.5	1.97e-07	32.11	H3H|Armillaria_mellea	429	314	0.7319	1318.7
GCA_029203985.1	Mycena sanguinolenta	yes	H3H	JARGYH010000106.1	-	163128	164212	16	52.8	1.18e-06	40.0	H3H|Armillaria_fuscipes	426	171	0.4014	752.9
GCA_029203985.1	Mycena sanguinolenta	yes	H3H	JARGYH010000106.1	+	148238	148486	7	46.2	0.000125	34.118	H3H|Armillaria_fuscipes	426	81	0.1901	311.9
GCA_029203985.1	Mycena sanguinolenta	yes	H3H	JARGYH010000070.1	+	158703	159437	14	57.8	3e-08	40.86	H3H|Panellus_stipticus	428	266	0.6215	744.9
GCA_029203985.1	Mycena sanguinolenta	yes	H3H	JARGYH010000040.1	-	727786	728160	8	52.4	1.54e-06	30.159	H3H|Armillaria_fuscipes	426	119	0.2793	382.9
GCA_029203985.1	Mycena sanguinolenta	yes	H3H	JARGYH010000002.1	-	2644452	2645090	8	54.3	6.81e-07	29.384	H3H|Omphalotus_olearius	540	166	0.3074	398.9
GCA_029203985.1	Mycena sanguinolenta	yes	H3H	JARGYH010000050.1	-	454102	455275	21	61.6	3.3e-09	30.405	H3H|Omphalotus_olearius	540	233	0.4315	1039.3
GCA_029203985.1	Mycena sanguinolenta	yes	H3H	JARGYH010000043.1	+	38886	39459	12	50.8	5.54e-06	39.655	H3H|Panellus_stipticus	428	136	0.3178	511.4
GCA_029203985.1	Mycena sanguinolenta	yes	H3H	JARGYH010000043.1	+	252760	253020	6	51.2	3.33e-06	34.483	H3H|Armillaria_fuscipes	426	83	0.1948	298.3
GCA_029203985.1	Mycena sanguinolenta	yes	H3H	JARGYH010000051.1	-	478538	479652	10	51.6	3.03e-06	35.0	H3H|Neonothopanus_nambi	422	184	0.436	483.6
GCA_029203985.1	Mycena sanguinolenta	yes	H3H	JARGYH010000081.1	-	232452	233176	23	51.6	2.6e-06	25.926	H3H|Armillaria_ostoyae	426	223	0.5235	956.2
GCA_029203985.1	Mycena sanguinolenta	yes	H3H	JARGYH010000025.1	-	40601	40915	8	51.6	2.85e-06	30.476	H3H|Armillaria_mellea	429	89	0.2075	386.7
GCA_029203985.1	Mycena sanguinolenta	yes	H3H	JARGYH010000020.1	+	400836	402249	23	59.3	1.01e-08	34.066	H3H|Panellus_stipticus	428	233	0.5444	1180.0
GCA_029203985.1	Mycena sanguinolenta	yes	H3H	JARGYH010000020.1	+	1096434	1097144	6	60.5	8.17e-09	26.556	H3H|Omphalotus_olearius	540	183	0.3389	302.4
GCA_029203985.1	Mycena sanguinolenta	yes	H3H	JARGYH010000029.1	-	645658	647000	27	65.9	4.25e-14	27.309	H3H|Panellus_stipticus_2	428	327	0.764	1282.7
GCA_029203985.1	Mycena sanguinolenta	yes	H3H	JARGYH010000029.1	-	844617	844835	6	47.4	5.9e-05	43.548	H3H|Neonothopanus_gardneri	416	74	0.1779	272.0
GCA_029203985.1	Mycena sanguinolenta	yes	H3H	JARGYH010000026.1	+	541670	541897	2	45.8	0.000183	34.211	H3H|Armillaria_gallica	422	67	0.1588	90.5
GCA_029203985.1	Mycena sanguinolenta	yes	H3H	JARGYH010000099.1	+	145991	146185	13	53.9	5e-07	42.029	H3H|Mycena_citricolor	419	84	0.2005	625.0
GCA_029203985.1	Mycena sanguinolenta	yes	H3H	JARGYH010000011.1	-	924955	925503	1	43.9	0.000626	24.731	H3H|Armillaria_mellea	429	152	0.3543	43.9
GCA_029203985.1	Mycena sanguinolenta	yes	H3H	JARGYH010000004.1	-	1405091	1405678	1	51.6	2.73e-06	23.383	H3H|Mycena_chlorophos	422	173	0.41	51.6
GCA_029203985.1	Mycena sanguinolenta	yes	H3H	JARGYH010000026.1	-	573814	574041	1	43.5	0.000786	36.364	H3H|Mycena_citricolor	419	73	0.1742	43.5
GCA_029203985.1	Mycena sanguinolenta	yes	H3H	JARGYH010000001.1	+	2186507	2187445	2	52.0	1.97e-06	25.215	H3H|Neonothopanus_nambi	422	323	0.7654	100.1
GCA_029203985.1	Mycena sanguinolenta	yes	H3H	JARGYH010000119.1	+	180455	180652	2	43.9	0.000729	37.879	H3H|Neonothopanus_nambi	422	70	0.1659	87.4
GCA_029203985.1	Mycena sanguinolenta	yes	H3H	JARGYH010000041.1	+	641716	641958	1	47.4	5.1e-05	38.372	H3H|Neonothopanus_nambi	422	85	0.2014	47.4
GCA_029203985.1	Mycena sanguinolenta	yes	H3H	JARGYH010000011.1	+	7937	8452	1	148.0	7.92e-37	54.545	H3H|Omphalotus_olearius	540	155	0.287	148.0
GCA_029203985.1	Mycena sanguinolenta	yes	H3H	JARGYH010000010.1	+	630434	631096	1	43.9	0.000892	23.913	H3H|Omphalotus_olearius	540	194	0.3593	43.9
GCA_029203985.1	Mycena sanguinolenta	yes	H3H	JARGYH010000002.1	+	3040542	3040832	3	46.2	0.000141	31.313	H3H|Panellus_stipticus	428	89	0.2079	135.6
GCA_029203985.1	Mycena sanguinolenta	yes	CPH	JARGYH010000002.1	+	84839	85994	17	279.0	4.82e-85	47.353	CPH|Neonothopanus_nambi	289	317	1.0969	2224.5
GCA_029203985.1	Mycena sanguinolenta	yes	CPH	JARGYH010000041.1	-	523195	523899	6	63.5	2.04e-10	26.432	CPH|Neonothopanus_gardneri	321	174	0.5421	350.0
GCA_029203985.1	Mycena sanguinolenta	yes	CPH	JARGYH010000060.1	+	202204	205751	17	57.4	1.62e-08	52.381	CPH|Armillaria_gallica	302	185	0.6126	855.7
GCA_029203985.1	Mycena sanguinolenta	yes	CPH	JARGYH010000009.1	+	248433	249044	5	56.6	3.6e-08	25.0	CPH|Neonothopanus_gardneri	321	180	0.5607	254.1
GCA_029203985.1	Mycena sanguinolenta	yes	Luz	JARGYH010000021.1	-	309671	310487	24	271.0	5.94e-106	82.237	Luz|Panellus_stipticus	249	263	1.0562	4652.0
GCA_029203985.1	Mycena sanguinolenta	yes	Luz	JARGYH010000003.1	-	2720614	2720859	12	59.3	1.89e-09	54.902	Luz|Mycena_citricolor	246	81	0.3293	662.1
GCA_001612595.1	Mycena chlorophos	no	HispS	BAYG01017305.1	+	1	2864	53	1041.0	0.0	86.667	HispS|Mycena_chlorophos	1652	999	0.6047	9118.8
GCA_001612595.1	Mycena chlorophos	no	HispS	BAYG01017304.1	+	11042	13866	35	989.0	0.0	75.994	HispS|Mycena_chlorophos	1652	845	0.5115	7848.8
GCA_001612595.1	Mycena chlorophos	no	HispS	BAYG01021829.1	-	3	314	11	78.6	1.27e-16	37.374	HispS|Armillaria_gallica	1771	270	0.1525	798.1
GCA_001612595.1	Mycena chlorophos	no	HispS	BAYG01021826.1	-	2994	3788	10	67.8	7.49e-11	25.097	HispS|Armillaria_gallica	1771	419	0.2366	594.0
GCA_001612595.1	Mycena chlorophos	no	HispS	BAYG01021828.1	-	50	502	8	58.2	2.65e-09	32.117	HispS|Panellus_stipticus_2	1601	323	0.2017	430.7
GCA_001612595.1	Mycena chlorophos	no	HispS	BAYG01022711.1	+	3922	4338	1	51.6	6.53e-06	29.054	HispS|Armillaria_ostoyae	1770	142	0.0802	51.6
GCA_001612595.1	Mycena chlorophos	no	HispS	BAYG01021827.1	-	292	582	2	45.4	9.1e-05	30.275	HispS|Neonothopanus_nambi	1678	99	0.059	90.1
GCA_001612595.1	Mycena chlorophos	no	H3H	BAYG01017304.1	+	7113	8773	64	276.0	7.33e-141	64.231	H3H|Mycena_chlorophos	422	429	1.0166	6927.3
GCA_001612595.1	Mycena chlorophos	no	H3H	BAYG01024688.1	+	1707	3142	50	122.0	1.75e-32	49.612	H3H|Panellus_stipticus_2	428	342	0.7991	3317.1
GCA_001612595.1	Mycena chlorophos	no	H3H	BAYG01007540.1	-	1	3440	77	134.0	3.31e-47	35.945	H3H|Mycena_chlorophos	422	415	0.9834	6444.2
GCA_001612595.1	Mycena chlorophos	no	H3H	BAYG01013080.1	-	573	1994	31	106.0	8.07e-42	44.531	H3H|Mycena_citricolor	419	383	0.9141	2681.9
GCA_001612595.1	Mycena chlorophos	no	H3H	BAYG01017048.1	-	539	1941	42	134.0	2.73e-46	47.328	H3H|Panellus_stipticus_2	428	402	0.9393	3141.0
GCA_001612595.1	Mycena chlorophos	no	H3H	BAYG01007552.1	-	1822	2886	33	150.0	3.81e-39	32.174	H3H|Armillaria_fuscipes	426	304	0.7136	2771.2
GCA_001612595.1	Mycena chlorophos	no	H3H	BAYG01021616.1	+	6476	7816	26	155.0	1.12e-40	36.301	H3H|Mycena_citricolor	419	355	0.8473	2351.3
GCA_001612595.1	Mycena chlorophos	no	H3H	BAYG01011811.1	-	2127	3693	44	148.0	8.02e-48	35.371	H3H|Neonothopanus_gardneri	416	398	0.9567	3374.6
GCA_001612595.1	Mycena chlorophos	no	H3H	BAYG01022979.1	+	8180	9446	28	115.0	1.1e-30	29.345	H3H|Guyanagaster_necrorhiza	443	420	0.9481	1917.9
GCA_001612595.1	Mycena chlorophos	no	H3H	BAYG01021624.1	+	854	2250	29	113.0	1.12e-26	48.673	H3H|Panellus_stipticus_2	428	337	0.7874	2869.6
GCA_001612595.1	Mycena chlorophos	no	H3H	BAYG01011541.1	+	566	1894	14	117.0	3.44e-28	28.261	H3H|Neonothopanus_nambi	422	425	1.0071	1389.4
GCA_001612595.1	Mycena chlorophos	no	H3H	BAYG01022630.1	-	570	1959	46	106.0	8.49e-41	45.133	H3H|Panellus_stipticus	428	357	0.8341	3235.2
GCA_001612595.1	Mycena chlorophos	no	H3H	BAYG01016372.1	-	1445	2743	14	107.0	1.23e-24	25.734	H3H|Neonothopanus_nambi	422	420	0.9953	1168.9
GCA_001612595.1	Mycena chlorophos	no	H3H	BAYG01016477.1	+	1386	1770	14	47.8	6.07e-10	37.5	H3H|Armillaria_fuscipes	426	111	0.2606	561.3
GCA_001612595.1	Mycena chlorophos	no	H3H	BAYG01010564.1	-	1	729	41	63.5	1.19e-21	55.556	H3H|Panellus_stipticus_3	428	229	0.535	1858.2
GCA_001612595.1	Mycena chlorophos	no	H3H	BAYG01006891.1	-	2087	2455	11	53.9	1.69e-07	42.623	H3H|Armillaria_fuscipes	426	114	0.2676	540.2
GCA_001612595.1	Mycena chlorophos	no	H3H	BAYG01000553.1	-	6242	7508	23	62.0	8.22e-12	23.585	H3H|Mycena_chlorophos	422	324	0.7678	1097.2
GCA_001612595.1	Mycena chlorophos	no	H3H	BAYG01006892.1	-	459	920	11	51.2	7.2e-07	40.964	H3H|Armillaria_fuscipes	426	153	0.3592	505.2
GCA_001612595.1	Mycena chlorophos	no	H3H	BAYG01017227.1	+	2	309	21	50.1	7.61e-08	42.308	H3H|Mycena_citricolor	419	91	0.2172	816.5
GCA_001612595.1	Mycena chlorophos	no	H3H	BAYG01016478.1	+	2	337	14	58.5	5.95e-10	35.789	H3H|Panellus_stipticus	428	106	0.2477	680.1
GCA_001612595.1	Mycena chlorophos	no	H3H	BAYG01020136.1	+	136	367	8	36.6	0.000266	40.541	H3H|Armillaria_fuscipes	426	57	0.1338	248.5
GCA_001612595.1	Mycena chlorophos	no	H3H	BAYG01004158.1	-	1141	1410	4	44.7	0.000118	35.294	H3H|Neonothopanus_nambi	422	93	0.2204	173.6
GCA_001612595.1	Mycena chlorophos	no	H3H	BAYG01007539.1	-	611	760	6	46.6	1.21e-05	46.0	H3H|Armillaria_ostoyae	426	57	0.1338	266.2
GCA_001612595.1	Mycena chlorophos	no	H3H	BAYG01021853.1	-	1173	1346	1	43.1	0.000383	40.984	H3H|Armillaria_fuscipes	426	61	0.1432	43.1
GCA_001612595.1	Mycena chlorophos	no	H3H	BAYG01000380.1	-	9318	12521	18	53.1	2.84e-07	30.496	H3H|Neonothopanus_gardneri	416	321	0.7716	753.3
GCA_001612595.1	Mycena chlorophos	no	H3H	BAYG01020138.1	+	109	426	14	55.1	4.2e-08	42.029	H3H|Omphalotus_olearius	540	111	0.2056	627.0
GCA_001612595.1	Mycena chlorophos	no	H3H	BAYG01017960.1	+	621	869	3	43.5	0.000272	31.522	H3H|Mycena_citricolor	419	94	0.2243	129.4
GCA_001612595.1	Mycena chlorophos	no	H3H	BAYG01002355.1	+	488	661	5	42.7	0.000266	37.931	H3H|Mycena_chlorophos	422	54	0.128	211.0
GCA_001612595.1	Mycena chlorophos	no	H3H	BAYG01000620.1	+	17933	18262	3	45.4	7.8e-05	34.146	H3H|Mycena_citricolor_2	420	97	0.231	132.8
GCA_001612595.1	Mycena chlorophos	no	H3H	BAYG01022157.1	-	9705	10508	7	47.4	2.75e-05	26.812	H3H|Omphalotus_olearius	540	290	0.537	308.6
GCA_001612595.1	Mycena chlorophos	no	H3H	BAYG01003991.1	-	4686	5396	4	48.1	1.09e-05	26.291	H3H|Neonothopanus_gardneri	416	196	0.4712	187.9
GCA_001612595.1	Mycena chlorophos	no	H3H	BAYG01012323.1	+	79	342	2	43.9	5.26e-05	30.851	H3H|Mycena_chlorophos	422	94	0.2227	83.9
GCA_001612595.1	Mycena chlorophos	no	H3H	BAYG01000213.1	+	6198	6392	2	44.7	0.000146	40.0	H3H|Mycena_citricolor	419	60	0.1432	89.4
GCA_001612595.1	Mycena chlorophos	no	H3H	BAYG01013397.1	-	2719	3366	7	49.7	3.46e-06	26.484	H3H|Neonothopanus_gardneri	416	199	0.4784	321.2
GCA_001612595.1	Mycena chlorophos	no	H3H	BAYG01012986.1	-	4713	5315	4	46.2	4.22e-05	25.98	H3H|Neonothopanus_gardneri	416	181	0.4351	176.7
GCA_001612595.1	Mycena chlorophos	no	H3H	BAYG01017316.1	-	531	1031	2	44.3	0.000169	30.058	H3H|Neonothopanus_gardneri	416	164	0.3942	88.2
GCA_001612595.1	Mycena chlorophos	no	H3H	BAYG01007221.1	+	4544	4750	2	43.5	0.000296	40.58	H3H|Neonothopanus_nambi	422	60	0.1422	85.5
GCA_001612595.1	Mycena chlorophos	no	H3H	BAYG01021233.1	-	16079	16336	1	42.0	0.001	32.967	H3H|Neonothopanus_nambi	422	91	0.2156	42.0
GCA_001612595.1	Mycena chlorophos	no	H3H	BAYG01003273.1	-	534	1177	2	100.0	1.57e-35	59.091	H3H|Omphalotus_olearius	540	153	0.2833	168.9
GCA_001612595.1	Mycena chlorophos	no	H3H	BAYG01015587.1	+	6151	6591	3	43.1	0.000456	25.949	H3H|Panellus_stipticus	428	142	0.3318	128.6
GCA_001612595.1	Mycena chlorophos	no	CPH	BAYG01016943.1	+	5900	6898	18	195.0	1.1e-55	40.419	CPH|Neonothopanus_gardneri	321	289	0.9003	1694.9
GCA_001612595.1	Mycena chlorophos	no	CPH	BAYG01011137.1	+	2	447	17	94.4	5.55e-30	75.0	CPH|Armillaria_fuscipes	294	132	0.449	959.5
GCA_001612595.1	Mycena chlorophos	no	CPH	BAYG01016944.1	+	5	241	6	101.0	6.43e-27	60.759	CPH|Neonothopanus_gardneri	321	90	0.2804	581.8
GCA_001612595.1	Mycena chlorophos	no	CPH	BAYG01020938.1	+	31	670	12	77.4	1.66e-16	42.424	CPH|Neonothopanus_gardneri	321	208	0.648	717.7
GCA_001612595.1	Mycena chlorophos	no	CPH	BAYG01025216.1	+	50	459	8	48.1	1.38e-06	34.483	CPH|Neonothopanus_gardneri	321	115	0.3583	303.0
GCA_001612595.1	Mycena chlorophos	no	CPH	BAYG01016948.1	+	1	78	4	42.7	0.000219	69.231	CPH|Armillaria_ostoyae	302	29	0.096	167.5
GCA_001612595.1	Mycena chlorophos	no	Luz	BAYG01017304.1	-	6219	7020	24	323.0	5.1e-142	100.0	Luz|Mycena_chlorophos	251	264	1.0518	4597.0
GCA_001612595.1	Mycena chlorophos	no	Luz	BAYG01018359.1	+	104	553	12	72.0	5.23e-15	42.157	Luz|Armillaria_mellea	266	139	0.5226	807.2
GCA_014461115.1	Mycena chlorophos	yes	HispS	JACAZE010000010.1	+	392571	398465	76	705.0	0.0	80.58	HispS|Mycena_chlorophos	1652	1752	1.0605	17165.0
GCA_014461115.1	Mycena chlorophos	yes	HispS	JACAZE010000002.1	-	597392	600342	18	271.0	1.28e-72	30.653	HispS|Mycena_citricolor	1678	989	0.5894	2972.5
GCA_014461115.1	Mycena chlorophos	yes	HispS	JACAZE010000019.1	-	776065	776481	1	50.8	1.59e-05	28.378	HispS|Armillaria_ostoyae	1770	142	0.0802	50.8
GCA_014461115.1	Mycena chlorophos	yes	HispS	JACAZE010000052.1	+	17878	18213	1	46.6	0.000272	31.933	HispS|Mycena_citricolor	1678	112	0.0667	46.6
GCA_014461115.1	Mycena chlorophos	yes	HispS	JACAZE010000016.1	+	693754	694089	1	45.8	0.000485	31.933	HispS|Mycena_citricolor	1678	112	0.0667	45.8
GCA_014461115.1	Mycena chlorophos	yes	H3H	JACAZE010000010.1	+	388634	390274	81	192.0	6.8e-174	64.286	H3H|Mycena_chlorophos	422	431	1.0213	7485.5
GCA_014461115.1	Mycena chlorophos	yes	H3H	JACAZE010000010.1	+	460470	461607	4	42.7	0.000665	40.385	H3H|Mycena_citricolor	419	239	0.5704	170.2
GCA_014461115.1	Mycena chlorophos	yes	H3H	JACAZE010000028.1	-	188081	189487	32	153.0	1.12e-39	29.412	H3H|Guyanagaster_necrorhiza	443	402	0.9074	2996.5
GCA_014461115.1	Mycena chlorophos	yes	H3H	JACAZE010000028.1	-	254523	255934	26	189.0	3.35e-52	34.936	H3H|Panellus_stipticus_2	428	367	0.8575	3134.2
GCA_014461115.1	Mycena chlorophos	yes	H3H	JACAZE010000028.1	-	288759	290147	32	110.0	8.25e-44	46.018	H3H|Panellus_stipticus	428	333	0.778	2683.3
GCA_014461115.1	Mycena chlorophos	yes	H3H	JACAZE010000028.1	+	204904	205748	28	77.4	8.65e-15	38.519	H3H|Mycena_citricolor	419	285	0.6802	1752.4
GCA_014461115.1	Mycena chlorophos	yes	H3H	JACAZE010000028.1	+	219303	220755	30	136.0	3.2e-48	34.454	H3H|Panellus_stipticus_2	428	394	0.9206	2821.6
GCA_014461115.1	Mycena chlorophos	yes	H3H	JACAZE010000028.1	+	297281	300662	49	134.0	2.07e-33	29.146	H3H|Panellus_stipticus	428	404	0.9439	5094.8
GCA_014461115.1	Mycena chlorophos	yes	H3H	JACAZE010000028.1	+	320233	321677	28	117.0	1.09e-27	49.558	H3H|Panellus_stipticus_2	428	307	0.7173	2758.6
GCA_014461115.1	Mycena chlorophos	yes	H3H	JACAZE010000006.1	-	2166996	2168533	32	158.0	1.06e-41	36.826	H3H|Neonothopanus_nambi	422	384	0.91	2793.7
GCA_014461115.1	Mycena chlorophos	yes	H3H	JACAZE010000002.1	-	549826	550767	14	109.0	3.15e-25	27.103	H3H|Armillaria_ostoyae	426	289	0.6784	1373.2
GCA_014461115.1	Mycena chlorophos	yes	H3H	JACAZE010000002.1	-	1042860	1044211	28	144.0	1.14e-43	36.948	H3H|Mycena_chlorophos	422	386	0.9147	2487.5
GCA_014461115.1	Mycena chlorophos	yes	H3H	JACAZE010000002.1	+	3392330	3392740	13	53.5	3.34e-07	44.262	H3H|Armillaria_fuscipes	426	134	0.3146	627.4
GCA_014461115.1	Mycena chlorophos	yes	H3H	JACAZE010000011.1	-	547307	548554	14	138.0	1.06e-34	30.273	H3H|Guyanagaster_necrorhiza	443	414	0.9345	1714.0
GCA_014461115.1	Mycena chlorophos	yes	H3H	JACAZE010000020.1	-	212728	213668	28	130.0	9.09e-41	32.636	H3H|Omphalotus_olearius	540	285	0.5278	2581.2
GCA_014461115.1	Mycena chlorophos	yes	H3H	JACAZE010000020.1	-	245361	246478	28	107.0	8.38e-37	30.085	H3H|Mycena_citricolor	419	320	0.7637	2207.7
GCA_014461115.1	Mycena chlorophos	yes	H3H	JACAZE010000023.1	-	489296	490627	14	117.0	1.07e-27	26.834	H3H|Panellus_stipticus	428	426	0.9953	1382.2
GCA_014461115.1	Mycena chlorophos	yes	H3H	JACAZE010000023.1	+	493439	494737	14	105.0	4.78e-24	25.734	H3H|Neonothopanus_nambi	422	420	0.9953	1132.9
GCA_014461115.1	Mycena chlorophos	yes	H3H	JACAZE010000001.1	-	3270340	3271460	21	54.3	3.05e-07	40.58	H3H|Omphalotus_olearius	540	325	0.6019	970.2
GCA_014461115.1	Mycena chlorophos	yes	H3H	JACAZE010000009.1	-	467986	468464	2	105.0	2.34e-36	62.069	H3H|Omphalotus_olearius	540	141	0.2611	172.4
GCA_014461115.1	Mycena chlorophos	yes	H3H	JACAZE010000009.1	-	1623620	1626857	22	72.0	4.43e-13	28.571	H3H|Neonothopanus_gardneri	416	384	0.9231	1187.3
GCA_014461115.1	Mycena chlorophos	yes	H3H	JACAZE010000030.1	+	1981	3292	31	63.9	5.53e-12	24.057	H3H|Mycena_chlorophos	422	337	0.7986	1303.3
GCA_014461115.1	Mycena chlorophos	yes	H3H	JACAZE010000004.1	+	2059941	2060555	6	48.5	1.02e-05	27.556	H3H|Armillaria_fuscipes	426	213	0.5	265.6
GCA_014461115.1	Mycena chlorophos	yes	H3H	JACAZE010000008.1	+	4649	4840	2	44.7	0.000176	41.538	H3H|Armillaria_fuscipes	426	63	0.1479	87.8
GCA_014461115.1	Mycena chlorophos	yes	H3H	JACAZE010000035.1	+	83178	83807	9	50.4	2.92e-06	26.761	H3H|Neonothopanus_gardneri	416	173	0.4159	410.5
GCA_014461115.1	Mycena chlorophos	yes	H3H	JACAZE010000013.1	+	1371340	1371636	3	44.7	0.000157	36.364	H3H|Mycena_citricolor_2	420	88	0.2095	132.5
GCA_014461115.1	Mycena chlorophos	yes	H3H	JACAZE010000009.1	+	1106804	1111047	5	49.3	6.8e-06	26.797	H3H|Neonothopanus_nambi	422	384	0.91	236.1
GCA_014461115.1	Mycena chlorophos	yes	H3H	JACAZE010000008.1	-	152013	152162	3	45.1	0.000134	40.0	H3H|Mycena_citricolor	419	50	0.1193	134.1
GCA_014461115.1	Mycena chlorophos	yes	H3H	JACAZE010000017.1	+	380105	381082	1	48.5	1.05e-05	26.479	H3H|Neonothopanus_gardneri	416	319	0.7668	48.5
GCA_014461115.1	Mycena chlorophos	yes	H3H	JACAZE010000001.1	+	2428605	2428811	1	43.5	0.000375	40.58	H3H|Neonothopanus_nambi	422	56	0.1327	43.5
GCA_014461115.1	Mycena chlorophos	yes	H3H	JACAZE010000005.1	+	1587681	1588121	3	44.3	0.000207	26.582	H3H|Panellus_stipticus	428	142	0.3318	132.5
GCA_014461115.1	Mycena chlorophos	yes	CPH	JACAZE010000014.1	+	1151914	1153018	18	192.0	1.77e-73	41.958	CPH|Armillaria_gallica	302	317	1.0497	2072.4
GCA_014461115.1	Mycena chlorophos	yes	CPH	JACAZE010000023.1	+	200563	201569	12	72.4	1.04e-13	30.049	CPH|Neonothopanus_gardneri	321	301	0.9377	760.7
GCA_014461115.1	Mycena chlorophos	yes	CPH	JACAZE010000002.1	-	1780206	1780926	10	65.5	8.02e-13	30.22	CPH|Armillaria_gallica	302	187	0.6192	452.8
GCA_014461115.1	Mycena chlorophos	yes	CPH	JACAZE010000006.1	+	2220738	2221683	13	53.1	6.78e-14	34.286	CPH|Armillaria_gallica	302	260	0.8609	606.4
GCA_014461115.1	Mycena chlorophos	yes	CPH	JACAZE010000004.1	-	2508942	2509034	6	50.8	9.88e-07	77.778	CPH|Armillaria_gallica	302	54	0.1788	295.7
GCA_014461115.1	Mycena chlorophos	yes	CPH	JACAZE010000016.1	+	143392	143859	1	42.4	0.000599	26.282	CPH|Neonothopanus_gardneri	321	97	0.3022	42.4
GCA_014461115.1	Mycena chlorophos	yes	Luz	JACAZE010000010.1	-	387740	388541	24	318.0	9.03e-140	98.71	Luz|Mycena_chlorophos	251	264	1.0518	4587.0
GCA_014461115.1	Mycena chlorophos	yes	Luz	JACAZE010000005.1	+	1069196	1070035	12	80.5	6.54e-17	27.206	Luz|Mycena_chlorophos	251	255	1.0159	903.1
GCA_019112545.1	Guyanagaster necrorhizus	yes	HispS	MU250528.1	+	1813261	1819476	111	1058.0	0.0	82.769	HispS|Guyanagaster_necrorhiza	1766	1774	1.0045	25345.5
GCA_019112545.1	Guyanagaster necrorhizus	yes	HispS	MU250557.1	+	343758	352031	104	323.0	0.0	40.803	HispS|Armillaria_ostoyae	1770	1740	0.9831	12792.2
GCA_019112545.1	Guyanagaster necrorhizus	yes	HispS	MU250525.1	-	2366652	2369384	29	189.0	1.14e-47	30.67	HispS|Mycena_chlorophos	1652	927	0.5611	3145.3
GCA_019112545.1	Guyanagaster necrorhizus	yes	HispS	MU250530.1	-	799231	802249	28	180.0	6.28e-56	31.382	HispS|Armillaria_fuscipes	1774	983	0.5541	2700.2
GCA_019112545.1	Guyanagaster necrorhizus	yes	HispS	MU250546.1	-	271840	272190	12	56.2	4.05e-07	42.857	HispS|Armillaria_mellea	1768	162	0.0916	636.6
GCA_019112545.1	Guyanagaster necrorhizus	yes	H3H	MU250528.1	+	1807421	1809121	67	447.0	0.0	69.492	H3H|Guyanagaster_necrorhiza	443	443	1.0	8534.0
GCA_019112545.1	Guyanagaster necrorhizus	yes	H3H	MU250528.1	-	819941	820840	14	72.4	4.49e-13	27.597	H3H|Panellus_stipticus	428	306	0.715	911.2
GCA_019112545.1	Guyanagaster necrorhizus	yes	H3H	MU250530.1	-	232797	232979	4	43.9	0.000331	35.484	H3H|Neonothopanus_gardneri	416	62	0.149	172.4
GCA_019112545.1	Guyanagaster necrorhizus	yes	H3H	MU250530.1	-	829831	830967	14	80.5	1.06e-15	25.258	H3H|Armillaria_gallica	422	366	0.8673	1020.2
GCA_019112545.1	Guyanagaster necrorhizus	yes	H3H	MU250571.1	+	86477	87742	21	90.1	8.75e-19	24.873	H3H|Guyanagaster_necrorhiza	443	361	0.8149	1293.3
GCA_019112545.1	Guyanagaster necrorhizus	yes	H3H	MU250527.1	+	1047865	1049071	28	72.8	3.69e-13	29.956	H3H|Guyanagaster_necrorhiza	443	327	0.7381	1518.1
GCA_019112545.1	Guyanagaster necrorhizus	yes	H3H	MU250597.1	-	25723	26923	28	59.3	4.87e-09	57.143	H3H|Guyanagaster_necrorhiza	443	308	0.6953	1398.5
GCA_019112545.1	Guyanagaster necrorhizus	yes	H3H	MU250535.1	+	217426	218963	46	58.5	8.55e-09	39.189	H3H|Neonothopanus_gardneri	416	303	0.7284	2110.2
GCA_019112545.1	Guyanagaster necrorhizus	yes	H3H	MU250535.1	+	1088336	1089708	18	54.7	1.4e-07	33.645	H3H|Panellus_stipticus	428	383	0.8949	874.4
GCA_019112545.1	Guyanagaster necrorhizus	yes	H3H	MU250534.1	+	314944	315321	11	50.4	2.82e-06	36.047	H3H|Armillaria_mellea	429	139	0.324	533.1
GCA_019112545.1	Guyanagaster necrorhizus	yes	H3H	MU250524.1	-	1990323	1990565	10	50.1	5.14e-06	40.741	H3H|Omphalotus_olearius	540	79	0.1463	453.3
GCA_019112545.1	Guyanagaster necrorhizus	yes	H3H	MU250525.1	-	2426084	2426899	13	56.2	6.65e-08	29.952	H3H|Omphalotus_olearius	540	273	0.5056	624.1
GCA_019112545.1	Guyanagaster necrorhizus	yes	H3H	MU250547.1	+	615746	616075	6	53.9	2.48e-07	33.036	H3H|Panellus_stipticus	428	102	0.2383	289.5
GCA_019112545.1	Guyanagaster necrorhizus	yes	H3H	MU250523.1	-	639485	639682	1	42.4	0.000828	39.394	H3H|Neonothopanus_nambi	422	56	0.1327	42.4
GCA_019112545.1	Guyanagaster necrorhizus	yes	H3H	MU250524.1	+	1411236	1411671	2	111.0	5.65e-39	65.116	H3H|Omphalotus_olearius	540	129	0.2389	181.1
GCA_019112545.1	Guyanagaster necrorhizus	yes	CPH	MU250531.1	-	571424	572656	25	178.0	3.6e-70	57.055	CPH|Armillaria_mellea	297	317	1.0673	2565.4
GCA_019112545.1	Guyanagaster necrorhizus	yes	CPH	MU250526.1	+	461571	462392	6	151.0	1.11e-40	38.095	CPH|Armillaria_gallica	302	258	0.8543	873.0
GCA_019112545.1	Guyanagaster necrorhizus	yes	CPH	MU250530.1	-	1555806	1556027	4	45.4	5.75e-05	35.135	CPH|Armillaria_fuscipes	294	56	0.1905	179.4
GCA_019112545.1	Guyanagaster necrorhizus	yes	CPH	MU250528.1	+	1809692	1810087	3	45.8	4.34e-05	31.852	CPH|Armillaria_ostoyae	302	105	0.3477	133.2
GCA_019112545.1	Guyanagaster necrorhizus	yes	Luz	MU250528.1	-	1806113	1806966	24	302.0	8.15e-137	92.81	Luz|Armillaria_fuscipes	266	266	1.0	5210.0
GCA_019112545.1	Guyanagaster necrorhizus	yes	Luz	MU250541.1	+	764581	765368	24	76.6	1.72e-15	27.604	Luz|Omphalotus_olearius	261	247	0.9464	1594.7
GCA_002307675.1	Armillaria solidipes	yes	HispS	KZ293428.1	-	373674	379893	117	826.0	0.0	83.698	HispS|Armillaria_ostoyae	1770	1774	1.0023	27376.9
GCA_002307675.1	Armillaria solidipes	yes	HispS	KZ293428.1	+	704583	707484	13	110.0	1.7e-23	31.556	HispS|Armillaria_mellea	1768	605	0.3422	1170.0
GCA_002307675.1	Armillaria solidipes	yes	HispS	KZ293476.1	-	115914	124186	122	261.0	6e-144	37.99	HispS|Armillaria_fuscipes	1774	1729	0.9746	13435.1
GCA_002307675.1	Armillaria solidipes	yes	HispS	KZ293415.1	+	2188662	2191659	26	228.0	2.28e-65	28.302	HispS|Armillaria_mellea	1768	981	0.5549	2959.5
GCA_002307675.1	Armillaria solidipes	yes	HispS	KZ293415.1	+	2396780	2401062	48	91.7	5.08e-24	33.01	HispS|Armillaria_gallica	1771	803	0.4534	2878.9
GCA_002307675.1	Armillaria solidipes	yes	HispS	KZ293415.1	-	2151048	2153399	11	246.0	9.48e-65	28.68	HispS|Armillaria_fuscipes	1774	863	0.4865	2514.0
GCA_002307675.1	Armillaria solidipes	yes	HispS	KZ293415.1	-	2403110	2407348	37	118.0	4.61e-66	23.803	HispS|Mycena_citricolor	1678	1287	0.767	3082.0
GCA_002307675.1	Armillaria solidipes	yes	HispS	KZ293441.1	-	178971	182010	24	192.0	1.04e-64	29.016	HispS|Mycena_citricolor	1678	925	0.5513	2739.8
GCA_002307675.1	Armillaria solidipes	yes	HispS	KZ293423.1	+	1220002	1221201	11	105.0	4.75e-22	27.3	HispS|Armillaria_mellea	1768	507	0.2868	1023.4
GCA_002307675.1	Armillaria solidipes	yes	H3H	KZ293428.1	-	385109	386776	71	371.0	8.93e-115	51.844	H3H|Guyanagaster_necrorhiza	443	430	0.9707	8656.2
GCA_002307675.1	Armillaria solidipes	yes	H3H	KZ293428.1	+	325249	326481	12	68.2	9.55e-12	28.777	H3H|Panellus_stipticus	428	415	0.9696	680.5
GCA_002307675.1	Armillaria solidipes	yes	H3H	KZ293444.1	-	343100	344353	14	82.8	2.15e-16	25.984	H3H|Armillaria_ostoyae	426	402	0.9437	1060.7
GCA_002307675.1	Armillaria solidipes	yes	H3H	KZ293444.1	-	382162	383297	18	56.6	3.52e-08	32.71	H3H|Panellus_stipticus	428	308	0.7196	785.7
GCA_002307675.1	Armillaria solidipes	yes	H3H	KZ293444.1	-	394853	396082	19	56.2	4.8e-08	31.304	H3H|Panellus_stipticus	428	358	0.8364	835.2
GCA_002307675.1	Armillaria solidipes	yes	H3H	KZ293444.1	+	364508	365736	13	57.8	1.72e-08	33.645	H3H|Panellus_stipticus	428	309	0.722	611.5
GCA_002307675.1	Armillaria solidipes	yes	H3H	KZ293421.1	+	949404	951005	38	60.1	3.37e-09	36.957	H3H|Panellus_stipticus	428	294	0.6869	1715.4
GCA_002307675.1	Armillaria solidipes	yes	H3H	KZ293424.1	+	1102423	1103589	26	61.6	9.58e-10	23.393	H3H|Mycena_chlorophos	422	320	0.7583	1084.7
GCA_002307675.1	Armillaria solidipes	yes	H3H	KZ293438.1	+	72729	73989	21	56.6	3.56e-08	27.027	H3H|Armillaria_mellea	429	398	0.9277	1002.8
GCA_002307675.1	Armillaria solidipes	yes	H3H	KZ293438.1	+	607725	608018	11	57.0	4.49e-08	39.759	H3H|Omphalotus_olearius	540	94	0.1741	511.8
GCA_002307675.1	Armillaria solidipes	yes	H3H	KZ293418.1	+	145841	154429	21	50.1	4.75e-06	31.884	H3H|Armillaria_fuscipes	426	265	0.6221	960.9
GCA_002307675.1	Armillaria solidipes	yes	H3H	KZ293418.1	+	164019	164312	8	56.2	5.56e-08	36.19	H3H|Panellus_stipticus	428	108	0.2523	387.8
GCA_002307675.1	Armillaria solidipes	yes	H3H	KZ293419.1	+	146241	147446	33	56.2	5.24e-08	31.897	H3H|Panellus_stipticus_2	428	330	0.771	1587.3
GCA_002307675.1	Armillaria solidipes	yes	H3H	KZ293521.1	-	29083	29421	11	53.5	3.61e-07	42.308	H3H|Armillaria_mellea	429	115	0.2681	544.3
GCA_002307675.1	Armillaria solidipes	yes	H3H	KZ293420.1	+	522661	522831	8	48.1	1.85e-05	50.0	H3H|Guyanagaster_necrorhiza	443	56	0.1264	369.7
GCA_002307675.1	Armillaria solidipes	yes	H3H	KZ293441.1	+	296002	296745	9	54.3	2.79e-07	29.268	H3H|Omphalotus_olearius	540	251	0.4648	417.1
GCA_002307675.1	Armillaria solidipes	yes	H3H	KZ293416.1	-	717454	717889	2	116.0	7.01e-27	67.442	H3H|Omphalotus_olearius	540	129	0.2389	195.7
GCA_002307675.1	Armillaria solidipes	yes	H3H	KZ293416.1	-	1828190	1828483	7	51.6	1.96e-06	39.024	H3H|Omphalotus_olearius	540	94	0.1741	322.6
GCA_002307675.1	Armillaria solidipes	yes	H3H	KZ293425.1	+	1094216	1094713	3	46.6	6.39e-05	39.506	H3H|Omphalotus_olearius	540	148	0.2741	138.2
GCA_002307675.1	Armillaria solidipes	yes	H3H	KZ293415.1	-	1719474	1719647	3	43.9	0.000354	42.373	H3H|Panellus_stipticus	428	59	0.1379	129.7
GCA_002307675.1	Armillaria solidipes	yes	CPH	KZ293428.1	-	382962	384192	26	256.0	2.9e-124	77.401	CPH|Armillaria_gallica	302	321	1.0629	3010.5
GCA_002307675.1	Armillaria solidipes	yes	CPH	KZ293438.1	-	305133	306420	18	182.0	1.48e-53	50.23	CPH|Neonothopanus_nambi	289	320	1.1073	2346.5
GCA_002307675.1	Armillaria solidipes	yes	CPH	KZ293416.1	-	2277385	2278040	8	132.0	2.96e-34	44.444	CPH|Armillaria_gallica	302	217	0.7185	825.4
GCA_002307675.1	Armillaria solidipes	yes	CPH	KZ293415.1	+	3190537	3191002	2	40.0	0.000114	27.419	CPH|Neonothopanus_gardneri	321	97	0.3022	63.9
GCA_002307675.1	Armillaria solidipes	yes	Luz	KZ293428.1	+	387295	388148	24	317.0	2.14e-151	100.0	Luz|Armillaria_ostoyae	266	266	1.0	5110.0
GCA_002307675.1	Armillaria solidipes	yes	Luz	KZ293418.1	+	107746	108566	21	84.3	1.32e-25	32.692	Luz|Armillaria_mellea	266	259	0.9737	1425.2
GCA_002307675.1	Armillaria solidipes	yes	Luz	KZ293417.1	-	150100	150850	21	83.2	2.61e-21	34.507	Luz|Armillaria_mellea	266	236	0.8872	1273.1
GCA_002307675.1	Armillaria solidipes	yes	Luz	KZ293426.1	-	625009	625191	12	66.6	4.68e-12	50.82	Luz|Armillaria_gallica	266	77	0.2895	761.2
GCA_022818035.1	Armillaria solidipes	no	HispS	JAIWYQ010000005.1	-	2754116	2760335	113	801.0	0.0	82.661	HispS|Armillaria_ostoyae	1770	1774	1.0023	27275.1
GCA_022818035.1	Armillaria solidipes	no	HispS	JAIWYQ010000005.1	+	3078959	3081860	13	110.0	1.63e-23	31.556	HispS|Armillaria_mellea	1768	605	0.3422	1170.0
GCA_022818035.1	Armillaria solidipes	no	HispS	JAIWYQ010000027.1	-	186114	194394	133	267.0	6.17e-91	36.735	HispS|Armillaria_fuscipes	1774	1741	0.9814	13836.1
GCA_022818035.1	Armillaria solidipes	no	HispS	JAIWYQ010000003.1	+	1751095	1754129	26	211.0	4.32e-70	32.213	HispS|Mycena_citricolor	1678	935	0.5572	2947.4
GCA_022818035.1	Armillaria solidipes	no	HispS	JAIWYQ010000002.1	-	1474716	1477035	17	222.0	1.28e-62	29.272	HispS|Armillaria_fuscipes	1774	826	0.4656	2450.4
GCA_022818035.1	Armillaria solidipes	no	HispS	JAIWYQ010000007.1	+	201963	204346	18	225.0	1.36e-62	28.017	HispS|Armillaria_ostoyae	1770	869	0.491	2607.7
GCA_022818035.1	Armillaria solidipes	no	HispS	JAIWYQ010000007.1	-	161763	164429	19	230.0	5.32e-60	27.174	HispS|Armillaria_mellea	1768	907	0.513	3217.4
GCA_022818035.1	Armillaria solidipes	no	HispS	JAIWYQ010000011.1	-	409776	412411	20	119.0	2.53e-26	30.06	HispS|Armillaria_mellea	1768	769	0.435	1485.8
GCA_022818035.1	Armillaria solidipes	no	HispS	JAIWYQ010000001.1	-	1260516	1262898	17	104.0	8.15e-22	26.706	HispS|Armillaria_mellea	1768	732	0.414	1306.8
GCA_022818035.1	Armillaria solidipes	no	H3H	JAIWYQ010000005.1	-	721022	722274	21	58.2	1.25e-08	33.645	H3H|Panellus_stipticus	428	347	0.8107	918.0
GCA_022818035.1	Armillaria solidipes	no	H3H	JAIWYQ010000005.1	-	754243	755590	17	70.9	1.24e-12	27.184	H3H|Panellus_stipticus	428	428	1.0	949.2
GCA_022818035.1	Armillaria solidipes	no	H3H	JAIWYQ010000005.1	-	1451378	1452979	45	60.1	3.3e-09	36.905	H3H|Panellus_stipticus	428	279	0.6519	1946.2
GCA_022818035.1	Armillaria solidipes	no	H3H	JAIWYQ010000005.1	-	2765986	2767650	57	455.0	2.46e-144	57.974	H3H|Armillaria_mellea	429	430	1.0023	7854.9
GCA_022818035.1	Armillaria solidipes	no	H3H	JAIWYQ010000005.1	+	738080	739308	19	58.9	6.94e-09	32.174	H3H|Panellus_stipticus	428	356	0.8318	844.4
GCA_022818035.1	Armillaria solidipes	no	H3H	JAIWYQ010000005.1	+	2704715	2705947	12	69.3	3.6e-12	28.777	H3H|Panellus_stipticus	428	415	0.9696	705.9
GCA_022818035.1	Armillaria solidipes	no	H3H	JAIWYQ010000005.1	+	3332082	3333234	16	55.1	2.74e-15	31.148	H3H|Panellus_stipticus	428	355	0.8294	761.4
GCA_022818035.1	Armillaria solidipes	no	H3H	JAIWYQ010000014.1	+	662412	663695	14	63.5	4.02e-10	23.291	H3H|Omphalotus_olearius	540	399	0.7389	781.2
GCA_022818035.1	Armillaria solidipes	no	H3H	JAIWYQ010000008.1	-	605356	606579	26	63.9	2.08e-10	25.0	H3H|Mycena_chlorophos	422	348	0.8246	1042.7
GCA_022818035.1	Armillaria solidipes	no	H3H	JAIWYQ010000004.1	-	2340771	2341049	11	54.7	1.62e-07	46.377	H3H|Armillaria_mellea	429	90	0.2098	553.5
GCA_022818035.1	Armillaria solidipes	no	H3H	JAIWYQ010000004.1	+	1103483	1103653	8	51.6	1.56e-06	51.02	H3H|Guyanagaster_necrorhiza	443	56	0.1264	374.0
GCA_022818035.1	Armillaria solidipes	no	H3H	JAIWYQ010000022.1	-	113293	114495	32	56.2	5.12e-08	31.897	H3H|Panellus_stipticus_2	428	329	0.7687	1535.4
GCA_022818035.1	Armillaria solidipes	no	H3H	JAIWYQ010000007.1	+	1999226	1999972	12	53.9	2.51e-07	27.354	H3H|Neonothopanus_gardneri	416	199	0.4784	576.3
GCA_022818035.1	Armillaria solidipes	no	H3H	JAIWYQ010000002.1	+	1974773	1984073	26	55.1	1.11e-07	38.824	H3H|Panellus_stipticus	428	254	0.5935	1215.6
GCA_022818035.1	Armillaria solidipes	no	H3H	JAIWYQ010000003.1	-	1639741	1640484	9	57.8	2.7e-08	28.986	H3H|Omphalotus_olearius	540	251	0.4648	429.1
GCA_022818035.1	Armillaria solidipes	no	H3H	JAIWYQ010000021.1	+	227764	228084	12	56.2	7.71e-08	40.244	H3H|Omphalotus_olearius	540	103	0.1907	559.0
GCA_022818035.1	Armillaria solidipes	no	H3H	JAIWYQ010000013.1	-	761658	761951	8	52.4	1.28e-06	40.244	H3H|Omphalotus_olearius	540	94	0.1741	365.8
GCA_022818035.1	Armillaria solidipes	no	H3H	JAIWYQ010000019.1	-	459192	459627	2	116.0	6.73e-27	67.442	H3H|Omphalotus_olearius	540	129	0.2389	191.9
GCA_022818035.1	Armillaria solidipes	no	H3H	JAIWYQ010000010.1	-	1795201	1795374	3	43.9	0.000337	42.373	H3H|Panellus_stipticus	428	59	0.1379	130.1
GCA_022818035.1	Armillaria solidipes	no	CPH	JAIWYQ010000005.1	-	2763839	2765069	26	254.0	4.29e-123	76.836	CPH|Armillaria_gallica	302	321	1.0629	2991.5
GCA_022818035.1	Armillaria solidipes	no	CPH	JAIWYQ010000005.1	-	3550420	3551687	25	178.0	3.43e-70	56.707	CPH|Armillaria_mellea	297	320	1.0774	2552.3
GCA_022818035.1	Armillaria solidipes	no	CPH	JAIWYQ010000013.1	-	1211831	1212660	8	135.0	5.17e-35	38.496	CPH|Armillaria_gallica	302	257	0.851	835.4
GCA_022818035.1	Armillaria solidipes	no	Luz	JAIWYQ010000005.1	+	2768169	2769022	24	312.0	8.84e-149	98.693	Luz|Armillaria_ostoyae	266	266	1.0	5090.0
GCA_022818035.1	Armillaria solidipes	no	Luz	JAIWYQ010000003.1	+	3893872	3894622	23	80.5	5.96e-21	34.507	Luz|Armillaria_mellea	266	236	0.8872	1347.1
GCA_022818035.1	Armillaria solidipes	no	Luz	JAIWYQ010000003.1	+	3908237	3908974	12	86.3	1.13e-18	27.711	Luz|Armillaria_mellea	266	231	0.8684	950.1
GCA_022818035.1	Armillaria solidipes	no	Luz	JAIWYQ010000003.1	-	338269	339013	21	79.0	4.54e-20	34.507	Luz|Armillaria_mellea	266	236	0.8872	1230.9
GCA_022818035.1	Armillaria solidipes	no	Luz	JAIWYQ010000001.1	-	2823289	2823474	12	68.2	1.2e-12	57.143	Luz|Armillaria_fuscipes	266	72	0.2707	779.2
GCA_022818035.1	Armillaria solidipes	no	Luz	JAIWYQ010000002.1	+	1865167	1865991	13	88.2	2.73e-19	30.418	Luz|Armillaria_ostoyae	266	259	0.9737	956.2
GCA_053525415.1	Armillaria solidipes	no	HispS	JBLIQK010000003.1	-	2861706	2868134	117	763.0	0.0	88.315	HispS|Armillaria_ostoyae	1770	1774	1.0023	27612.6
GCA_053525415.1	Armillaria solidipes	no	HispS	JBLIQK010000003.1	+	3234051	3235247	11	110.0	1.66e-23	31.556	HispS|Armillaria_mellea	1768	495	0.28	1104.1
GCA_053525415.1	Armillaria solidipes	no	HispS	JBLIQK010000265.1	-	511	4055	91	530.0	0.0	93.214	HispS|Armillaria_ostoyae	1770	1052	0.5944	15410.0
GCA_053525415.1	Armillaria solidipes	no	HispS	JBLIQK010000028.1	-	138850	148935	162	252.0	3.14e-87	37.198	HispS|Armillaria_ostoyae	1770	1732	0.9785	15798.6
GCA_053525415.1	Armillaria solidipes	no	HispS	JBLIQK010000001.1	+	1592956	1595993	26	210.0	2.32e-69	31.961	HispS|Mycena_citricolor	1678	935	0.5572	2902.8
GCA_053525415.1	Armillaria solidipes	no	HispS	JBLIQK010000107.1	+	1323	4349	13	253.0	3.57e-67	27.027	HispS|Armillaria_fuscipes	1774	922	0.5197	2542.7
GCA_053525415.1	Armillaria solidipes	no	HispS	JBLIQK010000007.1	-	153382	156339	20	228.0	3.45e-59	26.508	HispS|Armillaria_mellea	1768	977	0.5526	2875.0
GCA_053525415.1	Armillaria solidipes	no	HispS	JBLIQK010000007.1	+	199642	202550	31	187.0	5.73e-47	27.106	HispS|Panellus_stipticus	1504	829	0.5512	3241.9
GCA_053525415.1	Armillaria solidipes	no	HispS	JBLIQK010003660.1	+	1	780	11	154.0	1.99e-41	35.659	HispS|Armillaria_ostoyae	1770	405	0.2288	1524.0
GCA_053525415.1	Armillaria solidipes	no	HispS	JBLIQK010000002.1	-	1053310	1054581	18	129.0	2.24e-35	33.333	HispS|Mycena_citricolor	1678	465	0.2771	1564.6
GCA_053525415.1	Armillaria solidipes	no	HispS	JBLIQK010002364.1	+	1	1089	24	133.0	4.58e-33	27.151	HispS|Neonothopanus_gardneri	1691	388	0.2295	2014.8
GCA_053525415.1	Armillaria solidipes	no	HispS	JBLIQK010005386.1	-	8	522	21	118.0	1.19e-29	55.856	HispS|Armillaria_gallica	1771	269	0.1519	1460.5
GCA_053525415.1	Armillaria solidipes	no	HispS	JBLIQK010002912.1	+	7	438	11	105.0	5.81e-24	39.865	HispS|Guyanagaster_necrorhiza	1766	325	0.184	1003.6
GCA_053525415.1	Armillaria solidipes	no	HispS	JBLIQK010000006.1	-	1073845	1076500	18	100.0	1.23e-20	26.409	HispS|Armillaria_mellea	1768	663	0.375	1234.9
GCA_053525415.1	Armillaria solidipes	no	HispS	JBLIQK010006569.1	-	111	536	28	43.5	1.9e-08	64.286	HispS|Mycena_citricolor	1678	142	0.0846	945.9
GCA_053525415.1	Armillaria solidipes	no	HispS	JBLIQK010003413.1	+	88	825	18	61.6	1.59e-09	27.843	HispS|Armillaria_fuscipes	1774	289	0.1629	854.5
GCA_053525415.1	Armillaria solidipes	no	H3H	JBLIQK010000003.1	-	750035	751263	19	58.2	1.26e-08	32.174	H3H|Panellus_stipticus	428	356	0.8318	841.7
GCA_053525415.1	Armillaria solidipes	no	H3H	JBLIQK010000003.1	-	1338989	1340944	38	60.1	3.43e-09	36.905	H3H|Panellus_stipticus	428	294	0.6869	1712.6
GCA_053525415.1	Armillaria solidipes	no	H3H	JBLIQK010000003.1	-	2874230	2876074	94	291.0	2.11e-90	64.773	H3H|Armillaria_ostoyae	426	430	1.0094	9367.6
GCA_053525415.1	Armillaria solidipes	no	H3H	JBLIQK010000003.1	+	2804531	2805924	20	73.6	1.74e-13	28.986	H3H|Panellus_stipticus	428	454	1.0607	992.2
GCA_053525415.1	Armillaria solidipes	no	H3H	JBLIQK010000003.1	+	3522785	3523192	3	51.2	1.94e-06	28.947	H3H|Panellus_stipticus	428	133	0.3107	152.8
GCA_053525415.1	Armillaria solidipes	no	H3H	JBLIQK010001236.1	-	506	1717	17	58.2	8.3e-09	26.613	H3H|Armillaria_fuscipes	426	390	0.9155	803.0
GCA_053525415.1	Armillaria solidipes	no	H3H	JBLIQK010000010.1	-	489739	490905	26	62.0	6.95e-10	23.65	H3H|Mycena_chlorophos	422	320	0.7583	1091.5
GCA_053525415.1	Armillaria solidipes	no	H3H	JBLIQK010000007.1	+	1722047	1724076	17	58.2	1.23e-08	30.631	H3H|Neonothopanus_gardneri	416	199	0.4784	867.2
GCA_053525415.1	Armillaria solidipes	no	H3H	JBLIQK010000021.1	-	70446	72002	32	56.2	5.19e-08	31.897	H3H|Panellus_stipticus_2	428	309	0.722	1533.5
GCA_053525415.1	Armillaria solidipes	no	H3H	JBLIQK010000002.1	+	1332520	1333660	16	48.5	1.28e-05	31.884	H3H|Armillaria_gallica	422	250	0.5924	732.4
GCA_053525415.1	Armillaria solidipes	no	H3H	JBLIQK010000002.1	+	1342554	1343772	12	56.6	3.71e-08	35.849	H3H|Panellus_stipticus	428	291	0.6799	579.6
GCA_053525415.1	Armillaria solidipes	no	H3H	JBLIQK010000004.1	+	799041	799193	8	50.8	2.44e-06	51.02	H3H|Guyanagaster_necrorhiza	443	53	0.1196	366.2
GCA_053525415.1	Armillaria solidipes	no	H3H	JBLIQK010001100.1	-	4	1135	13	48.1	1.24e-05	46.032	H3H|Mycena_chlorophos	422	245	0.5806	583.9
GCA_053525415.1	Armillaria solidipes	no	H3H	JBLIQK010001366.1	-	335	953	10	45.4	8.69e-05	29.091	H3H|Armillaria_mellea	429	202	0.4709	386.9
GCA_053525415.1	Armillaria solidipes	no	H3H	JBLIQK010000457.1	+	1250	1420	5	48.5	1.19e-05	48.98	H3H|Guyanagaster_necrorhiza	443	56	0.1264	222.9
GCA_053525415.1	Armillaria solidipes	no	H3H	JBLIQK010000626.1	+	846	2074	18	57.0	2.38e-08	32.174	H3H|Panellus_stipticus	428	341	0.7967	784.3
GCA_053525415.1	Armillaria solidipes	no	H3H	JBLIQK010000001.1	-	1472655	1473398	11	55.1	2e-07	28.986	H3H|Omphalotus_olearius	540	251	0.4648	502.8
GCA_053525415.1	Armillaria solidipes	no	H3H	JBLIQK010000004.1	-	1986445	1986855	3	44.3	0.000222	44.0	H3H|Neonothopanus_gardneri	416	74	0.1779	131.7
GCA_053525415.1	Armillaria solidipes	no	H3H	JBLIQK010000004.1	-	3187961	3188146	1	42.4	0.001	37.097	H3H|Panellus_stipticus	428	61	0.1425	42.4
GCA_053525415.1	Armillaria solidipes	no	H3H	JBLIQK010000020.1	+	215864	216184	12	56.2	7.82e-08	40.244	H3H|Omphalotus_olearius	540	103	0.1907	559.0
GCA_053525415.1	Armillaria solidipes	no	H3H	JBLIQK010000011.1	-	879382	879624	7	51.6	1.8e-06	39.024	H3H|Omphalotus_olearius	540	78	0.1444	323.0
GCA_053525415.1	Armillaria solidipes	no	H3H	JBLIQK010000019.1	-	315960	316395	2	116.0	6.83e-27	67.442	H3H|Omphalotus_olearius	540	129	0.2389	195.7
GCA_053525415.1	Armillaria solidipes	no	CPH	JBLIQK010000003.1	-	2871911	2873327	29	254.0	4.15e-104	77.273	CPH|Armillaria_ostoyae	302	321	1.0629	3094.4
GCA_053525415.1	Armillaria solidipes	no	CPH	JBLIQK010000003.1	-	3750507	3751952	27	177.0	1.22e-49	56.707	CPH|Armillaria_mellea	297	320	1.0774	2645.8
GCA_053525415.1	Armillaria solidipes	no	CPH	JBLIQK010006138.1	+	9	509	6	175.0	2.25e-54	58.025	CPH|Armillaria_fuscipes	294	154	0.5238	993.0
GCA_053525415.1	Armillaria solidipes	no	CPH	JBLIQK010005189.1	+	369	622	12	77.8	1.15e-25	95.122	CPH|Armillaria_gallica	302	96	0.3179	719.1
GCA_053525415.1	Armillaria solidipes	no	CPH	JBLIQK010000011.1	-	1400135	1401141	14	89.7	1.78e-19	41.406	CPH|Armillaria_gallica	302	257	0.851	982.9
GCA_053525415.1	Armillaria solidipes	no	CPH	JBLIQK010000017.1	-	255690	256024	2	35.8	0.000811	30.952	CPH|Armillaria_fuscipes	294	86	0.2925	60.4
GCA_053525415.1	Armillaria solidipes	no	Luz	JBLIQK010000003.1	+	2876770	2877623	24	317.0	2e-151	100.0	Luz|Armillaria_ostoyae	266	266	1.0	5115.0
GCA_053525415.1	Armillaria solidipes	no	Luz	JBLIQK010000001.1	-	278325	279183	23	82.8	7.54e-22	35.211	Luz|Armillaria_mellea	266	257	0.9662	1362.3
GCA_053525415.1	Armillaria solidipes	no	Luz	JBLIQK010000001.1	+	3854073	3855513	28	51.6	4.62e-07	50.0	Luz|Armillaria_fuscipes	266	234	0.8797	1300.0
GCA_053525415.1	Armillaria solidipes	no	Luz	JBLIQK010000001.1	+	3869554	3870291	12	82.4	2e-17	27.309	Luz|Armillaria_mellea	266	231	0.8684	904.7
GCA_053525415.1	Armillaria solidipes	no	Luz	JBLIQK010005535.1	+	8	304	12	77.8	4.31e-17	44.211	Luz|Armillaria_mellea	266	94	0.3534	866.5
GCA_053525415.1	Armillaria solidipes	no	Luz	JBLIQK010000002.1	+	1284072	1284863	18	88.6	1.1e-19	27.778	Luz|Mycena_citricolor	246	246	1.0	1156.4
GCA_053525415.1	Armillaria solidipes	no	Luz	JBLIQK010000006.1	-	2428816	2428998	12	66.6	4.57e-12	50.82	Luz|Armillaria_gallica	266	77	0.2895	761.2
GCA_053525415.1	Armillaria solidipes	no	Luz	JBLIQK010004500.1	+	375	668	3	43.1	0.000104	26.923	Luz|Omphalotus_olearius	261	109	0.4176	126.2
GCA_000296255.1	Omphalotus olearius	no	HispS	JH814850.1	+	142396	148380	142	424.0	4.79e-172	64.329	HispS|Neonothopanus_nambi	1678	1772	1.056	21188.2
GCA_000296255.1	Omphalotus olearius	no	HispS	JH814849.1	-	174891	177872	24	249.0	1.35e-78	28.591	HispS|Armillaria_ostoyae	1770	950	0.5367	3158.5
GCA_000296255.1	Omphalotus olearius	no	HispS	JH814989.1	-	12266	15460	28	82.8	1.64e-15	24.665	HispS|Armillaria_ostoyae	1770	904	0.5107	1445.0
GCA_000296255.1	Omphalotus olearius	no	HispS	JH814829.1	-	122263	125197	22	92.8	1.34e-25	24.731	HispS|Guyanagaster_necrorhiza	1766	844	0.4779	1314.9
GCA_000296255.1	Omphalotus olearius	no	H3H	JH814893.1	-	58979	61818	41	359.0	1.21e-109	49.704	H3H|Omphalotus_olearius	540	540	1.0	5466.4
GCA_000296255.1	Omphalotus olearius	no	H3H	JH814892.1	+	19844	21211	14	130.0	1.98e-32	28.68	H3H|Neonothopanus_gardneri	416	417	1.0024	1556.5
GCA_000296255.1	Omphalotus olearius	no	H3H	JH814820.1	-	267804	268596	16	73.6	9.71e-14	37.963	H3H|Armillaria_mellea	429	202	0.4709	1030.3
GCA_000296255.1	Omphalotus olearius	no	H3H	JH814961.1	-	22820	27780	11	45.8	4.66e-05	38.028	H3H|Armillaria_fuscipes	426	238	0.5587	448.3
GCA_000296255.1	Omphalotus olearius	no	H3H	JH814814.1	-	441986	442953	15	54.7	1.15e-07	39.437	H3H|Omphalotus_olearius	540	269	0.4981	707.5
GCA_000296255.1	Omphalotus olearius	no	H3H	JH814860.1	+	103875	104563	4	43.9	0.000155	40.909	H3H|Armillaria_fuscipes	426	104	0.2441	171.0
GCA_000296255.1	Omphalotus olearius	no	H3H	JH814852.1	-	4407	9805	17	72.8	1.39e-13	27.313	H3H|Neonothopanus_nambi	422	293	0.6943	890.1
GCA_000296255.1	Omphalotus olearius	no	H3H	JH814962.1	-	33674	34387	4	53.9	1.19e-07	24.206	H3H|Neonothopanus_nambi	422	204	0.4834	187.9
GCA_000296255.1	Omphalotus olearius	no	H3H	JH814879.1	-	36949	40655	7	45.1	6.5e-05	39.394	H3H|Panellus_stipticus	428	106	0.2477	303.1
GCA_000296255.1	Omphalotus olearius	no	H3H	JH814833.1	+	221904	222230	4	42.4	0.000462	30.357	H3H|Mycena_chlorophos	422	108	0.2559	168.4
GCA_000296255.1	Omphalotus olearius	no	H3H	JH814949.1	-	41535	42295	8	46.6	2.21e-05	35.938	H3H|Neonothopanus_nambi	422	135	0.3199	359.6
GCA_000296255.1	Omphalotus olearius	no	H3H	JH814823.1	+	58282	58728	2	43.1	0.000442	28.025	H3H|Omphalotus_olearius	540	140	0.2593	85.8
GCA_000296255.1	Omphalotus olearius	no	CPH	JH814841.1	-	207233	208458	24	122.0	5.41e-31	60.0	CPH|Armillaria_fuscipes	294	318	1.0816	2481.5
GCA_000296255.1	Omphalotus olearius	no	CPH	JH814824.1	-	202163	202972	6	153.0	1.26e-41	37.795	CPH|Armillaria_gallica	302	238	0.7881	870.0
GCA_000296255.1	Omphalotus olearius	no	CPH	JH814844.1	-	82400	82948	3	32.7	2.16e-05	27.027	CPH|Neonothopanus_gardneri	321	97	0.3022	83.9
GCA_000296255.1	Omphalotus olearius	no	Luz	JH814893.1	+	62241	63076	24	339.0	6.26e-107	91.758	Luz|Omphalotus_olearius	261	265	1.0153	4939.0
GCA_029378245.1	Roridomyces roridus	yes	HispS	JARKIF010000003.1	-	52492	58329	120	588.0	0.0	62.475	HispS|Panellus_stipticus_2	1601	1772	1.1068	20233.6
GCA_029378245.1	Roridomyces roridus	yes	HispS	JARKIF010000003.1	-	3200186	3201025	23	154.0	6.63e-37	68.687	HispS|Panellus_stipticus_2	1601	245	0.153	2611.6
GCA_029378245.1	Roridomyces roridus	yes	HispS	JARKIF010000003.1	+	1521599	1529635	121	304.0	3.99e-154	39.167	HispS|Armillaria_ostoyae	1770	1738	0.9819	12304.6
GCA_029378245.1	Roridomyces roridus	yes	HispS	JARKIF010000062.1	+	95612	103652	129	172.0	3.5e-42	35.258	HispS|Armillaria_gallica	1771	1766	0.9972	13089.1
GCA_029378245.1	Roridomyces roridus	yes	HispS	JARKIF010000007.1	+	596530	597213	1	47.0	0.000416	23.723	HispS|Neonothopanus_gardneri	1691	263	0.1555	47.0
GCA_029378245.1	Roridomyces roridus	yes	HispS	JARKIF010000007.1	+	871806	879845	117	237.0	1.95e-78	33.557	HispS|Armillaria_fuscipes	1774	1706	0.9617	12663.5
GCA_029378245.1	Roridomyces roridus	yes	HispS	JARKIF010000007.1	-	653177	656144	20	238.0	1.63e-73	30.422	HispS|Mycena_citricolor	1678	983	0.5858	2917.3
GCA_029378245.1	Roridomyces roridus	yes	HispS	JARKIF010000070.1	-	101328	104295	20	236.0	1.03e-61	30.277	HispS|Mycena_citricolor	1678	983	0.5858	2922.2
GCA_029378245.1	Roridomyces roridus	yes	HispS	JARKIF010000006.1	-	1377022	1378116	1	52.4	8.01e-06	22.539	HispS|Mycena_chlorophos	1652	329	0.1992	52.4
GCA_029378245.1	Roridomyces roridus	yes	HispS	JARKIF010000006.1	-	1691821	1694631	11	255.0	2.67e-67	26.874	HispS|Armillaria_fuscipes	1774	955	0.5383	2527.0
GCA_029378245.1	Roridomyces roridus	yes	HispS	JARKIF010000006.1	+	247392	250040	17	124.0	1.01e-27	24.953	HispS|Neonothopanus_gardneri	1691	795	0.4701	1366.5
GCA_029378245.1	Roridomyces roridus	yes	HispS	JARKIF010000019.1	-	940065	942081	62	195.0	3.76e-49	57.485	HispS|Panellus_stipticus_2	1601	572	0.3573	6459.9
GCA_029378245.1	Roridomyces roridus	yes	HispS	JARKIF010000038.1	+	164654	165467	12	106.0	2.97e-22	31.535	HispS|Armillaria_ostoyae	1770	297	0.1678	1026.4
GCA_029378245.1	Roridomyces roridus	yes	HispS	JARKIF010000038.1	+	186334	188318	50	208.0	2.91e-55	39.305	HispS|Panellus_stipticus	1504	572	0.3803	5741.8
GCA_029378245.1	Roridomyces roridus	yes	HispS	JARKIF010000040.1	+	54914	56174	47	209.0	2.6e-53	60.428	HispS|Panellus_stipticus_2	1601	380	0.2374	4078.3
GCA_029378245.1	Roridomyces roridus	yes	HispS	JARKIF010000084.1	+	19832	22803	15	216.0	1.58e-55	31.515	HispS|Armillaria_ostoyae	1770	919	0.5192	2335.3
GCA_029378245.1	Roridomyces roridus	yes	HispS	JARKIF010000001.1	-	309468	312089	13	211.0	5.57e-54	31.238	HispS|Armillaria_fuscipes	1774	803	0.4526	2214.2
GCA_029378245.1	Roridomyces roridus	yes	HispS	JARKIF010000027.1	+	247718	250339	13	208.0	4.54e-53	31.746	HispS|Armillaria_gallica	1771	803	0.4534	2199.4
GCA_029378245.1	Roridomyces roridus	yes	HispS	JARKIF010000079.1	+	45781	48554	30	89.4	5.75e-17	28.339	HispS|Neonothopanus_gardneri	1691	852	0.5038	1835.0
GCA_029378245.1	Roridomyces roridus	yes	HispS	JARKIF010000018.1	+	1129982	1132710	31	89.0	6.56e-17	27.922	HispS|Neonothopanus_gardneri	1691	835	0.4938	1851.6
GCA_029378245.1	Roridomyces roridus	yes	HispS	JARKIF010000004.1	-	2875717	2878665	34	84.0	2.6e-15	27.119	HispS|Armillaria_mellea	1768	926	0.5238	1633.5
GCA_029378245.1	Roridomyces roridus	yes	HispS	JARKIF010000130.1	-	64392	67211	19	81.6	1.11e-14	25.294	HispS|Armillaria_fuscipes	1774	703	0.3963	1181.5
GCA_029378245.1	Roridomyces roridus	yes	HispS	JARKIF010000010.1	-	1543049	1546124	20	97.4	1.94e-19	26.622	HispS|Mycena_citricolor	1678	913	0.5441	1251.2
GCA_029378245.1	Roridomyces roridus	yes	HispS	JARKIF010000010.1	-	1606329	1609208	22	84.7	1.46e-15	27.848	HispS|Armillaria_mellea	1768	744	0.4208	1397.1
GCA_029378245.1	Roridomyces roridus	yes	HispS	JARKIF010000010.1	+	1628403	1631512	19	84.7	1.46e-15	27.848	HispS|Armillaria_mellea	1768	823	0.4655	1374.4
GCA_029378245.1	Roridomyces roridus	yes	HispS	JARKIF010000005.1	-	103698	106517	19	80.9	2.06e-14	25.294	HispS|Armillaria_fuscipes	1774	782	0.4408	1201.9
GCA_029378245.1	Roridomyces roridus	yes	HispS	JARKIF010000073.1	+	19176	25065	22	84.7	1.32e-15	27.848	HispS|Armillaria_mellea	1768	754	0.4265	1383.6
GCA_029378245.1	Roridomyces roridus	yes	HispS	JARKIF010000313.1	-	2437	5069	16	73.6	2.78e-12	29.927	HispS|Panellus_stipticus	1504	583	0.3876	880.2
GCA_029378245.1	Roridomyces roridus	yes	HispS	JARKIF010000014.1	+	824921	825559	5	54.3	2.59e-06	29.386	HispS|Armillaria_gallica	1771	222	0.1254	252.2
GCA_029378245.1	Roridomyces roridus	yes	HispS	JARKIF010000015.1	+	1159727	1161656	12	97.8	1.6e-19	25.33	HispS|Armillaria_ostoyae	1770	644	0.3638	1009.4
GCA_029378245.1	Roridomyces roridus	yes	HispS	JARKIF010000061.1	-	186652	188225	11	97.4	2.05e-19	25.067	HispS|Armillaria_ostoyae	1770	519	0.2932	941.3
GCA_029378245.1	Roridomyces roridus	yes	HispS	JARKIF010000060.1	-	30853	31947	1	52.4	8.76e-06	22.539	HispS|Mycena_chlorophos	1652	329	0.1992	52.4
GCA_029378245.1	Roridomyces roridus	yes	HispS	JARKIF010000070.1	+	37347	38036	2	49.3	7.56e-05	24.908	HispS|Neonothopanus_gardneri	1691	263	0.1555	95.1
GCA_029378245.1	Roridomyces roridus	yes	HispS	JARKIF010000001.1	+	1085203	1085598	1	50.8	2.25e-05	27.536	HispS|Neonothopanus_nambi	1678	138	0.0822	50.8
GCA_029378245.1	Roridomyces roridus	yes	HispS	JARKIF010000083.1	+	140654	141049	1	50.8	2.24e-05	27.536	HispS|Neonothopanus_nambi	1678	138	0.0822	50.8
GCA_029378245.1	Roridomyces roridus	yes	H3H	JARKIF010000003.1	-	59432	61059	33	367.0	2.05e-113	44.643	H3H|Mycena_citricolor	419	416	0.9928	6199.7
GCA_029378245.1	Roridomyces roridus	yes	H3H	JARKIF010000003.1	-	2398885	2399844	14	110.0	4.6e-25	29.373	H3H|Guyanagaster_necrorhiza	443	310	0.6998	1426.7
GCA_029378245.1	Roridomyces roridus	yes	H3H	JARKIF010000003.1	-	3208175	3209368	48	253.0	7.28e-114	69.231	H3H|Panellus_stipticus	428	337	0.7874	5828.0
GCA_029378245.1	Roridomyces roridus	yes	H3H	JARKIF010000003.1	+	820514	821089	1	43.9	0.000575	25.714	H3H|Armillaria_fuscipes	426	195	0.4577	43.9
GCA_029378245.1	Roridomyces roridus	yes	H3H	JARKIF010000003.1	+	2117626	2118958	34	65.9	1.71e-21	44.872	H3H|Neonothopanus_nambi	422	359	0.8507	1868.9
GCA_029378245.1	Roridomyces roridus	yes	H3H	JARKIF010000003.1	+	2129194	2130490	33	65.9	1.71e-21	44.872	H3H|Neonothopanus_nambi	422	327	0.7749	1809.2
GCA_029378245.1	Roridomyces roridus	yes	H3H	JARKIF010000013.1	-	43348	43587	3	48.1	2.66e-05	35.714	H3H|Neonothopanus_gardneri	416	85	0.2043	143.6
GCA_029378245.1	Roridomyces roridus	yes	H3H	JARKIF010000013.1	-	974687	975465	41	81.3	4.3e-28	50.649	H3H|Panellus_stipticus_2	428	236	0.5514	2205.8
GCA_029378245.1	Roridomyces roridus	yes	H3H	JARKIF010000013.1	-	986925	987246	6	36.2	4.77e-06	33.333	H3H|Neonothopanus_nambi	422	94	0.2227	204.5
GCA_029378245.1	Roridomyces roridus	yes	H3H	JARKIF010000013.1	-	1022673	1024200	28	166.0	5.1e-63	35.612	H3H|Neonothopanus_nambi	422	414	0.981	3464.5
GCA_029378245.1	Roridomyces roridus	yes	H3H	JARKIF010000013.1	-	1111514	1113013	23	183.0	9.59e-49	31.393	H3H|Omphalotus_olearius	540	427	0.7907	2834.2
GCA_029378245.1	Roridomyces roridus	yes	H3H	JARKIF010000013.1	-	1378899	1379132	3	43.5	0.000743	37.179	H3H|Panellus_stipticus	428	74	0.1729	130.1
GCA_029378245.1	Roridomyces roridus	yes	H3H	JARKIF010000013.1	+	932810	936549	101	124.0	4.05e-29	37.624	H3H|Omphalotus_olearius	540	383	0.7093	7330.3
GCA_029378245.1	Roridomyces roridus	yes	H3H	JARKIF010000027.1	+	208978	212207	57	181.0	3.03e-62	45.022	H3H|Armillaria_ostoyae	426	369	0.8662	6467.8
GCA_029378245.1	Roridomyces roridus	yes	H3H	JARKIF010000027.1	+	516385	517872	46	116.0	9.8e-51	36.364	H3H|Neonothopanus_gardneri	416	344	0.8269	3411.3
GCA_029378245.1	Roridomyces roridus	yes	H3H	JARKIF010000027.1	-	245023	245408	26	48.1	4.13e-10	39.683	H3H|Neonothopanus_nambi	422	124	0.2938	1020.1
GCA_029378245.1	Roridomyces roridus	yes	H3H	JARKIF010000027.1	-	255267	256607	42	166.0	2.5e-50	38.618	H3H|Neonothopanus_gardneri	416	387	0.9303	3748.2
GCA_029378245.1	Roridomyces roridus	yes	H3H	JARKIF010000027.1	-	267177	275399	40	174.0	1.75e-61	34.545	H3H|Neonothopanus_gardneri	416	400	0.9615	3673.3
GCA_029378245.1	Roridomyces roridus	yes	H3H	JARKIF010000027.1	-	386403	387490	28	160.0	7.15e-48	34.843	H3H|Panellus_stipticus	428	323	0.7547	2753.8
GCA_029378245.1	Roridomyces roridus	yes	H3H	JARKIF010000001.1	-	327356	337455	89	186.0	4.42e-66	40.809	H3H|Panellus_stipticus_2	428	413	0.965	9333.9
GCA_029378245.1	Roridomyces roridus	yes	H3H	JARKIF010000001.1	-	2883672	2884844	14	65.5	1.06e-10	23.317	H3H|Guyanagaster_necrorhiza	443	375	0.8465	798.5
GCA_029378245.1	Roridomyces roridus	yes	H3H	JARKIF010000001.1	+	123012	124448	56	80.9	1.29e-15	34.043	H3H|Panellus_stipticus_3	428	388	0.9065	3398.9
GCA_029378245.1	Roridomyces roridus	yes	H3H	JARKIF010000001.1	+	284649	293256	43	171.0	1.74e-61	33.036	H3H|Neonothopanus_gardneri	416	400	0.9615	3811.7
GCA_029378245.1	Roridomyces roridus	yes	H3H	JARKIF010000001.1	+	303221	304561	42	167.0	7.42e-51	38.618	H3H|Neonothopanus_gardneri	416	387	0.9303	3779.1
GCA_029378245.1	Roridomyces roridus	yes	H3H	JARKIF010000001.1	+	314403	314788	26	48.5	3.71e-09	41.27	H3H|Mycena_chlorophos	422	124	0.2938	1025.8
GCA_029378245.1	Roridomyces roridus	yes	H3H	JARKIF010000075.1	+	105423	109159	73	211.0	8.25e-60	37.888	H3H|Neonothopanus_gardneri	416	394	0.9471	6897.8
GCA_029378245.1	Roridomyces roridus	yes	H3H	JARKIF010000075.1	-	147836	148614	41	81.3	4.57e-28	50.649	H3H|Panellus_stipticus_2	428	236	0.5514	2205.8
GCA_029378245.1	Roridomyces roridus	yes	H3H	JARKIF010000032.1	+	35923	36087	9	50.8	4.62e-06	49.091	H3H|Guyanagaster_necrorhiza	443	56	0.1264	408.1
GCA_029378245.1	Roridomyces roridus	yes	H3H	JARKIF010000032.1	+	495256	503949	44	134.0	6.33e-52	36.607	H3H|Mycena_chlorophos	422	388	0.9194	3375.4
GCA_029378245.1	Roridomyces roridus	yes	H3H	JARKIF010000125.1	+	64715	66183	47	111.0	1.03e-49	42.384	H3H|Armillaria_ostoyae	426	387	0.9085	3443.9
GCA_029378245.1	Roridomyces roridus	yes	H3H	JARKIF010000164.1	-	16321	17811	23	192.0	6.39e-52	31.866	H3H|Omphalotus_olearius	540	422	0.7815	2905.7
GCA_029378245.1	Roridomyces roridus	yes	H3H	JARKIF010000007.1	+	672556	673968	14	205.0	1.17e-57	33.124	H3H|Neonothopanus_gardneri	416	400	0.9615	2475.0
GCA_029378245.1	Roridomyces roridus	yes	H3H	JARKIF010000007.1	+	1339625	1340827	14	99.8	8.68e-22	29.688	H3H|Neonothopanus_gardneri	416	414	0.9952	1247.6
GCA_029378245.1	Roridomyces roridus	yes	H3H	JARKIF010000038.1	-	167999	169510	42	155.0	8.97e-47	35.821	H3H|Armillaria_ostoyae	426	382	0.8967	3640.5
GCA_029378245.1	Roridomyces roridus	yes	H3H	JARKIF010000070.1	+	119412	120802	42	159.0	4.69e-48	38.235	H3H|Neonothopanus_gardneri	416	375	0.9014	3602.4
GCA_029378245.1	Roridomyces roridus	yes	H3H	JARKIF010000025.1	+	45997	47086	52	93.6	1.33e-31	30.182	H3H|Mycena_chlorophos	422	311	0.737	3305.6
GCA_029378245.1	Roridomyces roridus	yes	H3H	JARKIF010000025.1	+	622155	623469	20	103.0	2.52e-22	30.169	H3H|Omphalotus_olearius	540	385	0.713	1466.0
GCA_029378245.1	Roridomyces roridus	yes	H3H	JARKIF010000025.1	-	404457	405280	16	48.1	9.24e-10	23.755	H3H|Neonothopanus_nambi	422	300	0.7109	612.3
GCA_029378245.1	Roridomyces roridus	yes	H3H	JARKIF010000025.1	-	454514	455058	17	63.5	2.39e-13	35.385	H3H|Omphalotus_olearius	540	166	0.3074	891.2
GCA_029378245.1	Roridomyces roridus	yes	H3H	JARKIF010000025.1	-	542386	542700	7	50.8	3.77e-06	40.278	H3H|Mycena_citricolor_2	420	111	0.2643	334.4
GCA_029378245.1	Roridomyces roridus	yes	H3H	JARKIF010000006.1	+	1696134	1697572	42	135.0	3.44e-46	34.252	H3H|Neonothopanus_gardneri	416	377	0.9062	3699.1
GCA_029378245.1	Roridomyces roridus	yes	H3H	JARKIF010000006.1	+	2530899	2531353	2	109.0	2.56e-24	59.574	H3H|Omphalotus_olearius	540	134	0.2481	181.0
GCA_029378245.1	Roridomyces roridus	yes	H3H	JARKIF010000004.1	-	2709553	2710775	30	139.0	4.1e-49	33.03	H3H|Panellus_stipticus_3	428	323	0.7547	2769.7
GCA_029378245.1	Roridomyces roridus	yes	H3H	JARKIF010000004.1	+	2090041	2091424	28	114.0	8.23e-26	29.467	H3H|Omphalotus_olearius	540	402	0.7444	2964.5
GCA_029378245.1	Roridomyces roridus	yes	H3H	JARKIF010000041.1	-	126667	127850	15	125.0	3.29e-30	31.124	H3H|Neonothopanus_nambi	422	360	0.8531	1588.1
GCA_029378245.1	Roridomyces roridus	yes	H3H	JARKIF010000041.1	-	215150	215464	7	50.8	3.77e-06	40.278	H3H|Mycena_citricolor_2	420	111	0.2643	334.4
GCA_029378245.1	Roridomyces roridus	yes	H3H	JARKIF010000041.1	+	280020	281334	23	103.0	2.3e-22	30.169	H3H|Omphalotus_olearius	540	388	0.7185	1558.0
GCA_029378245.1	Roridomyces roridus	yes	H3H	JARKIF010000086.1	+	83203	84574	28	122.0	1.48e-28	30.818	H3H|Omphalotus_olearius	540	402	0.7444	3061.1
GCA_029378245.1	Roridomyces roridus	yes	H3H	JARKIF010000242.1	+	1831	3167	51	122.0	1e-31	28.777	H3H|Omphalotus_olearius	540	390	0.7222	3152.7
GCA_029378245.1	Roridomyces roridus	yes	H3H	JARKIF010000336.1	+	23049	24251	14	99.8	8.63e-22	29.688	H3H|Neonothopanus_gardneri	416	414	0.9952	1248.8
GCA_029378245.1	Roridomyces roridus	yes	H3H	JARKIF010000022.1	-	142311	142499	3	45.8	0.000121	34.921	H3H|Armillaria_mellea	429	60	0.1399	133.2
GCA_029378245.1	Roridomyces roridus	yes	H3H	JARKIF010000022.1	-	167115	168364	46	94.7	4.16e-20	56.989	H3H|Panellus_stipticus_2	428	254	0.5935	2948.0
GCA_029378245.1	Roridomyces roridus	yes	H3H	JARKIF010000078.1	+	124975	126427	34	66.2	6.01e-11	44.872	H3H|Neonothopanus_nambi	422	314	0.7441	1826.5
GCA_029378245.1	Roridomyces roridus	yes	H3H	JARKIF010000106.1	+	37610	38975	25	66.2	2.66e-14	28.169	H3H|Mycena_chlorophos	422	380	0.9005	1222.9
GCA_029378245.1	Roridomyces roridus	yes	H3H	JARKIF010000047.1	-	117947	119325	21	84.0	2.01e-19	26.287	H3H|Mycena_chlorophos	422	387	0.9171	1204.8
GCA_029378245.1	Roridomyces roridus	yes	H3H	JARKIF010000008.1	-	56758	57778	20	64.3	2.39e-10	28.214	H3H|Mycena_citricolor_2	420	294	0.7	1063.1
GCA_029378245.1	Roridomyces roridus	yes	H3H	JARKIF010000005.1	+	116280	116564	13	52.0	2.01e-06	36.986	H3H|Guyanagaster_necrorhiza	443	100	0.2257	611.5
GCA_029378245.1	Roridomyces roridus	yes	H3H	JARKIF010000005.1	+	132567	135442	23	55.5	1.45e-07	36.036	H3H|Armillaria_gallica	422	163	0.3863	1157.7
GCA_029378245.1	Roridomyces roridus	yes	H3H	JARKIF010000005.1	+	664762	666118	6	52.8	4.73e-10	29.907	H3H|Guyanagaster_necrorhiza	443	219	0.4944	266.9
GCA_029378245.1	Roridomyces roridus	yes	H3H	JARKIF010000005.1	+	3002938	3003330	4	46.6	8.72e-05	31.405	H3H|Neonothopanus_nambi	422	134	0.3175	178.3
GCA_029378245.1	Roridomyces roridus	yes	H3H	JARKIF010000079.1	+	60318	60665	10	54.7	2.72e-07	38.298	H3H|Armillaria_fuscipes	426	114	0.2676	483.3
GCA_029378245.1	Roridomyces roridus	yes	H3H	JARKIF010000018.1	+	1145328	1145675	10	54.7	2.73e-07	38.298	H3H|Armillaria_fuscipes	426	114	0.2676	483.3
GCA_029378245.1	Roridomyces roridus	yes	H3H	JARKIF010000051.1	+	327457	327738	11	51.6	2.43e-06	37.209	H3H|Armillaria_fuscipes	426	88	0.2066	531.3
GCA_029378245.1	Roridomyces roridus	yes	H3H	JARKIF010000130.1	+	76949	77392	13	54.7	2.24e-07	30.0	H3H|Mycena_citricolor	419	124	0.2959	616.9
GCA_029378245.1	Roridomyces roridus	yes	H3H	JARKIF010000016.1	+	684032	685163	16	50.4	4.26e-06	38.571	H3H|Mycena_citricolor_2	420	298	0.7095	744.9
GCA_029378245.1	Roridomyces roridus	yes	H3H	JARKIF010000094.1	+	76406	77537	16	51.2	3.11e-06	38.571	H3H|Mycena_citricolor_2	420	298	0.7095	750.0
GCA_029378245.1	Roridomyces roridus	yes	H3H	JARKIF010000292.1	+	32125	32655	14	57.0	4.42e-08	31.126	H3H|Neonothopanus_nambi	422	154	0.3649	699.8
GCA_029378245.1	Roridomyces roridus	yes	H3H	JARKIF010000182.1	+	3	218	5	46.2	0.000107	37.5	H3H|Armillaria_fuscipes	426	67	0.1573	221.8
GCA_029378245.1	Roridomyces roridus	yes	H3H	JARKIF010000044.1	+	71177	71752	1	43.5	0.000756	25.714	H3H|Armillaria_fuscipes	426	195	0.4577	43.5
GCA_029378245.1	Roridomyces roridus	yes	H3H	JARKIF010000056.1	-	36926	37723	3	51.2	3.09e-06	26.538	H3H|Neonothopanus_nambi	422	285	0.6754	140.9
GCA_029378245.1	Roridomyces roridus	yes	H3H	JARKIF010000303.1	+	25910	26050	2	45.1	0.000243	48.936	H3H|Mycena_citricolor_2	420	46	0.1095	89.4
GCA_029378245.1	Roridomyces roridus	yes	H3H	JARKIF010000252.1	+	27351	28403	6	50.8	3.61e-06	31.633	H3H|Panellus_stipticus	428	141	0.3294	281.1
GCA_029378245.1	Roridomyces roridus	yes	H3H	JARKIF010000015.1	+	628499	629551	6	50.8	3.65e-06	31.633	H3H|Panellus_stipticus	428	141	0.3294	281.1
GCA_029378245.1	Roridomyces roridus	yes	H3H	JARKIF010000012.1	-	533330	533926	1	45.8	0.000147	26.0	H3H|Neonothopanus_nambi	422	164	0.3886	45.8
GCA_029378245.1	Roridomyces roridus	yes	H3H	JARKIF010000052.1	-	3852	4085	3	43.5	0.000749	37.179	H3H|Panellus_stipticus	428	74	0.1729	130.1
GCA_029378245.1	Roridomyces roridus	yes	H3H	JARKIF010000227.1	+	36816	37270	2	109.0	2.5e-24	59.574	H3H|Omphalotus_olearius	540	134	0.2481	181.4
GCA_029378245.1	Roridomyces roridus	yes	H3H	JARKIF010000002.1	-	386260	386607	1	108.0	6.57e-24	50.0	H3H|Omphalotus_olearius	540	97	0.1796	108.0
GCA_029378245.1	Roridomyces roridus	yes	H3H	JARKIF010000016.1	-	750009	750260	3	46.6	8.34e-05	38.636	H3H|Panellus_stipticus	428	86	0.2009	138.6
GCA_029378245.1	Roridomyces roridus	yes	H3H	JARKIF010000335.1	+	9332	9550	3	44.7	0.000285	36.986	H3H|Panellus_stipticus	428	70	0.1636	131.7
GCA_029378245.1	Roridomyces roridus	yes	H3H	JARKIF010000258.1	+	28549	29106	3	45.1	0.000263	26.702	H3H|Panellus_stipticus_3	428	181	0.4229	134.5
GCA_029378245.1	Roridomyces roridus	yes	H3H	JARKIF010000220.1	-	37056	37613	3	45.1	0.000263	26.702	H3H|Panellus_stipticus_3	428	181	0.4229	134.5
GCA_029378245.1	Roridomyces roridus	yes	H3H	JARKIF010000049.1	+	293668	294225	3	45.1	0.000265	26.702	H3H|Panellus_stipticus_3	428	181	0.4229	134.5
GCA_029378245.1	Roridomyces roridus	yes	CPH	JARKIF010000017.1	+	53472	54615	22	162.0	5.04e-92	69.159	CPH|Armillaria_mellea	297	319	1.0741	2416.6
GCA_029378245.1	Roridomyces roridus	yes	CPH	JARKIF010000013.1	-	1083330	1084491	18	97.1	5.44e-34	36.416	CPH|Armillaria_gallica	302	320	1.0596	1354.5
GCA_029378245.1	Roridomyces roridus	yes	CPH	JARKIF010000019.1	-	253050	253847	6	112.0	7.74e-27	33.212	CPH|Armillaria_gallica	302	243	0.8046	637.9
GCA_029378245.1	Roridomyces roridus	yes	CPH	JARKIF010000018.1	+	172798	173610	13	82.4	5.87e-17	39.231	CPH|Armillaria_fuscipes	294	253	0.8605	858.7
GCA_029378245.1	Roridomyces roridus	yes	CPH	JARKIF010000008.1	+	2171251	2171779	10	47.8	8.1e-07	26.897	CPH|Armillaria_fuscipes	294	150	0.5102	351.2
GCA_029378245.1	Roridomyces roridus	yes	Luz	JARKIF010000003.1	+	61466	62274	24	264.0	2.33e-80	76.25	Luz|Panellus_stipticus	249	259	1.0402	4605.0
GCA_029378245.1	Roridomyces roridus	yes	Luz	JARKIF010000003.1	+	3209326	3209733	12	224.0	1.35e-66	82.946	Luz|Panellus_stipticus	249	148	0.5944	2543.0
