assembly	species	has_annotation	contig	start	end	span_bp	n_genes	genes	tier	tier_reason	max_bitscore
GCA_040126065.1	Aspergillus fumigatus	yes	CP146365.1	74312	77219	2907	1	HispS	4	single gene only (HispS)	240.0
GCA_040126065.1	Aspergillus fumigatus	yes	CP146365.1	2167898	2168173	275	1	HispS	4	single gene only (HispS)	46.2
GCA_040126065.1	Aspergillus fumigatus	yes	CP146365.1	2439246	2440271	1025	1	HispS	4	single gene only (HispS)	67.4
GCA_040126065.1	Aspergillus fumigatus	yes	CP146365.1	3269284	3287800	18516	2	H3H,CPH	3	two of four in window	161.0
GCA_040126065.1	Aspergillus fumigatus	yes	CP146365.1	3615509	3618175	2666	1	HispS	4	single gene only (HispS)	348.0
GCA_040126065.1	Aspergillus fumigatus	yes	CP146364.1	794667	795188	521	1	HispS	4	single gene only (HispS)	50.4
GCA_040126065.1	Aspergillus fumigatus	yes	CP146364.1	1439763	1440716	953	1	CPH	4	single gene only (CPH)	205.0
GCA_040126065.1	Aspergillus fumigatus	yes	CP146364.1	1695160	1695678	518	1	H3H	4	single gene only (H3H)	42.4
GCA_040126065.1	Aspergillus fumigatus	yes	CP146364.1	2998970	3015242	16272	2	HispS,H3H	3	two of four in window	52.8
GCA_040126065.1	Aspergillus fumigatus	yes	CP146364.1	3532071	3539513	7442	1	HispS	4	single gene only (HispS)	346.0
GCA_040126065.1	Aspergillus fumigatus	yes	CP146364.1	3673878	3674906	1028	1	H3H	4	single gene only (H3H)	61.6
GCA_040126065.1	Aspergillus fumigatus	yes	CP146362.1	48721	49635	914	1	HispS	4	single gene only (HispS)	45.4
GCA_040126065.1	Aspergillus fumigatus	yes	CP146362.1	152272	154974	2702	1	HispS	4	single gene only (HispS)	255.0
GCA_040126065.1	Aspergillus fumigatus	yes	CP146362.1	427714	429417	1703	1	HispS	4	single gene only (HispS)	63.5
GCA_040126065.1	Aspergillus fumigatus	yes	CP146362.1	1941446	1942312	866	1	CPH	4	single gene only (CPH)	74.7
GCA_040126065.1	Aspergillus fumigatus	yes	CP146362.1	3124656	3128240	3584	1	HispS	4	single gene only (HispS)	46.2
GCA_040126065.1	Aspergillus fumigatus	yes	CP146362.1	3332098	3389371	57273	1	HispS	4	single gene only (HispS)	147.0
GCA_040126065.1	Aspergillus fumigatus	yes	CP146362.1	3619290	3684773	65483	2	HispS,H3H	3	two of four in window	112.0
GCA_040126065.1	Aspergillus fumigatus	yes	CP146362.1	4002081	4003205	1124	1	H3H	4	single gene only (H3H)	90.9
GCA_040126065.1	Aspergillus fumigatus	yes	CP146367.1	45225	48445	3220	1	HispS	4	single gene only (HispS)	304.0
GCA_040126065.1	Aspergillus fumigatus	yes	CP146367.1	175324	176615	1291	1	H3H	4	single gene only (H3H)	148.0
GCA_040126065.1	Aspergillus fumigatus	yes	CP146367.1	293602	294615	1013	1	H3H	4	single gene only (H3H)	42.7
GCA_040126065.1	Aspergillus fumigatus	yes	CP146367.1	453731	454085	354	1	HispS	4	single gene only (HispS)	41.2
GCA_040126065.1	Aspergillus fumigatus	yes	CP146367.1	1728026	1728928	902	1	CPH	4	single gene only (CPH)	54.7
GCA_040126065.1	Aspergillus fumigatus	yes	CP146360.1	41463	124476	83013	2	HispS,H3H	3	two of four in window	293.0
GCA_040126065.1	Aspergillus fumigatus	yes	CP146360.1	2278702	2279046	344	1	HispS	4	single gene only (HispS)	43.9
GCA_040126065.1	Aspergillus fumigatus	yes	CP146360.1	3197104	3197765	661	1	HispS	4	single gene only (HispS)	52.8
GCA_040126065.1	Aspergillus fumigatus	yes	CP146360.1	3354530	3355763	1233	1	H3H	4	single gene only (H3H)	62.8
GCA_040126065.1	Aspergillus fumigatus	yes	CP146360.1	3627960	3629330	1370	1	H3H	4	single gene only (H3H)	134.0
GCA_040126065.1	Aspergillus fumigatus	yes	CP146360.1	4330598	4506907	176309	2	HispS,H3H	3	two of four in window	170.0
GCA_040126065.1	Aspergillus fumigatus	yes	CP146360.1	4648069	4649037	968	1	H3H	4	single gene only (H3H)	56.2
GCA_040126065.1	Aspergillus fumigatus	yes	CP146366.1	38475	120974	82499	1	HispS	4	single gene only (HispS)	217.0
GCA_040126065.1	Aspergillus fumigatus	yes	CP146366.1	654645	657305	2660	1	HispS	4	single gene only (HispS)	254.0
GCA_040126065.1	Aspergillus fumigatus	yes	CP146366.1	1464763	1465959	1196	1	H3H	4	single gene only (H3H)	89.7
GCA_040126065.1	Aspergillus fumigatus	yes	CP146366.1	1655692	1657046	1354	1	H3H	4	single gene only (H3H)	80.1
GCA_040126065.1	Aspergillus fumigatus	yes	CP146361.1	43249	105402	62153	2	HispS,H3H	3	two of four in window	102.0
GCA_040126065.1	Aspergillus fumigatus	yes	CP146361.1	376334	377379	1045	1	CPH	4	single gene only (CPH)	165.0
GCA_040126065.1	Aspergillus fumigatus	yes	CP146361.1	540513	541670	1157	1	H3H	4	single gene only (H3H)	80.9
GCA_040126065.1	Aspergillus fumigatus	yes	CP146361.1	2444873	2445565	692	1	HispS	4	single gene only (HispS)	45.4
GCA_040126065.1	Aspergillus fumigatus	yes	CP146361.1	2836224	2836915	691	1	Luz	4	single gene only (Luz)	62.0
GCA_040126065.1	Aspergillus fumigatus	yes	CP146361.1	3022790	3024047	1257	1	H3H	4	single gene only (H3H)	99.4
GCA_040126065.1	Aspergillus fumigatus	yes	CP146361.1	4381556	4382011	455	1	HispS	4	single gene only (HispS)	43.9
GCA_040126065.1	Aspergillus fumigatus	yes	CP146361.1	4535669	4586110	50441	2	HispS,H3H	3	two of four in window	207.0
GCA_040126065.1	Aspergillus fumigatus	yes	CP146363.1	85961	128721	42760	1	HispS	4	single gene only (HispS)	62.4
GCA_040126065.1	Aspergillus fumigatus	yes	CP146363.1	508066	530660	22594	1	HispS	4	single gene only (HispS)	60.1
GCA_040126065.1	Aspergillus fumigatus	yes	CP146363.1	1240844	1241090	246	1	H3H	4	single gene only (H3H)	38.5
GCA_040126065.1	Aspergillus fumigatus	yes	CP146363.1	1912989	1913234	245	1	H3H	4	single gene only (H3H)	42.4
GCA_040126065.1	Aspergillus fumigatus	yes	CP146363.1	2683094	2684056	962	1	HispS	4	single gene only (HispS)	50.8
GCA_058970245.1	Aspergillus fumigatus	yes	CM179779.1	43253	44281	1028	1	H3H	4	single gene only (H3H)	61.6
GCA_058970245.1	Aspergillus fumigatus	yes	CM179779.1	176356	183798	7442	1	HispS	4	single gene only (HispS)	349.0
GCA_058970245.1	Aspergillus fumigatus	yes	CM179779.1	703524	719797	16273	2	HispS,H3H	3	two of four in window	52.8
GCA_058970245.1	Aspergillus fumigatus	yes	CM179779.1	2056811	2057197	386	1	H3H	4	single gene only (H3H)	42.4
GCA_058970245.1	Aspergillus fumigatus	yes	CM179779.1	2317383	2318336	953	1	CPH	4	single gene only (CPH)	205.0
GCA_058970245.1	Aspergillus fumigatus	yes	CM179779.1	2938669	2939190	521	1	HispS	4	single gene only (HispS)	49.7
GCA_058970245.1	Aspergillus fumigatus	yes	CM179779.1	3400344	3400787	443	1	H3H	4	single gene only (H3H)	58.9
GCA_058970245.1	Aspergillus fumigatus	yes	CM179777.1	34422	37088	2666	1	HispS	4	single gene only (HispS)	347.0
GCA_058970245.1	Aspergillus fumigatus	yes	CM179777.1	387340	398899	11559	2	H3H,CPH	3	two of four in window	161.0
GCA_058970245.1	Aspergillus fumigatus	yes	CM179777.1	1174468	1175493	1025	1	HispS	4	single gene only (HispS)	66.2
GCA_058970245.1	Aspergillus fumigatus	yes	CM179777.1	1448687	1448962	275	1	HispS	4	single gene only (HispS)	46.2
GCA_058970245.1	Aspergillus fumigatus	yes	CM179777.1	3455234	3458084	2850	1	HispS	4	single gene only (HispS)	239.0
GCA_058970245.1	Aspergillus fumigatus	yes	CM179780.1	4327	12760	8433	2	H3H,CPH	3	two of four in window	62.4
GCA_058970245.1	Aspergillus fumigatus	yes	CM179780.1	1263189	1263543	354	1	HispS	4	single gene only (HispS)	41.2
GCA_058970245.1	Aspergillus fumigatus	yes	CM179780.1	1421729	1422742	1013	1	H3H	4	single gene only (H3H)	42.0
GCA_058970245.1	Aspergillus fumigatus	yes	CM179780.1	1618140	1619437	1297	1	H3H	4	single gene only (H3H)	150.0
GCA_058970245.1	Aspergillus fumigatus	yes	CM179780.1	1735294	1738514	3220	1	HispS	4	single gene only (HispS)	302.0
GCA_058970245.1	Aspergillus fumigatus	yes	CM179775.1	160705	161673	968	1	H3H	4	single gene only (H3H)	55.8
GCA_058970245.1	Aspergillus fumigatus	yes	CM179775.1	298989	473460	174471	2	HispS,H3H	3	two of four in window	166.0
GCA_058970245.1	Aspergillus fumigatus	yes	CM179775.1	805033	806266	1233	1	H3H	4	single gene only (H3H)	62.8
GCA_058970245.1	Aspergillus fumigatus	yes	CM179775.1	1074224	1075594	1370	1	H3H	4	single gene only (H3H)	134.0
GCA_058970245.1	Aspergillus fumigatus	yes	CM179775.1	1599222	1600124	902	1	HispS	4	single gene only (HispS)	62.0
GCA_058970245.1	Aspergillus fumigatus	yes	CM179775.1	2450363	2450707	344	1	HispS	4	single gene only (HispS)	43.9
GCA_058970245.1	Aspergillus fumigatus	yes	CM179775.1	4555538	4638774	83236	2	HispS,H3H	3	two of four in window	292.0
GCA_058970245.1	Aspergillus fumigatus	yes	CM179781.1	35593	119997	84404	1	HispS	4	single gene only (HispS)	215.0
GCA_058970245.1	Aspergillus fumigatus	yes	CM179781.1	608956	617524	8568	2	HispS,H3H	3	two of four in window	254.0
GCA_058970245.1	Aspergillus fumigatus	yes	CM179781.1	1427993	1429189	1196	1	H3H	4	single gene only (H3H)	89.4
GCA_058970245.1	Aspergillus fumigatus	yes	CM179781.1	1632874	1634229	1355	1	H3H	4	single gene only (H3H)	79.0
GCA_058970245.1	Aspergillus fumigatus	yes	CM179776.1	144075	146777	2702	1	HispS	4	single gene only (HispS)	257.0
GCA_058970245.1	Aspergillus fumigatus	yes	CM179776.1	1911124	1911444	320	1	CPH	4	single gene only (CPH)	62.4
GCA_058970245.1	Aspergillus fumigatus	yes	CM179776.1	3006331	3007239	908	1	HispS	4	single gene only (HispS)	44.7
GCA_058970245.1	Aspergillus fumigatus	yes	CM179776.1	3436079	3481899	45820	2	HispS,H3H	3	two of four in window	114.0
GCA_058970245.1	Aspergillus fumigatus	yes	CM179776.1	3779023	3780147	1124	1	H3H	4	single gene only (H3H)	92.4
GCA_058970245.1	Aspergillus fumigatus	yes	CM179774.1	18620	21577	2957	1	HispS	4	single gene only (HispS)	212.0
GCA_058970245.1	Aspergillus fumigatus	yes	CM179774.1	410429	411232	803	1	H3H	4	single gene only (H3H)	155.0
GCA_058970245.1	Aspergillus fumigatus	yes	CM179774.1	1912932	1914189	1257	1	H3H	4	single gene only (H3H)	99.0
GCA_058970245.1	Aspergillus fumigatus	yes	CM179774.1	2100037	2100696	659	1	Luz	4	single gene only (Luz)	97.1
GCA_058970245.1	Aspergillus fumigatus	yes	CM179774.1	2490701	2491396	695	1	HispS	4	single gene only (HispS)	46.2
GCA_058970245.1	Aspergillus fumigatus	yes	CM179774.1	4283555	4284700	1145	1	H3H	4	single gene only (H3H)	77.4
GCA_058970245.1	Aspergillus fumigatus	yes	CM179774.1	4436182	4437227	1045	1	CPH	4	single gene only (CPH)	166.0
GCA_058970245.1	Aspergillus fumigatus	yes	CM179774.1	4690550	4751870	61320	2	HispS,H3H	3	two of four in window	102.0
GCA_058970245.1	Aspergillus fumigatus	yes	CM179778.1	93479	136708	43229	1	HispS	4	single gene only (HispS)	67.8
GCA_058970245.1	Aspergillus fumigatus	yes	CM179778.1	516725	539320	22595	1	HispS	4	single gene only (HispS)	60.8
GCA_058970245.1	Aspergillus fumigatus	yes	CM179778.1	1238572	1238819	247	1	H3H	4	single gene only (H3H)	38.5
GCA_058970245.1	Aspergillus fumigatus	yes	CM179778.1	1909428	1909673	245	1	H3H	4	single gene only (H3H)	42.4
GCA_058970245.1	Aspergillus fumigatus	yes	CM179778.1	2692883	2693845	962	1	HispS	4	single gene only (HispS)	50.8
GCA_028752175.1	Aspergillus fumigatus	no	CP084969.1	52917	55583	2666	1	HispS	4	single gene only (HispS)	347.0
GCA_028752175.1	Aspergillus fumigatus	no	CP084969.1	420480	432028	11548	2	H3H,CPH	3	two of four in window	162.0
GCA_028752175.1	Aspergillus fumigatus	no	CP084969.1	1240518	1241543	1025	1	HispS	4	single gene only (HispS)	67.4
GCA_028752175.1	Aspergillus fumigatus	no	CP084969.1	1516275	1516550	275	1	HispS	4	single gene only (HispS)	46.2
GCA_028752175.1	Aspergillus fumigatus	no	CP084969.1	3680607	3683514	2907	1	HispS	4	single gene only (HispS)	239.0
GCA_028752175.1	Aspergillus fumigatus	no	CP084971.1	762000	762521	521	1	HispS	4	single gene only (HispS)	50.4
GCA_028752175.1	Aspergillus fumigatus	no	CP084971.1	1423486	1424439	953	1	CPH	4	single gene only (CPH)	205.0
GCA_028752175.1	Aspergillus fumigatus	no	CP084971.1	1680693	1681211	518	1	H3H	4	single gene only (H3H)	42.4
GCA_028752175.1	Aspergillus fumigatus	no	CP084971.1	3106129	3122403	16274	2	HispS,H3H	3	two of four in window	52.8
GCA_028752175.1	Aspergillus fumigatus	no	CP084971.1	3641084	3648526	7442	1	HispS	4	single gene only (HispS)	343.0
GCA_028752175.1	Aspergillus fumigatus	no	CP084971.1	3780832	3781860	1028	1	H3H	4	single gene only (H3H)	61.2
GCA_028752175.1	Aspergillus fumigatus	no	CP084972.1	45222	48184	2962	1	HispS	4	single gene only (HispS)	303.0
GCA_028752175.1	Aspergillus fumigatus	no	CP084972.1	173427	174724	1297	1	H3H	4	single gene only (H3H)	149.0
GCA_028752175.1	Aspergillus fumigatus	no	CP084972.1	300439	301452	1013	1	H3H	4	single gene only (H3H)	42.7
GCA_028752175.1	Aspergillus fumigatus	no	CP084972.1	460662	461016	354	1	HispS	4	single gene only (HispS)	41.2
GCA_028752175.1	Aspergillus fumigatus	no	CP084972.1	1715756	1723800	8044	2	H3H,CPH	3	two of four in window	62.4
GCA_028752175.1	Aspergillus fumigatus	no	CP084967.1	172285	173253	968	1	H3H	4	single gene only (H3H)	55.8
GCA_028752175.1	Aspergillus fumigatus	no	CP084967.1	311072	487528	176456	2	HispS,H3H	3	two of four in window	170.0
GCA_028752175.1	Aspergillus fumigatus	no	CP084967.1	1194880	1196250	1370	1	H3H	4	single gene only (H3H)	132.0
GCA_028752175.1	Aspergillus fumigatus	no	CP084967.1	1463661	1464894	1233	1	H3H	4	single gene only (H3H)	62.8
GCA_028752175.1	Aspergillus fumigatus	no	CP084967.1	1620977	1621638	661	1	HispS	4	single gene only (HispS)	52.8
GCA_028752175.1	Aspergillus fumigatus	no	CP084967.1	2550896	2551240	344	1	HispS	4	single gene only (HispS)	43.9
GCA_028752175.1	Aspergillus fumigatus	no	CP084967.1	4715372	4798468	83096	2	HispS,H3H	3	two of four in window	293.0
GCA_028752175.1	Aspergillus fumigatus	no	CP084973.1	46330	127177	80847	1	HispS	4	single gene only (HispS)	216.0
GCA_028752175.1	Aspergillus fumigatus	no	CP084973.1	659025	661685	2660	1	HispS	4	single gene only (HispS)	254.0
GCA_028752175.1	Aspergillus fumigatus	no	CP084973.1	1492709	1493908	1199	1	H3H	4	single gene only (H3H)	89.7
GCA_028752175.1	Aspergillus fumigatus	no	CP084973.1	1681673	1683027	1354	1	H3H	4	single gene only (H3H)	80.9
GCA_028752175.1	Aspergillus fumigatus	no	CP084968.1	54570	55694	1124	1	H3H	4	single gene only (H3H)	92.0
GCA_028752175.1	Aspergillus fumigatus	no	CP084968.1	381143	446490	65347	2	HispS,H3H	3	two of four in window	114.0
GCA_028752175.1	Aspergillus fumigatus	no	CP084968.1	664055	666982	2927	1	HispS	4	single gene only (HispS)	107.0
GCA_028752175.1	Aspergillus fumigatus	no	CP084968.1	875445	876353	908	1	HispS	4	single gene only (HispS)	44.3
GCA_028752175.1	Aspergillus fumigatus	no	CP084968.1	2043920	2044786	866	1	CPH	4	single gene only (CPH)	74.3
GCA_028752175.1	Aspergillus fumigatus	no	CP084968.1	3576546	3578249	1703	1	HispS	4	single gene only (HispS)	59.3
GCA_028752175.1	Aspergillus fumigatus	no	CP084968.1	3850687	3853409	2722	1	HispS	4	single gene only (HispS)	205.0
GCA_028752175.1	Aspergillus fumigatus	no	CP084968.1	3965826	3966740	914	1	HispS	4	single gene only (HispS)	45.4
GCA_028752175.1	Aspergillus fumigatus	no	CP084966.1	25003	68245	43242	2	HispS,H3H	3	two of four in window	211.0
GCA_028752175.1	Aspergillus fumigatus	no	CP084966.1	1614392	1615649	1257	1	H3H	4	single gene only (H3H)	99.0
GCA_028752175.1	Aspergillus fumigatus	no	CP084966.1	1801485	1802144	659	1	Luz	4	single gene only (Luz)	97.1
GCA_028752175.1	Aspergillus fumigatus	no	CP084966.1	2210832	2211524	692	1	HispS	4	single gene only (HispS)	45.4
GCA_028752175.1	Aspergillus fumigatus	no	CP084966.1	4086417	4087574	1157	1	H3H	4	single gene only (H3H)	77.4
GCA_028752175.1	Aspergillus fumigatus	no	CP084966.1	4260070	4261115	1045	1	CPH	4	single gene only (CPH)	165.0
GCA_028752175.1	Aspergillus fumigatus	no	CP084966.1	4539289	4601400	62111	2	HispS,H3H	3	two of four in window	102.0
GCA_028752175.1	Aspergillus fumigatus	no	CP084970.1	1102482	1103444	962	1	HispS	4	single gene only (HispS)	50.8
GCA_028752175.1	Aspergillus fumigatus	no	CP084970.1	1917986	1918231	245	1	H3H	4	single gene only (H3H)	42.4
GCA_028752175.1	Aspergillus fumigatus	no	CP084970.1	2613959	2614205	246	1	H3H	4	single gene only (H3H)	38.5
GCA_028752175.1	Aspergillus fumigatus	no	CP084970.1	3382747	3404054	21307	1	HispS	4	single gene only (HispS)	60.1
GCA_028752175.1	Aspergillus fumigatus	no	CP084970.1	3823397	3826423	3026	1	HispS	4	single gene only (HispS)	72.0
GCA_059491275.1	Aspergillus nidulans	yes	CM183210.1	87172	155271	68099	2	HispS,CPH	3	two of four in window	182.0
GCA_059491275.1	Aspergillus nidulans	yes	CM183210.1	480204	483123	2919	1	HispS	4	single gene only (HispS)	142.0
GCA_059491275.1	Aspergillus nidulans	yes	CM183210.1	1870645	1873587	2942	1	HispS	4	single gene only (HispS)	317.0
GCA_059491275.1	Aspergillus nidulans	yes	CM183210.1	1992924	1993991	1067	1	H3H	4	single gene only (H3H)	53.1
GCA_059491275.1	Aspergillus nidulans	yes	CM183210.1	2148397	2149585	1188	1	H3H	4	single gene only (H3H)	134.0
GCA_059491275.1	Aspergillus nidulans	yes	CM183210.1	2635817	2728672	92855	2	HispS,H3H	3	two of four in window	293.0
GCA_059491275.1	Aspergillus nidulans	yes	CM183210.1	2897764	2899247	1483	1	H3H	4	single gene only (H3H)	70.1
GCA_059491275.1	Aspergillus nidulans	yes	CM183210.1	3809168	3809977	809	1	HispS	4	single gene only (HispS)	45.4
GCA_059491275.1	Aspergillus nidulans	yes	CM183210.1	4289616	4316741	27125	1	HispS	4	single gene only (HispS)	182.0
GCA_059491275.1	Aspergillus nidulans	yes	CM183210.1	4461841	4463189	1348	1	H3H	4	single gene only (H3H)	68.9
GCA_059491275.1	Aspergillus nidulans	yes	CM183205.1	89163	175892	86729	2	HispS,H3H	3	two of four in window	306.0
GCA_059491275.1	Aspergillus nidulans	yes	CM183205.1	700314	733435	33121	2	HispS,H3H	3	two of four in window	56.6
GCA_059491275.1	Aspergillus nidulans	yes	CM183205.1	843059	845737	2678	1	HispS	4	single gene only (HispS)	240.0
GCA_059491275.1	Aspergillus nidulans	yes	CM183205.1	1074484	1112027	37543	2	HispS,H3H	3	two of four in window	296.0
GCA_059491275.1	Aspergillus nidulans	yes	CM183205.1	1335315	1335812	497	1	HispS	4	single gene only (HispS)	48.9
GCA_059491275.1	Aspergillus nidulans	yes	CM183205.1	2700885	2701778	893	1	CPH	4	single gene only (CPH)	224.0
GCA_059491275.1	Aspergillus nidulans	yes	CM183205.1	3565132	3573151	8019	1	HispS	4	single gene only (HispS)	228.0
GCA_059491275.1	Aspergillus nidulans	yes	CM183205.1	3690784	3691630	846	1	H3H	4	single gene only (H3H)	53.9
GCA_059491275.1	Aspergillus nidulans	yes	CM183208.1	70259	70531	272	1	H3H	4	single gene only (H3H)	45.1
GCA_059491275.1	Aspergillus nidulans	yes	CM183208.1	198799	200332	1533	1	H3H	4	single gene only (H3H)	130.0
GCA_059491275.1	Aspergillus nidulans	yes	CM183208.1	312329	399779	87450	2	HispS,H3H	3	two of four in window	307.0
GCA_059491275.1	Aspergillus nidulans	yes	CM183208.1	593468	594742	1274	1	H3H	4	single gene only (H3H)	176.0
GCA_059491275.1	Aspergillus nidulans	yes	CM183208.1	747971	749140	1169	1	H3H	4	single gene only (H3H)	94.0
GCA_059491275.1	Aspergillus nidulans	yes	CM183208.1	1127909	1128973	1064	1	H3H	4	single gene only (H3H)	47.4
GCA_059491275.1	Aspergillus nidulans	yes	CM183208.1	1540265	1541167	902	1	CPH	4	single gene only (CPH)	202.0
GCA_059491275.1	Aspergillus nidulans	yes	CM183208.1	2511140	2512228	1088	1	HispS	4	single gene only (HispS)	137.0
GCA_059491275.1	Aspergillus nidulans	yes	CM183208.1	2817010	2817504	494	1	CPH	4	single gene only (CPH)	48.1
GCA_059491275.1	Aspergillus nidulans	yes	CM183208.1	3015236	3016426	1190	1	H3H	4	single gene only (H3H)	62.0
GCA_059491275.1	Aspergillus nidulans	yes	CM183211.1	39127	40113	986	1	HispS	4	single gene only (HispS)	46.2
GCA_059491275.1	Aspergillus nidulans	yes	CM183211.1	1057684	1059306	1622	1	HispS	4	single gene only (HispS)	68.2
GCA_059491275.1	Aspergillus nidulans	yes	CM183211.1	1421232	1421975	743	1	Luz	4	single gene only (Luz)	103.0
GCA_059491275.1	Aspergillus nidulans	yes	CM183211.1	1701478	1723352	21874	2	HispS,H3H	3	two of four in window	266.0
GCA_059491275.1	Aspergillus nidulans	yes	CM183211.1	2981319	2983166	1847	1	HispS	4	single gene only (HispS)	53.1
GCA_059491275.1	Aspergillus nidulans	yes	CM183211.1	3246553	3261368	14815	2	HispS,H3H	3	two of four in window	265.0
GCA_059491275.1	Aspergillus nidulans	yes	CM183211.1	3738509	3738922	413	1	HispS	4	single gene only (HispS)	45.1
GCA_059491275.1	Aspergillus nidulans	yes	CM183211.1	4403307	4432148	28841	2	HispS,H3H	3	two of four in window	232.0
GCA_059491275.1	Aspergillus nidulans	yes	CM183211.1	4831401	4836467	5066	1	HispS	4	single gene only (HispS)	48.9
GCA_059491275.1	Aspergillus nidulans	yes	CM183207.1	117257	128266	11009	2	H3H,Luz	3	two of four in window	87.0
GCA_059491275.1	Aspergillus nidulans	yes	CM183207.1	612925	614277	1352	1	H3H	4	single gene only (H3H)	100.0
GCA_059491275.1	Aspergillus nidulans	yes	CM183207.1	1085733	1150402	64669	2	HispS,CPH	3	two of four in window	242.0
GCA_059491275.1	Aspergillus nidulans	yes	CM183207.1	1288271	1289148	877	1	HispS	4	single gene only (HispS)	85.5
GCA_059491275.1	Aspergillus nidulans	yes	CM183207.1	1692027	1692860	833	1	HispS	4	single gene only (HispS)	69.3
GCA_059491275.1	Aspergillus nidulans	yes	CM183207.1	1985983	1987261	1278	1	H3H	4	single gene only (H3H)	71.6
GCA_059491275.1	Aspergillus nidulans	yes	CM183207.1	2353810	2355164	1354	1	H3H	4	single gene only (H3H)	95.5
GCA_059491275.1	Aspergillus nidulans	yes	CM183207.1	2770039	2772813	2774	1	HispS	4	single gene only (HispS)	283.0
GCA_059491275.1	Aspergillus nidulans	yes	CM183204.1	144848	210956	66108	1	HispS	4	single gene only (HispS)	273.0
GCA_059491275.1	Aspergillus nidulans	yes	CM183204.1	1157557	1158664	1107	1	CPH	4	single gene only (CPH)	149.0
GCA_059491275.1	Aspergillus nidulans	yes	CM183204.1	1545188	1548065	2877	1	HispS	4	single gene only (HispS)	263.0
GCA_059491275.1	Aspergillus nidulans	yes	CM183204.1	3030745	3049780	19035	1	H3H	4	single gene only (H3H)	155.0
GCA_059491275.1	Aspergillus nidulans	yes	CM183204.1	3172611	3175643	3032	1	HispS	4	single gene only (HispS)	217.0
GCA_059491275.1	Aspergillus nidulans	yes	CM183209.1	65920	75294	9374	1	HispS	4	single gene only (HispS)	208.0
GCA_059491275.1	Aspergillus nidulans	yes	CM183209.1	240215	241608	1393	1	H3H	4	single gene only (H3H)	94.7
GCA_059491275.1	Aspergillus nidulans	yes	CM183209.1	840892	877762	36870	2	HispS,H3H	3	two of four in window	261.0
GCA_059491275.1	Aspergillus nidulans	yes	CM183209.1	1256284	1258881	2597	1	HispS	4	single gene only (HispS)	135.0
GCA_059491275.1	Aspergillus nidulans	yes	CM183209.1	1383181	1394047	10866	2	HispS,H3H	3	two of four in window	246.0
GCA_059491275.1	Aspergillus nidulans	yes	CM183209.1	2342386	2342706	320	1	CPH	4	single gene only (CPH)	63.5
GCA_059491275.1	Aspergillus nidulans	yes	CM183209.1	2820064	2820969	905	1	CPH	4	single gene only (CPH)	144.0
GCA_059491275.1	Aspergillus nidulans	yes	CM183209.1	3239486	3240630	1144	1	H3H	4	single gene only (H3H)	87.8
GCA_059491275.1	Aspergillus nidulans	yes	CM183209.1	3352691	3353332	641	1	HispS	4	single gene only (HispS)	51.6
GCA_059491275.1	Aspergillus nidulans	yes	CM183206.1	185568	186653	1085	1	CPH	4	single gene only (CPH)	125.0
GCA_059491275.1	Aspergillus nidulans	yes	CM183206.1	862721	863554	833	1	HispS	4	single gene only (HispS)	44.7
GCA_059491275.1	Aspergillus nidulans	yes	CM183206.1	1142537	1143544	1007	1	H3H	4	single gene only (H3H)	51.2
GCA_059491275.1	Aspergillus nidulans	yes	CM183206.1	1440409	1441497	1088	1	HispS	4	single gene only (HispS)	65.9
GCA_059491275.1	Aspergillus nidulans	yes	CM183206.1	1623429	1624490	1061	1	H3H	4	single gene only (H3H)	96.7
GCA_059491275.1	Aspergillus nidulans	yes	CM183206.1	2477186	2478142	956	1	HispS	4	single gene only (HispS)	62.0
GCA_000011425.1	Aspergillus nidulans	yes	BN001307.1	87193	155337	68144	2	HispS,CPH	3	two of four in window	182.0
GCA_000011425.1	Aspergillus nidulans	yes	BN001307.1	480351	483270	2919	1	HispS	4	single gene only (HispS)	142.0
GCA_000011425.1	Aspergillus nidulans	yes	BN001307.1	1821448	1824390	2942	1	HispS	4	single gene only (HispS)	317.0
GCA_000011425.1	Aspergillus nidulans	yes	BN001307.1	1940305	1941372	1067	1	H3H	4	single gene only (H3H)	53.1
GCA_000011425.1	Aspergillus nidulans	yes	BN001307.1	2095759	2096947	1188	1	H3H	4	single gene only (H3H)	134.0
GCA_000011425.1	Aspergillus nidulans	yes	BN001307.1	2588149	2681016	92867	2	HispS,H3H	3	two of four in window	293.0
GCA_000011425.1	Aspergillus nidulans	yes	BN001307.1	2850122	2851605	1483	1	H3H	4	single gene only (H3H)	70.1
GCA_000011425.1	Aspergillus nidulans	yes	BN001307.1	3757317	3758126	809	1	HispS	4	single gene only (HispS)	45.4
GCA_000011425.1	Aspergillus nidulans	yes	BN001307.1	4235448	4262577	27129	1	HispS	4	single gene only (HispS)	182.0
GCA_000011425.1	Aspergillus nidulans	yes	BN001307.1	4407733	4409081	1348	1	H3H	4	single gene only (H3H)	68.9
GCA_000011425.1	Aspergillus nidulans	yes	BN001302.1	125566	212318	86752	2	HispS,H3H	3	two of four in window	307.0
GCA_000011425.1	Aspergillus nidulans	yes	BN001302.1	733156	766287	33131	2	HispS,H3H	3	two of four in window	56.6
GCA_000011425.1	Aspergillus nidulans	yes	BN001302.1	875915	878593	2678	1	HispS	4	single gene only (HispS)	240.0
GCA_000011425.1	Aspergillus nidulans	yes	BN001302.1	1107393	1141779	34386	2	HispS,H3H	3	two of four in window	296.0
GCA_000011425.1	Aspergillus nidulans	yes	BN001302.1	1365112	1365609	497	1	HispS	4	single gene only (HispS)	48.9
GCA_000011425.1	Aspergillus nidulans	yes	BN001302.1	2686078	2686971	893	1	CPH	4	single gene only (CPH)	224.0
GCA_000011425.1	Aspergillus nidulans	yes	BN001302.1	3550425	3558444	8019	1	HispS	4	single gene only (HispS)	228.0
GCA_000011425.1	Aspergillus nidulans	yes	BN001302.1	3676090	3676936	846	1	H3H	4	single gene only (H3H)	53.9
GCA_000011425.1	Aspergillus nidulans	yes	BN001305.1	66245	66517	272	1	H3H	4	single gene only (H3H)	45.1
GCA_000011425.1	Aspergillus nidulans	yes	BN001305.1	194501	196034	1533	1	H3H	4	single gene only (H3H)	130.0
GCA_000011425.1	Aspergillus nidulans	yes	BN001305.1	308045	395505	87460	2	HispS,H3H	3	two of four in window	307.0
GCA_000011425.1	Aspergillus nidulans	yes	BN001305.1	589221	590495	1274	1	H3H	4	single gene only (H3H)	176.0
GCA_000011425.1	Aspergillus nidulans	yes	BN001305.1	743729	744898	1169	1	H3H	4	single gene only (H3H)	94.0
GCA_000011425.1	Aspergillus nidulans	yes	BN001305.1	1258509	1259573	1064	1	H3H	4	single gene only (H3H)	47.4
GCA_000011425.1	Aspergillus nidulans	yes	BN001305.1	1456379	1457281	902	1	CPH	4	single gene only (CPH)	202.0
GCA_000011425.1	Aspergillus nidulans	yes	BN001305.1	2427389	2428477	1088	1	HispS	4	single gene only (HispS)	137.0
GCA_000011425.1	Aspergillus nidulans	yes	BN001305.1	2733308	2733802	494	1	CPH	4	single gene only (CPH)	48.1
GCA_000011425.1	Aspergillus nidulans	yes	BN001305.1	2931545	2932735	1190	1	H3H	4	single gene only (H3H)	62.0
GCA_000011425.1	Aspergillus nidulans	yes	BN001308.1	46930	47916	986	1	HispS	4	single gene only (HispS)	46.6
GCA_000011425.1	Aspergillus nidulans	yes	BN001308.1	1024762	1026384	1622	1	HispS	4	single gene only (HispS)	68.2
GCA_000011425.1	Aspergillus nidulans	yes	BN001308.1	1388382	1389125	743	1	Luz	4	single gene only (Luz)	103.0
GCA_000011425.1	Aspergillus nidulans	yes	BN001308.1	1668678	1690556	21878	2	HispS,H3H	3	two of four in window	266.0
GCA_000011425.1	Aspergillus nidulans	yes	BN001308.1	2948440	2950287	1847	1	HispS	4	single gene only (HispS)	53.1
GCA_000011425.1	Aspergillus nidulans	yes	BN001308.1	3213696	3228512	14816	2	HispS,H3H	3	two of four in window	265.0
GCA_000011425.1	Aspergillus nidulans	yes	BN001308.1	3705775	3706188	413	1	HispS	4	single gene only (HispS)	45.1
GCA_000011425.1	Aspergillus nidulans	yes	BN001308.1	4370628	4399471	28843	2	HispS,H3H	3	two of four in window	232.0
GCA_000011425.1	Aspergillus nidulans	yes	BN001308.1	4798978	4804044	5066	1	HispS	4	single gene only (HispS)	48.9
GCA_000011425.1	Aspergillus nidulans	yes	BN001304.1	116386	127399	11013	2	H3H,Luz	3	two of four in window	87.0
GCA_000011425.1	Aspergillus nidulans	yes	BN001304.1	612478	613830	1352	1	H3H	4	single gene only (H3H)	99.0
GCA_000011425.1	Aspergillus nidulans	yes	BN001304.1	1080670	1145374	64704	2	HispS,CPH	3	two of four in window	242.0
GCA_000011425.1	Aspergillus nidulans	yes	BN001304.1	1282302	1283179	877	1	HispS	4	single gene only (HispS)	85.5
GCA_000011425.1	Aspergillus nidulans	yes	BN001304.1	1649872	1650705	833	1	HispS	4	single gene only (HispS)	69.3
GCA_000011425.1	Aspergillus nidulans	yes	BN001304.1	1943859	1945137	1278	1	H3H	4	single gene only (H3H)	71.6
GCA_000011425.1	Aspergillus nidulans	yes	BN001304.1	2311802	2313156	1354	1	H3H	4	single gene only (H3H)	95.5
GCA_000011425.1	Aspergillus nidulans	yes	BN001304.1	2727983	2772020	44037	1	HispS	4	single gene only (HispS)	283.0
GCA_000011425.1	Aspergillus nidulans	yes	BN001301.1	143106	209220	66114	1	HispS	4	single gene only (HispS)	188.0
GCA_000011425.1	Aspergillus nidulans	yes	BN001301.1	1156062	1157169	1107	1	CPH	4	single gene only (CPH)	149.0
GCA_000011425.1	Aspergillus nidulans	yes	BN001301.1	1543739	1546616	2877	1	HispS	4	single gene only (HispS)	263.0
GCA_000011425.1	Aspergillus nidulans	yes	BN001301.1	2986160	3005195	19035	1	H3H	4	single gene only (H3H)	155.0
GCA_000011425.1	Aspergillus nidulans	yes	BN001301.1	3128044	3131076	3032	1	HispS	4	single gene only (HispS)	217.0
GCA_000011425.1	Aspergillus nidulans	yes	BN001306.1	65974	75348	9374	1	HispS	4	single gene only (HispS)	208.0
GCA_000011425.1	Aspergillus nidulans	yes	BN001306.1	240289	241682	1393	1	H3H	4	single gene only (H3H)	94.7
GCA_000011425.1	Aspergillus nidulans	yes	BN001306.1	807714	844584	36870	2	HispS,H3H	3	two of four in window	261.0
GCA_000011425.1	Aspergillus nidulans	yes	BN001306.1	1217847	1220444	2597	1	HispS	4	single gene only (HispS)	135.0
GCA_000011425.1	Aspergillus nidulans	yes	BN001306.1	1344749	1355616	10867	2	HispS,H3H	3	two of four in window	226.0
GCA_000011425.1	Aspergillus nidulans	yes	BN001306.1	2304128	2304448	320	1	CPH	4	single gene only (CPH)	63.5
GCA_000011425.1	Aspergillus nidulans	yes	BN001306.1	2781886	2782791	905	1	CPH	4	single gene only (CPH)	144.0
GCA_000011425.1	Aspergillus nidulans	yes	BN001306.1	3200888	3202032	1144	1	H3H	4	single gene only (H3H)	87.8
GCA_000011425.1	Aspergillus nidulans	yes	BN001306.1	3314092	3314733	641	1	HispS	4	single gene only (HispS)	51.6
GCA_000011425.1	Aspergillus nidulans	yes	BN001303.1	179337	180422	1085	1	CPH	4	single gene only (CPH)	125.0
GCA_000011425.1	Aspergillus nidulans	yes	BN001303.1	856609	857442	833	1	HispS	4	single gene only (HispS)	44.7
GCA_000011425.1	Aspergillus nidulans	yes	BN001303.1	1136431	1137438	1007	1	H3H	4	single gene only (H3H)	51.2
GCA_000011425.1	Aspergillus nidulans	yes	BN001303.1	1434335	1435423	1088	1	HispS	4	single gene only (HispS)	65.9
GCA_000011425.1	Aspergillus nidulans	yes	BN001303.1	1617465	1618526	1061	1	H3H	4	single gene only (H3H)	96.7
GCA_000011425.1	Aspergillus nidulans	yes	BN001303.1	2467800	2468756	956	1	HispS	4	single gene only (HispS)	62.0
GCA_000149205.2	Aspergillus nidulans	yes	CH236921.1	1180690	1183632	2942	1	HispS	4	single gene only (HispS)	317.0
GCA_000149205.2	Aspergillus nidulans	yes	CH236921.1	1300233	1301300	1067	1	H3H	4	single gene only (H3H)	53.1
GCA_000149205.2	Aspergillus nidulans	yes	CH236921.1	1455687	1456875	1188	1	H3H	4	single gene only (H3H)	134.0
GCA_000149205.2	Aspergillus nidulans	yes	CH236921.1	1950419	2043286	92867	2	HispS,H3H	3	two of four in window	293.0
GCA_000149205.2	Aspergillus nidulans	yes	CH236921.1	2212392	2213875	1483	1	H3H	4	single gene only (H3H)	70.1
GCA_000149205.2	Aspergillus nidulans	yes	CH236921.1	3116056	3116865	809	1	HispS	4	single gene only (HispS)	45.4
GCA_000149205.2	Aspergillus nidulans	yes	CH236921.1	3592975	3620104	27129	1	HispS	4	single gene only (HispS)	182.0
GCA_000149205.2	Aspergillus nidulans	yes	CH236921.1	3765260	3766608	1348	1	H3H	4	single gene only (H3H)	68.9
GCA_000149205.2	Aspergillus nidulans	yes	CH236923.1	331784	332630	846	1	H3H	4	single gene only (H3H)	53.9
GCA_000149205.2	Aspergillus nidulans	yes	CH236923.1	450276	458295	8019	1	HispS	4	single gene only (HispS)	228.0
GCA_000149205.2	Aspergillus nidulans	yes	CH236923.1	1318380	1319703	1323	1	CPH	4	single gene only (CPH)	194.0
GCA_000149205.2	Aspergillus nidulans	yes	CH236931.1	98599	98871	272	1	H3H	4	single gene only (H3H)	45.1
GCA_000149205.2	Aspergillus nidulans	yes	CH236931.1	226855	228388	1533	1	H3H	4	single gene only (H3H)	130.0
GCA_000149205.2	Aspergillus nidulans	yes	CH236931.1	337912	425372	87460	2	HispS,H3H	3	two of four in window	307.0
GCA_000149205.2	Aspergillus nidulans	yes	CH236931.1	619088	620362	1274	1	H3H	4	single gene only (H3H)	176.0
GCA_000149205.2	Aspergillus nidulans	yes	CH236931.1	774717	775886	1169	1	H3H	4	single gene only (H3H)	94.0
GCA_000149205.2	Aspergillus nidulans	yes	CH236929.1	125814	212566	86752	2	HispS,H3H	3	two of four in window	307.0
GCA_000149205.2	Aspergillus nidulans	yes	CH236929.1	728681	761812	33131	2	HispS,H3H	3	two of four in window	56.6
GCA_000149205.2	Aspergillus nidulans	yes	CH236929.1	866027	866698	671	1	HispS	4	single gene only (HispS)	87.0
GCA_000149205.2	Aspergillus nidulans	yes	CH236929.1	1091225	1126227	35002	2	HispS,H3H	3	two of four in window	296.0
GCA_000149205.2	Aspergillus nidulans	yes	CH236929.1	1346414	1346911	497	1	HispS	4	single gene only (HispS)	48.9
GCA_000149205.2	Aspergillus nidulans	yes	CH236920.1	72050	77116	5066	1	HispS	4	single gene only (HispS)	48.9
GCA_000149205.2	Aspergillus nidulans	yes	CH236920.1	471056	499899	28843	2	HispS,H3H	3	two of four in window	232.0
GCA_000149205.2	Aspergillus nidulans	yes	CH236920.1	1160291	1160704	413	1	HispS	4	single gene only (HispS)	45.1
GCA_000149205.2	Aspergillus nidulans	yes	CH236920.1	1637967	1652783	14816	2	HispS,H3H	3	two of four in window	265.0
GCA_000149205.2	Aspergillus nidulans	yes	CH236920.1	1916192	1918039	1847	1	HispS	4	single gene only (HispS)	53.1
GCA_000149205.2	Aspergillus nidulans	yes	CH236920.1	3181052	3202930	21878	2	HispS,H3H	3	two of four in window	266.0
GCA_000149205.2	Aspergillus nidulans	yes	CH236920.1	3483374	3484117	743	1	Luz	4	single gene only (Luz)	103.0
GCA_000149205.2	Aspergillus nidulans	yes	CH236920.1	3847485	3849107	1622	1	HispS	4	single gene only (HispS)	68.2
GCA_000149205.2	Aspergillus nidulans	yes	CH236930.1	208921	209754	833	1	HispS	4	single gene only (HispS)	69.3
GCA_000149205.2	Aspergillus nidulans	yes	CH236930.1	502908	504186	1278	1	H3H	4	single gene only (H3H)	71.6
GCA_000149205.2	Aspergillus nidulans	yes	CH236930.1	870851	872205	1354	1	H3H	4	single gene only (H3H)	95.5
GCA_000149205.2	Aspergillus nidulans	yes	CH236930.1	1288845	1330039	41194	1	HispS	4	single gene only (HispS)	283.0
GCA_000149205.2	Aspergillus nidulans	yes	CH236926.1	660433	663310	2877	1	HispS	4	single gene only (HispS)	263.0
GCA_000149205.2	Aspergillus nidulans	yes	CH236926.1	1991581	2057695	66114	1	HispS	4	single gene only (HispS)	188.0
GCA_000149205.2	Aspergillus nidulans	yes	CH236928.1	157673	158550	877	1	HispS	4	single gene only (HispS)	85.5
GCA_000149205.2	Aspergillus nidulans	yes	CH236928.1	292415	357119	64704	2	HispS,CPH	3	two of four in window	242.0
GCA_000149205.2	Aspergillus nidulans	yes	CH236928.1	821517	822869	1352	1	H3H	4	single gene only (H3H)	99.0
GCA_000149205.2	Aspergillus nidulans	yes	CH236928.1	1306578	1317591	11013	2	H3H,Luz	3	two of four in window	87.0
GCA_000149205.2	Aspergillus nidulans	yes	CH236922.1	39712	40353	641	1	HispS	4	single gene only (HispS)	51.6
GCA_000149205.2	Aspergillus nidulans	yes	CH236922.1	149418	150562	1144	1	H3H	4	single gene only (H3H)	87.8
GCA_000149205.2	Aspergillus nidulans	yes	CH236922.1	568694	569599	905	1	CPH	4	single gene only (CPH)	144.0
GCA_000149205.2	Aspergillus nidulans	yes	CH236922.1	1044240	1044560	320	1	CPH	4	single gene only (CPH)	63.5
GCA_000149205.2	Aspergillus nidulans	yes	CH236922.1	1990677	2001544	10867	2	HispS,H3H	3	two of four in window	226.0
GCA_000149205.2	Aspergillus nidulans	yes	CH236922.1	2125849	2128446	2597	1	HispS	4	single gene only (HispS)	135.0
GCA_000149205.2	Aspergillus nidulans	yes	CH236922.1	2503421	2540291	36870	2	HispS,H3H	3	two of four in window	261.0
GCA_000149205.2	Aspergillus nidulans	yes	CH236933.1	128848	131767	2919	1	HispS	4	single gene only (HispS)	142.0
GCA_000149205.2	Aspergillus nidulans	yes	CH236933.1	449531	517675	68144	2	HispS,CPH	3	two of four in window	182.0
GCA_000149205.2	Aspergillus nidulans	yes	CH236934.1	331564	332957	1393	1	H3H	4	single gene only (H3H)	94.7
GCA_000149205.2	Aspergillus nidulans	yes	CH236934.1	494485	503859	9374	1	HispS	4	single gene only (HispS)	208.0
GCA_000149205.2	Aspergillus nidulans	yes	AACD01000203.1	3992	6670	2678	1	HispS	4	single gene only (HispS)	240.0
GCA_000149205.2	Aspergillus nidulans	yes	CH236927.1	773092	792127	19035	1	H3H	4	single gene only (H3H)	155.0
GCA_000149205.2	Aspergillus nidulans	yes	CH236927.1	914976	918008	3032	1	HispS	4	single gene only (HispS)	217.0
GCA_000149205.2	Aspergillus nidulans	yes	CH236925.1	332292	333356	1064	1	H3H	4	single gene only (H3H)	47.4
GCA_000149205.2	Aspergillus nidulans	yes	CH236925.1	691737	692927	1190	1	H3H	4	single gene only (H3H)	62.0
GCA_000149205.2	Aspergillus nidulans	yes	CH236925.1	890670	891164	494	1	CPH	4	single gene only (CPH)	48.1
GCA_000149205.2	Aspergillus nidulans	yes	CH236925.1	1197595	1198683	1088	1	HispS	4	single gene only (HispS)	137.0
GCA_000149205.2	Aspergillus nidulans	yes	CH236925.1	2168363	2169265	902	1	CPH	4	single gene only (CPH)	202.0
GCA_000149205.2	Aspergillus nidulans	yes	CH236924.1	16448	17404	956	1	HispS	4	single gene only (HispS)	62.0
GCA_000149205.2	Aspergillus nidulans	yes	CH236924.1	871648	872709	1061	1	H3H	4	single gene only (H3H)	96.7
GCA_000149205.2	Aspergillus nidulans	yes	CH236924.1	1051185	1052273	1088	1	HispS	4	single gene only (HispS)	65.9
GCA_000149205.2	Aspergillus nidulans	yes	CH236924.1	1351117	1352124	1007	1	H3H	4	single gene only (H3H)	51.2
GCA_000149205.2	Aspergillus nidulans	yes	CH236924.1	1624005	1624838	833	1	HispS	4	single gene only (HispS)	44.7
GCA_000149205.2	Aspergillus nidulans	yes	CH236924.1	2298092	2299177	1085	1	CPH	4	single gene only (CPH)	125.0
GCA_000149205.2	Aspergillus nidulans	yes	CH236935.1	47569	48555	986	1	HispS	4	single gene only (HispS)	46.6
GCA_000149205.2	Aspergillus nidulans	yes	AACD01000207.1	3491	4598	1107	1	CPH	4	single gene only (CPH)	149.0
GCA_047651775.1	Aspergillus niger	no	CM105466.1	130122	131186	1064	1	H3H	4	single gene only (H3H)	88.2
GCA_047651775.1	Aspergillus niger	no	CM105466.1	283914	477103	193189	2	HispS,H3H	3	two of four in window	248.0
GCA_047651775.1	Aspergillus niger	no	CM105466.1	993947	995319	1372	1	H3H	4	single gene only (H3H)	110.0
GCA_047651775.1	Aspergillus niger	no	CM105466.1	1226276	1329837	103561	1	HispS	4	single gene only (HispS)	295.0
GCA_047651775.1	Aspergillus niger	no	CM105466.1	1573207	1573815	608	1	HispS	4	single gene only (HispS)	50.4
GCA_047651775.1	Aspergillus niger	no	CM105466.1	2228816	2322520	93704	2	HispS,H3H	3	two of four in window	119.0
GCA_047651775.1	Aspergillus niger	no	CM105466.1	2653520	2654752	1232	1	H3H	4	single gene only (H3H)	62.8
GCA_047651775.1	Aspergillus niger	no	CM105466.1	2899985	2904481	4496	1	HispS	4	single gene only (HispS)	374.0
GCA_047651775.1	Aspergillus niger	no	CM105461.1	589421	590011	590	1	HispS	4	single gene only (HispS)	46.2
GCA_047651775.1	Aspergillus niger	no	CM105461.1	1131359	1132081	722	1	CPH	4	single gene only (CPH)	167.0
GCA_047651775.1	Aspergillus niger	no	CM105461.1	2175788	2176558	770	1	HispS	4	single gene only (HispS)	58.9
GCA_047651775.1	Aspergillus niger	no	CM105461.1	2438995	2461886	22891	2	HispS,Luz	3	two of four in window	248.0
GCA_047651775.1	Aspergillus niger	no	CM105461.1	3473459	3474181	722	1	CPH	4	single gene only (CPH)	191.0
GCA_047651775.1	Aspergillus niger	no	CM105461.1	4800106	4910713	110607	3	HispS,H3H,CPH	2	three of four in window	308.0
GCA_047651775.1	Aspergillus niger	no	CM105467.1	31971	34646	2675	1	HispS	4	single gene only (HispS)	330.0
GCA_047651775.1	Aspergillus niger	no	CM105467.1	166020	166598	578	1	HispS	4	single gene only (HispS)	48.5
GCA_047651775.1	Aspergillus niger	no	CM105467.1	270149	271126	977	1	H3H	4	single gene only (H3H)	59.7
GCA_047651775.1	Aspergillus niger	no	CM105467.1	1420543	1421901	1358	1	H3H	4	single gene only (H3H)	112.0
GCA_047651775.1	Aspergillus niger	no	CM105467.1	1770016	1770453	437	1	HispS	4	single gene only (HispS)	45.1
GCA_047651775.1	Aspergillus niger	no	CM105467.1	2305904	2307013	1109	1	H3H	4	single gene only (H3H)	87.4
GCA_047651775.1	Aspergillus niger	no	CM105467.1	3032575	3033864	1289	1	H3H	4	single gene only (H3H)	115.0
GCA_047651775.1	Aspergillus niger	no	CM105467.1	3166136	3203504	37368	2	HispS,H3H	3	two of four in window	100.0
GCA_047651775.1	Aspergillus niger	no	CM105464.1	29383	108180	78797	2	HispS,H3H	3	two of four in window	331.0
GCA_047651775.1	Aspergillus niger	no	CM105464.1	581577	627607	46030	1	H3H	4	single gene only (H3H)	74.3
GCA_047651775.1	Aspergillus niger	no	CM105464.1	775270	782215	6945	1	H3H	4	single gene only (H3H)	111.0
GCA_047651775.1	Aspergillus niger	no	CM105464.1	947878	1060806	112928	2	HispS,H3H	3	two of four in window	171.0
GCA_047651775.1	Aspergillus niger	no	CM105464.1	1274353	1477492	203139	2	HispS,H3H	3	two of four in window	217.0
GCA_047651775.1	Aspergillus niger	no	CM105464.1	1593071	1596034	2963	1	HispS	4	single gene only (HispS)	230.0
GCA_047651775.1	Aspergillus niger	no	CM105464.1	1777938	1780961	3023	1	HispS	4	single gene only (HispS)	306.0
GCA_047651775.1	Aspergillus niger	no	CM105464.1	2377002	2382626	5624	1	HispS	4	single gene only (HispS)	333.0
GCA_047651775.1	Aspergillus niger	no	CM105464.1	3409996	3435406	25410	2	HispS,H3H	3	two of four in window	251.0
GCA_047651775.1	Aspergillus niger	no	CM105464.1	3571879	3711112	139233	2	HispS,H3H	3	two of four in window	207.0
GCA_047651775.1	Aspergillus niger	no	CM105464.1	3846513	3854779	8266	1	HispS	4	single gene only (HispS)	53.1
GCA_047651775.1	Aspergillus niger	no	CM105464.1	4122790	4123775	985	1	CPH	4	single gene only (CPH)	221.0
GCA_047651775.1	Aspergillus niger	no	CM105463.1	105395	108701	3306	1	HispS	4	single gene only (HispS)	135.0
GCA_047651775.1	Aspergillus niger	no	CM105463.1	219943	222720	2777	1	HispS	4	single gene only (HispS)	307.0
GCA_047651775.1	Aspergillus niger	no	CM105463.1	798223	798897	674	1	H3H	4	single gene only (H3H)	54.7
GCA_047651775.1	Aspergillus niger	no	CM105463.1	1533651	1536509	2858	1	HispS	4	single gene only (HispS)	322.0
GCA_047651775.1	Aspergillus niger	no	CM105463.1	2386134	2386339	205	1	H3H	4	single gene only (H3H)	42.7
GCA_047651775.1	Aspergillus niger	no	CM105463.1	2637780	2638745	965	1	HispS	4	single gene only (HispS)	69.3
GCA_047651775.1	Aspergillus niger	no	CM105463.1	2842854	3023970	181116	3	HispS,H3H,CPH	2	three of four in window	133.0
GCA_047651775.1	Aspergillus niger	no	CM105463.1	3145848	3221369	75521	2	HispS,H3H	3	two of four in window	216.0
GCA_047651775.1	Aspergillus niger	no	CM105463.1	3328878	3330245	1367	1	H3H	4	single gene only (H3H)	124.0
GCA_047651775.1	Aspergillus niger	no	CM105463.1	3555101	3555331	230	1	H3H	4	single gene only (H3H)	42.0
GCA_047651775.1	Aspergillus niger	no	CM105463.1	3895358	4078245	182887	2	HispS,H3H	3	two of four in window	241.0
GCA_047651775.1	Aspergillus niger	no	CM105463.1	4205756	4269214	63458	3	HispS,H3H,CPH	2	three of four in window	91.7
GCA_047651775.1	Aspergillus niger	no	CM105460.1	17483	303890	286407	2	HispS,H3H	3	two of four in window	307.0
GCA_047651775.1	Aspergillus niger	no	CM105460.1	1190948	1266188	75240	2	HispS,H3H	3	two of four in window	105.0
GCA_047651775.1	Aspergillus niger	no	CM105460.1	1517288	1517860	572	1	H3H	4	single gene only (H3H)	42.0
GCA_047651775.1	Aspergillus niger	no	CM105460.1	2694692	2695463	771	1	HispS	4	single gene only (HispS)	62.0
GCA_047651775.1	Aspergillus niger	no	CM105460.1	3052373	3053454	1081	1	CPH	4	single gene only (CPH)	117.0
GCA_047651775.1	Aspergillus niger	no	CM105460.1	3286296	3286976	680	1	CPH	4	single gene only (CPH)	72.0
GCA_047651775.1	Aspergillus niger	no	CM105460.1	3803292	3806346	3054	1	HispS	4	single gene only (HispS)	135.0
GCA_047651775.1	Aspergillus niger	no	CM105460.1	4131733	4134894	3161	1	HispS	4	single gene only (HispS)	267.0
GCA_047651775.1	Aspergillus niger	no	CM105460.1	4945548	4968148	22600	2	HispS,H3H	3	two of four in window	55.8
GCA_047651775.1	Aspergillus niger	no	CM105460.1	5365982	5366484	502	1	Luz	4	single gene only (Luz)	53.5
GCA_047651775.1	Aspergillus niger	no	CM105460.1	5965704	6091966	126262	2	HispS,H3H	3	two of four in window	109.0
GCA_047651775.1	Aspergillus niger	no	CM105462.1	1947198	2033329	86131	2	HispS,H3H	3	two of four in window	269.0
GCA_047651775.1	Aspergillus niger	no	CM105462.1	2253371	2254434	1063	1	CPH	4	single gene only (CPH)	115.0
GCA_047651775.1	Aspergillus niger	no	CM105462.1	3375483	3378453	2970	1	HispS	4	single gene only (HispS)	211.0
GCA_047651775.1	Aspergillus niger	no	CM105462.1	4364789	4492032	127243	1	HispS	4	single gene only (HispS)	202.0
GCA_047651775.1	Aspergillus niger	no	CM105465.1	15363	159761	144398	2	HispS,H3H	3	two of four in window	270.0
GCA_047651775.1	Aspergillus niger	no	CM105465.1	743427	746419	2992	1	HispS	4	single gene only (HispS)	149.0
GCA_047651775.1	Aspergillus niger	no	CM105465.1	960861	964044	3183	1	HispS	4	single gene only (HispS)	193.0
GCA_047651775.1	Aspergillus niger	no	CM105465.1	1371106	1394641	23535	2	HispS,H3H	3	two of four in window	172.0
GCA_047651775.1	Aspergillus niger	no	CM105465.1	2923319	2923864	545	1	H3H	4	single gene only (H3H)	56.2
GCA_047651775.1	Aspergillus niger	no	CM105465.1	3141224	3195177	53953	1	HispS	4	single gene only (HispS)	190.0
GCA_047651775.1	Aspergillus niger	no	CM105465.1	3851235	3851513	278	1	H3H	4	single gene only (H3H)	45.4
GCA_055697485.1	Aspergillus niger	yes	CM146622.1	129430	130494	1064	1	H3H	4	single gene only (H3H)	89.7
GCA_055697485.1	Aspergillus niger	yes	CM146622.1	272132	423631	151499	2	HispS,H3H	3	two of four in window	245.0
GCA_055697485.1	Aspergillus niger	yes	CM146622.1	978453	979824	1371	1	H3H	4	single gene only (H3H)	111.0
GCA_055697485.1	Aspergillus niger	yes	CM146622.1	1208921	1312583	103662	1	HispS	4	single gene only (HispS)	296.0
GCA_055697485.1	Aspergillus niger	yes	CM146622.1	1555243	1555851	608	1	HispS	4	single gene only (HispS)	50.4
GCA_055697485.1	Aspergillus niger	yes	CM146622.1	2201338	2301299	99961	2	HispS,H3H	3	two of four in window	120.0
GCA_055697485.1	Aspergillus niger	yes	CM146622.1	2632082	2633314	1232	1	H3H	4	single gene only (H3H)	62.8
GCA_055697485.1	Aspergillus niger	yes	CM146622.1	2880331	2884827	4496	1	HispS	4	single gene only (HispS)	374.0
GCA_055697485.1	Aspergillus niger	yes	CM146629.1	110147	215886	105739	3	HispS,H3H,CPH	2	three of four in window	308.0
GCA_055697485.1	Aspergillus niger	yes	CM146629.1	585679	588649	2970	1	HispS	4	single gene only (HispS)	215.0
GCA_055697485.1	Aspergillus niger	yes	CM146629.1	1562677	1563399	722	1	CPH	4	single gene only (CPH)	191.0
GCA_055697485.1	Aspergillus niger	yes	CM146629.1	2571290	2594185	22895	2	HispS,Luz	3	two of four in window	248.0
GCA_055697485.1	Aspergillus niger	yes	CM146629.1	2856356	2857126	770	1	HispS	4	single gene only (HispS)	58.9
GCA_055697485.1	Aspergillus niger	yes	CM146629.1	3909626	3910198	572	1	CPH	4	single gene only (CPH)	156.0
GCA_055697485.1	Aspergillus niger	yes	CM146629.1	4452390	4454183	1793	1	HispS	4	single gene only (HispS)	46.2
GCA_055697485.1	Aspergillus niger	yes	CM146628.1	65917	144805	78888	2	HispS,H3H	3	two of four in window	332.0
GCA_055697485.1	Aspergillus niger	yes	CM146628.1	620292	666316	46024	1	H3H	4	single gene only (H3H)	74.3
GCA_055697485.1	Aspergillus niger	yes	CM146628.1	813415	820360	6945	1	H3H	4	single gene only (H3H)	111.0
GCA_055697485.1	Aspergillus niger	yes	CM146628.1	955802	1030273	74471	2	HispS,H3H	3	two of four in window	156.0
GCA_055697485.1	Aspergillus niger	yes	CM146628.1	1130313	1133298	2985	1	HispS	4	single gene only (HispS)	169.0
GCA_055697485.1	Aspergillus niger	yes	CM146628.1	1345559	1444979	99420	2	HispS,H3H	3	two of four in window	214.0
GCA_055697485.1	Aspergillus niger	yes	CM146628.1	1635166	1637878	2712	1	HispS	4	single gene only (HispS)	228.0
GCA_055697485.1	Aspergillus niger	yes	CM146628.1	1810410	1813160	2750	1	HispS	4	single gene only (HispS)	309.0
GCA_055697485.1	Aspergillus niger	yes	CM146628.1	2390017	2392842	2825	1	HispS	4	single gene only (HispS)	330.0
GCA_055697485.1	Aspergillus niger	yes	CM146628.1	3424238	3449637	25399	2	HispS,H3H	3	two of four in window	253.0
GCA_055697485.1	Aspergillus niger	yes	CM146628.1	3581034	3719703	138669	2	HispS,H3H	3	two of four in window	208.0
GCA_055697485.1	Aspergillus niger	yes	CM146628.1	3860296	3868562	8266	1	HispS	4	single gene only (HispS)	53.1
GCA_055697485.1	Aspergillus niger	yes	CM146626.1	101020	137910	36890	2	HispS,H3H	3	two of four in window	100.0
GCA_055697485.1	Aspergillus niger	yes	CM146626.1	270093	271382	1289	1	H3H	4	single gene only (H3H)	114.0
GCA_055697485.1	Aspergillus niger	yes	CM146626.1	1283124	1284221	1097	1	H3H	4	single gene only (H3H)	87.4
GCA_055697485.1	Aspergillus niger	yes	CM146626.1	1821839	1822276	437	1	HispS	4	single gene only (HispS)	45.8
GCA_055697485.1	Aspergillus niger	yes	CM146626.1	2174721	2176079	1358	1	H3H	4	single gene only (H3H)	112.0
GCA_055697485.1	Aspergillus niger	yes	CM146626.1	3212696	3312770	100074	2	HispS,H3H	3	two of four in window	59.7
GCA_055697485.1	Aspergillus niger	yes	CM146626.1	3441993	3445115	3122	1	HispS	4	single gene only (HispS)	332.0
GCA_055697485.1	Aspergillus niger	yes	CM146627.1	69816	189448	119632	3	HispS,H3H,CPH	2	three of four in window	303.0
GCA_055697485.1	Aspergillus niger	yes	CM146627.1	317456	496833	179377	2	HispS,H3H	3	two of four in window	241.0
GCA_055697485.1	Aspergillus niger	yes	CM146627.1	822892	823122	230	1	H3H	4	single gene only (H3H)	42.0
GCA_055697485.1	Aspergillus niger	yes	CM146627.1	1047961	1049328	1367	1	H3H	4	single gene only (H3H)	124.0
GCA_055697485.1	Aspergillus niger	yes	CM146627.1	1156779	1232180	75401	2	HispS,H3H	3	two of four in window	225.0
GCA_055697485.1	Aspergillus niger	yes	CM146627.1	1433952	1535621	101669	3	HispS,H3H,CPH	2	three of four in window	133.0
GCA_055697485.1	Aspergillus niger	yes	CM146627.1	1731482	1732447	965	1	HispS	4	single gene only (HispS)	69.3
GCA_055697485.1	Aspergillus niger	yes	CM146627.1	1983873	1984085	212	1	H3H	4	single gene only (H3H)	48.9
GCA_055697485.1	Aspergillus niger	yes	CM146627.1	2839308	2842166	2858	1	HispS	4	single gene only (HispS)	321.0
GCA_055697485.1	Aspergillus niger	yes	CM146627.1	3559316	3559990	674	1	H3H	4	single gene only (H3H)	54.3
GCA_055697485.1	Aspergillus niger	yes	CM146627.1	4144762	4147539	2777	1	HispS	4	single gene only (HispS)	310.0
GCA_055697485.1	Aspergillus niger	yes	CM146627.1	4258852	4262158	3306	1	HispS	4	single gene only (HispS)	139.0
GCA_055697485.1	Aspergillus niger	yes	CM146625.1	15941	303219	287278	2	HispS,H3H	3	two of four in window	306.0
GCA_055697485.1	Aspergillus niger	yes	CM146625.1	1197322	1272446	75124	2	HispS,H3H	3	two of four in window	105.0
GCA_055697485.1	Aspergillus niger	yes	CM146625.1	1524717	1525382	665	1	H3H	4	single gene only (H3H)	47.4
GCA_055697485.1	Aspergillus niger	yes	CM146625.1	2713189	2713960	771	1	HispS	4	single gene only (HispS)	62.0
GCA_055697485.1	Aspergillus niger	yes	CM146625.1	3070518	3071599	1081	1	CPH	4	single gene only (CPH)	117.0
GCA_055697485.1	Aspergillus niger	yes	CM146625.1	3304479	3305159	680	1	CPH	4	single gene only (CPH)	72.0
GCA_055697485.1	Aspergillus niger	yes	CM146625.1	3845697	3848751	3054	1	HispS	4	single gene only (HispS)	135.0
GCA_055697485.1	Aspergillus niger	yes	CM146625.1	4169288	4172449	3161	1	HispS	4	single gene only (HispS)	268.0
GCA_055697485.1	Aspergillus niger	yes	CM146625.1	4982203	5004471	22268	2	HispS,H3H	3	two of four in window	52.8
GCA_055697485.1	Aspergillus niger	yes	CM146625.1	5402235	5402737	502	1	Luz	4	single gene only (Luz)	53.5
GCA_055697485.1	Aspergillus niger	yes	CM146625.1	6004291	6131067	126776	2	HispS,H3H	3	two of four in window	108.0
GCA_055697485.1	Aspergillus niger	yes	CM146623.1	370988	498360	127372	1	HispS	4	single gene only (HispS)	202.0
GCA_055697485.1	Aspergillus niger	yes	CM146623.1	1808743	1811196	2453	1	HispS	4	single gene only (HispS)	118.0
GCA_055697485.1	Aspergillus niger	yes	CM146623.1	2717020	2718083	1063	1	CPH	4	single gene only (CPH)	115.0
GCA_055697485.1	Aspergillus niger	yes	CM146623.1	2938533	3024613	86080	2	HispS,H3H	3	two of four in window	273.0
GCA_055697485.1	Aspergillus niger	yes	CM146624.1	191801	192079	278	1	H3H	4	single gene only (H3H)	43.5
GCA_055697485.1	Aspergillus niger	yes	CM146624.1	859170	913193	54023	1	HispS	4	single gene only (HispS)	190.0
GCA_055697485.1	Aspergillus niger	yes	CM146624.1	1100035	1100580	545	1	H3H	4	single gene only (H3H)	55.5
GCA_055697485.1	Aspergillus niger	yes	CM146624.1	2634063	2658065	24002	2	HispS,H3H	3	two of four in window	172.0
GCA_055697485.1	Aspergillus niger	yes	CM146624.1	3063298	3066481	3183	1	HispS	4	single gene only (HispS)	181.0
GCA_055697485.1	Aspergillus niger	yes	CM146624.1	3287136	3290062	2926	1	HispS	4	single gene only (HispS)	149.0
GCA_055697485.1	Aspergillus niger	yes	CM146624.1	3877799	3879640	1841	1	HispS	4	single gene only (HispS)	55.1
GCA_055697485.1	Aspergillus niger	yes	CM146624.1	3983000	3983752	752	1	H3H	4	single gene only (H3H)	53.1
GCA_051529875.1	Aspergillus niger	yes	CM121272.1	95458	130385	34927	2	HispS,H3H	3	two of four in window	86.7
GCA_051529875.1	Aspergillus niger	yes	CM121272.1	271321	461719	190398	2	HispS,H3H	3	two of four in window	248.0
GCA_051529875.1	Aspergillus niger	yes	CM121272.1	986387	987786	1399	1	H3H	4	single gene only (H3H)	112.0
GCA_051529875.1	Aspergillus niger	yes	CM121272.1	1216982	1321251	104269	1	HispS	4	single gene only (HispS)	296.0
GCA_051529875.1	Aspergillus niger	yes	CM121272.1	1563614	1564222	608	1	HispS	4	single gene only (HispS)	50.4
GCA_051529875.1	Aspergillus niger	yes	CM121272.1	2219651	2313558	93907	2	HispS,H3H	3	two of four in window	120.0
GCA_051529875.1	Aspergillus niger	yes	CM121272.1	2644658	2645647	989	1	H3H	4	single gene only (H3H)	64.3
GCA_051529875.1	Aspergillus niger	yes	CM121272.1	2891347	2895843	4496	1	HispS	4	single gene only (HispS)	373.0
GCA_051529875.1	Aspergillus niger	yes	JBOCDZ010000001.1	107709	213443	105734	3	HispS,H3H,CPH	2	three of four in window	311.0
GCA_051529875.1	Aspergillus niger	yes	JBOCDZ010000001.1	1532223	1532945	722	1	CPH	4	single gene only (CPH)	191.0
GCA_051529875.1	Aspergillus niger	yes	JBOCDZ010000001.1	2539828	2562702	22874	2	HispS,Luz	3	two of four in window	336.0
GCA_051529875.1	Aspergillus niger	yes	JBOCDZ010000001.1	2824554	2825324	770	1	HispS	4	single gene only (HispS)	56.6
GCA_051529875.1	Aspergillus niger	yes	JBOCDZ010000001.1	3854928	3855650	722	1	CPH	4	single gene only (CPH)	168.0
GCA_051529875.1	Aspergillus niger	yes	JBOCDZ010000001.1	4389968	4391761	1793	1	HispS	4	single gene only (HispS)	46.2
GCA_051529875.1	Aspergillus niger	yes	JBOCDZ010000003.1	253632	258442	4810	1	HispS	4	single gene only (HispS)	53.1
GCA_051529875.1	Aspergillus niger	yes	JBOCDZ010000003.1	401435	538409	136974	2	HispS,H3H	3	two of four in window	211.0
GCA_051529875.1	Aspergillus niger	yes	JBOCDZ010000003.1	679168	704572	25404	2	HispS,H3H	3	two of four in window	251.0
GCA_051529875.1	Aspergillus niger	yes	JBOCDZ010000003.1	1732433	1735258	2825	1	HispS	4	single gene only (HispS)	328.0
GCA_051529875.1	Aspergillus niger	yes	JBOCDZ010000003.1	2362208	2364958	2750	1	HispS	4	single gene only (HispS)	310.0
GCA_051529875.1	Aspergillus niger	yes	JBOCDZ010000003.1	2540206	2542918	2712	1	HispS	4	single gene only (HispS)	228.0
GCA_051529875.1	Aspergillus niger	yes	JBOCDZ010000003.1	2743330	2838808	95478	2	HispS,H3H	3	two of four in window	217.0
GCA_051529875.1	Aspergillus niger	yes	JBOCDZ010000003.1	3058016	3060439	2423	1	HispS	4	single gene only (HispS)	168.0
GCA_051529875.1	Aspergillus niger	yes	JBOCDZ010000003.1	3184880	3221112	36232	2	HispS,H3H	3	two of four in window	157.0
GCA_051529875.1	Aspergillus niger	yes	JBOCDZ010000003.1	3355383	3362331	6948	1	H3H	4	single gene only (H3H)	111.0
GCA_051529875.1	Aspergillus niger	yes	JBOCDZ010000003.1	3509494	3555513	46019	1	H3H	4	single gene only (H3H)	74.3
GCA_051529875.1	Aspergillus niger	yes	JBOCDZ010000003.1	4028861	4116832	87971	2	HispS,H3H	3	two of four in window	331.0
GCA_051529875.1	Aspergillus niger	yes	CM121275.1	44852	47515	2663	1	HispS	4	single gene only (HispS)	327.0
GCA_051529875.1	Aspergillus niger	yes	CM121275.1	181381	279986	98605	2	HispS,H3H	3	two of four in window	59.7
GCA_051529875.1	Aspergillus niger	yes	CM121275.1	1337621	1338979	1358	1	H3H	4	single gene only (H3H)	112.0
GCA_051529875.1	Aspergillus niger	yes	CM121275.1	2245325	2246422	1097	1	H3H	4	single gene only (H3H)	87.8
GCA_051529875.1	Aspergillus niger	yes	CM121275.1	2983715	2985004	1289	1	H3H	4	single gene only (H3H)	120.0
GCA_051529875.1	Aspergillus niger	yes	CM121275.1	3144113	3179739	35626	2	HispS,H3H	3	two of four in window	106.0
GCA_051529875.1	Aspergillus niger	yes	JBOCDZ010000004.1	96664	221913	125249	2	HispS,CPH	3	two of four in window	306.0
GCA_051529875.1	Aspergillus niger	yes	JBOCDZ010000004.1	345975	517428	171453	2	HispS,H3H	3	two of four in window	242.0
GCA_051529875.1	Aspergillus niger	yes	JBOCDZ010000004.1	869975	870205	230	1	H3H	4	single gene only (H3H)	42.4
GCA_051529875.1	Aspergillus niger	yes	JBOCDZ010000004.1	1095130	1096440	1310	1	H3H	4	single gene only (H3H)	124.0
GCA_051529875.1	Aspergillus niger	yes	JBOCDZ010000004.1	1203960	1279466	75506	2	HispS,H3H	3	two of four in window	223.0
GCA_051529875.1	Aspergillus niger	yes	JBOCDZ010000004.1	1479467	1581091	101624	3	HispS,H3H,CPH	2	three of four in window	133.0
GCA_051529875.1	Aspergillus niger	yes	JBOCDZ010000004.1	1773674	1774639	965	1	HispS	4	single gene only (HispS)	69.3
GCA_051529875.1	Aspergillus niger	yes	JBOCDZ010000004.1	2879658	2882516	2858	1	HispS	4	single gene only (HispS)	320.0
GCA_051529875.1	Aspergillus niger	yes	JBOCDZ010000004.1	3604804	3605628	824	1	H3H	4	single gene only (H3H)	54.3
GCA_051529875.1	Aspergillus niger	yes	JBOCDZ010000004.1	4008004	4010781	2777	1	HispS	4	single gene only (HispS)	310.0
GCA_051529875.1	Aspergillus niger	yes	JBOCDZ010000004.1	4122219	4125525	3306	1	HispS	4	single gene only (HispS)	119.0
GCA_051529875.1	Aspergillus niger	yes	JBOCDZ010000009.1	1376795	1455188	78393	2	HispS,H3H	3	two of four in window	92.0
GCA_051529875.1	Aspergillus niger	yes	JBOCDZ010000009.1	2325052	2514438	189386	2	HispS,H3H	3	two of four in window	154.0
GCA_051529875.1	Aspergillus niger	yes	JBOCDZ010000009.1	2616258	2619329	3071	1	HispS	4	single gene only (HispS)	305.0
GCA_051529875.1	Aspergillus niger	yes	CM121273.1	782353	783768	1415	1	HispS	4	single gene only (HispS)	87.4
GCA_051529875.1	Aspergillus niger	yes	CM121273.1	1939854	2025968	86114	2	HispS,H3H	3	two of four in window	271.0
GCA_051529875.1	Aspergillus niger	yes	CM121273.1	2246073	2247137	1064	1	CPH	4	single gene only (CPH)	115.0
GCA_051529875.1	Aspergillus niger	yes	CM121273.1	3157905	3160533	2628	1	HispS	4	single gene only (HispS)	213.0
GCA_051529875.1	Aspergillus niger	yes	CM121273.1	4359584	4486743	127159	1	HispS	4	single gene only (HispS)	196.0
GCA_051529875.1	Aspergillus niger	yes	CM121274.1	11966	17606	5640	1	H3H	4	single gene only (H3H)	52.8
GCA_051529875.1	Aspergillus niger	yes	CM121274.1	120768	122633	1865	1	HispS	4	single gene only (HispS)	55.8
GCA_051529875.1	Aspergillus niger	yes	CM121274.1	696712	699728	3016	1	HispS	4	single gene only (HispS)	149.0
GCA_051529875.1	Aspergillus niger	yes	CM121274.1	924517	927700	3183	1	HispS	4	single gene only (HispS)	152.0
GCA_051529875.1	Aspergillus niger	yes	CM121274.1	1329972	1333068	3096	1	HispS	4	single gene only (HispS)	171.0
GCA_051529875.1	Aspergillus niger	yes	CM121274.1	3003339	3003884	545	1	H3H	4	single gene only (H3H)	56.2
GCA_051529875.1	Aspergillus niger	yes	CM121274.1	3161083	3240248	79165	2	HispS,H3H	3	two of four in window	190.0
GCA_051529875.1	Aspergillus niger	yes	CM121274.1	3894865	3895143	278	1	H3H	4	single gene only (H3H)	45.4
GCA_051529875.1	Aspergillus niger	yes	JBOCDZ010000006.1	84377	85136	759	1	HispS	4	single gene only (HispS)	60.1
GCA_051529875.1	Aspergillus niger	yes	JBOCDZ010000006.1	442347	443428	1081	1	CPH	4	single gene only (CPH)	131.0
GCA_051529875.1	Aspergillus niger	yes	JBOCDZ010000006.1	669226	669906	680	1	CPH	4	single gene only (CPH)	72.0
GCA_051529875.1	Aspergillus niger	yes	JBOCDZ010000006.1	841154	843526	2372	1	HispS	4	single gene only (HispS)	186.0
GCA_051529875.1	Aspergillus niger	yes	JBOCDZ010000006.1	1452976	1455967	2991	1	HispS	4	single gene only (HispS)	137.0
GCA_051529875.1	Aspergillus niger	yes	JBOCDZ010000006.1	1774637	1777797	3160	1	HispS	4	single gene only (HispS)	215.0
GCA_051529875.1	Aspergillus niger	yes	JBOCDZ010000006.1	2592494	2614720	22226	2	HispS,H3H	3	two of four in window	55.5
GCA_051529875.1	Aspergillus niger	yes	JBOCDZ010000006.1	3012594	3013096	502	1	Luz	4	single gene only (Luz)	53.5
GCA_051529875.1	Aspergillus niger	yes	JBOCDZ010000006.1	3609532	3648520	38988	2	HispS,H3H	3	two of four in window	58.5
GCA_057808355.1	Aspergillus oryzae	yes	AP044816.1	28426	114388	85962	1	HispS	4	single gene only (HispS)	184.0
GCA_057808355.1	Aspergillus oryzae	yes	AP044816.1	672001	672976	975	1	H3H	4	single gene only (H3H)	57.0
GCA_057808355.1	Aspergillus oryzae	yes	AP044816.1	1174065	1175087	1022	1	H3H	4	single gene only (H3H)	97.1
GCA_057808355.1	Aspergillus oryzae	yes	AP044816.1	1659774	1754146	94372	2	HispS,H3H	3	two of four in window	48.9
GCA_057808355.1	Aspergillus oryzae	yes	AP044816.1	2788015	2790429	2414	1	HispS	4	single gene only (HispS)	336.0
GCA_057808355.1	Aspergillus oryzae	yes	AP044811.1	49327	143831	94504	2	HispS,H3H	3	two of four in window	275.0
GCA_057808355.1	Aspergillus oryzae	yes	AP044811.1	438572	553962	115390	2	HispS,CPH	3	two of four in window	98.2
GCA_057808355.1	Aspergillus oryzae	yes	AP044811.1	1044377	1058081	13704	1	HispS	4	single gene only (HispS)	53.9
GCA_057808355.1	Aspergillus oryzae	yes	AP044811.1	1351414	1352364	950	1	CPH	4	single gene only (CPH)	197.0
GCA_057808355.1	Aspergillus oryzae	yes	AP044811.1	1891140	1892186	1046	1	H3H	4	single gene only (H3H)	117.0
GCA_057808355.1	Aspergillus oryzae	yes	AP044811.1	2258775	2260145	1370	1	H3H	4	single gene only (H3H)	61.2
GCA_057808355.1	Aspergillus oryzae	yes	AP044811.1	2472031	2472434	403	1	HispS	4	single gene only (HispS)	43.9
GCA_057808355.1	Aspergillus oryzae	yes	AP044811.1	4096854	4097492	638	1	HispS	4	single gene only (HispS)	45.1
GCA_057808355.1	Aspergillus oryzae	yes	AP044811.1	4293241	4294216	975	1	Luz	4	single gene only (Luz)	60.5
GCA_057808355.1	Aspergillus oryzae	yes	AP044811.1	5309421	5312507	3086	1	HispS	4	single gene only (HispS)	196.0
GCA_057808355.1	Aspergillus oryzae	yes	AP044811.1	5537734	5538261	527	1	HispS	4	single gene only (HispS)	45.8
GCA_057808355.1	Aspergillus oryzae	yes	AP044811.1	5689828	5718930	29102	1	HispS	4	single gene only (HispS)	322.0
GCA_057808355.1	Aspergillus oryzae	yes	AP044817.1	530955	531798	843	1	HispS	4	single gene only (HispS)	91.7
GCA_057808355.1	Aspergillus oryzae	yes	AP044817.1	641921	686617	44696	1	HispS	4	single gene only (HispS)	328.0
GCA_057808355.1	Aspergillus oryzae	yes	AP044817.1	987753	989183	1430	1	H3H	4	single gene only (H3H)	47.4
GCA_057808355.1	Aspergillus oryzae	yes	AP044817.1	1512586	1514096	1510	1	H3H	4	single gene only (H3H)	73.6
GCA_057808355.1	Aspergillus oryzae	yes	AP044817.1	1881399	1882399	1000	1	CPH	4	single gene only (CPH)	144.0
GCA_057808355.1	Aspergillus oryzae	yes	AP044817.1	2405237	2514920	109683	2	HispS,H3H	3	two of four in window	229.0
GCA_057808355.1	Aspergillus oryzae	yes	AP044817.1	2909022	2909609	587	1	HispS	4	single gene only (HispS)	55.8
GCA_057808355.1	Aspergillus oryzae	yes	AP044817.1	3065559	3095582	30023	2	HispS,H3H	3	two of four in window	243.0
GCA_057808355.1	Aspergillus oryzae	yes	AP044817.1	3240151	3242829	2678	1	HispS	4	single gene only (HispS)	299.0
GCA_057808355.1	Aspergillus oryzae	yes	AP044813.1	1559570	1559854	284	1	H3H	4	single gene only (H3H)	47.4
GCA_057808355.1	Aspergillus oryzae	yes	AP044813.1	1780124	1781517	1393	1	H3H	4	single gene only (H3H)	65.5
GCA_057808355.1	Aspergillus oryzae	yes	AP044813.1	3085239	3087986	2747	1	HispS	4	single gene only (HispS)	287.0
GCA_057808355.1	Aspergillus oryzae	yes	AP044813.1	3344455	3347429	2974	1	HispS	4	single gene only (HispS)	150.0
GCA_057808355.1	Aspergillus oryzae	yes	AP044813.1	3590621	3591463	842	1	HispS	4	single gene only (HispS)	47.0
GCA_057808355.1	Aspergillus oryzae	yes	AP044813.1	4005656	4007226	1570	1	H3H	4	single gene only (H3H)	57.8
GCA_057808355.1	Aspergillus oryzae	yes	AP044813.1	4118736	4121768	3032	1	HispS	4	single gene only (HispS)	315.0
GCA_057808355.1	Aspergillus oryzae	yes	AP044813.1	4327734	4342329	14595	2	HispS,H3H	3	two of four in window	54.7
GCA_057808355.1	Aspergillus oryzae	yes	AP044813.1	4476317	4477750	1433	1	H3H	4	single gene only (H3H)	88.2
GCA_057808355.1	Aspergillus oryzae	yes	AP044814.1	157984	159027	1043	1	H3H	4	single gene only (H3H)	63.2
GCA_057808355.1	Aspergillus oryzae	yes	AP044814.1	378454	379191	737	1	CPH	4	single gene only (CPH)	135.0
GCA_057808355.1	Aspergillus oryzae	yes	AP044814.1	599505	602838	3333	1	HispS	4	single gene only (HispS)	103.0
GCA_057808355.1	Aspergillus oryzae	yes	AP044814.1	944963	947581	2618	1	HispS	4	single gene only (HispS)	201.0
GCA_057808355.1	Aspergillus oryzae	yes	AP044814.1	1102499	1118552	16053	2	HispS,H3H	3	two of four in window	260.0
GCA_057808355.1	Aspergillus oryzae	yes	AP044814.1	1239034	1240427	1393	1	H3H	4	single gene only (H3H)	89.4
GCA_057808355.1	Aspergillus oryzae	yes	AP044814.1	1486354	1486599	245	1	H3H	4	single gene only (H3H)	44.7
GCA_057808355.1	Aspergillus oryzae	yes	AP044814.1	1790719	1882232	91513	2	HispS,H3H	3	two of four in window	135.0
GCA_057808355.1	Aspergillus oryzae	yes	AP044814.1	2097780	2098821	1041	1	CPH	4	single gene only (CPH)	79.0
GCA_057808355.1	Aspergillus oryzae	yes	AP044814.1	5377974	5488087	110113	2	HispS,H3H	3	two of four in window	317.0
GCA_057808355.1	Aspergillus oryzae	yes	AP044815.1	117121	117656	535	1	Luz	4	single gene only (Luz)	33.1
GCA_057808355.1	Aspergillus oryzae	yes	AP044815.1	677659	677964	305	1	H3H	4	single gene only (H3H)	48.9
GCA_057808355.1	Aspergillus oryzae	yes	AP044815.1	1003999	1005307	1308	1	H3H	4	single gene only (H3H)	62.0
GCA_057808355.1	Aspergillus oryzae	yes	AP044815.1	1428147	1431229	3082	1	HispS	4	single gene only (HispS)	109.0
GCA_057808355.1	Aspergillus oryzae	yes	AP044815.1	2267405	2271265	3860	1	HispS	4	single gene only (HispS)	48.5
GCA_057808355.1	Aspergillus oryzae	yes	AP044815.1	3071346	3072029	683	1	Luz	4	single gene only (Luz)	105.0
GCA_057808355.1	Aspergillus oryzae	yes	AP044815.1	3343468	3375280	31812	1	HispS	4	single gene only (HispS)	321.0
GCA_057808355.1	Aspergillus oryzae	yes	AP044815.1	4067071	4068267	1196	1	HispS	4	single gene only (HispS)	53.1
GCA_057808355.1	Aspergillus oryzae	yes	AP044812.1	12363	21670	9307	1	HispS	4	single gene only (HispS)	83.2
GCA_057808355.1	Aspergillus oryzae	yes	AP044812.1	152217	152519	302	1	H3H	4	single gene only (H3H)	47.0
GCA_057808355.1	Aspergillus oryzae	yes	AP044812.1	286500	287039	539	1	HispS	4	single gene only (HispS)	45.1
GCA_057808355.1	Aspergillus oryzae	yes	AP044812.1	969701	970843	1142	1	H3H	4	single gene only (H3H)	176.0
GCA_057808355.1	Aspergillus oryzae	yes	AP044812.1	1181235	1183983	2748	1	HispS	4	single gene only (HispS)	193.0
GCA_057808355.1	Aspergillus oryzae	yes	AP044812.1	1443359	1444327	968	1	HispS	4	single gene only (HispS)	47.4
GCA_057808355.1	Aspergillus oryzae	yes	AP044812.1	2010490	2011821	1331	1	H3H	4	single gene only (H3H)	75.5
GCA_057808355.1	Aspergillus oryzae	yes	AP044812.1	2346828	2358067	11239	2	HispS,H3H	3	two of four in window	98.6
GCA_057808355.1	Aspergillus oryzae	yes	AP044812.1	2473854	2475374	1520	1	H3H	4	single gene only (H3H)	78.2
GCA_057808355.1	Aspergillus oryzae	yes	AP044812.1	2707047	2707991	944	1	HispS	4	single gene only (HispS)	67.0
GCA_057808355.1	Aspergillus oryzae	yes	AP044810.1	171736	467499	295763	3	HispS,H3H,CPH	2	three of four in window	171.0
GCA_057808355.1	Aspergillus oryzae	yes	AP044810.1	1497008	1498261	1253	1	H3H	4	single gene only (H3H)	95.1
GCA_057808355.1	Aspergillus oryzae	yes	AP044810.1	2316532	2317257	725	1	H3H	4	single gene only (H3H)	43.9
GCA_057808355.1	Aspergillus oryzae	yes	AP044810.1	2647910	2648227	317	1	CPH	4	single gene only (CPH)	63.9
GCA_057808355.1	Aspergillus oryzae	yes	AP044810.1	3855053	3941397	86344	1	HispS	4	single gene only (HispS)	247.0
GCA_057808355.1	Aspergillus oryzae	yes	AP044810.1	4091976	4092791	815	1	HispS	4	single gene only (HispS)	55.5
GCA_057808355.1	Aspergillus oryzae	yes	AP044810.1	4206785	4207936	1151	1	CPH	4	single gene only (CPH)	115.0
GCA_057808355.1	Aspergillus oryzae	yes	AP044810.1	4366094	4369099	3005	1	HispS	4	single gene only (HispS)	150.0
GCA_057808355.1	Aspergillus oryzae	yes	AP044810.1	4700584	4701411	827	1	HispS	4	single gene only (HispS)	52.4
GCA_057808355.1	Aspergillus oryzae	yes	AP044810.1	5739065	5836161	97096	2	H3H,CPH	3	two of four in window	128.0
GCA_057808355.1	Aspergillus oryzae	yes	AP044810.1	6065524	6067047	1523	1	H3H	4	single gene only (H3H)	62.0
GCA_057808355.1	Aspergillus oryzae	yes	AP044810.1	6203623	6204907	1284	1	H3H	4	single gene only (H3H)	164.0
GCA_057808355.1	Aspergillus oryzae	yes	AP044810.1	6430227	6529779	99552	1	H3H	4	single gene only (H3H)	125.0
GCA_057808365.1	Aspergillus oryzae	yes	AP044784.1	220839	221411	572	1	HispS	4	single gene only (HispS)	47.0
GCA_057808365.1	Aspergillus oryzae	yes	AP044784.1	918464	919606	1142	1	H3H	4	single gene only (H3H)	177.0
GCA_057808365.1	Aspergillus oryzae	yes	AP044784.1	1130467	1133215	2748	1	HispS	4	single gene only (HispS)	193.0
GCA_057808365.1	Aspergillus oryzae	yes	AP044784.1	1391473	1392441	968	1	HispS	4	single gene only (HispS)	47.4
GCA_057808365.1	Aspergillus oryzae	yes	AP044784.1	1956850	1958181	1331	1	H3H	4	single gene only (H3H)	75.5
GCA_057808365.1	Aspergillus oryzae	yes	AP044784.1	2293817	2305056	11239	2	HispS,H3H	3	two of four in window	98.6
GCA_057808365.1	Aspergillus oryzae	yes	AP044784.1	2419533	2421053	1520	1	H3H	4	single gene only (H3H)	78.2
GCA_057808365.1	Aspergillus oryzae	yes	AP044784.1	2671426	2672370	944	1	HispS	4	single gene only (HispS)	67.0
GCA_057808365.1	Aspergillus oryzae	yes	AP044784.1	3505423	3506061	638	1	HispS	4	single gene only (HispS)	45.1
GCA_057808365.1	Aspergillus oryzae	yes	AP044784.1	3709211	3710186	975	1	Luz	4	single gene only (Luz)	60.5
GCA_057808365.1	Aspergillus oryzae	yes	AP044784.1	4710384	4713470	3086	1	HispS	4	single gene only (HispS)	196.0
GCA_057808365.1	Aspergillus oryzae	yes	AP044784.1	4957242	4957769	527	1	HispS	4	single gene only (HispS)	45.8
GCA_057808365.1	Aspergillus oryzae	yes	AP044784.1	5106407	5135524	29117	1	HispS	4	single gene only (HispS)	322.0
GCA_057808365.1	Aspergillus oryzae	yes	AP044788.1	38543	124509	85966	1	HispS	4	single gene only (HispS)	183.0
GCA_057808365.1	Aspergillus oryzae	yes	AP044788.1	232304	232867	563	1	H3H	4	single gene only (H3H)	46.2
GCA_057808365.1	Aspergillus oryzae	yes	AP044788.1	668708	669683	975	1	H3H	4	single gene only (H3H)	57.0
GCA_057808365.1	Aspergillus oryzae	yes	AP044788.1	1169539	1170561	1022	1	H3H	4	single gene only (H3H)	96.7
GCA_057808365.1	Aspergillus oryzae	yes	AP044788.1	1659317	1752104	92787	2	HispS,H3H	3	two of four in window	48.9
GCA_057808365.1	Aspergillus oryzae	yes	AP044788.1	2795469	2797883	2414	1	HispS	4	single gene only (HispS)	334.0
GCA_057808365.1	Aspergillus oryzae	yes	AP044789.1	21140	22553	1413	1	H3H	4	single gene only (H3H)	93.2
GCA_057808365.1	Aspergillus oryzae	yes	AP044789.1	350947	351372	425	1	HispS	4	single gene only (HispS)	47.4
GCA_057808365.1	Aspergillus oryzae	yes	AP044789.1	472492	473300	808	1	HispS	4	single gene only (HispS)	71.6
GCA_057808365.1	Aspergillus oryzae	yes	AP044789.1	689494	704394	14900	1	HispS	4	single gene only (HispS)	328.0
GCA_057808365.1	Aspergillus oryzae	yes	AP044789.1	973338	974768	1430	1	H3H	4	single gene only (H3H)	47.4
GCA_057808365.1	Aspergillus oryzae	yes	AP044789.1	1484432	1485942	1510	1	H3H	4	single gene only (H3H)	73.6
GCA_057808365.1	Aspergillus oryzae	yes	AP044789.1	1686724	1687712	988	1	CPH	4	single gene only (CPH)	144.0
GCA_057808365.1	Aspergillus oryzae	yes	AP044789.1	2204719	2313503	108784	2	HispS,H3H	3	two of four in window	226.0
GCA_057808365.1	Aspergillus oryzae	yes	AP044789.1	2972769	2973356	587	1	HispS	4	single gene only (HispS)	55.8
GCA_057808365.1	Aspergillus oryzae	yes	AP044789.1	3120739	3150764	30025	2	HispS,H3H	3	two of four in window	246.0
GCA_057808365.1	Aspergillus oryzae	yes	AP044789.1	3293531	3296209	2678	1	HispS	4	single gene only (HispS)	299.0
GCA_057808365.1	Aspergillus oryzae	yes	AP044785.1	1534765	1535049	284	1	H3H	4	single gene only (H3H)	47.4
GCA_057808365.1	Aspergillus oryzae	yes	AP044785.1	1750456	1751849	1393	1	H3H	4	single gene only (H3H)	63.2
GCA_057808365.1	Aspergillus oryzae	yes	AP044785.1	3052329	3055076	2747	1	HispS	4	single gene only (HispS)	287.0
GCA_057808365.1	Aspergillus oryzae	yes	AP044785.1	3628446	3629285	839	1	HispS	4	single gene only (HispS)	46.6
GCA_057808365.1	Aspergillus oryzae	yes	AP044785.1	4008843	4010413	1570	1	H3H	4	single gene only (H3H)	57.8
GCA_057808365.1	Aspergillus oryzae	yes	AP044785.1	4121666	4124698	3032	1	HispS	4	single gene only (HispS)	315.0
GCA_057808365.1	Aspergillus oryzae	yes	AP044785.1	4330612	4345216	14604	2	HispS,H3H	3	two of four in window	53.9
GCA_057808365.1	Aspergillus oryzae	yes	AP044785.1	4479177	4480600	1423	1	H3H	4	single gene only (H3H)	73.9
GCA_057808365.1	Aspergillus oryzae	yes	AP044786.1	38803	39468	665	1	H3H	4	single gene only (H3H)	87.8
GCA_057808365.1	Aspergillus oryzae	yes	AP044786.1	186727	202780	16053	2	HispS,H3H	3	two of four in window	259.0
GCA_057808365.1	Aspergillus oryzae	yes	AP044786.1	323404	324800	1396	1	H3H	4	single gene only (H3H)	89.4
GCA_057808365.1	Aspergillus oryzae	yes	AP044786.1	569491	569736	245	1	H3H	4	single gene only (H3H)	44.7
GCA_057808365.1	Aspergillus oryzae	yes	AP044786.1	871413	953522	82109	2	HispS,H3H	3	two of four in window	135.0
GCA_057808365.1	Aspergillus oryzae	yes	AP044786.1	1160239	1161280	1041	1	CPH	4	single gene only (CPH)	77.8
GCA_057808365.1	Aspergillus oryzae	yes	AP044786.1	4439318	4547817	108499	2	HispS,H3H	3	two of four in window	318.0
GCA_057808365.1	Aspergillus oryzae	yes	AP044783.1	20382	21578	1196	1	HispS	4	single gene only (HispS)	51.2
GCA_057808365.1	Aspergillus oryzae	yes	AP044783.1	639992	729659	89667	1	HispS	4	single gene only (HispS)	325.0
GCA_057808365.1	Aspergillus oryzae	yes	AP044783.1	991294	1005673	14379	2	HispS,H3H	3	two of four in window	274.0
GCA_057808365.1	Aspergillus oryzae	yes	AP044783.1	1294260	1409798	115538	2	HispS,CPH	3	two of four in window	98.2
GCA_057808365.1	Aspergillus oryzae	yes	AP044783.1	1838892	1852597	13705	1	HispS	4	single gene only (HispS)	53.9
GCA_057808365.1	Aspergillus oryzae	yes	AP044783.1	2153462	2154412	950	1	CPH	4	single gene only (CPH)	197.0
GCA_057808365.1	Aspergillus oryzae	yes	AP044783.1	2685067	2686113	1046	1	H3H	4	single gene only (H3H)	120.0
GCA_057808365.1	Aspergillus oryzae	yes	AP044783.1	3052440	3053699	1259	1	H3H	4	single gene only (H3H)	61.6
GCA_057808365.1	Aspergillus oryzae	yes	AP044783.1	3265729	3266132	403	1	HispS	4	single gene only (HispS)	47.4
GCA_057808365.1	Aspergillus oryzae	yes	AP044782.1	65035	358167	293132	3	HispS,H3H,CPH	2	three of four in window	158.0
GCA_057808365.1	Aspergillus oryzae	yes	AP044782.1	1394232	1395485	1253	1	H3H	4	single gene only (H3H)	95.1
GCA_057808365.1	Aspergillus oryzae	yes	AP044782.1	2246657	2247382	725	1	H3H	4	single gene only (H3H)	43.9
GCA_057808365.1	Aspergillus oryzae	yes	AP044782.1	2571648	2571965	317	1	CPH	4	single gene only (CPH)	63.9
GCA_057808365.1	Aspergillus oryzae	yes	AP044782.1	3866260	3869200	2940	1	HispS	4	single gene only (HispS)	247.0
GCA_057808365.1	Aspergillus oryzae	yes	AP044782.1	4019217	4020032	815	1	HispS	4	single gene only (HispS)	55.5
GCA_057808365.1	Aspergillus oryzae	yes	AP044782.1	4134041	4135192	1151	1	CPH	4	single gene only (CPH)	115.0
GCA_057808365.1	Aspergillus oryzae	yes	AP044782.1	4293358	4296363	3005	1	HispS	4	single gene only (HispS)	150.0
GCA_057808365.1	Aspergillus oryzae	yes	AP044782.1	4628002	4628829	827	1	HispS	4	single gene only (HispS)	56.2
GCA_057808365.1	Aspergillus oryzae	yes	AP044782.1	5587049	5683980	96931	2	H3H,CPH	3	two of four in window	128.0
GCA_057808365.1	Aspergillus oryzae	yes	AP044782.1	5921131	5922654	1523	1	H3H	4	single gene only (H3H)	62.0
GCA_057808365.1	Aspergillus oryzae	yes	AP044782.1	6059222	6060506	1284	1	H3H	4	single gene only (H3H)	164.0
GCA_057808365.1	Aspergillus oryzae	yes	AP044782.1	6284557	6376332	91775	1	H3H	4	single gene only (H3H)	125.0
GCA_057808365.1	Aspergillus oryzae	yes	AP044787.1	78990	79525	535	1	Luz	4	single gene only (Luz)	32.7
GCA_057808365.1	Aspergillus oryzae	yes	AP044787.1	603849	604154	305	1	H3H	4	single gene only (H3H)	48.9
GCA_057808365.1	Aspergillus oryzae	yes	AP044787.1	889377	944487	55110	2	HispS,H3H	3	two of four in window	62.0
GCA_057808365.1	Aspergillus oryzae	yes	AP044787.1	1364228	1367310	3082	1	HispS	4	single gene only (HispS)	109.0
GCA_057808365.1	Aspergillus oryzae	yes	AP044787.1	2200107	2203967	3860	1	HispS	4	single gene only (HispS)	48.5
GCA_057808365.1	Aspergillus oryzae	yes	AP044787.1	3015843	3016526	683	1	Luz	4	single gene only (Luz)	106.0
GCA_057808365.1	Aspergillus oryzae	yes	AP044787.1	3119729	3122348	2619	1	HispS	4	single gene only (HispS)	182.0
GCA_057808365.1	Aspergillus oryzae	yes	AP044787.1	3464485	3467407	2922	1	HispS	4	single gene only (HispS)	102.0
GCA_057808365.1	Aspergillus oryzae	yes	AP044787.1	3739782	3740519	737	1	CPH	4	single gene only (CPH)	135.0
GCA_057808365.1	Aspergillus oryzae	yes	AP044787.1	4052017	4053060	1043	1	H3H	4	single gene only (H3H)	63.2
GCA_008032255.1	Aspergillus oryzae	no	CP031440.1	28436	114398	85962	1	HispS	4	single gene only (HispS)	184.0
GCA_008032255.1	Aspergillus oryzae	no	CP031440.1	672104	673079	975	1	H3H	4	single gene only (H3H)	57.0
GCA_008032255.1	Aspergillus oryzae	no	CP031440.1	1174198	1175220	1022	1	H3H	4	single gene only (H3H)	97.1
GCA_008032255.1	Aspergillus oryzae	no	CP031440.1	1659988	1754395	94407	2	HispS,H3H	3	two of four in window	48.9
GCA_008032255.1	Aspergillus oryzae	no	CP031440.1	2788342	2790756	2414	1	HispS	4	single gene only (HispS)	336.0
GCA_008032255.1	Aspergillus oryzae	no	CP031435.1	52186	146710	94524	2	HispS,H3H	3	two of four in window	275.0
GCA_008032255.1	Aspergillus oryzae	no	CP031435.1	440169	555560	115391	2	HispS,CPH	3	two of four in window	98.2
GCA_008032255.1	Aspergillus oryzae	no	CP031435.1	1046350	1060055	13705	1	HispS	4	single gene only (HispS)	53.9
GCA_008032255.1	Aspergillus oryzae	no	CP031435.1	1353337	1354287	950	1	CPH	4	single gene only (CPH)	197.0
GCA_008032255.1	Aspergillus oryzae	no	CP031435.1	1891861	1892907	1046	1	H3H	4	single gene only (H3H)	117.0
GCA_008032255.1	Aspergillus oryzae	no	CP031435.1	2259525	2260895	1370	1	H3H	4	single gene only (H3H)	61.2
GCA_008032255.1	Aspergillus oryzae	no	CP031435.1	2472785	2473188	403	1	HispS	4	single gene only (HispS)	43.9
GCA_008032255.1	Aspergillus oryzae	no	CP031435.1	4097835	4098473	638	1	HispS	4	single gene only (HispS)	45.1
GCA_008032255.1	Aspergillus oryzae	no	CP031435.1	4294263	4295238	975	1	Luz	4	single gene only (Luz)	60.5
GCA_008032255.1	Aspergillus oryzae	no	CP031435.1	5310520	5313606	3086	1	HispS	4	single gene only (HispS)	196.0
GCA_008032255.1	Aspergillus oryzae	no	CP031435.1	5538859	5539386	527	1	HispS	4	single gene only (HispS)	45.8
GCA_008032255.1	Aspergillus oryzae	no	CP031435.1	5690969	5720071	29102	1	HispS	4	single gene only (HispS)	322.0
GCA_008032255.1	Aspergillus oryzae	no	CP031441.1	534190	535033	843	1	HispS	4	single gene only (HispS)	91.7
GCA_008032255.1	Aspergillus oryzae	no	CP031441.1	645158	689854	44696	1	HispS	4	single gene only (HispS)	328.0
GCA_008032255.1	Aspergillus oryzae	no	CP031441.1	991006	992436	1430	1	H3H	4	single gene only (H3H)	47.4
GCA_008032255.1	Aspergillus oryzae	no	CP031441.1	1515888	1517398	1510	1	H3H	4	single gene only (H3H)	73.6
GCA_008032255.1	Aspergillus oryzae	no	CP031441.1	1884769	1885769	1000	1	CPH	4	single gene only (CPH)	144.0
GCA_008032255.1	Aspergillus oryzae	no	CP031441.1	2755266	2756519	1253	1	H3H	4	single gene only (H3H)	95.1
GCA_008032255.1	Aspergillus oryzae	no	CP031441.1	3783590	4079400	295810	3	HispS,H3H,CPH	2	three of four in window	171.0
GCA_008032255.1	Aspergillus oryzae	no	CP031437.1	1558377	1558661	284	1	H3H	4	single gene only (H3H)	47.4
GCA_008032255.1	Aspergillus oryzae	no	CP031437.1	1778954	1780347	1393	1	H3H	4	single gene only (H3H)	65.5
GCA_008032255.1	Aspergillus oryzae	no	CP031437.1	3085533	3088280	2747	1	HispS	4	single gene only (HispS)	287.0
GCA_008032255.1	Aspergillus oryzae	no	CP031437.1	3344783	3347757	2974	1	HispS	4	single gene only (HispS)	150.0
GCA_008032255.1	Aspergillus oryzae	no	CP031437.1	3590953	3591795	842	1	HispS	4	single gene only (HispS)	47.0
GCA_008032255.1	Aspergillus oryzae	no	CP031437.1	3965659	3967229	1570	1	H3H	4	single gene only (H3H)	57.8
GCA_008032255.1	Aspergillus oryzae	no	CP031437.1	4078751	4081783	3032	1	HispS	4	single gene only (HispS)	315.0
GCA_008032255.1	Aspergillus oryzae	no	CP031437.1	4287771	4302372	14601	2	HispS,H3H	3	two of four in window	54.7
GCA_008032255.1	Aspergillus oryzae	no	CP031437.1	4436393	4437826	1433	1	H3H	4	single gene only (H3H)	88.2
GCA_008032255.1	Aspergillus oryzae	no	CP031438.1	155964	157007	1043	1	H3H	4	single gene only (H3H)	63.2
GCA_008032255.1	Aspergillus oryzae	no	CP031438.1	376446	377183	737	1	CPH	4	single gene only (CPH)	135.0
GCA_008032255.1	Aspergillus oryzae	no	CP031438.1	596203	599536	3333	1	HispS	4	single gene only (HispS)	103.0
GCA_008032255.1	Aspergillus oryzae	no	CP031438.1	941671	944289	2618	1	HispS	4	single gene only (HispS)	201.0
GCA_008032255.1	Aspergillus oryzae	no	CP031438.1	1099207	1115260	16053	2	HispS,H3H	3	two of four in window	260.0
GCA_008032255.1	Aspergillus oryzae	no	CP031438.1	1235750	1237143	1393	1	H3H	4	single gene only (H3H)	89.4
GCA_008032255.1	Aspergillus oryzae	no	CP031438.1	1483092	1483337	245	1	H3H	4	single gene only (H3H)	44.7
GCA_008032255.1	Aspergillus oryzae	no	CP031438.1	1784896	1876414	91518	2	HispS,H3H	3	two of four in window	135.0
GCA_008032255.1	Aspergillus oryzae	no	CP031438.1	2091985	2093026	1041	1	CPH	4	single gene only (CPH)	79.0
GCA_008032255.1	Aspergillus oryzae	no	CP031438.1	5372636	5482749	110113	2	HispS,H3H	3	two of four in window	317.0
GCA_008032255.1	Aspergillus oryzae	no	CP031439.1	119450	119985	535	1	Luz	4	single gene only (Luz)	33.1
GCA_008032255.1	Aspergillus oryzae	no	CP031439.1	680046	680351	305	1	H3H	4	single gene only (H3H)	48.9
GCA_008032255.1	Aspergillus oryzae	no	CP031439.1	1006470	1007778	1308	1	H3H	4	single gene only (H3H)	62.0
GCA_008032255.1	Aspergillus oryzae	no	CP031439.1	1430632	1433714	3082	1	HispS	4	single gene only (HispS)	109.0
GCA_008032255.1	Aspergillus oryzae	no	CP031439.1	2268726	2272586	3860	1	HispS	4	single gene only (HispS)	48.5
GCA_008032255.1	Aspergillus oryzae	no	CP031439.1	3071456	3072139	683	1	Luz	4	single gene only (Luz)	105.0
GCA_008032255.1	Aspergillus oryzae	no	CP031439.1	3343646	3375458	31812	1	HispS	4	single gene only (HispS)	321.0
GCA_008032255.1	Aspergillus oryzae	no	CP031439.1	4067318	4068514	1196	1	HispS	4	single gene only (HispS)	53.1
GCA_008032255.1	Aspergillus oryzae	no	CP031434.1	104770	107448	2678	1	HispS	4	single gene only (HispS)	299.0
GCA_008032255.1	Aspergillus oryzae	no	CP031434.1	252024	282047	30023	2	HispS,H3H	3	two of four in window	243.0
GCA_008032255.1	Aspergillus oryzae	no	CP031434.1	438002	438589	587	1	HispS	4	single gene only (HispS)	55.8
GCA_008032255.1	Aspergillus oryzae	no	CP031434.1	832731	942414	109683	2	HispS,H3H	3	two of four in window	229.0
GCA_008032255.1	Aspergillus oryzae	no	CP031434.1	1414108	1414833	725	1	H3H	4	single gene only (H3H)	43.9
GCA_008032255.1	Aspergillus oryzae	no	CP031434.1	1745538	1745855	317	1	CPH	4	single gene only (CPH)	63.9
GCA_008032255.1	Aspergillus oryzae	no	CP031434.1	2954191	3040551	86360	1	HispS	4	single gene only (HispS)	247.0
GCA_008032255.1	Aspergillus oryzae	no	CP031434.1	3189847	3190662	815	1	HispS	4	single gene only (HispS)	55.5
GCA_008032255.1	Aspergillus oryzae	no	CP031434.1	3304670	3305821	1151	1	CPH	4	single gene only (CPH)	115.0
GCA_008032255.1	Aspergillus oryzae	no	CP031434.1	3463980	3466985	3005	1	HispS	4	single gene only (HispS)	150.0
GCA_008032255.1	Aspergillus oryzae	no	CP031434.1	3798543	3799370	827	1	HispS	4	single gene only (HispS)	52.4
GCA_008032255.1	Aspergillus oryzae	no	CP031434.1	4837111	4934212	97101	2	H3H,CPH	3	two of four in window	128.0
GCA_008032255.1	Aspergillus oryzae	no	CP031434.1	5163608	5165131	1523	1	H3H	4	single gene only (H3H)	62.0
GCA_008032255.1	Aspergillus oryzae	no	CP031434.1	5301714	5302998	1284	1	H3H	4	single gene only (H3H)	164.0
GCA_008032255.1	Aspergillus oryzae	no	CP031434.1	5528341	5627892	99551	1	H3H	4	single gene only (H3H)	125.0
GCA_008032255.1	Aspergillus oryzae	no	CP031436.1	12368	21675	9307	1	HispS	4	single gene only (HispS)	83.2
GCA_008032255.1	Aspergillus oryzae	no	CP031436.1	147919	148221	302	1	H3H	4	single gene only (H3H)	47.0
GCA_008032255.1	Aspergillus oryzae	no	CP031436.1	282202	282741	539	1	HispS	4	single gene only (HispS)	45.1
GCA_008032255.1	Aspergillus oryzae	no	CP031436.1	965505	966647	1142	1	H3H	4	single gene only (H3H)	176.0
GCA_008032255.1	Aspergillus oryzae	no	CP031436.1	1177075	1179823	2748	1	HispS	4	single gene only (HispS)	193.0
GCA_008032255.1	Aspergillus oryzae	no	CP031436.1	1439203	1440171	968	1	HispS	4	single gene only (HispS)	47.4
GCA_008032255.1	Aspergillus oryzae	no	CP031436.1	2006394	2007725	1331	1	H3H	4	single gene only (H3H)	75.5
GCA_008032255.1	Aspergillus oryzae	no	CP031436.1	2341321	2352724	11403	2	HispS,H3H	3	two of four in window	98.6
GCA_008032255.1	Aspergillus oryzae	no	CP031436.1	2468513	2470033	1520	1	H3H	4	single gene only (H3H)	78.2
GCA_008032255.1	Aspergillus oryzae	no	CP031436.1	2701755	2702699	944	1	HispS	4	single gene only (HispS)	67.0
GCA_000003525.2	Blastomyces dermatitidis	yes	EQ999973.1	921059	921337	278	1	HispS	4	single gene only (HispS)	47.0
GCA_000003525.2	Blastomyces dermatitidis	yes	EQ999973.1	2357392	2358252	860	1	HispS	4	single gene only (HispS)	63.9
GCA_000003525.2	Blastomyces dermatitidis	yes	EQ999973.1	5140305	5143691	3386	1	HispS	4	single gene only (HispS)	134.0
GCA_000003525.2	Blastomyces dermatitidis	yes	EQ999973.1	9046027	9046902	875	1	HispS	4	single gene only (HispS)	53.5
GCA_000003525.2	Blastomyces dermatitidis	yes	EQ999977.1	696540	697340	800	1	HispS	4	single gene only (HispS)	56.2
GCA_000003525.2	Blastomyces dermatitidis	yes	EQ999977.1	1416858	1417487	629	1	HispS	4	single gene only (HispS)	47.4
GCA_000003525.2	Blastomyces dermatitidis	yes	EQ999980.1	505064	506314	1250	1	HispS	4	single gene only (HispS)	63.9
GCA_000003525.2	Blastomyces dermatitidis	yes	EQ999980.1	1243748	1244272	524	1	H3H	4	single gene only (H3H)	50.4
GCA_000003525.2	Blastomyces dermatitidis	yes	EQ999983.1	1298145	1308490	10345	2	HispS,Luz	3	two of four in window	113.0
GCA_000003525.2	Blastomyces dermatitidis	yes	EQ999983.1	1983026	1983655	629	1	HispS	4	single gene only (HispS)	49.7
GCA_000003525.2	Blastomyces dermatitidis	yes	EQ999979.1	778756	779950	1194	1	H3H	4	single gene only (H3H)	67.4
GCA_000003525.2	Blastomyces dermatitidis	yes	EQ999979.1	3105873	3106646	773	1	HispS	4	single gene only (HispS)	45.4
GCA_000003525.2	Blastomyces dermatitidis	yes	EQ999981.1	2644187	2645264	1077	1	H3H	4	single gene only (H3H)	96.3
GCA_000003525.2	Blastomyces dermatitidis	yes	EQ999986.1	341185	341847	662	1	H3H	4	single gene only (H3H)	66.2
GCA_000003525.2	Blastomyces dermatitidis	yes	EQ999986.1	1011687	1011920	233	1	H3H	4	single gene only (H3H)	46.6
GCA_000003525.2	Blastomyces dermatitidis	yes	EQ999974.1	65912	66903	991	1	H3H	4	single gene only (H3H)	60.8
GCA_000003525.2	Blastomyces dermatitidis	yes	EQ999974.1	7282324	7283394	1070	1	H3H	4	single gene only (H3H)	55.5
GCA_000003525.2	Blastomyces dermatitidis	yes	EQ999987.1	888193	889142	949	1	H3H	4	single gene only (H3H)	46.2
GCA_000003525.2	Blastomyces dermatitidis	yes	EQ999976.1	1808638	1809612	974	1	H3H	4	single gene only (H3H)	45.8
GCA_000003525.2	Blastomyces dermatitidis	yes	EQ999975.1	6658507	6659178	671	1	CPH	4	single gene only (CPH)	77.8
GCA_000003525.2	Blastomyces dermatitidis	yes	EQ999975.1	7145943	7146887	944	1	CPH	4	single gene only (CPH)	193.0
GCA_043229245.1	Blastomyces dermatitidis	yes	JAVKUR010000034.1	72944	76330	3386	1	HispS	4	single gene only (HispS)	133.0
GCA_043229245.1	Blastomyces dermatitidis	yes	JAVKUR010000220.1	56659	57519	860	1	HispS	4	single gene only (HispS)	63.9
GCA_043229245.1	Blastomyces dermatitidis	yes	JAVKUR010000001.1	397261	398061	800	1	HispS	4	single gene only (HispS)	56.6
GCA_043229245.1	Blastomyces dermatitidis	yes	JAVKUR010000046.1	74791	76041	1250	1	HispS	4	single gene only (HispS)	63.9
GCA_043229245.1	Blastomyces dermatitidis	yes	JAVKUR010000043.1	9517	10146	629	1	HispS	4	single gene only (HispS)	49.7
GCA_043229245.1	Blastomyces dermatitidis	yes	JAVKUR010000019.1	66776	67651	875	1	HispS	4	single gene only (HispS)	52.8
GCA_043229245.1	Blastomyces dermatitidis	yes	JAVKUR010000090.1	72847	83201	10354	2	HispS,Luz	3	two of four in window	113.0
GCA_043229245.1	Blastomyces dermatitidis	yes	JAVKUR010000008.1	52594	53367	773	1	HispS	4	single gene only (HispS)	45.4
GCA_043229245.1	Blastomyces dermatitidis	yes	JAVKUR010000127.1	18823	19242	419	1	HispS	4	single gene only (HispS)	47.4
GCA_043229245.1	Blastomyces dermatitidis	yes	JAVKUR010000020.1	93828	94106	278	1	HispS	4	single gene only (HispS)	47.0
GCA_043229245.1	Blastomyces dermatitidis	yes	JAVKUR010000382.1	22027	28719	6692	2	HispS,H3H	3	two of four in window	55.5
GCA_043229245.1	Blastomyces dermatitidis	yes	JAVKUR010000409.1	30231	31308	1077	1	H3H	4	single gene only (H3H)	96.3
GCA_043229245.1	Blastomyces dermatitidis	yes	JAVKUR010000281.1	13970	15163	1193	1	H3H	4	single gene only (H3H)	100.0
GCA_043229245.1	Blastomyces dermatitidis	yes	JAVKUR010000037.1	146896	147558	662	1	H3H	4	single gene only (H3H)	66.6
GCA_043229245.1	Blastomyces dermatitidis	yes	JAVKUR010000108.1	77851	78983	1132	1	H3H	4	single gene only (H3H)	60.5
GCA_043229245.1	Blastomyces dermatitidis	yes	JAVKUR010000056.1	148495	149019	524	1	H3H	4	single gene only (H3H)	51.2
GCA_043229245.1	Blastomyces dermatitidis	yes	JAVKUR010000069.1	51363	52308	945	1	H3H	4	single gene only (H3H)	45.4
GCA_043229245.1	Blastomyces dermatitidis	yes	JAVKUR010000070.1	87058	87291	233	1	H3H	4	single gene only (H3H)	46.6
GCA_043229245.1	Blastomyces dermatitidis	yes	JAVKUR010000405.1	36751	37725	974	1	H3H	4	single gene only (H3H)	45.8
GCA_043229245.1	Blastomyces dermatitidis	yes	JAVKUR010000007.1	303543	304487	944	1	CPH	4	single gene only (CPH)	193.0
GCA_043229245.1	Blastomyces dermatitidis	yes	JAVKUR010000006.1	174269	174940	671	1	CPH	4	single gene only (CPH)	77.8
GCA_043170745.1	Blastomyces dermatitidis	yes	JAVKUP010000029.1	72902	76288	3386	1	HispS	4	single gene only (HispS)	133.0
GCA_043170745.1	Blastomyces dermatitidis	yes	JAVKUP010000196.1	21418	22278	860	1	HispS	4	single gene only (HispS)	63.9
GCA_043170745.1	Blastomyces dermatitidis	yes	JAVKUP010000002.1	51575	52375	800	1	HispS	4	single gene only (HispS)	56.6
GCA_043170745.1	Blastomyces dermatitidis	yes	JAVKUP010000076.1	65858	67108	1250	1	HispS	4	single gene only (HispS)	63.9
GCA_043170745.1	Blastomyces dermatitidis	yes	JAVKUP010000023.1	179228	179857	629	1	HispS	4	single gene only (HispS)	49.7
GCA_043170745.1	Blastomyces dermatitidis	yes	JAVKUP010000001.1	66910	67785	875	1	HispS	4	single gene only (HispS)	52.8
GCA_043170745.1	Blastomyces dermatitidis	yes	JAVKUP010000100.1	61366	71720	10354	2	HispS,Luz	3	two of four in window	113.0
GCA_043170745.1	Blastomyces dermatitidis	yes	JAVKUP010000297.1	9390	10163	773	1	HispS	4	single gene only (HispS)	45.4
GCA_043170745.1	Blastomyces dermatitidis	yes	JAVKUP010000021.1	16915	17334	419	1	HispS	4	single gene only (HispS)	47.4
GCA_043170745.1	Blastomyces dermatitidis	yes	JAVKUP010000109.1	24564	24842	278	1	HispS	4	single gene only (HispS)	47.0
GCA_043170745.1	Blastomyces dermatitidis	yes	JAVKUP010000443.1	19421	26113	6692	2	HispS,H3H	3	two of four in window	55.5
GCA_043170745.1	Blastomyces dermatitidis	yes	JAVKUP010000376.1	35773	36850	1077	1	H3H	4	single gene only (H3H)	96.3
GCA_043170745.1	Blastomyces dermatitidis	yes	JAVKUP010000651.1	12446	13639	1193	1	H3H	4	single gene only (H3H)	100.0
GCA_043170745.1	Blastomyces dermatitidis	yes	JAVKUP010000024.1	53621	54283	662	1	H3H	4	single gene only (H3H)	66.6
GCA_043170745.1	Blastomyces dermatitidis	yes	JAVKUP010000102.1	45816	46948	1132	1	H3H	4	single gene only (H3H)	60.5
GCA_043170745.1	Blastomyces dermatitidis	yes	JAVKUP010000007.1	180052	180576	524	1	H3H	4	single gene only (H3H)	51.2
GCA_043170745.1	Blastomyces dermatitidis	yes	JAVKUP010000046.1	97820	98765	945	1	H3H	4	single gene only (H3H)	45.4
GCA_043170745.1	Blastomyces dermatitidis	yes	JAVKUP010000222.1	4718	4951	233	1	H3H	4	single gene only (H3H)	46.6
GCA_043170745.1	Blastomyces dermatitidis	yes	JAVKUP010000269.1	8396	9370	974	1	H3H	4	single gene only (H3H)	45.8
GCA_043170745.1	Blastomyces dermatitidis	yes	JAVKUP010000080.1	114401	115345	944	1	CPH	4	single gene only (CPH)	193.0
GCA_043170745.1	Blastomyces dermatitidis	yes	JAVKUP010000003.1	174637	175308	671	1	CPH	4	single gene only (CPH)	77.8
GCA_000143535.4	Botrytis cinerea	yes	CP009809.1	1276908	1278409	1501	1	H3H	4	single gene only (H3H)	95.1
GCA_000143535.4	Botrytis cinerea	yes	CP009809.1	2131252	2133831	2579	1	HispS	4	single gene only (HispS)	323.0
GCA_000143535.4	Botrytis cinerea	yes	CP009809.1	2867815	2934663	66848	2	HispS,H3H	3	two of four in window	125.0
GCA_000143535.4	Botrytis cinerea	yes	CP009815.1	485413	486489	1076	1	HispS	4	single gene only (HispS)	63.9
GCA_000143535.4	Botrytis cinerea	yes	CP009815.1	924655	927468	2813	1	HispS	4	single gene only (HispS)	320.0
GCA_000143535.4	Botrytis cinerea	yes	CP009815.1	1685565	1686368	803	1	Luz	4	single gene only (Luz)	105.0
GCA_000143535.4	Botrytis cinerea	yes	CP009806.1	49463	151532	102069	1	H3H	4	single gene only (H3H)	70.1
GCA_000143535.4	Botrytis cinerea	yes	CP009806.1	656994	659588	2594	1	HispS	4	single gene only (HispS)	312.0
GCA_000143535.4	Botrytis cinerea	yes	CP009806.1	870329	870760	431	1	HispS	4	single gene only (HispS)	48.1
GCA_000143535.4	Botrytis cinerea	yes	CP009806.1	3116795	3151526	34731	1	HispS	4	single gene only (HispS)	313.0
GCA_000143535.4	Botrytis cinerea	yes	CP009805.1	15924	52686	36762	1	HispS	4	single gene only (HispS)	187.0
GCA_000143535.4	Botrytis cinerea	yes	CP009805.1	587004	587426	422	1	H3H	4	single gene only (H3H)	48.1
GCA_000143535.4	Botrytis cinerea	yes	CP009805.1	1936857	1937526	669	1	CPH	4	single gene only (CPH)	66.6
GCA_000143535.4	Botrytis cinerea	yes	CP009805.1	2086044	2087086	1042	1	CPH	4	single gene only (CPH)	174.0
GCA_000143535.4	Botrytis cinerea	yes	CP009805.1	2994246	2995618	1372	1	H3H	4	single gene only (H3H)	99.8
GCA_000143535.4	Botrytis cinerea	yes	CP009805.1	3571590	3572087	497	1	HispS	4	single gene only (HispS)	60.1
GCA_000143535.4	Botrytis cinerea	yes	CP009805.1	4061101	4064173	3072	1	HispS	4	single gene only (HispS)	117.0
GCA_000143535.4	Botrytis cinerea	yes	CP009820.1	745715	752862	7147	2	HispS,H3H	3	two of four in window	301.0
GCA_000143535.4	Botrytis cinerea	yes	CP009820.1	937718	938728	1010	1	HispS	4	single gene only (HispS)	87.8
GCA_000143535.4	Botrytis cinerea	yes	CP009820.1	1852690	1855383	2693	1	HispS	4	single gene only (HispS)	301.0
GCA_000143535.4	Botrytis cinerea	yes	CP009807.1	520559	521680	1121	1	HispS	4	single gene only (HispS)	64.3
GCA_000143535.4	Botrytis cinerea	yes	CP009807.1	669338	672600	3262	1	HispS	4	single gene only (HispS)	177.0
GCA_000143535.4	Botrytis cinerea	yes	CP009807.1	1459461	1462499	3038	1	HispS	4	single gene only (HispS)	172.0
GCA_000143535.4	Botrytis cinerea	yes	CP009807.1	1747301	1748127	826	1	CPH	4	single gene only (CPH)	73.9
GCA_000143535.4	Botrytis cinerea	yes	CP009807.1	2767660	2770314	2654	1	HispS	4	single gene only (HispS)	311.0
GCA_000143535.4	Botrytis cinerea	yes	CP009818.1	238622	241976	3354	1	HispS	4	single gene only (HispS)	82.8
GCA_000143535.4	Botrytis cinerea	yes	CP009818.1	582628	600144	17516	1	HispS	4	single gene only (HispS)	288.0
GCA_000143535.4	Botrytis cinerea	yes	CP009818.1	2134460	2135674	1214	1	H3H	4	single gene only (H3H)	48.1
GCA_000143535.4	Botrytis cinerea	yes	CP009812.1	63525	142574	79049	2	HispS,H3H	3	two of four in window	262.0
GCA_000143535.4	Botrytis cinerea	yes	CP009812.1	1160408	1161475	1067	1	H3H	4	single gene only (H3H)	58.2
GCA_000143535.4	Botrytis cinerea	yes	CP009812.1	2279686	2326635	46949	1	H3H	4	single gene only (H3H)	110.0
GCA_000143535.4	Botrytis cinerea	yes	CP009814.1	8961	11753	2792	1	HispS	4	single gene only (HispS)	117.0
GCA_000143535.4	Botrytis cinerea	yes	CP009814.1	1939425	1940315	890	1	H3H	4	single gene only (H3H)	62.8
GCA_000143535.4	Botrytis cinerea	yes	CP009811.1	11603	12406	803	1	H3H	4	single gene only (H3H)	51.6
GCA_000143535.4	Botrytis cinerea	yes	CP009811.1	1061254	1064607	3353	1	HispS	4	single gene only (HispS)	102.0
GCA_000143535.4	Botrytis cinerea	yes	CP009811.1	1497649	1497972	323	1	HispS	4	single gene only (HispS)	45.1
GCA_000143535.4	Botrytis cinerea	yes	CP009808.1	82401	83360	959	1	HispS	4	single gene only (HispS)	58.2
GCA_000143535.4	Botrytis cinerea	yes	CP009808.1	239234	286782	47548	1	HispS	4	single gene only (HispS)	162.0
GCA_000143535.4	Botrytis cinerea	yes	CP009808.1	530741	532201	1460	1	HispS	4	single gene only (HispS)	73.6
GCA_000143535.4	Botrytis cinerea	yes	CP009808.1	1337381	1338061	680	1	H3H	4	single gene only (H3H)	46.6
GCA_000143535.4	Botrytis cinerea	yes	CP009817.1	555117	558173	3056	1	HispS	4	single gene only (HispS)	117.0
GCA_000143535.4	Botrytis cinerea	yes	CP009817.1	701482	702273	791	1	H3H	4	single gene only (H3H)	53.1
GCA_000143535.4	Botrytis cinerea	yes	CP009817.1	1193708	1194731	1023	1	CPH	4	single gene only (CPH)	113.0
GCA_000143535.4	Botrytis cinerea	yes	CP009817.1	1445581	1446885	1304	1	H3H	4	single gene only (H3H)	186.0
GCA_000143535.4	Botrytis cinerea	yes	CP009817.1	1896612	1897402	790	1	Luz	4	single gene only (Luz)	92.0
GCA_000143535.4	Botrytis cinerea	yes	CP009813.1	753977	754696	719	1	HispS	4	single gene only (HispS)	55.1
GCA_000143535.4	Botrytis cinerea	yes	CP009813.1	984934	986355	1421	1	H3H	4	single gene only (H3H)	137.0
GCA_000143535.4	Botrytis cinerea	yes	CP009816.1	837986	839168	1182	1	H3H	4	single gene only (H3H)	51.2
GCA_000143535.4	Botrytis cinerea	yes	CP009816.1	1653640	1716263	62623	2	HispS,H3H	3	two of four in window	118.0
GCA_000143535.4	Botrytis cinerea	yes	CP009816.1	1959348	1960607	1259	1	H3H	4	single gene only (H3H)	165.0
GCA_000143535.4	Botrytis cinerea	yes	CP009819.1	814112	814663	551	1	H3H	4	single gene only (H3H)	43.5
GCA_000143535.4	Botrytis cinerea	yes	CP009819.1	1014223	1014687	464	1	HispS	4	single gene only (HispS)	45.1
GCA_000143535.4	Botrytis cinerea	yes	CP009819.1	1859080	1860227	1147	1	H3H	4	single gene only (H3H)	69.3
GCA_000143535.4	Botrytis cinerea	yes	CP009810.1	1949008	1950211	1203	1	H3H	4	single gene only (H3H)	79.3
GCA_000143535.4	Botrytis cinerea	yes	CP009810.1	2528026	2529628	1602	1	H3H	4	single gene only (H3H)	101.0
GCA_022560135.1	Botrytis cinerea	no	CP080983.1	1266346	1267847	1501	1	H3H	4	single gene only (H3H)	95.1
GCA_022560135.1	Botrytis cinerea	no	CP080983.1	2129678	2132257	2579	1	HispS	4	single gene only (HispS)	323.0
GCA_022560135.1	Botrytis cinerea	no	CP080983.1	2843692	2917172	73480	2	HispS,H3H	3	two of four in window	125.0
GCA_022560135.1	Botrytis cinerea	no	CP080989.1	500785	501780	995	1	HispS	4	single gene only (HispS)	58.9
GCA_022560135.1	Botrytis cinerea	no	CP080989.1	935704	938517	2813	1	HispS	4	single gene only (HispS)	320.0
GCA_022560135.1	Botrytis cinerea	no	CP080989.1	1677760	1678563	803	1	Luz	4	single gene only (Luz)	105.0
GCA_022560135.1	Botrytis cinerea	no	CP080980.1	109263	110462	1199	1	H3H	4	single gene only (H3H)	70.1
GCA_022560135.1	Botrytis cinerea	no	CP080980.1	622813	625407	2594	1	HispS	4	single gene only (HispS)	311.0
GCA_022560135.1	Botrytis cinerea	no	CP080980.1	836077	836508	431	1	HispS	4	single gene only (HispS)	48.1
GCA_022560135.1	Botrytis cinerea	no	CP080980.1	3126426	3161151	34725	1	HispS	4	single gene only (HispS)	313.0
GCA_022560135.1	Botrytis cinerea	no	CP080979.1	17070	47084	30014	1	HispS	4	single gene only (HispS)	192.0
GCA_022560135.1	Botrytis cinerea	no	CP080979.1	617459	617881	422	1	H3H	4	single gene only (H3H)	48.1
GCA_022560135.1	Botrytis cinerea	no	CP080979.1	1921627	1922296	669	1	CPH	4	single gene only (CPH)	66.6
GCA_022560135.1	Botrytis cinerea	no	CP080979.1	2070817	2071859	1042	1	CPH	4	single gene only (CPH)	174.0
GCA_022560135.1	Botrytis cinerea	no	CP080979.1	2973394	2974766	1372	1	H3H	4	single gene only (H3H)	99.8
GCA_022560135.1	Botrytis cinerea	no	CP080979.1	3550596	3551093	497	1	HispS	4	single gene only (HispS)	60.1
GCA_022560135.1	Botrytis cinerea	no	CP080979.1	4046218	4049290	3072	1	HispS	4	single gene only (HispS)	118.0
GCA_022560135.1	Botrytis cinerea	no	CP080994.1	760960	768102	7142	2	HispS,H3H	3	two of four in window	306.0
GCA_022560135.1	Botrytis cinerea	no	CP080994.1	947613	948680	1067	1	HispS	4	single gene only (HispS)	87.4
GCA_022560135.1	Botrytis cinerea	no	CP080994.1	1850747	1853440	2693	1	HispS	4	single gene only (HispS)	301.0
GCA_022560135.1	Botrytis cinerea	no	CP080981.1	530851	531972	1121	1	HispS	4	single gene only (HispS)	64.3
GCA_022560135.1	Botrytis cinerea	no	CP080981.1	716646	719908	3262	1	HispS	4	single gene only (HispS)	177.0
GCA_022560135.1	Botrytis cinerea	no	CP080981.1	1517485	1520211	2726	1	HispS	4	single gene only (HispS)	176.0
GCA_022560135.1	Botrytis cinerea	no	CP080981.1	1805142	1805968	826	1	CPH	4	single gene only (CPH)	73.9
GCA_022560135.1	Botrytis cinerea	no	CP080981.1	2830516	2833170	2654	1	HispS	4	single gene only (HispS)	312.0
GCA_022560135.1	Botrytis cinerea	no	CP080992.1	265606	268962	3356	1	HispS	4	single gene only (HispS)	140.0
GCA_022560135.1	Botrytis cinerea	no	CP080992.1	635365	658455	23090	1	HispS	4	single gene only (HispS)	288.0
GCA_022560135.1	Botrytis cinerea	no	CP080992.1	2206677	2207891	1214	1	H3H	4	single gene only (H3H)	48.1
GCA_022560135.1	Botrytis cinerea	no	CP080986.1	26713	98333	71620	2	HispS,H3H	3	two of four in window	262.0
GCA_022560135.1	Botrytis cinerea	no	CP080986.1	1121952	1123019	1067	1	H3H	4	single gene only (H3H)	58.2
GCA_022560135.1	Botrytis cinerea	no	CP080986.1	2248718	2295644	46926	1	H3H	4	single gene only (H3H)	110.0
GCA_022560135.1	Botrytis cinerea	no	CP080985.1	17387	18190	803	1	H3H	4	single gene only (H3H)	51.6
GCA_022560135.1	Botrytis cinerea	no	CP080985.1	1088549	1091902	3353	1	HispS	4	single gene only (HispS)	102.0
GCA_022560135.1	Botrytis cinerea	no	CP080985.1	1527133	1527456	323	1	HispS	4	single gene only (HispS)	45.1
GCA_022560135.1	Botrytis cinerea	no	CP080988.1	102433	105225	2792	1	HispS	4	single gene only (HispS)	113.0
GCA_022560135.1	Botrytis cinerea	no	CP080988.1	2023180	2024070	890	1	H3H	4	single gene only (H3H)	62.8
GCA_022560135.1	Botrytis cinerea	no	CP080982.1	88546	89505	959	1	HispS	4	single gene only (HispS)	58.5
GCA_022560135.1	Botrytis cinerea	no	CP080982.1	245518	289596	44078	1	HispS	4	single gene only (HispS)	160.0
GCA_022560135.1	Botrytis cinerea	no	CP080982.1	554307	555767	1460	1	HispS	4	single gene only (HispS)	73.6
GCA_022560135.1	Botrytis cinerea	no	CP080982.1	1362814	1363488	674	1	H3H	4	single gene only (H3H)	45.4
GCA_022560135.1	Botrytis cinerea	no	CP080991.1	543323	546379	3056	1	HispS	4	single gene only (HispS)	119.0
GCA_022560135.1	Botrytis cinerea	no	CP080991.1	722153	722944	791	1	H3H	4	single gene only (H3H)	53.1
GCA_022560135.1	Botrytis cinerea	no	CP080991.1	1228044	1229067	1023	1	CPH	4	single gene only (CPH)	113.0
GCA_022560135.1	Botrytis cinerea	no	CP080991.1	1479938	1481242	1304	1	H3H	4	single gene only (H3H)	187.0
GCA_022560135.1	Botrytis cinerea	no	CP080991.1	1893187	1893977	790	1	Luz	4	single gene only (Luz)	92.0
GCA_022560135.1	Botrytis cinerea	no	CP080987.1	867983	868702	719	1	HispS	4	single gene only (HispS)	52.4
GCA_022560135.1	Botrytis cinerea	no	CP080987.1	1092674	1094095	1421	1	H3H	4	single gene only (H3H)	137.0
GCA_022560135.1	Botrytis cinerea	no	CP080990.1	863630	864812	1182	1	H3H	4	single gene only (H3H)	50.8
GCA_022560135.1	Botrytis cinerea	no	CP080990.1	1686385	1749118	62733	2	HispS,H3H	3	two of four in window	118.0
GCA_022560135.1	Botrytis cinerea	no	CP080990.1	1992227	1993486	1259	1	H3H	4	single gene only (H3H)	165.0
GCA_022560135.1	Botrytis cinerea	no	CP080993.1	834050	834601	551	1	H3H	4	single gene only (H3H)	43.1
GCA_022560135.1	Botrytis cinerea	no	CP080993.1	1034109	1034573	464	1	HispS	4	single gene only (HispS)	45.4
GCA_022560135.1	Botrytis cinerea	no	CP080993.1	1893074	1894221	1147	1	H3H	4	single gene only (H3H)	69.3
GCA_022560135.1	Botrytis cinerea	no	CP080984.1	1967593	1968796	1203	1	H3H	4	single gene only (H3H)	79.3
GCA_022560135.1	Botrytis cinerea	no	CP080984.1	2528108	2529710	1602	1	H3H	4	single gene only (H3H)	101.0
GCA_039644125.1	Botrytis cinerea	no	CP080965.1	1269870	1271371	1501	1	H3H	4	single gene only (H3H)	94.7
GCA_039644125.1	Botrytis cinerea	no	CP080965.1	2158997	2161576	2579	1	HispS	4	single gene only (HispS)	324.0
GCA_039644125.1	Botrytis cinerea	no	CP080965.1	2884094	2967808	83714	2	HispS,H3H	3	two of four in window	125.0
GCA_039644125.1	Botrytis cinerea	no	CP080971.1	517230	518306	1076	1	HispS	4	single gene only (HispS)	61.6
GCA_039644125.1	Botrytis cinerea	no	CP080971.1	952347	955160	2813	1	HispS	4	single gene only (HispS)	320.0
GCA_039644125.1	Botrytis cinerea	no	CP080971.1	1701659	1702462	803	1	Luz	4	single gene only (Luz)	105.0
GCA_039644125.1	Botrytis cinerea	no	CP080962.1	96225	168333	72108	1	H3H	4	single gene only (H3H)	70.5
GCA_039644125.1	Botrytis cinerea	no	CP080962.1	696543	699137	2594	1	HispS	4	single gene only (HispS)	312.0
GCA_039644125.1	Botrytis cinerea	no	CP080962.1	911796	912227	431	1	HispS	4	single gene only (HispS)	48.1
GCA_039644125.1	Botrytis cinerea	no	CP080962.1	3194680	3229402	34722	1	HispS	4	single gene only (HispS)	311.0
GCA_039644125.1	Botrytis cinerea	no	CP080961.1	42609	96658	54049	1	HispS	4	single gene only (HispS)	187.0
GCA_039644125.1	Botrytis cinerea	no	CP080961.1	675130	675552	422	1	H3H	4	single gene only (H3H)	48.1
GCA_039644125.1	Botrytis cinerea	no	CP080961.1	2041113	2041782	669	1	CPH	4	single gene only (CPH)	66.6
GCA_039644125.1	Botrytis cinerea	no	CP080961.1	2212703	2213745	1042	1	CPH	4	single gene only (CPH)	174.0
GCA_039644125.1	Botrytis cinerea	no	CP080961.1	3112261	3113633	1372	1	H3H	4	single gene only (H3H)	99.8
GCA_039644125.1	Botrytis cinerea	no	CP080961.1	3689008	3689505	497	1	HispS	4	single gene only (HispS)	60.1
GCA_039644125.1	Botrytis cinerea	no	CP080961.1	4161782	4164854	3072	1	HispS	4	single gene only (HispS)	117.0
GCA_039644125.1	Botrytis cinerea	no	CP080976.1	732214	735555	3341	1	HispS	4	single gene only (HispS)	302.0
GCA_039644125.1	Botrytis cinerea	no	CP080976.1	919029	920096	1067	1	HispS	4	single gene only (HispS)	87.4
GCA_039644125.1	Botrytis cinerea	no	CP080976.1	1843691	1846384	2693	1	HispS	4	single gene only (HispS)	302.0
GCA_039644125.1	Botrytis cinerea	no	CP080963.1	582545	583666	1121	1	HispS	4	single gene only (HispS)	64.3
GCA_039644125.1	Botrytis cinerea	no	CP080963.1	779271	782533	3262	1	HispS	4	single gene only (HispS)	177.0
GCA_039644125.1	Botrytis cinerea	no	CP080963.1	1590345	1593383	3038	1	HispS	4	single gene only (HispS)	176.0
GCA_039644125.1	Botrytis cinerea	no	CP080963.1	1878298	1879124	826	1	CPH	4	single gene only (CPH)	73.9
GCA_039644125.1	Botrytis cinerea	no	CP080963.1	2917619	2920273	2654	1	HispS	4	single gene only (HispS)	312.0
GCA_039644125.1	Botrytis cinerea	no	CP080963.1	3547477	3550269	2792	1	HispS	4	single gene only (HispS)	117.0
GCA_039644125.1	Botrytis cinerea	no	CP080974.1	283101	286460	3359	1	HispS	4	single gene only (HispS)	84.7
GCA_039644125.1	Botrytis cinerea	no	CP080974.1	599660	617174	17514	1	HispS	4	single gene only (HispS)	285.0
GCA_039644125.1	Botrytis cinerea	no	CP080968.1	137848	139025	1177	1	H3H	4	single gene only (H3H)	112.0
GCA_039644125.1	Botrytis cinerea	no	CP080968.1	303568	306231	2663	1	HispS	4	single gene only (HispS)	262.0
GCA_039644125.1	Botrytis cinerea	no	CP080968.1	1398786	1399847	1061	1	H3H	4	single gene only (H3H)	58.9
GCA_039644125.1	Botrytis cinerea	no	CP080968.1	2548310	2594959	46649	1	H3H	4	single gene only (H3H)	110.0
GCA_039644125.1	Botrytis cinerea	no	CP080967.1	32215	33018	803	1	H3H	4	single gene only (H3H)	51.6
GCA_039644125.1	Botrytis cinerea	no	CP080967.1	1078619	1081969	3350	1	HispS	4	single gene only (HispS)	102.0
GCA_039644125.1	Botrytis cinerea	no	CP080967.1	1523129	1523452	323	1	HispS	4	single gene only (HispS)	45.1
GCA_039644125.1	Botrytis cinerea	no	CP080970.1	80463	83492	3029	1	HispS	4	single gene only (HispS)	109.0
GCA_039644125.1	Botrytis cinerea	no	CP080970.1	2075093	2075983	890	1	H3H	4	single gene only (H3H)	60.5
GCA_039644125.1	Botrytis cinerea	no	CP080964.1	85478	86437	959	1	HispS	4	single gene only (HispS)	58.2
GCA_039644125.1	Botrytis cinerea	no	CP080964.1	248242	319791	71549	1	HispS	4	single gene only (HispS)	157.0
GCA_039644125.1	Botrytis cinerea	no	CP080964.1	652025	653485	1460	1	HispS	4	single gene only (HispS)	73.6
GCA_039644125.1	Botrytis cinerea	no	CP080964.1	1463680	1464360	680	1	H3H	4	single gene only (H3H)	46.6
GCA_039644125.1	Botrytis cinerea	no	CP080973.1	551896	554952	3056	1	HispS	4	single gene only (HispS)	117.0
GCA_039644125.1	Botrytis cinerea	no	CP080973.1	711976	712767	791	1	H3H	4	single gene only (H3H)	53.1
GCA_039644125.1	Botrytis cinerea	no	CP080973.1	1198239	1199262	1023	1	CPH	4	single gene only (CPH)	113.0
GCA_039644125.1	Botrytis cinerea	no	CP080973.1	1457201	1458505	1304	1	H3H	4	single gene only (H3H)	186.0
GCA_039644125.1	Botrytis cinerea	no	CP080973.1	1882188	1882978	790	1	Luz	4	single gene only (Luz)	92.0
GCA_039644125.1	Botrytis cinerea	no	CP080969.1	845327	846046	719	1	HispS	4	single gene only (HispS)	53.5
GCA_039644125.1	Botrytis cinerea	no	CP080969.1	1070115	1071536	1421	1	H3H	4	single gene only (H3H)	138.0
GCA_039644125.1	Botrytis cinerea	no	CP080972.1	875723	876713	990	1	H3H	4	single gene only (H3H)	52.0
GCA_039644125.1	Botrytis cinerea	no	CP080972.1	1659780	1722241	62461	2	HispS,H3H	3	two of four in window	118.0
GCA_039644125.1	Botrytis cinerea	no	CP080972.1	2007993	2009252	1259	1	H3H	4	single gene only (H3H)	165.0
GCA_039644125.1	Botrytis cinerea	no	CP080966.1	1980813	1982016	1203	1	H3H	4	single gene only (H3H)	79.3
GCA_039644125.1	Botrytis cinerea	no	CP080966.1	2654206	2655805	1599	1	H3H	4	single gene only (H3H)	101.0
GCA_039644125.1	Botrytis cinerea	no	CP080975.1	809118	809669	551	1	H3H	4	single gene only (H3H)	43.1
GCA_039644125.1	Botrytis cinerea	no	CP080975.1	1870810	1871957	1147	1	H3H	4	single gene only (H3H)	69.3
GCA_041438225.1	Candida albicans	yes	CM084633.1	27034	28230	1196	1	H3H	4	single gene only (H3H)	64.7
GCA_041438225.1	Candida albicans	yes	CM084633.1	600342	600749	407	1	HispS	4	single gene only (HispS)	45.8
GCA_041438225.1	Candida albicans	yes	CM084633.1	1091878	1093098	1220	1	HispS	4	single gene only (HispS)	82.0
GCA_041438225.1	Candida albicans	yes	CM084633.1	1346765	1347175	410	1	HispS	4	single gene only (HispS)	56.2
GCA_041438225.1	Candida albicans	yes	CM084638.1	1195222	1196235	1013	1	HispS	4	single gene only (HispS)	60.5
GCA_041438225.1	Candida albicans	yes	CM084638.1	2235921	2236430	509	1	HispS	4	single gene only (HispS)	51.2
GCA_041438225.1	Candida albicans	yes	CM084635.1	41579	42154	575	1	HispS	4	single gene only (HispS)	43.5
GCA_041438225.1	Candida albicans	yes	CM084632.1	1257103	1257450	347	1	HispS	4	single gene only (HispS)	43.9
GCA_041438225.1	Candida albicans	yes	CM084632.1	1636170	1637081	911	1	CPH	4	single gene only (CPH)	233.0
GCA_041438225.1	Candida albicans	yes	CM084632.1	2160788	2161531	743	1	HispS	4	single gene only (HispS)	43.9
GCA_041438225.1	Candida albicans	yes	CM084631.1	735733	736473	740	1	H3H	4	single gene only (H3H)	42.4
GCA_041438225.1	Candida albicans	yes	CM084631.1	1872866	1873138	272	1	H3H	4	single gene only (H3H)	41.2
GCA_041438225.1	Candida albicans	yes	CM084631.1	3156409	3157047	638	1	CPH	4	single gene only (CPH)	98.2
GCA_032688725.1	Candida albicans	no	CP128826.1	31302	32498	1196	1	H3H	4	single gene only (H3H)	64.7
GCA_032688725.1	Candida albicans	no	CP128826.1	604183	604590	407	1	HispS	4	single gene only (HispS)	46.6
GCA_032688725.1	Candida albicans	no	CP128826.1	1094525	1095745	1220	1	HispS	4	single gene only (HispS)	85.1
GCA_032688725.1	Candida albicans	no	CP128826.1	1349143	1349553	410	1	HispS	4	single gene only (HispS)	56.2
GCA_032688725.1	Candida albicans	no	CP128824.1	1225356	1226369	1013	1	HispS	4	single gene only (HispS)	57.8
GCA_032688725.1	Candida albicans	no	CP128824.1	2255913	2256422	509	1	HispS	4	single gene only (HispS)	51.2
GCA_032688725.1	Candida albicans	no	CP128828.1	37393	37968	575	1	HispS	4	single gene only (HispS)	43.5
GCA_032688725.1	Candida albicans	no	CP128825.1	1645194	1646105	911	1	CPH	4	single gene only (CPH)	232.0
GCA_032688725.1	Candida albicans	no	CP128825.1	2158518	2159261	743	1	HispS	4	single gene only (HispS)	43.9
GCA_032688725.1	Candida albicans	no	CP128823.1	740428	741168	740	1	H3H	4	single gene only (H3H)	42.4
GCA_032688725.1	Candida albicans	no	CP128823.1	1906909	1907181	272	1	H3H	4	single gene only (H3H)	41.2
GCA_032688725.1	Candida albicans	no	CP128823.1	3187429	3187998	569	1	CPH	4	single gene only (CPH)	97.4
GCA_041438215.1	Candida albicans	yes	CM084625.1	25023	26219	1196	1	H3H	4	single gene only (H3H)	64.7
GCA_041438215.1	Candida albicans	yes	CM084625.1	598296	598703	407	1	HispS	4	single gene only (HispS)	46.6
GCA_041438215.1	Candida albicans	yes	CM084625.1	1086867	1088087	1220	1	HispS	4	single gene only (HispS)	80.5
GCA_041438215.1	Candida albicans	yes	CM084625.1	1341509	1341919	410	1	HispS	4	single gene only (HispS)	56.2
GCA_041438215.1	Candida albicans	yes	CM084630.1	1207080	1208093	1013	1	HispS	4	single gene only (HispS)	60.5
GCA_041438215.1	Candida albicans	yes	JBEPJU010000003.1	343787	344296	509	1	HispS	4	single gene only (HispS)	51.2
GCA_041438215.1	Candida albicans	yes	CM084627.1	41582	42157	575	1	HispS	4	single gene only (HispS)	43.5
GCA_041438215.1	Candida albicans	yes	CM084624.1	1256775	1257122	347	1	HispS	4	single gene only (HispS)	43.9
GCA_041438215.1	Candida albicans	yes	CM084624.1	1639881	1640792	911	1	CPH	4	single gene only (CPH)	234.0
GCA_041438215.1	Candida albicans	yes	CM084624.1	2154288	2155031	743	1	HispS	4	single gene only (HispS)	43.9
GCA_041438215.1	Candida albicans	yes	CM084623.1	738069	738809	740	1	H3H	4	single gene only (H3H)	42.4
GCA_041438215.1	Candida albicans	yes	CM084629.1	776043	776315	272	1	H3H	4	single gene only (H3H)	41.2
GCA_041438215.1	Candida albicans	yes	CM084629.1	2068575	2069213	638	1	CPH	4	single gene only (CPH)	98.2
GCA_056320445.1	Chaetomium globosum	yes	JBHFOV010000005.1	192396	195178	2782	1	HispS	4	single gene only (HispS)	168.0
GCA_056320445.1	Chaetomium globosum	yes	JBHFOV010000005.1	1282260	1283114	854	1	HispS	4	single gene only (HispS)	55.5
GCA_056320445.1	Chaetomium globosum	yes	JBHFOV010000005.1	2037436	2040102	2666	1	HispS	4	single gene only (HispS)	313.0
GCA_056320445.1	Chaetomium globosum	yes	JBHFOV010000005.1	2901661	2901978	317	1	H3H	4	single gene only (H3H)	42.0
GCA_056320445.1	Chaetomium globosum	yes	JBHFOV010000005.1	3681429	3684241	2812	1	HispS	4	single gene only (HispS)	179.0
GCA_056320445.1	Chaetomium globosum	yes	JBHFOV010000005.1	3882728	3961786	79058	2	HispS,H3H	3	two of four in window	293.0
GCA_056320445.1	Chaetomium globosum	yes	JBHFOV010000005.1	4121001	4121549	548	1	HispS	4	single gene only (HispS)	45.1
GCA_056320445.1	Chaetomium globosum	yes	JBHFOV010000005.1	4444847	4445542	695	1	H3H	4	single gene only (H3H)	50.4
GCA_056320445.1	Chaetomium globosum	yes	JBHFOV010000001.1	54950	80849	25899	2	H3H,CPH	3	two of four in window	174.0
GCA_056320445.1	Chaetomium globosum	yes	JBHFOV010000001.1	202826	205660	2834	1	HispS	4	single gene only (HispS)	279.0
GCA_056320445.1	Chaetomium globosum	yes	JBHFOV010000001.1	331557	334599	3042	1	HispS	4	single gene only (HispS)	119.0
GCA_056320445.1	Chaetomium globosum	yes	JBHFOV010000001.1	515035	517527	2492	1	HispS	4	single gene only (HispS)	290.0
GCA_056320445.1	Chaetomium globosum	yes	JBHFOV010000001.1	832027	835022	2995	1	HispS	4	single gene only (HispS)	237.0
GCA_056320445.1	Chaetomium globosum	yes	JBHFOV010000001.1	1436363	1439176	2813	1	HispS	4	single gene only (HispS)	318.0
GCA_056320445.1	Chaetomium globosum	yes	JBHFOV010000001.1	3104930	3107828	2898	1	HispS	4	single gene only (HispS)	200.0
GCA_056320445.1	Chaetomium globosum	yes	JBHFOV010000001.1	3222844	3297991	75147	2	HispS,CPH	3	two of four in window	291.0
GCA_056320445.1	Chaetomium globosum	yes	JBHFOV010000001.1	4709755	4711115	1360	1	H3H	4	single gene only (H3H)	69.3
GCA_056320445.1	Chaetomium globosum	yes	JBHFOV010000001.1	4971276	4971893	617	1	Luz	4	single gene only (Luz)	88.6
GCA_056320445.1	Chaetomium globosum	yes	JBHFOV010000001.1	5621391	5621705	314	1	CPH	4	single gene only (CPH)	77.0
GCA_056320445.1	Chaetomium globosum	yes	JBHFOV010000003.1	145996	147125	1129	1	H3H	4	single gene only (H3H)	68.2
GCA_056320445.1	Chaetomium globosum	yes	JBHFOV010000003.1	662553	690390	27837	2	HispS,H3H	3	two of four in window	231.0
GCA_056320445.1	Chaetomium globosum	yes	JBHFOV010000003.1	1086015	1086503	488	1	HispS	4	single gene only (HispS)	47.4
GCA_056320445.1	Chaetomium globosum	yes	JBHFOV010000003.1	2160171	2163565	3394	1	HispS	4	single gene only (HispS)	152.0
GCA_056320445.1	Chaetomium globosum	yes	JBHFOV010000003.1	2351780	2366876	15096	2	HispS,H3H	3	two of four in window	145.0
GCA_056320445.1	Chaetomium globosum	yes	JBHFOV010000003.1	2491725	2518544	26819	2	HispS,H3H	3	two of four in window	265.0
GCA_056320445.1	Chaetomium globosum	yes	JBHFOV010000003.1	2661258	2662689	1431	1	H3H	4	single gene only (H3H)	54.3
GCA_056320445.1	Chaetomium globosum	yes	JBHFOV010000003.1	4653550	4656199	2649	1	HispS	4	single gene only (HispS)	211.0
GCA_056320445.1	Chaetomium globosum	yes	JBHFOV010000003.1	4880274	4881551	1277	1	H3H	4	single gene only (H3H)	110.0
GCA_056320445.1	Chaetomium globosum	yes	JBHFOV010000007.1	627149	630112	2963	1	HispS	4	single gene only (HispS)	284.0
GCA_056320445.1	Chaetomium globosum	yes	JBHFOV010000007.1	795230	798460	3230	1	HispS	4	single gene only (HispS)	273.0
GCA_056320445.1	Chaetomium globosum	yes	JBHFOV010000007.1	1248769	1262323	13554	2	HispS,H3H	3	two of four in window	121.0
GCA_056320445.1	Chaetomium globosum	yes	JBHFOV010000007.1	1424588	1427643	3055	1	HispS	4	single gene only (HispS)	191.0
GCA_056320445.1	Chaetomium globosum	yes	JBHFOV010000007.1	1703136	1887703	184567	1	HispS	4	single gene only (HispS)	243.0
GCA_056320445.1	Chaetomium globosum	yes	JBHFOV010000007.1	2234746	2238871	4125	1	HispS	4	single gene only (HispS)	45.4
GCA_056320445.1	Chaetomium globosum	yes	JBHFOV010000006.1	139441	140826	1385	1	H3H	4	single gene only (H3H)	82.0
GCA_056320445.1	Chaetomium globosum	yes	JBHFOV010000006.1	306546	309843	3297	1	HispS	4	single gene only (HispS)	122.0
GCA_056320445.1	Chaetomium globosum	yes	JBHFOV010000006.1	638430	639839	1409	1	H3H	4	single gene only (H3H)	93.2
GCA_056320445.1	Chaetomium globosum	yes	JBHFOV010000006.1	1247004	1250339	3335	1	HispS	4	single gene only (HispS)	116.0
GCA_056320445.1	Chaetomium globosum	yes	JBHFOV010000006.1	1578675	1579905	1230	1	H3H	4	single gene only (H3H)	86.3
GCA_056320445.1	Chaetomium globosum	yes	JBHFOV010000006.1	1930354	1931493	1139	1	CPH	4	single gene only (CPH)	183.0
GCA_056320445.1	Chaetomium globosum	yes	JBHFOV010000006.1	2185711	2195835	10124	1	HispS	4	single gene only (HispS)	182.0
GCA_056320445.1	Chaetomium globosum	yes	JBHFOV010000006.1	3174146	3174514	368	1	H3H	4	single gene only (H3H)	44.7
GCA_056320445.1	Chaetomium globosum	yes	JBHFOV010000006.1	4327871	4330863	2992	1	HispS	4	single gene only (HispS)	147.0
GCA_056320445.1	Chaetomium globosum	yes	JBHFOV010000004.1	243731	246954	3223	1	HispS	4	single gene only (HispS)	184.0
GCA_056320445.1	Chaetomium globosum	yes	JBHFOV010000004.1	444226	444882	656	1	Luz	4	single gene only (Luz)	57.0
GCA_056320445.1	Chaetomium globosum	yes	JBHFOV010000004.1	1345158	1345850	692	1	HispS	4	single gene only (HispS)	52.4
GCA_056320445.1	Chaetomium globosum	yes	JBHFOV010000004.1	1651808	1652899	1091	1	H3H	4	single gene only (H3H)	50.8
GCA_056320445.1	Chaetomium globosum	yes	JBHFOV010000004.1	3455731	3457269	1538	1	HispS	4	single gene only (HispS)	47.0
GCA_056320445.1	Chaetomium globosum	yes	JBHFOV010000004.1	4049093	4049860	767	1	HispS	4	single gene only (HispS)	45.8
GCA_056320445.1	Chaetomium globosum	yes	JBHFOV010000004.1	4398212	4399060	848	1	HispS	4	single gene only (HispS)	53.5
GCA_056320445.1	Chaetomium globosum	yes	JBHFOV010000004.1	4576942	4664897	87955	1	HispS	4	single gene only (HispS)	172.0
GCA_056320445.1	Chaetomium globosum	yes	JBHFOV010000002.1	581465	629334	47869	2	HispS,H3H	3	two of four in window	183.0
GCA_056320445.1	Chaetomium globosum	yes	JBHFOV010000002.1	1692838	1693164	326	1	HispS	4	single gene only (HispS)	49.7
GCA_056320445.1	Chaetomium globosum	yes	JBHFOV010000002.1	3362406	3363794	1388	1	H3H	4	single gene only (H3H)	100.0
GCA_056320445.1	Chaetomium globosum	yes	JBHFOV010000002.1	4318606	4368947	50341	1	HispS	4	single gene only (HispS)	176.0
GCA_056320445.1	Chaetomium globosum	yes	JBHFOV010000002.1	4696857	4728323	31466	2	HispS,H3H	3	two of four in window	62.0
GCA_056320445.1	Chaetomium globosum	yes	JBHFOV010000008.1	534907	567960	33053	1	HispS	4	single gene only (HispS)	172.0
GCA_000143365.1	Chaetomium globosum	yes	CH408032.1	1159915	1162933	3018	1	HispS	4	single gene only (HispS)	116.0
GCA_000143365.1	Chaetomium globosum	yes	CH408032.1	2306933	2309680	2747	1	HispS	4	single gene only (HispS)	182.0
GCA_000143365.1	Chaetomium globosum	yes	CH408032.1	2570964	2571743	779	1	CPH	4	single gene only (CPH)	171.0
GCA_000143365.1	Chaetomium globosum	yes	CH408032.1	2902442	2903673	1231	1	H3H	4	single gene only (H3H)	91.7
GCA_000143365.1	Chaetomium globosum	yes	CH408032.1	3606521	3607084	563	1	HispS	4	single gene only (HispS)	52.4
GCA_000143365.1	Chaetomium globosum	yes	CH408032.1	4289439	4388870	99431	1	HispS	4	single gene only (HispS)	260.0
GCA_000143365.1	Chaetomium globosum	yes	CH408032.1	4569709	4570812	1103	1	H3H	4	single gene only (H3H)	87.4
GCA_000143365.1	Chaetomium globosum	yes	CH408035.1	15507	23647	8140	1	HispS	4	single gene only (HispS)	191.0
GCA_000143365.1	Chaetomium globosum	yes	CH408035.1	657182	657583	401	1	H3H	4	single gene only (H3H)	44.7
GCA_000143365.1	Chaetomium globosum	yes	CH408035.1	1351495	1371541	20046	2	HispS,H3H	3	two of four in window	108.0
GCA_000143365.1	Chaetomium globosum	yes	CH408035.1	1597474	1600410	2936	1	HispS	4	single gene only (HispS)	328.0
GCA_000143365.1	Chaetomium globosum	yes	CH408035.1	1708376	1731757	23381	1	HispS	4	single gene only (HispS)	248.0
GCA_000143365.1	Chaetomium globosum	yes	CH408035.1	2385075	2385929	854	1	HispS	4	single gene only (HispS)	58.2
GCA_000143365.1	Chaetomium globosum	yes	CH408035.1	3388408	3391433	3025	1	HispS	4	single gene only (HispS)	165.0
GCA_000143365.1	Chaetomium globosum	yes	CH408029.1	43119	160454	117335	3	HispS,H3H,CPH	2	three of four in window	285.0
GCA_000143365.1	Chaetomium globosum	yes	CH408029.1	271484	272999	1515	1	HispS	4	single gene only (HispS)	131.0
GCA_000143365.1	Chaetomium globosum	yes	CH408029.1	418800	419339	539	1	H3H	4	single gene only (H3H)	55.8
GCA_000143365.1	Chaetomium globosum	yes	CH408029.1	745828	747552	1724	1	HispS	4	single gene only (HispS)	228.0
GCA_000143365.1	Chaetomium globosum	yes	CH408029.1	1628286	1631081	2795	1	HispS	4	single gene only (HispS)	331.0
GCA_000143365.1	Chaetomium globosum	yes	CH408029.1	3172289	3174867	2578	1	HispS	4	single gene only (HispS)	186.0
GCA_000143365.1	Chaetomium globosum	yes	CH408029.1	3312817	3313878	1061	1	CPH	4	single gene only (CPH)	139.0
GCA_000143365.1	Chaetomium globosum	yes	CH408029.1	3847106	3849840	2734	1	HispS	4	single gene only (HispS)	156.0
GCA_000143365.1	Chaetomium globosum	yes	CH408029.1	4791232	4792639	1407	1	H3H	4	single gene only (H3H)	70.5
GCA_000143365.1	Chaetomium globosum	yes	CH408029.1	5044127	5044690	563	1	Luz	4	single gene only (Luz)	82.4
GCA_000143365.1	Chaetomium globosum	yes	CH408029.1	5676903	5677475	572	1	CPH	4	single gene only (CPH)	89.0
GCA_000143365.1	Chaetomium globosum	yes	CH408031.1	73432	76119	2687	1	HispS	4	single gene only (HispS)	294.0
GCA_000143365.1	Chaetomium globosum	yes	CH408031.1	279551	283043	3492	1	HispS	4	single gene only (HispS)	119.0
GCA_000143365.1	Chaetomium globosum	yes	CH408031.1	467757	468308	551	1	Luz	4	single gene only (Luz)	53.9
GCA_000143365.1	Chaetomium globosum	yes	CH408031.1	1483549	1484273	724	1	HispS	4	single gene only (HispS)	57.0
GCA_000143365.1	Chaetomium globosum	yes	CH408031.1	1779871	1780995	1124	1	H3H	4	single gene only (H3H)	53.5
GCA_000143365.1	Chaetomium globosum	yes	CH408031.1	2394937	2395671	734	1	H3H	4	single gene only (H3H)	43.5
GCA_000143365.1	Chaetomium globosum	yes	CH408031.1	2832964	2833479	515	1	HispS	4	single gene only (HispS)	48.9
GCA_000143365.1	Chaetomium globosum	yes	CH408031.1	4383512	4384042	530	1	HispS	4	single gene only (HispS)	45.8
GCA_000143365.1	Chaetomium globosum	yes	CH408031.1	4572564	4573754	1190	1	HispS	4	single gene only (HispS)	47.0
GCA_000143365.1	Chaetomium globosum	yes	CH408033.1	41572	46758	5186	1	HispS	4	single gene only (HispS)	142.0
GCA_000143365.1	Chaetomium globosum	yes	CH408033.1	149192	150456	1264	1	H3H	4	single gene only (H3H)	98.2
GCA_000143365.1	Chaetomium globosum	yes	CH408033.1	2461874	2494818	32944	2	HispS,H3H	3	two of four in window	257.0
GCA_000143365.1	Chaetomium globosum	yes	CH408033.1	2606003	2606635	632	1	H3H	4	single gene only (H3H)	50.8
GCA_000143365.1	Chaetomium globosum	yes	CH408033.1	3981717	4009935	28218	1	HispS	4	single gene only (HispS)	186.0
GCA_000143365.1	Chaetomium globosum	yes	CH408030.1	388625	389829	1204	1	H3H	4	single gene only (H3H)	51.2
GCA_000143365.1	Chaetomium globosum	yes	CH408030.1	777017	780219	3202	1	HispS	4	single gene only (HispS)	108.0
GCA_000143365.1	Chaetomium globosum	yes	CH408030.1	1747263	1748423	1160	1	H3H	4	single gene only (H3H)	93.6
GCA_000143365.1	Chaetomium globosum	yes	CH408030.1	3066734	3069879	3145	1	HispS	4	single gene only (HispS)	102.0
GCA_000143365.1	Chaetomium globosum	yes	CH408030.1	4676046	4678866	2820	1	HispS	4	single gene only (HispS)	158.0
GCA_000143365.1	Chaetomium globosum	yes	CH408034.1	621790	626028	4238	1	HispS	4	single gene only (HispS)	52.4
GCA_000143365.1	Chaetomium globosum	yes	CH408034.1	960077	960859	782	1	HispS	4	single gene only (HispS)	54.3
GCA_000143365.1	Chaetomium globosum	yes	CH408034.1	1245435	1248508	3073	1	HispS	4	single gene only (HispS)	100.0
GCA_000143365.1	Chaetomium globosum	yes	CH408034.1	1409047	1425798	16751	2	HispS,H3H	3	two of four in window	105.0
GCA_000143365.1	Chaetomium globosum	yes	CH408034.1	2000590	2001197	607	1	HispS	4	single gene only (HispS)	73.9
GCA_000143365.1	Chaetomium globosum	yes	CH408034.1	2800520	2800945	425	1	HispS	4	single gene only (HispS)	47.0
GCA_000143365.1	Chaetomium globosum	yes	CH408034.1	3729998	3731116	1118	1	H3H	4	single gene only (H3H)	88.6
GCA_000143365.1	Chaetomium globosum	yes	CH408036.1	761820	762659	839	1	H3H	4	single gene only (H3H)	75.1
GCA_023628615.1	Chaetomium globosum	no	JAMAKI010000070.1	67916	72556	4640	1	HispS	4	single gene only (HispS)	395.0
GCA_023628615.1	Chaetomium globosum	no	JAMAKI010000007.1	179562	182357	2795	1	HispS	4	single gene only (HispS)	331.0
GCA_023628615.1	Chaetomium globosum	no	JAMAKI010000188.1	21561	24497	2936	1	HispS	4	single gene only (HispS)	323.0
GCA_023628615.1	Chaetomium globosum	no	JAMAKI010000247.1	23758	26445	2687	1	HispS	4	single gene only (HispS)	296.0
GCA_023628615.1	Chaetomium globosum	no	JAMAKI010000248.1	13421	16288	2867	1	HispS	4	single gene only (HispS)	297.0
GCA_023628615.1	Chaetomium globosum	no	JAMAKI010000137.1	7647	40277	32630	2	HispS,H3H	3	two of four in window	286.0
GCA_023628615.1	Chaetomium globosum	no	JAMAKI010000107.1	53234	76607	23373	1	HispS	4	single gene only (HispS)	261.0
GCA_023628615.1	Chaetomium globosum	no	JAMAKI010000102.1	39587	68500	28913	2	HispS,H3H	3	two of four in window	255.0
GCA_023628615.1	Chaetomium globosum	no	JAMAKI010000057.1	105838	108568	2730	1	HispS	4	single gene only (HispS)	159.0
GCA_023628615.1	Chaetomium globosum	no	JAMAKI010000206.1	26473	29684	3211	1	HispS	4	single gene only (HispS)	234.0
GCA_023628615.1	Chaetomium globosum	no	JAMAKI010000295.1	14756	23384	8628	1	HispS	4	single gene only (HispS)	191.0
GCA_023628615.1	Chaetomium globosum	no	JAMAKI010000182.1	37778	40851	3073	1	HispS	4	single gene only (HispS)	100.0
GCA_023628615.1	Chaetomium globosum	no	JAMAKI010000376.1	6318	9235	2917	1	HispS	4	single gene only (HispS)	153.0
GCA_023628615.1	Chaetomium globosum	no	JAMAKI010000150.1	47295	50784	3489	1	HispS	4	single gene only (HispS)	119.0
GCA_023628615.1	Chaetomium globosum	no	JAMAKI010000101.1	87765	91104	3339	1	HispS	4	single gene only (HispS)	186.0
GCA_023628615.1	Chaetomium globosum	no	JAMAKI010000140.1	27771	47811	20040	2	HispS,H3H	3	two of four in window	109.0
GCA_023628615.1	Chaetomium globosum	no	JAMAKI010000112.1	48649	51215	2566	1	HispS	4	single gene only (HispS)	181.0
GCA_023628615.1	Chaetomium globosum	no	JAMAKI010000108.1	69345	72092	2747	1	HispS	4	single gene only (HispS)	182.0
GCA_023628615.1	Chaetomium globosum	no	JAMAKI010000103.1	66918	70056	3138	1	HispS	4	single gene only (HispS)	132.0
GCA_023628615.1	Chaetomium globosum	no	JAMAKI010000203.1	37170	40195	3025	1	HispS	4	single gene only (HispS)	165.0
GCA_023628615.1	Chaetomium globosum	no	JAMAKI010000092.1	15580	18725	3145	1	HispS	4	single gene only (HispS)	104.0
GCA_023628615.1	Chaetomium globosum	no	JAMAKI010000242.1	25370	28572	3202	1	HispS	4	single gene only (HispS)	107.0
GCA_023628615.1	Chaetomium globosum	no	JAMAKI010000185.1	18938	22164	3226	1	HispS	4	single gene only (HispS)	157.0
GCA_023628615.1	Chaetomium globosum	no	JAMAKI010000338.1	5351	8369	3018	1	HispS	4	single gene only (HispS)	113.0
GCA_023628615.1	Chaetomium globosum	no	JAMAKI010000255.1	9356	12229	2873	1	HispS	4	single gene only (HispS)	122.0
GCA_023628615.1	Chaetomium globosum	no	JAMAKI010000043.1	147805	148412	607	1	HispS	4	single gene only (HispS)	73.6
GCA_023628615.1	Chaetomium globosum	no	JAMAKI010000006.1	53874	54788	914	1	HispS	4	single gene only (HispS)	64.3
GCA_023628615.1	Chaetomium globosum	no	JAMAKI010000063.1	113746	114789	1043	1	HispS	4	single gene only (HispS)	56.2
GCA_023628615.1	Chaetomium globosum	no	JAMAKI010000184.1	49772	50626	854	1	HispS	4	single gene only (HispS)	58.2
GCA_023628615.1	Chaetomium globosum	no	JAMAKI010000087.1	101512	102042	530	1	HispS	4	single gene only (HispS)	45.8
GCA_023628615.1	Chaetomium globosum	no	JAMAKI010000082.1	84261	97842	13581	1	HispS	4	single gene only (HispS)	50.4
GCA_023628615.1	Chaetomium globosum	no	JAMAKI010000029.1	168676	169239	563	1	HispS	4	single gene only (HispS)	52.0
GCA_023628615.1	Chaetomium globosum	no	JAMAKI010000039.1	161558	161983	425	1	HispS	4	single gene only (HispS)	47.0
GCA_023628615.1	Chaetomium globosum	no	JAMAKI010000054.1	84202	84717	515	1	HispS	4	single gene only (HispS)	48.9
GCA_023628615.1	Chaetomium globosum	no	JAMAKI010000076.1	82848	96158	13310	1	HispS	4	single gene only (HispS)	48.5
GCA_023628615.1	Chaetomium globosum	no	JAMAKI010000298.1	4431	5693	1262	1	H3H	4	single gene only (H3H)	112.0
GCA_023628615.1	Chaetomium globosum	no	JAMAKI010000136.1	59163	60377	1214	1	H3H	4	single gene only (H3H)	106.0
GCA_023628615.1	Chaetomium globosum	no	JAMAKI010000130.1	70730	72184	1454	1	H3H	4	single gene only (H3H)	101.0
GCA_023628615.1	Chaetomium globosum	no	JAMAKI010000143.1	67345	69070	1725	1	H3H	4	single gene only (H3H)	94.4
GCA_023628615.1	Chaetomium globosum	no	JAMAKI010000067.1	122920	124151	1231	1	H3H	4	single gene only (H3H)	91.7
GCA_023628615.1	Chaetomium globosum	no	JAMAKI010000172.1	29374	30561	1187	1	H3H	4	single gene only (H3H)	89.7
GCA_023628615.1	Chaetomium globosum	no	JAMAKI010000119.1	65616	66719	1103	1	H3H	4	single gene only (H3H)	87.4
GCA_023628615.1	Chaetomium globosum	no	JAMAKI010000002.1	281873	282436	563	1	Luz	4	single gene only (Luz)	82.4
GCA_023628615.1	Chaetomium globosum	no	JAMAKI010000002.1	534611	536018	1407	1	H3H	4	single gene only (H3H)	70.5
GCA_023628615.1	Chaetomium globosum	no	JAMAKI010000336.1	14549	15967	1418	1	H3H	4	single gene only (H3H)	75.1
GCA_023628615.1	Chaetomium globosum	no	JAMAKI010000275.1	8372	9004	632	1	H3H	4	single gene only (H3H)	52.8
GCA_023628615.1	Chaetomium globosum	no	JAMAKI010000309.1	13708	14706	998	1	H3H	4	single gene only (H3H)	53.5
GCA_023628615.1	Chaetomium globosum	no	JAMAKI010000329.1	2838	3239	401	1	H3H	4	single gene only (H3H)	44.7
GCA_023628615.1	Chaetomium globosum	no	JAMAKI010000062.1	129018	129713	695	1	H3H	4	single gene only (H3H)	49.7
GCA_023628615.1	Chaetomium globosum	no	JAMAKI010000475.1	2291	3034	743	1	H3H	4	single gene only (H3H)	43.5
GCA_023628615.1	Chaetomium globosum	no	JAMAKI010000369.1	13918	15122	1204	1	H3H	4	single gene only (H3H)	51.2
GCA_023628615.1	Chaetomium globosum	no	JAMAKI010000009.1	249180	250139	959	1	H3H	4	single gene only (H3H)	48.9
GCA_023628615.1	Chaetomium globosum	no	JAMAKI010000434.1	16162	17067	905	1	CPH	4	single gene only (CPH)	199.0
GCA_023628615.1	Chaetomium globosum	no	JAMAKI010000018.1	173791	174856	1065	1	CPH	4	single gene only (CPH)	171.0
GCA_023628615.1	Chaetomium globosum	no	JAMAKI010000027.1	102068	103132	1064	1	CPH	4	single gene only (CPH)	143.0
GCA_023628615.1	Chaetomium globosum	no	JAMAKI010000055.1	9354	9926	572	1	CPH	4	single gene only (CPH)	89.0
GCA_023628615.1	Chaetomium globosum	no	JAMAKI010000577.1	1553	1855	302	1	Luz	4	single gene only (Luz)	53.9
GCA_000149335.2	Coccidioides immitis	yes	GG704913.1	956596	979164	22568	1	HispS	4	single gene only (HispS)	310.0
GCA_000149335.2	Coccidioides immitis	yes	GG704913.1	2463326	2463649	323	1	H3H	4	single gene only (H3H)	47.0
GCA_000149335.2	Coccidioides immitis	yes	GG704913.1	3583109	3583831	722	1	CPH	4	single gene only (CPH)	72.8
GCA_000149335.2	Coccidioides immitis	yes	GG704914.1	486752	488048	1296	1	H3H	4	single gene only (H3H)	52.8
GCA_000149335.2	Coccidioides immitis	yes	GG704914.1	1174026	1181338	7312	1	HispS	4	single gene only (HispS)	261.0
GCA_000149335.2	Coccidioides immitis	yes	GG704914.1	1651518	1652329	811	1	CPH	4	single gene only (CPH)	107.0
GCA_000149335.2	Coccidioides immitis	yes	GG704914.1	3676747	3687159	10412	2	HispS,H3H	3	two of four in window	236.0
GCA_000149335.2	Coccidioides immitis	yes	GG704912.1	320692	321999	1307	1	HispS	4	single gene only (HispS)	47.8
GCA_000149335.2	Coccidioides immitis	yes	GG704912.1	2267217	2267942	725	1	HispS	4	single gene only (HispS)	56.2
GCA_000149335.2	Coccidioides immitis	yes	GG704912.1	3102377	3105266	2889	1	HispS	4	single gene only (HispS)	196.0
GCA_000149335.2	Coccidioides immitis	yes	GG704912.1	3433418	3434727	1309	1	H3H	4	single gene only (H3H)	76.6
GCA_000149335.2	Coccidioides immitis	yes	GG704912.1	4052336	4053043	707	1	Luz	4	single gene only (Luz)	99.8
GCA_000149335.2	Coccidioides immitis	yes	GG704912.1	4245555	4251929	6374	2	HispS,H3H	3	two of four in window	255.0
GCA_000149335.2	Coccidioides immitis	yes	GG704912.1	4581706	4582685	979	1	H3H	4	single gene only (H3H)	95.9
GCA_000149335.2	Coccidioides immitis	yes	GG704912.1	4914671	4984525	69854	2	H3H,CPH	3	two of four in window	223.0
GCA_000149335.2	Coccidioides immitis	yes	GG704915.1	3358832	3361552	2720	1	HispS	4	single gene only (HispS)	238.0
GCA_000149335.2	Coccidioides immitis	yes	GG704916.1	250191	253297	3106	1	HispS	4	single gene only (HispS)	146.0
GCA_000149335.2	Coccidioides immitis	yes	GG704916.1	617405	636318	18913	1	HispS	4	single gene only (HispS)	218.0
GCA_000149335.2	Coccidioides immitis	yes	GG704916.1	1762654	1763046	392	1	HispS	4	single gene only (HispS)	58.5
GCA_000149335.2	Coccidioides immitis	yes	GG704916.1	3006790	3007068	278	1	HispS	4	single gene only (HispS)	45.8
GCA_000149335.2	Coccidioides immitis	yes	GG704911.1	1917554	1920804	3250	1	HispS	4	single gene only (HispS)	166.0
GCA_000149335.2	Coccidioides immitis	yes	GG704911.1	2049890	2051089	1199	1	H3H	4	single gene only (H3H)	93.6
GCA_000149335.2	Coccidioides immitis	yes	GG704911.1	3555709	3632108	76399	2	HispS,H3H	3	two of four in window	58.9
GCA_000149335.2	Coccidioides immitis	yes	GG704911.1	4663765	4699669	35904	2	HispS,H3H	3	two of four in window	45.8
GCA_000149335.2	Coccidioides immitis	yes	GG704911.1	5990766	5994772	4006	1	HispS	4	single gene only (HispS)	47.8
GCA_000149335.2	Coccidioides immitis	yes	GG704911.1	6442069	6442644	575	1	HispS	4	single gene only (HispS)	53.9
GCA_004115165.2	Coccidioides immitis	yes	RHJW02000002.1	258882	260189	1307	1	HispS	4	single gene only (HispS)	47.8
GCA_004115165.2	Coccidioides immitis	yes	RHJW02000002.1	2045931	2046656	725	1	HispS	4	single gene only (HispS)	56.2
GCA_004115165.2	Coccidioides immitis	yes	RHJW02000002.1	2864826	2867715	2889	1	HispS	4	single gene only (HispS)	196.0
GCA_004115165.2	Coccidioides immitis	yes	RHJW02000002.1	3204251	3205560	1309	1	H3H	4	single gene only (H3H)	76.6
GCA_004115165.2	Coccidioides immitis	yes	RHJW02000002.1	3851857	3852564	707	1	Luz	4	single gene only (Luz)	99.4
GCA_004115165.2	Coccidioides immitis	yes	RHJW02000002.1	4043854	4050458	6604	2	HispS,H3H	3	two of four in window	266.0
GCA_004115165.2	Coccidioides immitis	yes	RHJW02000002.1	4374814	4375793	979	1	H3H	4	single gene only (H3H)	95.9
GCA_004115165.2	Coccidioides immitis	yes	RHJW02000002.1	4721566	4791455	69889	2	H3H,CPH	3	two of four in window	223.0
GCA_004115165.2	Coccidioides immitis	yes	RHJW02000003.1	876891	894182	17291	1	HispS	4	single gene only (HispS)	310.0
GCA_004115165.2	Coccidioides immitis	yes	RHJW02000003.1	1979426	1979749	323	1	H3H	4	single gene only (H3H)	47.0
GCA_004115165.2	Coccidioides immitis	yes	RHJW02000003.1	3189965	3190687	722	1	CPH	4	single gene only (CPH)	72.8
GCA_004115165.2	Coccidioides immitis	yes	RHJW02000004.1	469503	470799	1296	1	H3H	4	single gene only (H3H)	52.8
GCA_004115165.2	Coccidioides immitis	yes	RHJW02000004.1	1098276	1105588	7312	1	HispS	4	single gene only (HispS)	261.0
GCA_004115165.2	Coccidioides immitis	yes	RHJW02000004.1	1544711	1545522	811	1	CPH	4	single gene only (CPH)	107.0
GCA_004115165.2	Coccidioides immitis	yes	RHJW02000004.1	3393892	3404309	10417	2	HispS,H3H	3	two of four in window	237.0
GCA_004115165.2	Coccidioides immitis	yes	RHJW02000005.1	3247837	3250629	2792	1	HispS	4	single gene only (HispS)	251.0
GCA_004115165.2	Coccidioides immitis	yes	RHJW02000006.1	220735	223841	3106	1	HispS	4	single gene only (HispS)	146.0
GCA_004115165.2	Coccidioides immitis	yes	RHJW02000006.1	592906	611819	18913	1	HispS	4	single gene only (HispS)	218.0
GCA_004115165.2	Coccidioides immitis	yes	RHJW02000006.1	1599617	1600075	458	1	HispS	4	single gene only (HispS)	58.5
GCA_004115165.2	Coccidioides immitis	yes	RHJW02000006.1	2873635	2873913	278	1	HispS	4	single gene only (HispS)	45.8
GCA_004115165.2	Coccidioides immitis	yes	RHJW02000001.1	1568321	1571424	3103	1	HispS	4	single gene only (HispS)	166.0
GCA_004115165.2	Coccidioides immitis	yes	RHJW02000001.1	1701271	1702470	1199	1	H3H	4	single gene only (H3H)	93.6
GCA_004115165.2	Coccidioides immitis	yes	RHJW02000001.1	3328988	3406249	77261	2	HispS,H3H	3	two of four in window	58.9
GCA_004115165.2	Coccidioides immitis	yes	RHJW02000001.1	4426496	4462484	35988	2	HispS,H3H	3	two of four in window	45.8
GCA_004115165.2	Coccidioides immitis	yes	RHJW02000001.1	5761341	5765347	4006	1	HispS	4	single gene only (HispS)	48.1
GCA_004115165.2	Coccidioides immitis	yes	RHJW02000001.1	6181989	6182564	575	1	HispS	4	single gene only (HispS)	53.9
GCA_000149895.1	Coccidioides immitis	yes	DS028094.1	325517	326824	1307	1	HispS	4	single gene only (HispS)	47.8
GCA_000149895.1	Coccidioides immitis	yes	DS028094.1	2183256	2183981	725	1	HispS	4	single gene only (HispS)	56.2
GCA_000149895.1	Coccidioides immitis	yes	DS028094.1	2993148	2996037	2889	1	HispS	4	single gene only (HispS)	194.0
GCA_000149895.1	Coccidioides immitis	yes	DS028094.1	3323689	3324998	1309	1	H3H	4	single gene only (H3H)	76.6
GCA_000149895.1	Coccidioides immitis	yes	DS028094.1	3980071	3980778	707	1	Luz	4	single gene only (Luz)	96.7
GCA_000149895.1	Coccidioides immitis	yes	DS028094.1	4175748	4182341	6593	2	HispS,H3H	3	two of four in window	264.0
GCA_000149895.1	Coccidioides immitis	yes	DS028094.1	4539956	4540935	979	1	H3H	4	single gene only (H3H)	95.9
GCA_000149895.1	Coccidioides immitis	yes	DS028096.1	415568	416290	722	1	CPH	4	single gene only (CPH)	72.8
GCA_000149895.1	Coccidioides immitis	yes	DS028096.1	1570461	1570799	338	1	H3H	4	single gene only (H3H)	47.0
GCA_000149895.1	Coccidioides immitis	yes	DS028096.1	2639720	2657014	17294	1	HispS	4	single gene only (HispS)	310.0
GCA_000149895.1	Coccidioides immitis	yes	DS028095.1	483062	484358	1296	1	H3H	4	single gene only (H3H)	52.8
GCA_000149895.1	Coccidioides immitis	yes	DS028095.1	1163146	1170458	7312	1	HispS	4	single gene only (HispS)	261.0
GCA_000149895.1	Coccidioides immitis	yes	DS028095.1	1634698	1635509	811	1	CPH	4	single gene only (CPH)	107.0
GCA_000149895.1	Coccidioides immitis	yes	DS028095.1	3614698	3625078	10380	2	HispS,H3H	3	two of four in window	263.0
GCA_000149895.1	Coccidioides immitis	yes	DS028105.1	140735	195972	55237	1	HispS	4	single gene only (HispS)	235.0
GCA_000149895.1	Coccidioides immitis	yes	DS028097.1	262023	265129	3106	1	HispS	4	single gene only (HispS)	146.0
GCA_000149895.1	Coccidioides immitis	yes	DS028097.1	628917	647830	18913	1	HispS	4	single gene only (HispS)	218.0
GCA_000149895.1	Coccidioides immitis	yes	DS028097.1	1769387	1769779	392	1	HispS	4	single gene only (HispS)	58.5
GCA_000149895.1	Coccidioides immitis	yes	DS028097.1	3104333	3104611	278	1	HispS	4	single gene only (HispS)	45.8
GCA_000149895.1	Coccidioides immitis	yes	DS028100.1	772114	773313	1199	1	H3H	4	single gene only (H3H)	93.6
GCA_000149895.1	Coccidioides immitis	yes	DS028100.1	902432	905682	3250	1	HispS	4	single gene only (HispS)	166.0
GCA_000149895.1	Coccidioides immitis	yes	DS028093.1	2092483	2093058	575	1	HispS	4	single gene only (HispS)	53.9
GCA_000149895.1	Coccidioides immitis	yes	DS028093.1	2527229	2531235	4006	1	HispS	4	single gene only (HispS)	47.8
GCA_000149895.1	Coccidioides immitis	yes	DS028093.1	3794579	3830490	35911	2	HispS,H3H	3	two of four in window	45.8
GCA_000149895.1	Coccidioides immitis	yes	DS028093.1	4871925	4943770	71845	2	HispS,H3H	3	two of four in window	51.2
GCA_000149895.1	Coccidioides immitis	yes	DS028111.1	668	4226	3558	1	HispS	4	single gene only (HispS)	53.9
GCA_000149895.1	Coccidioides immitis	yes	DS028103.1	189789	267606	77817	2	H3H,CPH	3	two of four in window	223.0
GCA_029226625.1	Colletotrichum graminicola	yes	CP117789.1	38243	41373	3130	1	HispS	4	single gene only (HispS)	233.0
GCA_029226625.1	Colletotrichum graminicola	yes	CP117789.1	463018	463743	725	1	HispS	4	single gene only (HispS)	50.8
GCA_029226625.1	Colletotrichum graminicola	yes	CP117789.1	1045821	1115604	69783	2	HispS,H3H	3	two of four in window	256.0
GCA_029226625.1	Colletotrichum graminicola	yes	CP117789.1	1917823	1920606	2783	1	HispS	4	single gene only (HispS)	327.0
GCA_029226625.1	Colletotrichum graminicola	yes	CP117789.1	3040567	3043291	2724	1	HispS	4	single gene only (HispS)	173.0
GCA_029226625.1	Colletotrichum graminicola	yes	CP117789.1	3403641	3404669	1028	1	HispS	4	single gene only (HispS)	60.8
GCA_029226625.1	Colletotrichum graminicola	yes	CP117789.1	3630837	3654489	23652	1	HispS	4	single gene only (HispS)	271.0
GCA_029226625.1	Colletotrichum graminicola	yes	CP117789.1	4303564	4311938	8374	1	HispS	4	single gene only (HispS)	241.0
GCA_029226625.1	Colletotrichum graminicola	yes	CP117789.1	4505232	4586087	80855	1	HispS	4	single gene only (HispS)	159.0
GCA_029226625.1	Colletotrichum graminicola	yes	CP117784.1	92942	107725	14783	1	HispS	4	single gene only (HispS)	317.0
GCA_029226625.1	Colletotrichum graminicola	yes	CP117784.1	234715	281059	46344	2	HispS,H3H	3	two of four in window	284.0
GCA_029226625.1	Colletotrichum graminicola	yes	CP117784.1	2757885	2759169	1284	1	H3H	4	single gene only (H3H)	81.3
GCA_029226625.1	Colletotrichum graminicola	yes	CP117784.1	3714653	3715979	1326	1	H3H	4	single gene only (H3H)	89.0
GCA_029226625.1	Colletotrichum graminicola	yes	CP117784.1	6248988	6250037	1049	1	H3H	4	single gene only (H3H)	116.0
GCA_029226625.1	Colletotrichum graminicola	yes	CP117784.1	7185992	7189315	3323	1	HispS	4	single gene only (HispS)	283.0
GCA_029226625.1	Colletotrichum graminicola	yes	CP117784.1	7454113	7483057	28944	2	HispS,H3H	3	two of four in window	167.0
GCA_029226625.1	Colletotrichum graminicola	yes	CP117791.1	301372	304260	2888	1	HispS	4	single gene only (HispS)	303.0
GCA_029226625.1	Colletotrichum graminicola	yes	CP117791.1	2186144	2187142	998	1	H3H	4	single gene only (H3H)	53.5
GCA_029226625.1	Colletotrichum graminicola	yes	CP117791.1	2340243	2387736	47493	2	H3H,CPH	3	two of four in window	89.0
GCA_029226625.1	Colletotrichum graminicola	yes	CP117791.1	2506618	2507977	1359	1	H3H	4	single gene only (H3H)	53.9
GCA_029226625.1	Colletotrichum graminicola	yes	CP117791.1	2827650	2830378	2728	1	HispS	4	single gene only (HispS)	231.0
GCA_029226625.1	Colletotrichum graminicola	yes	CP117787.1	738498	741411	2913	1	HispS	4	single gene only (HispS)	259.0
GCA_029226625.1	Colletotrichum graminicola	yes	CP117787.1	1190313	1193009	2696	1	HispS	4	single gene only (HispS)	264.0
GCA_029226625.1	Colletotrichum graminicola	yes	CP117787.1	2056293	2059291	2998	1	HispS	4	single gene only (HispS)	95.1
GCA_029226625.1	Colletotrichum graminicola	yes	CP117787.1	3452718	3455386	2668	1	HispS	4	single gene only (HispS)	192.0
GCA_029226625.1	Colletotrichum graminicola	yes	CP117787.1	4812978	4816813	3835	2	H3H,CPH	3	two of four in window	68.9
GCA_029226625.1	Colletotrichum graminicola	yes	CP117786.1	492096	494930	2834	1	HispS	4	single gene only (HispS)	291.0
GCA_029226625.1	Colletotrichum graminicola	yes	CP117786.1	661847	680608	18761	1	HispS	4	single gene only (HispS)	62.0
GCA_029226625.1	Colletotrichum graminicola	yes	CP117786.1	1248928	1270195	21267	2	H3H,Luz	3	two of four in window	75.1
GCA_029226625.1	Colletotrichum graminicola	yes	CP117786.1	2509805	2512363	2558	1	HispS	4	single gene only (HispS)	102.0
GCA_029226625.1	Colletotrichum graminicola	yes	CP117786.1	2680372	2683546	3174	1	HispS	4	single gene only (HispS)	92.4
GCA_029226625.1	Colletotrichum graminicola	yes	CP117786.1	2841246	2843982	2736	1	HispS	4	single gene only (HispS)	199.0
GCA_029226625.1	Colletotrichum graminicola	yes	CP117786.1	3688891	3690063	1172	1	HispS	4	single gene only (HispS)	82.8
GCA_029226625.1	Colletotrichum graminicola	yes	CP117786.1	4994334	4997126	2792	1	HispS	4	single gene only (HispS)	281.0
GCA_029226625.1	Colletotrichum graminicola	yes	CP117786.1	5518944	5519747	803	1	H3H	4	single gene only (H3H)	53.5
GCA_029226625.1	Colletotrichum graminicola	yes	CP117783.1	1497404	1497619	215	1	H3H	4	single gene only (H3H)	44.7
GCA_029226625.1	Colletotrichum graminicola	yes	CP117783.1	2702686	2703312	626	1	HispS	4	single gene only (HispS)	50.4
GCA_029226625.1	Colletotrichum graminicola	yes	CP117783.1	4072741	4073127	386	1	HispS	4	single gene only (HispS)	60.5
GCA_029226625.1	Colletotrichum graminicola	yes	CP117783.1	4969472	4972415	2943	1	HispS	4	single gene only (HispS)	157.0
GCA_029226625.1	Colletotrichum graminicola	yes	CP117783.1	5141552	5144579	3027	1	HispS	4	single gene only (HispS)	119.0
GCA_029226625.1	Colletotrichum graminicola	yes	CP117783.1	5758615	5762394	3779	1	HispS	4	single gene only (HispS)	53.1
GCA_029226625.1	Colletotrichum graminicola	yes	CP117783.1	6139671	6140492	821	1	H3H	4	single gene only (H3H)	74.7
GCA_029226625.1	Colletotrichum graminicola	yes	CP117783.1	6401636	6402954	1318	1	H3H	4	single gene only (H3H)	90.1
GCA_029226625.1	Colletotrichum graminicola	yes	CP117783.1	6943259	6943927	668	1	HispS	4	single gene only (HispS)	52.8
GCA_029226625.1	Colletotrichum graminicola	yes	CP117792.1	33348	36140	2792	1	HispS	4	single gene only (HispS)	263.0
GCA_029226625.1	Colletotrichum graminicola	yes	CP117792.1	581720	584506	2786	1	HispS	4	single gene only (HispS)	228.0
GCA_029226625.1	Colletotrichum graminicola	yes	CP117792.1	978767	980326	1559	1	H3H	4	single gene only (H3H)	157.0
GCA_029226625.1	Colletotrichum graminicola	yes	CP117792.1	2987212	2997108	9896	2	HispS,H3H	3	two of four in window	245.0
GCA_029226625.1	Colletotrichum graminicola	yes	CP117792.1	3158862	3159548	686	1	H3H	4	single gene only (H3H)	55.1
GCA_029226625.1	Colletotrichum graminicola	yes	CP117788.1	86693	129881	43188	1	HispS	4	single gene only (HispS)	250.0
GCA_029226625.1	Colletotrichum graminicola	yes	CP117788.1	3211736	3212611	875	1	CPH	4	single gene only (CPH)	258.0
GCA_029226625.1	Colletotrichum graminicola	yes	CP117788.1	4662474	4699151	36677	1	HispS	4	single gene only (HispS)	198.0
GCA_029226625.1	Colletotrichum graminicola	yes	CP117790.1	555190	555822	632	1	HispS	4	single gene only (HispS)	49.7
GCA_029226625.1	Colletotrichum graminicola	yes	CP117790.1	787571	790582	3011	1	HispS	4	single gene only (HispS)	178.0
GCA_029226625.1	Colletotrichum graminicola	yes	CP117790.1	1190954	1290210	99256	2	HispS,H3H	3	two of four in window	116.0
GCA_029226625.1	Colletotrichum graminicola	yes	CP117790.1	2456291	2482241	25950	2	H3H,CPH	3	two of four in window	96.3
GCA_029226625.1	Colletotrichum graminicola	yes	CP117785.1	834295	837655	3360	1	HispS	4	single gene only (HispS)	129.0
GCA_029226625.1	Colletotrichum graminicola	yes	CP117785.1	1040722	1041723	1001	1	H3H	4	single gene only (H3H)	57.0
GCA_029226625.1	Colletotrichum graminicola	yes	CP117785.1	3772892	3826889	53997	2	H3H,CPH	3	two of four in window	89.0
GCA_029226625.1	Colletotrichum graminicola	yes	CP117785.1	4502238	4502915	677	1	Luz	4	single gene only (Luz)	84.0
GCA_029226625.1	Colletotrichum graminicola	yes	CP117785.1	4627658	4629203	1545	1	H3H	4	single gene only (H3H)	85.1
GCA_029226625.1	Colletotrichum graminicola	yes	CP117785.1	4869081	4870133	1052	1	CPH	4	single gene only (CPH)	147.0
GCA_029226625.1	Colletotrichum graminicola	yes	CP117785.1	5942178	5943387	1209	1	H3H	4	single gene only (H3H)	93.2
GCA_029226625.1	Colletotrichum graminicola	yes	CP117785.1	6675982	6678739	2757	1	HispS	4	single gene only (HispS)	172.0
GCA_000149035.1	Colletotrichum graminicola	yes	GG697361.1	61727	130257	68530	2	HispS,H3H	3	two of four in window	256.0
GCA_000149035.1	Colletotrichum graminicola	yes	GG697343.1	433549	436332	2783	1	HispS	4	single gene only (HispS)	327.0
GCA_000149035.1	Colletotrichum graminicola	yes	GG697381.1	229669	232397	2728	1	HispS	4	single gene only (HispS)	231.0
GCA_000149035.1	Colletotrichum graminicola	yes	GG697367.1	152928	155816	2888	1	HispS	4	single gene only (HispS)	303.0
GCA_000149035.1	Colletotrichum graminicola	yes	GG697383.1	35333	38246	2913	1	HispS	4	single gene only (HispS)	259.0
GCA_000149035.1	Colletotrichum graminicola	yes	GG697471.1	8910	23384	14474	1	HispS	4	single gene only (HispS)	307.0
GCA_000149035.1	Colletotrichum graminicola	yes	GG697392.1	118032	120866	2834	1	HispS	4	single gene only (HispS)	291.0
GCA_000149035.1	Colletotrichum graminicola	yes	GG697372.1	360321	406665	46344	2	HispS,H3H	3	two of four in window	284.0
GCA_000149035.1	Colletotrichum graminicola	yes	GG697561.1	7115	10438	3323	1	HispS	4	single gene only (HispS)	283.0
GCA_000149035.1	Colletotrichum graminicola	yes	GG697404.1	64939	67731	2792	1	HispS	4	single gene only (HispS)	281.0
GCA_000149035.1	Colletotrichum graminicola	yes	GG697389.1	72299	75326	3027	1	HispS	4	single gene only (HispS)	119.0
GCA_000149035.1	Colletotrichum graminicola	yes	GG697389.1	244967	247910	2943	1	HispS	4	single gene only (HispS)	157.0
GCA_000149035.1	Colletotrichum graminicola	yes	GG697340.1	222818	225542	2724	1	HispS	4	single gene only (HispS)	173.0
GCA_000149035.1	Colletotrichum graminicola	yes	GG697340.1	586621	587652	1031	1	HispS	4	single gene only (HispS)	60.8
GCA_000149035.1	Colletotrichum graminicola	yes	GG697340.1	814493	838145	23652	1	HispS	4	single gene only (HispS)	271.0
GCA_000149035.1	Colletotrichum graminicola	yes	GG697456.1	13796	16588	2792	1	HispS	4	single gene only (HispS)	263.0
GCA_000149035.1	Colletotrichum graminicola	yes	GG697369.1	331628	334364	2736	1	HispS	4	single gene only (HispS)	199.0
GCA_000149035.1	Colletotrichum graminicola	yes	GG697359.1	103915	106611	2696	1	HispS	4	single gene only (HispS)	264.0
GCA_000149035.1	Colletotrichum graminicola	yes	GG697480.1	6314	16210	9896	2	HispS,H3H	3	two of four in window	245.0
GCA_000149035.1	Colletotrichum graminicola	yes	GG697335.1	818788	821456	2668	1	HispS	4	single gene only (HispS)	192.0
GCA_000149035.1	Colletotrichum graminicola	yes	GG697422.1	27562	70750	43188	1	HispS	4	single gene only (HispS)	250.0
GCA_000149035.1	Colletotrichum graminicola	yes	GG697376.1	342313	350685	8372	1	HispS	4	single gene only (HispS)	241.0
GCA_000149035.1	Colletotrichum graminicola	yes	GG697333.1	14039	16825	2786	1	HispS	4	single gene only (HispS)	228.0
GCA_000149035.1	Colletotrichum graminicola	yes	GG697333.1	411054	412613	1559	1	H3H	4	single gene only (H3H)	157.0
GCA_000149035.1	Colletotrichum graminicola	yes	GG697417.1	14685	51175	36490	1	HispS	4	single gene only (HispS)	198.0
GCA_000149035.1	Colletotrichum graminicola	yes	GG697492.1	7922	11052	3130	1	HispS	4	single gene only (HispS)	233.0
GCA_000149035.1	Colletotrichum graminicola	yes	GG697350.1	15389	115051	99662	2	HispS,H3H	3	two of four in window	116.0
GCA_000149035.1	Colletotrichum graminicola	yes	GG697375.1	51954	54965	3011	1	HispS	4	single gene only (HispS)	178.0
GCA_000149035.1	Colletotrichum graminicola	yes	GG697470.1	15723	18480	2757	1	HispS	4	single gene only (HispS)	172.0
GCA_000149035.1	Colletotrichum graminicola	yes	GG697447.1	9465	38409	28944	2	HispS,H3H	3	two of four in window	167.0
GCA_000149035.1	Colletotrichum graminicola	yes	GG697427.1	26950	30150	3200	1	HispS	4	single gene only (HispS)	159.0
GCA_000149035.1	Colletotrichum graminicola	yes	GG697505.1	10387	12945	2558	1	HispS	4	single gene only (HispS)	102.0
GCA_000149035.1	Colletotrichum graminicola	yes	GG697337.1	664901	668261	3360	1	HispS	4	single gene only (HispS)	129.0
GCA_000149035.1	Colletotrichum graminicola	yes	GG697337.1	872435	873436	1001	1	H3H	4	single gene only (H3H)	57.0
GCA_000149035.1	Colletotrichum graminicola	yes	GG697502.1	8713	11887	3174	1	HispS	4	single gene only (HispS)	92.4
GCA_000149035.1	Colletotrichum graminicola	yes	GG697420.1	59807	63355	3548	1	HispS	4	single gene only (HispS)	99.4
GCA_000149035.1	Colletotrichum graminicola	yes	GG697352.1	445302	448300	2998	1	HispS	4	single gene only (HispS)	95.1
GCA_000149035.1	Colletotrichum graminicola	yes	GG697341.1	642701	643873	1172	1	HispS	4	single gene only (HispS)	82.8
GCA_000149035.1	Colletotrichum graminicola	yes	GG697370.1	16281	16667	386	1	HispS	4	single gene only (HispS)	60.5
GCA_000149035.1	Colletotrichum graminicola	yes	GG697366.1	194713	195339	626	1	HispS	4	single gene only (HispS)	50.4
GCA_000149035.1	Colletotrichum graminicola	yes	GG697388.1	28102	28770	668	1	HispS	4	single gene only (HispS)	52.8
GCA_000149035.1	Colletotrichum graminicola	yes	GG697331.1	1192010	1213277	21267	2	H3H,Luz	3	two of four in window	75.1
GCA_000149035.1	Colletotrichum graminicola	yes	GG697331.1	1783478	1802239	18761	1	HispS	4	single gene only (HispS)	62.0
GCA_000149035.1	Colletotrichum graminicola	yes	GG697373.1	334325	334957	632	1	HispS	4	single gene only (HispS)	49.7
GCA_000149035.1	Colletotrichum graminicola	yes	GG697356.1	113533	117312	3779	1	HispS	4	single gene only (HispS)	53.1
GCA_000149035.1	Colletotrichum graminicola	yes	GG697355.1	137117	137842	725	1	HispS	4	single gene only (HispS)	50.8
GCA_000149035.1	Colletotrichum graminicola	yes	GG697334.1	347576	401565	53989	2	H3H,CPH	3	two of four in window	89.0
GCA_000149035.1	Colletotrichum graminicola	yes	GG697334.1	1077757	1078434	677	1	Luz	4	single gene only (Luz)	84.0
GCA_000149035.1	Colletotrichum graminicola	yes	GG697334.1	1203172	1204717	1545	1	H3H	4	single gene only (H3H)	85.1
GCA_000149035.1	Colletotrichum graminicola	yes	GG697411.1	56787	57836	1049	1	H3H	4	single gene only (H3H)	116.0
GCA_000149035.1	Colletotrichum graminicola	yes	GG697384.1	221170	222488	1318	1	H3H	4	single gene only (H3H)	90.1
GCA_000149035.1	Colletotrichum graminicola	yes	GG697338.1	727746	729030	1284	1	H3H	4	single gene only (H3H)	81.3
GCA_000149035.1	Colletotrichum graminicola	yes	GG697398.1	12469	13335	866	1	H3H	4	single gene only (H3H)	93.2
GCA_000149035.1	Colletotrichum graminicola	yes	GG697379.1	119886	167376	47490	2	H3H,CPH	3	two of four in window	89.0
GCA_000149035.1	Colletotrichum graminicola	yes	GG697379.1	286869	288228	1359	1	H3H	4	single gene only (H3H)	53.9
GCA_000149035.1	Colletotrichum graminicola	yes	GG697339.1	1001543	1002869	1326	1	H3H	4	single gene only (H3H)	89.0
GCA_000149035.1	Colletotrichum graminicola	yes	GG697399.1	94682	95503	821	1	H3H	4	single gene only (H3H)	74.7
GCA_000149035.1	Colletotrichum graminicola	yes	GG697364.1	420807	424642	3835	2	H3H,CPH	3	two of four in window	68.9
GCA_000149035.1	Colletotrichum graminicola	yes	GG697351.1	567216	593166	25950	2	H3H,CPH	3	two of four in window	96.3
GCA_000149035.1	Colletotrichum graminicola	yes	GG697421.1	55385	56383	998	1	H3H	4	single gene only (H3H)	53.5
GCA_000149035.1	Colletotrichum graminicola	yes	GG697365.1	265988	266791	803	1	H3H	4	single gene only (H3H)	53.5
GCA_000149035.1	Colletotrichum graminicola	yes	GG697416.1	99915	100601	686	1	H3H	4	single gene only (H3H)	55.1
GCA_000149035.1	Colletotrichum graminicola	yes	GG697401.1	13025	13240	215	1	H3H	4	single gene only (H3H)	44.7
GCA_000149035.1	Colletotrichum graminicola	yes	GG697354.1	264216	265091	875	1	CPH	4	single gene only (CPH)	258.0
GCA_000149035.1	Colletotrichum graminicola	yes	GG697390.1	37648	38700	1052	1	CPH	4	single gene only (CPH)	147.0
GCA_030463195.1	Colletotrichum graminicola	no	JANYMO010000008.1	491327	494110	2783	1	HispS	4	single gene only (HispS)	327.0
GCA_030463195.1	Colletotrichum graminicola	no	JANYMO010000008.1	1350243	1352869	2626	1	HispS	4	single gene only (HispS)	256.0
GCA_030463195.1	Colletotrichum graminicola	no	JANYMO010000008.1	1494988	1495552	564	1	H3H	4	single gene only (H3H)	70.1
GCA_030463195.1	Colletotrichum graminicola	no	JANYMO010000013.1	749122	751850	2728	1	HispS	4	single gene only (HispS)	231.0
GCA_030463195.1	Colletotrichum graminicola	no	JANYMO010000013.1	1041943	1043302	1359	1	H3H	4	single gene only (H3H)	53.9
GCA_030463195.1	Colletotrichum graminicola	no	JANYMO010000013.1	1155680	1203214	47534	2	H3H,CPH	3	two of four in window	87.4
GCA_030463195.1	Colletotrichum graminicola	no	JANYMO010000013.1	1327101	1328099	998	1	H3H	4	single gene only (H3H)	53.5
GCA_030463195.1	Colletotrichum graminicola	no	JANYMO010000031.1	258184	304448	46264	2	HispS,H3H	3	two of four in window	284.0
GCA_030463195.1	Colletotrichum graminicola	no	JANYMO010000031.1	466716	481499	14783	1	HispS	4	single gene only (HispS)	313.0
GCA_030463195.1	Colletotrichum graminicola	no	JANYMO010000027.1	129206	130234	1028	1	HispS	4	single gene only (HispS)	60.8
GCA_030463195.1	Colletotrichum graminicola	no	JANYMO010000027.1	563910	566798	2888	1	HispS	4	single gene only (HispS)	303.0
GCA_030463195.1	Colletotrichum graminicola	no	JANYMO010000006.1	1072669	1075675	3006	1	HispS	4	single gene only (HispS)	95.1
GCA_030463195.1	Colletotrichum graminicola	no	JANYMO010000006.1	1921368	1924064	2696	1	HispS	4	single gene only (HispS)	264.0
GCA_030463195.1	Colletotrichum graminicola	no	JANYMO010000006.1	2372467	2375380	2913	1	HispS	4	single gene only (HispS)	257.0
GCA_030463195.1	Colletotrichum graminicola	no	JANYMO010000025.1	268070	270794	2724	1	HispS	4	single gene only (HispS)	173.0
GCA_030463195.1	Colletotrichum graminicola	no	JANYMO010000007.1	1308538	1318434	9896	2	HispS,H3H	3	two of four in window	244.0
GCA_030463195.1	Colletotrichum graminicola	no	JANYMO010000007.1	1562878	1563510	632	1	HispS	4	single gene only (HispS)	49.7
GCA_030463195.1	Colletotrichum graminicola	no	JANYMO010000007.1	1999198	2002266	3068	1	HispS	4	single gene only (HispS)	289.0
GCA_030463195.1	Colletotrichum graminicola	no	JANYMO010000004.1	85199	88033	2834	1	HispS	4	single gene only (HispS)	286.0
GCA_030463195.1	Colletotrichum graminicola	no	JANYMO010000004.1	260915	279676	18761	1	HispS	4	single gene only (HispS)	62.0
GCA_030463195.1	Colletotrichum graminicola	no	JANYMO010000004.1	832263	853574	21311	2	H3H,Luz	3	two of four in window	74.7
GCA_030463195.1	Colletotrichum graminicola	no	JANYMO010000004.1	2141860	2144418	2558	1	HispS	4	single gene only (HispS)	102.0
GCA_030463195.1	Colletotrichum graminicola	no	JANYMO010000004.1	2273799	2276973	3174	1	HispS	4	single gene only (HispS)	92.4
GCA_030463195.1	Colletotrichum graminicola	no	JANYMO010000004.1	2449388	2452232	2844	1	HispS	4	single gene only (HispS)	199.0
GCA_030463195.1	Colletotrichum graminicola	no	JANYMO010000004.1	3307914	3309086	1172	1	HispS	4	single gene only (HispS)	82.8
GCA_030463195.1	Colletotrichum graminicola	no	JANYMO010000038.1	58714	87659	28945	2	HispS,H3H	3	two of four in window	167.0
GCA_030463195.1	Colletotrichum graminicola	no	JANYMO010000038.1	359263	362586	3323	1	HispS	4	single gene only (HispS)	283.0
GCA_030463195.1	Colletotrichum graminicola	no	JANYMO010000043.1	287773	290565	2792	1	HispS	4	single gene only (HispS)	280.0
GCA_030463195.1	Colletotrichum graminicola	no	JANYMO010000002.1	157519	158145	626	1	HispS	4	single gene only (HispS)	51.6
GCA_030463195.1	Colletotrichum graminicola	no	JANYMO010000002.1	1502975	1503361	386	1	HispS	4	single gene only (HispS)	60.5
GCA_030463195.1	Colletotrichum graminicola	no	JANYMO010000002.1	2422007	2424950	2943	1	HispS	4	single gene only (HispS)	157.0
GCA_030463195.1	Colletotrichum graminicola	no	JANYMO010000002.1	2594134	2596888	2754	1	HispS	4	single gene only (HispS)	120.0
GCA_030463195.1	Colletotrichum graminicola	no	JANYMO010000002.1	3162719	3166498	3779	1	HispS	4	single gene only (HispS)	53.1
GCA_030463195.1	Colletotrichum graminicola	no	JANYMO010000002.1	3584710	3585531	821	1	H3H	4	single gene only (H3H)	74.7
GCA_030463195.1	Colletotrichum graminicola	no	JANYMO010000002.1	4003831	4005149	1318	1	H3H	4	single gene only (H3H)	90.1
GCA_030463195.1	Colletotrichum graminicola	no	JANYMO010000002.1	4718282	4718950	668	1	HispS	4	single gene only (HispS)	52.8
GCA_030463195.1	Colletotrichum graminicola	no	JANYMO010000022.1	107038	130690	23652	1	HispS	4	single gene only (HispS)	270.0
GCA_030463195.1	Colletotrichum graminicola	no	JANYMO010000022.1	899370	910612	11242	1	HispS	4	single gene only (HispS)	241.0
GCA_030463195.1	Colletotrichum graminicola	no	JANYMO010000005.1	336282	339074	2792	1	HispS	4	single gene only (HispS)	264.0
GCA_030463195.1	Colletotrichum graminicola	no	JANYMO010000005.1	2337556	2380739	43183	1	HispS	4	single gene only (HispS)	250.0
GCA_030463195.1	Colletotrichum graminicola	no	JANYMO010000046.1	123495	124181	686	1	H3H	4	single gene only (H3H)	54.3
GCA_030463195.1	Colletotrichum graminicola	no	JANYMO010000046.1	283888	293784	9896	2	HispS,H3H	3	two of four in window	244.0
GCA_030463195.1	Colletotrichum graminicola	no	JANYMO010000011.1	306400	309068	2668	1	HispS	4	single gene only (HispS)	192.0
GCA_030463195.1	Colletotrichum graminicola	no	JANYMO010000021.1	117605	119164	1559	1	H3H	4	single gene only (H3H)	156.0
GCA_030463195.1	Colletotrichum graminicola	no	JANYMO010000021.1	562309	565095	2786	1	HispS	4	single gene only (HispS)	228.0
GCA_030463195.1	Colletotrichum graminicola	no	JANYMO010000028.1	416375	453045	36670	1	HispS	4	single gene only (HispS)	266.0
GCA_030463195.1	Colletotrichum graminicola	no	JANYMO010000052.1	65168	68298	3130	1	HispS	4	single gene only (HispS)	233.0
GCA_030463195.1	Colletotrichum graminicola	no	JANYMO010000017.1	124979	128219	3240	1	HispS	4	single gene only (HispS)	115.0
GCA_030463195.1	Colletotrichum graminicola	no	JANYMO010000032.1	388558	391566	3008	1	HispS	4	single gene only (HispS)	179.0
GCA_030463195.1	Colletotrichum graminicola	no	JANYMO010000036.1	188895	192443	3548	1	HispS	4	single gene only (HispS)	100.0
GCA_030463195.1	Colletotrichum graminicola	no	JANYMO010000036.1	330857	334055	3198	1	HispS	4	single gene only (HispS)	100.0
GCA_030463195.1	Colletotrichum graminicola	no	JANYMO010000003.1	859638	862998	3360	1	HispS	4	single gene only (HispS)	129.0
GCA_030463195.1	Colletotrichum graminicola	no	JANYMO010000003.1	1136288	1137289	1001	1	H3H	4	single gene only (H3H)	57.0
GCA_030463195.1	Colletotrichum graminicola	no	JANYMO010000003.1	2490534	2491827	1293	1	H3H	4	single gene only (H3H)	80.5
GCA_030463195.1	Colletotrichum graminicola	no	JANYMO010000063.1	6206	18329	12123	1	HispS	4	single gene only (HispS)	51.6
GCA_030463195.1	Colletotrichum graminicola	no	JANYMO010000026.1	362912	363637	725	1	HispS	4	single gene only (HispS)	50.4
GCA_030463195.1	Colletotrichum graminicola	no	JANYMO010000001.1	2405179	2459137	53958	2	H3H,CPH	3	two of four in window	89.0
GCA_030463195.1	Colletotrichum graminicola	no	JANYMO010000001.1	3141216	3141893	677	1	Luz	4	single gene only (Luz)	84.0
GCA_030463195.1	Colletotrichum graminicola	no	JANYMO010000001.1	3266641	3268186	1545	1	H3H	4	single gene only (H3H)	85.1
GCA_030463195.1	Colletotrichum graminicola	no	JANYMO010000001.1	3507312	3508364	1052	1	CPH	4	single gene only (CPH)	147.0
GCA_030463195.1	Colletotrichum graminicola	no	JANYMO010000020.1	116709	117758	1049	1	H3H	4	single gene only (H3H)	114.0
GCA_030463195.1	Colletotrichum graminicola	no	JANYMO010000037.1	372028	372735	707	1	H3H	4	single gene only (H3H)	93.2
GCA_030463195.1	Colletotrichum graminicola	no	JANYMO010000012.1	1413677	1415003	1326	1	H3H	4	single gene only (H3H)	89.0
GCA_030463195.1	Colletotrichum graminicola	no	JANYMO010000010.1	112450	138627	26177	2	H3H,CPH	3	two of four in window	96.3
GCA_030463195.1	Colletotrichum graminicola	no	JANYMO010000041.1	297969	301804	3835	2	H3H,CPH	3	two of four in window	68.9
GCA_030463195.1	Colletotrichum graminicola	no	JANYMO010000023.1	717896	718699	803	1	H3H	4	single gene only (H3H)	53.5
GCA_030463195.1	Colletotrichum graminicola	no	JANYMO010000016.1	326100	326315	215	1	H3H	4	single gene only (H3H)	44.7
GCA_030463195.1	Colletotrichum graminicola	no	JANYMO010000019.1	409350	410225	875	1	CPH	4	single gene only (CPH)	258.0
GCA_037213105.1	Fusarium graminearum	yes	CP147678.1	428882	430114	1232	1	H3H	4	single gene only (H3H)	94.0
GCA_037213105.1	Fusarium graminearum	yes	CP147678.1	701122	770669	69547	2	HispS,H3H	3	two of four in window	296.0
GCA_037213105.1	Fusarium graminearum	yes	CP147678.1	2694350	2696531	2181	1	HispS	4	single gene only (HispS)	160.0
GCA_037213105.1	Fusarium graminearum	yes	CP147678.1	3811336	3812163	827	1	HispS	4	single gene only (HispS)	53.9
GCA_037213105.1	Fusarium graminearum	yes	CP147678.1	4655153	4656022	869	1	HispS	4	single gene only (HispS)	51.2
GCA_037213105.1	Fusarium graminearum	yes	CP147678.1	4877228	4938749	61521	1	HispS	4	single gene only (HispS)	144.0
GCA_037213105.1	Fusarium graminearum	yes	CP147678.1	5528991	5576824	47833	2	HispS,CPH	3	two of four in window	134.0
GCA_037213105.1	Fusarium graminearum	yes	CP147678.1	5710706	5711962	1256	1	H3H	4	single gene only (H3H)	66.2
GCA_037213105.1	Fusarium graminearum	yes	CP147678.1	5821103	5904346	83243	1	H3H	4	single gene only (H3H)	157.0
GCA_037213105.1	Fusarium graminearum	yes	CP147678.1	6454405	6518370	63965	2	HispS,CPH	3	two of four in window	194.0
GCA_037213105.1	Fusarium graminearum	yes	CP147678.1	7803445	7804149	704	1	H3H	4	single gene only (H3H)	64.7
GCA_037213105.1	Fusarium graminearum	yes	CP147678.1	8481358	8483988	2630	1	HispS	4	single gene only (HispS)	263.0
GCA_037213105.1	Fusarium graminearum	yes	CP147680.1	2171674	2171988	314	1	CPH	4	single gene only (CPH)	66.6
GCA_037213105.1	Fusarium graminearum	yes	CP147680.1	2788003	2788947	944	1	HispS	4	single gene only (HispS)	81.6
GCA_037213105.1	Fusarium graminearum	yes	CP147680.1	3100039	3101148	1109	1	CPH	4	single gene only (CPH)	99.8
GCA_037213105.1	Fusarium graminearum	yes	CP147680.1	3288234	3289001	767	1	Luz	4	single gene only (Luz)	110.0
GCA_037213105.1	Fusarium graminearum	yes	CP147680.1	3865765	3899993	34228	1	H3H	4	single gene only (H3H)	60.5
GCA_037213105.1	Fusarium graminearum	yes	CP147680.1	4032822	4033877	1055	1	H3H	4	single gene only (H3H)	134.0
GCA_037213105.1	Fusarium graminearum	yes	CP147680.1	4508831	4518487	9656	1	HispS	4	single gene only (HispS)	176.0
GCA_037213105.1	Fusarium graminearum	yes	CP147680.1	6882268	6883299	1031	1	H3H	4	single gene only (H3H)	62.4
GCA_037213105.1	Fusarium graminearum	yes	CP147680.1	7354729	7362541	7812	2	HispS,H3H	3	two of four in window	150.0
GCA_037213105.1	Fusarium graminearum	yes	CP147680.1	7675167	7676324	1157	1	H3H	4	single gene only (H3H)	144.0
GCA_037213105.1	Fusarium graminearum	yes	CP147677.1	200203	247424	47221	1	HispS	4	single gene only (HispS)	59.7
GCA_037213105.1	Fusarium graminearum	yes	CP147677.1	379766	380623	857	1	H3H	4	single gene only (H3H)	83.2
GCA_037213105.1	Fusarium graminearum	yes	CP147677.1	3368739	3369326	587	1	Luz	4	single gene only (Luz)	80.1
GCA_037213105.1	Fusarium graminearum	yes	CP147677.1	4727348	4728532	1184	1	HispS	4	single gene only (HispS)	56.6
GCA_037213105.1	Fusarium graminearum	yes	CP147677.1	5623678	5624175	497	1	HispS	4	single gene only (HispS)	46.6
GCA_037213105.1	Fusarium graminearum	yes	CP147677.1	5909984	5982145	72161	2	HispS,H3H	3	two of four in window	235.0
GCA_037213105.1	Fusarium graminearum	yes	CP147677.1	7493322	7541688	48366	1	HispS	4	single gene only (HispS)	285.0
GCA_037213105.1	Fusarium graminearum	yes	CP147677.1	7725087	7745341	20254	1	HispS	4	single gene only (HispS)	184.0
GCA_037213105.1	Fusarium graminearum	yes	CP147677.1	9364341	9365321	980	1	HispS	4	single gene only (HispS)	68.2
GCA_037213105.1	Fusarium graminearum	yes	CP147677.1	10561542	10565059	3517	1	H3H	4	single gene only (H3H)	95.1
GCA_037213105.1	Fusarium graminearum	yes	CP147677.1	10959360	10972209	12849	1	HispS	4	single gene only (HispS)	127.0
GCA_037213105.1	Fusarium graminearum	yes	CP147677.1	11254152	11291332	37180	1	HispS	4	single gene only (HispS)	160.0
GCA_037213105.1	Fusarium graminearum	yes	CP147677.1	11497639	11667150	169511	3	HispS,H3H,CPH	2	three of four in window	114.0
GCA_037213105.1	Fusarium graminearum	yes	CP147679.1	84688	269795	185107	2	HispS,H3H	3	two of four in window	172.0
GCA_037213105.1	Fusarium graminearum	yes	CP147679.1	399703	402677	2974	2	H3H,CPH	3	two of four in window	194.0
GCA_037213105.1	Fusarium graminearum	yes	CP147679.1	903062	904076	1014	1	H3H	4	single gene only (H3H)	70.1
GCA_037213105.1	Fusarium graminearum	yes	CP147679.1	1167871	1169094	1223	1	H3H	4	single gene only (H3H)	109.0
GCA_037213105.1	Fusarium graminearum	yes	CP147679.1	2177720	2178346	626	1	HispS	4	single gene only (HispS)	47.4
GCA_037213105.1	Fusarium graminearum	yes	CP147679.1	3544801	3547777	2976	1	HispS	4	single gene only (HispS)	114.0
GCA_037213105.1	Fusarium graminearum	yes	CP147679.1	6434822	6461380	26558	1	HispS	4	single gene only (HispS)	48.9
GCA_037213105.1	Fusarium graminearum	yes	CP147679.1	7004156	7044074	39918	3	H3H,Luz,CPH	2	three of four in window	71.6
GCA_037213105.1	Fusarium graminearum	yes	CP147679.1	7619528	7623172	3644	1	HispS	4	single gene only (HispS)	54.7
GCA_037255895.1	Fusarium graminearum	yes	CP147673.1	484722	485951	1229	1	H3H	4	single gene only (H3H)	88.6
GCA_037255895.1	Fusarium graminearum	yes	CP147673.1	751091	807256	56165	2	HispS,H3H	3	two of four in window	48.1
GCA_037255895.1	Fusarium graminearum	yes	CP147673.1	2735478	2737659	2181	1	HispS	4	single gene only (HispS)	160.0
GCA_037255895.1	Fusarium graminearum	yes	CP147673.1	3860935	3861762	827	1	HispS	4	single gene only (HispS)	53.9
GCA_037255895.1	Fusarium graminearum	yes	CP147673.1	4708667	4709536	869	1	HispS	4	single gene only (HispS)	51.6
GCA_037255895.1	Fusarium graminearum	yes	CP147673.1	4930542	4992057	61515	1	HispS	4	single gene only (HispS)	144.0
GCA_037255895.1	Fusarium graminearum	yes	CP147673.1	5584555	5632357	47802	2	HispS,CPH	3	two of four in window	134.0
GCA_037255895.1	Fusarium graminearum	yes	CP147673.1	5765923	5767179	1256	1	H3H	4	single gene only (H3H)	66.2
GCA_037255895.1	Fusarium graminearum	yes	CP147673.1	5876293	5959246	82953	1	H3H	4	single gene only (H3H)	157.0
GCA_037255895.1	Fusarium graminearum	yes	CP147673.1	6507446	6571532	64086	2	HispS,CPH	3	two of four in window	191.0
GCA_037255895.1	Fusarium graminearum	yes	CP147673.1	7856994	7857698	704	1	H3H	4	single gene only (H3H)	61.6
GCA_037255895.1	Fusarium graminearum	yes	CP147673.1	8527368	8529998	2630	1	HispS	4	single gene only (HispS)	261.0
GCA_037255895.1	Fusarium graminearum	yes	CP147674.1	2177020	2177334	314	1	CPH	4	single gene only (CPH)	63.9
GCA_037255895.1	Fusarium graminearum	yes	CP147674.1	2797582	2798526	944	1	HispS	4	single gene only (HispS)	81.6
GCA_037255895.1	Fusarium graminearum	yes	CP147674.1	3109573	3110682	1109	1	CPH	4	single gene only (CPH)	99.8
GCA_037255895.1	Fusarium graminearum	yes	CP147674.1	3297761	3298528	767	1	Luz	4	single gene only (Luz)	110.0
GCA_037255895.1	Fusarium graminearum	yes	CP147674.1	3875251	3909404	34153	1	H3H	4	single gene only (H3H)	58.5
GCA_037255895.1	Fusarium graminearum	yes	CP147674.1	4042315	4043370	1055	1	H3H	4	single gene only (H3H)	134.0
GCA_037255895.1	Fusarium graminearum	yes	CP147674.1	4503089	4512745	9656	1	HispS	4	single gene only (HispS)	177.0
GCA_037255895.1	Fusarium graminearum	yes	CP147674.1	6854230	6855261	1031	1	H3H	4	single gene only (H3H)	60.5
GCA_037255895.1	Fusarium graminearum	yes	CP147674.1	7323454	7331253	7799	2	HispS,H3H	3	two of four in window	145.0
GCA_037255895.1	Fusarium graminearum	yes	CP147674.1	7642553	7643710	1157	1	H3H	4	single gene only (H3H)	145.0
GCA_037255895.1	Fusarium graminearum	yes	CP147672.1	179466	217985	38519	1	HispS	4	single gene only (HispS)	53.9
GCA_037255895.1	Fusarium graminearum	yes	CP147672.1	398035	398892	857	1	H3H	4	single gene only (H3H)	82.8
GCA_037255895.1	Fusarium graminearum	yes	CP147672.1	3382895	3383482	587	1	Luz	4	single gene only (Luz)	80.1
GCA_037255895.1	Fusarium graminearum	yes	CP147672.1	4745611	4746795	1184	1	HispS	4	single gene only (HispS)	56.6
GCA_037255895.1	Fusarium graminearum	yes	CP147672.1	5651793	5652290	497	1	HispS	4	single gene only (HispS)	44.7
GCA_037255895.1	Fusarium graminearum	yes	CP147672.1	5945318	6017609	72291	2	HispS,H3H	3	two of four in window	236.0
GCA_037255895.1	Fusarium graminearum	yes	CP147672.1	7531660	7580021	48361	1	HispS	4	single gene only (HispS)	287.0
GCA_037255895.1	Fusarium graminearum	yes	CP147672.1	7751904	7772164	20260	1	HispS	4	single gene only (HispS)	183.0
GCA_037255895.1	Fusarium graminearum	yes	CP147672.1	9399988	9400968	980	1	HispS	4	single gene only (HispS)	68.2
GCA_037255895.1	Fusarium graminearum	yes	CP147672.1	10599333	10602850	3517	1	H3H	4	single gene only (H3H)	94.7
GCA_037255895.1	Fusarium graminearum	yes	CP147672.1	10990076	11002922	12846	1	HispS	4	single gene only (HispS)	126.0
GCA_037255895.1	Fusarium graminearum	yes	CP147672.1	11284994	11322161	37167	1	HispS	4	single gene only (HispS)	157.0
GCA_037255895.1	Fusarium graminearum	yes	CP147672.1	11518091	11604220	86129	3	HispS,H3H,CPH	2	three of four in window	114.0
GCA_037255895.1	Fusarium graminearum	yes	CP147672.1	11735783	11736586	803	1	HispS	4	single gene only (HispS)	62.4
GCA_037255895.1	Fusarium graminearum	yes	CP147675.1	37326	137082	99756	2	HispS,H3H	3	two of four in window	173.0
GCA_037255895.1	Fusarium graminearum	yes	CP147675.1	265049	268037	2988	2	H3H,CPH	3	two of four in window	196.0
GCA_037255895.1	Fusarium graminearum	yes	CP147675.1	778945	779959	1014	1	H3H	4	single gene only (H3H)	70.1
GCA_037255895.1	Fusarium graminearum	yes	CP147675.1	1043782	1045005	1223	1	H3H	4	single gene only (H3H)	109.0
GCA_037255895.1	Fusarium graminearum	yes	CP147675.1	2054029	2054643	614	1	HispS	4	single gene only (HispS)	46.2
GCA_037255895.1	Fusarium graminearum	yes	CP147675.1	3421422	3424398	2976	1	HispS	4	single gene only (HispS)	111.0
GCA_037255895.1	Fusarium graminearum	yes	CP147675.1	6312388	6329463	17075	1	HispS	4	single gene only (HispS)	48.9
GCA_037255895.1	Fusarium graminearum	yes	CP147675.1	6847765	6888466	40701	3	H3H,Luz,CPH	2	three of four in window	71.2
GCA_037255895.1	Fusarium graminearum	yes	CP147675.1	7475495	7479139	3644	1	HispS	4	single gene only (HispS)	52.4
GCA_061310925.1	Fusarium graminearum	yes	CM196005.1	556505	559135	2630	1	HispS	4	single gene only (HispS)	263.0
GCA_061310925.1	Fusarium graminearum	yes	CM196005.1	1235627	1236331	704	1	H3H	4	single gene only (H3H)	64.7
GCA_061310925.1	Fusarium graminearum	yes	CM196005.1	2519347	2583260	63913	2	HispS,CPH	3	two of four in window	194.0
GCA_061310925.1	Fusarium graminearum	yes	CM196005.1	3132139	3215373	83234	1	H3H	4	single gene only (H3H)	157.0
GCA_061310925.1	Fusarium graminearum	yes	CM196005.1	3324533	3325789	1256	1	H3H	4	single gene only (H3H)	66.2
GCA_061310925.1	Fusarium graminearum	yes	CM196005.1	3459697	3507503	47806	2	HispS,CPH	3	two of four in window	134.0
GCA_061310925.1	Fusarium graminearum	yes	CM196005.1	4095897	4157398	61501	1	HispS	4	single gene only (HispS)	145.0
GCA_061310925.1	Fusarium graminearum	yes	CM196005.1	4378543	4379412	869	1	HispS	4	single gene only (HispS)	51.2
GCA_061310925.1	Fusarium graminearum	yes	CM196005.1	5224119	5224946	827	1	HispS	4	single gene only (HispS)	53.9
GCA_061310925.1	Fusarium graminearum	yes	CM196005.1	6336947	6339128	2181	1	HispS	4	single gene only (HispS)	160.0
GCA_061310925.1	Fusarium graminearum	yes	CM196005.1	8264738	8385035	120297	2	HispS,H3H	3	two of four in window	296.0
GCA_061310925.1	Fusarium graminearum	yes	CM196005.1	8620676	8621908	1232	1	H3H	4	single gene only (H3H)	94.0
GCA_061310925.1	Fusarium graminearum	yes	CM196007.1	2186838	2187152	314	1	CPH	4	single gene only (CPH)	66.6
GCA_061310925.1	Fusarium graminearum	yes	CM196007.1	2802987	2803931	944	1	HispS	4	single gene only (HispS)	81.6
GCA_061310925.1	Fusarium graminearum	yes	CM196007.1	3114992	3116101	1109	1	CPH	4	single gene only (CPH)	99.8
GCA_061310925.1	Fusarium graminearum	yes	CM196007.1	3303203	3303970	767	1	Luz	4	single gene only (Luz)	109.0
GCA_061310925.1	Fusarium graminearum	yes	CM196007.1	3881042	3915291	34249	1	H3H	4	single gene only (H3H)	60.5
GCA_061310925.1	Fusarium graminearum	yes	CM196007.1	4048146	4049201	1055	1	H3H	4	single gene only (H3H)	133.0
GCA_061310925.1	Fusarium graminearum	yes	CM196007.1	4521653	4531309	9656	1	HispS	4	single gene only (HispS)	178.0
GCA_061310925.1	Fusarium graminearum	yes	CM196007.1	6874798	6875829	1031	1	H3H	4	single gene only (H3H)	62.4
GCA_061310925.1	Fusarium graminearum	yes	CM196007.1	7343878	7351690	7812	2	HispS,H3H	3	two of four in window	150.0
GCA_061310925.1	Fusarium graminearum	yes	CM196007.1	7718284	7719441	1157	1	H3H	4	single gene only (H3H)	145.0
GCA_061310925.1	Fusarium graminearum	yes	CM196004.1	127496	297893	170397	3	HispS,H3H,CPH	2	three of four in window	114.0
GCA_061310925.1	Fusarium graminearum	yes	CM196004.1	505656	542836	37180	1	HispS	4	single gene only (HispS)	160.0
GCA_061310925.1	Fusarium graminearum	yes	CM196004.1	824750	837599	12849	1	HispS	4	single gene only (HispS)	127.0
GCA_061310925.1	Fusarium graminearum	yes	CM196004.1	1223906	1227423	3517	1	H3H	4	single gene only (H3H)	95.1
GCA_061310925.1	Fusarium graminearum	yes	CM196004.1	2423892	2424872	980	1	HispS	4	single gene only (HispS)	68.2
GCA_061310925.1	Fusarium graminearum	yes	CM196004.1	4060336	4080590	20254	1	HispS	4	single gene only (HispS)	184.0
GCA_061310925.1	Fusarium graminearum	yes	CM196004.1	4265315	4313657	48342	1	HispS	4	single gene only (HispS)	285.0
GCA_061310925.1	Fusarium graminearum	yes	CM196004.1	4692788	4693742	954	1	CPH	4	single gene only (CPH)	179.0
GCA_061310925.1	Fusarium graminearum	yes	CM196004.1	5841917	5914076	72159	2	HispS,H3H	3	two of four in window	234.0
GCA_061310925.1	Fusarium graminearum	yes	CM196004.1	6194515	6195012	497	1	HispS	4	single gene only (HispS)	46.6
GCA_061310925.1	Fusarium graminearum	yes	CM196004.1	7090139	7091323	1184	1	HispS	4	single gene only (HispS)	56.6
GCA_061310925.1	Fusarium graminearum	yes	CM196004.1	8449362	8449949	587	1	Luz	4	single gene only (Luz)	80.1
GCA_061310925.1	Fusarium graminearum	yes	CM196004.1	11445617	11446456	839	1	H3H	4	single gene only (H3H)	82.0
GCA_061310925.1	Fusarium graminearum	yes	CM196004.1	11652186	11690617	38431	1	HispS	4	single gene only (HispS)	61.6
GCA_061310925.1	Fusarium graminearum	yes	CM196006.1	77249	184999	107750	2	HispS,H3H	3	two of four in window	172.0
GCA_061310925.1	Fusarium graminearum	yes	CM196006.1	314888	317862	2974	2	H3H,CPH	3	two of four in window	194.0
GCA_061310925.1	Fusarium graminearum	yes	CM196006.1	820095	821109	1014	1	H3H	4	single gene only (H3H)	70.1
GCA_061310925.1	Fusarium graminearum	yes	CM196006.1	1084914	1086137	1223	1	H3H	4	single gene only (H3H)	109.0
GCA_061310925.1	Fusarium graminearum	yes	CM196006.1	2096781	2097407	626	1	HispS	4	single gene only (HispS)	47.4
GCA_061310925.1	Fusarium graminearum	yes	CM196006.1	3463989	3466968	2979	1	HispS	4	single gene only (HispS)	114.0
GCA_061310925.1	Fusarium graminearum	yes	CM196006.1	6343157	6369715	26558	1	HispS	4	single gene only (HispS)	48.9
GCA_061310925.1	Fusarium graminearum	yes	CM196006.1	6901154	6941134	39980	3	H3H,Luz,CPH	2	three of four in window	74.3
GCA_061310925.1	Fusarium graminearum	yes	CM196006.1	7546127	7549792	3665	1	HispS	4	single gene only (HispS)	53.9
GCA_013085055.1	Fusarium oxysporum	yes	CP052045.1	400728	470295	69567	2	H3H,CPH	3	two of four in window	144.0
GCA_013085055.1	Fusarium oxysporum	yes	CP052045.1	1023276	1024718	1442	1	H3H	4	single gene only (H3H)	75.1
GCA_013085055.1	Fusarium oxysporum	yes	CP052045.1	3432967	3539341	106374	1	HispS	4	single gene only (HispS)	64.7
GCA_013085055.1	Fusarium oxysporum	yes	CP052045.1	3660170	3663022	2852	1	HispS	4	single gene only (HispS)	379.0
GCA_013085055.1	Fusarium oxysporum	yes	CP052042.1	55223	234817	179594	3	HispS,H3H,CPH	2	three of four in window	298.0
GCA_013085055.1	Fusarium oxysporum	yes	CP052042.1	434561	435781	1220	1	H3H	4	single gene only (H3H)	131.0
GCA_013085055.1	Fusarium oxysporum	yes	CP052042.1	2416667	2417680	1013	1	HispS	4	single gene only (HispS)	70.5
GCA_013085055.1	Fusarium oxysporum	yes	CP052042.1	4342627	4390853	48226	1	HispS	4	single gene only (HispS)	128.0
GCA_013085055.1	Fusarium oxysporum	yes	CP052041.1	655043	656207	1164	1	H3H	4	single gene only (H3H)	95.9
GCA_013085055.1	Fusarium oxysporum	yes	CP052041.1	1937259	1938428	1169	1	H3H	4	single gene only (H3H)	55.1
GCA_013085055.1	Fusarium oxysporum	yes	CP052041.1	2093286	2100641	7355	1	HispS	4	single gene only (HispS)	48.1
GCA_013085055.1	Fusarium oxysporum	yes	CP052041.1	3827356	3841087	13731	1	H3H	4	single gene only (H3H)	65.1
GCA_013085055.1	Fusarium oxysporum	yes	CP052041.1	4026487	4034164	7677	2	HispS,H3H	3	two of four in window	283.0
GCA_013085055.1	Fusarium oxysporum	yes	CP052041.1	4530901	4532305	1404	1	H3H	4	single gene only (H3H)	119.0
GCA_013085055.1	Fusarium oxysporum	yes	CP052048.1	1411491	1412645	1154	1	H3H	4	single gene only (H3H)	172.0
GCA_013085055.1	Fusarium oxysporum	yes	CP052048.1	2061219	2064038	2819	1	HispS	4	single gene only (HispS)	295.0
GCA_013085055.1	Fusarium oxysporum	yes	CP052048.1	2786086	2786610	524	1	CPH	4	single gene only (CPH)	120.0
GCA_013085055.1	Fusarium oxysporum	yes	CP052043.1	613552	614418	866	1	H3H	4	single gene only (H3H)	60.5
GCA_013085055.1	Fusarium oxysporum	yes	CP052043.1	3103609	3106371	2762	1	HispS	4	single gene only (HispS)	119.0
GCA_013085055.1	Fusarium oxysporum	yes	CP052043.1	3754228	3755466	1238	1	H3H	4	single gene only (H3H)	84.3
GCA_013085055.1	Fusarium oxysporum	yes	CP052043.1	3984629	3987349	2720	1	HispS	4	single gene only (HispS)	177.0
GCA_013085055.1	Fusarium oxysporum	yes	CP052040.1	139584	140896	1312	1	H3H	4	single gene only (H3H)	85.9
GCA_013085055.1	Fusarium oxysporum	yes	CP052040.1	281623	283877	2254	2	Luz,CPH	3	two of four in window	81.3
GCA_013085055.1	Fusarium oxysporum	yes	CP052040.1	618762	619274	512	1	HispS	4	single gene only (HispS)	47.0
GCA_013085055.1	Fusarium oxysporum	yes	CP052040.1	1420369	1421310	941	1	HispS	4	single gene only (HispS)	80.5
GCA_013085055.1	Fusarium oxysporum	yes	CP052040.1	2889231	2889533	302	1	CPH	4	single gene only (CPH)	63.9
GCA_013085055.1	Fusarium oxysporum	yes	CP052040.1	3476747	3477818	1071	1	CPH	4	single gene only (CPH)	129.0
GCA_013085055.1	Fusarium oxysporum	yes	CP052040.1	3721814	3722520	706	1	Luz	4	single gene only (Luz)	80.5
GCA_013085055.1	Fusarium oxysporum	yes	CP052040.1	4322466	4398652	76186	1	H3H	4	single gene only (H3H)	54.7
GCA_013085055.1	Fusarium oxysporum	yes	CP052040.1	4530000	4569135	39135	2	HispS,H3H	3	two of four in window	130.0
GCA_013085055.1	Fusarium oxysporum	yes	CP052040.1	4720626	4723489	2863	1	HispS	4	single gene only (HispS)	189.0
GCA_013085055.1	Fusarium oxysporum	yes	CP052040.1	4847495	4848364	869	1	HispS	4	single gene only (HispS)	46.6
GCA_013085055.1	Fusarium oxysporum	yes	CP052040.1	5086019	5129974	43955	2	H3H,CPH	3	two of four in window	162.0
GCA_013085055.1	Fusarium oxysporum	yes	CP052049.1	439785	440846	1061	1	H3H	4	single gene only (H3H)	80.9
GCA_013085055.1	Fusarium oxysporum	yes	CP052049.1	823150	858609	35459	2	HispS,H3H	3	two of four in window	112.0
GCA_013085055.1	Fusarium oxysporum	yes	CP052049.1	967662	968324	662	1	H3H	4	single gene only (H3H)	50.4
GCA_013085055.1	Fusarium oxysporum	yes	CP052049.1	1452939	1453769	830	1	HispS	4	single gene only (HispS)	55.5
GCA_013085055.1	Fusarium oxysporum	yes	CP052049.1	1758529	1759797	1268	1	H3H	4	single gene only (H3H)	89.0
GCA_013085055.1	Fusarium oxysporum	yes	CP052049.1	2024601	2072456	47855	1	HispS	4	single gene only (HispS)	97.4
GCA_013085055.1	Fusarium oxysporum	yes	CP052049.1	2228476	2231530	3054	1	HispS	4	single gene only (HispS)	117.0
GCA_013085055.1	Fusarium oxysporum	yes	CP052049.1	2424632	2425486	854	1	CPH	4	single gene only (CPH)	78.6
GCA_013085055.1	Fusarium oxysporum	yes	CP052039.1	206737	242617	35880	1	H3H	4	single gene only (H3H)	53.5
GCA_013085055.1	Fusarium oxysporum	yes	CP052039.1	562665	563977	1312	1	H3H	4	single gene only (H3H)	99.0
GCA_013085055.1	Fusarium oxysporum	yes	CP052039.1	2218182	2221378	3196	1	HispS	4	single gene only (HispS)	169.0
GCA_013085055.1	Fusarium oxysporum	yes	CP052039.1	5169103	5170069	966	1	H3H	4	single gene only (H3H)	117.0
GCA_013085055.1	Fusarium oxysporum	yes	CP052039.1	5335379	5336233	854	1	H3H	4	single gene only (H3H)	68.6
GCA_013085055.1	Fusarium oxysporum	yes	CP052038.1	193532	194167	635	1	H3H	4	single gene only (H3H)	49.3
GCA_013085055.1	Fusarium oxysporum	yes	CP052038.1	367744	369040	1296	1	HispS	4	single gene only (HispS)	86.7
GCA_013085055.1	Fusarium oxysporum	yes	CP052038.1	470100	470381	281	1	H3H	4	single gene only (H3H)	58.2
GCA_013085055.1	Fusarium oxysporum	yes	CP052038.1	788958	789659	701	1	HispS	4	single gene only (HispS)	61.6
GCA_013085055.1	Fusarium oxysporum	yes	CP052038.1	3484970	3485599	629	1	Luz	4	single gene only (Luz)	83.6
GCA_013085055.1	Fusarium oxysporum	yes	CP052038.1	4891765	4892949	1184	1	HispS	4	single gene only (HispS)	55.8
GCA_013085055.1	Fusarium oxysporum	yes	CP052038.1	6073801	6074598	797	1	HispS	4	single gene only (HispS)	45.4
GCA_013085055.1	Fusarium oxysporum	yes	CP052038.1	6327003	6327704	701	1	CPH	4	single gene only (CPH)	105.0
GCA_013085055.1	Fusarium oxysporum	yes	CP052047.1	115374	116389	1015	1	CPH	4	single gene only (CPH)	93.6
GCA_013085055.1	Fusarium oxysporum	yes	CP052047.1	243778	244626	848	1	CPH	4	single gene only (CPH)	94.7
GCA_013085055.1	Fusarium oxysporum	yes	CP052047.1	465924	467022	1098	1	CPH	4	single gene only (CPH)	127.0
GCA_013085055.1	Fusarium oxysporum	yes	CP052047.1	1275813	1405635	129822	1	H3H	4	single gene only (H3H)	157.0
GCA_013085055.1	Fusarium oxysporum	yes	CP052047.1	1640352	1641323	971	1	CPH	4	single gene only (CPH)	176.0
GCA_013085055.1	Fusarium oxysporum	yes	CP052047.1	2345717	2346607	890	1	HispS	4	single gene only (HispS)	56.6
GCA_013085055.1	Fusarium oxysporum	yes	CP052047.1	2532189	2533509	1320	1	H3H	4	single gene only (H3H)	66.6
GCA_013085055.1	Fusarium oxysporum	yes	CP052047.1	2705711	2706151	440	1	HispS	4	single gene only (HispS)	48.5
GCA_013085055.1	Fusarium oxysporum	yes	CP052046.1	239219	338536	99317	2	H3H,CPH	3	two of four in window	197.0
GCA_013085055.1	Fusarium oxysporum	yes	CP052046.1	1178437	1179102	665	1	H3H	4	single gene only (H3H)	62.4
GCA_013085055.1	Fusarium oxysporum	yes	CP052046.1	2799202	2818656	19454	2	H3H,CPH	3	two of four in window	156.0
GCA_013085055.1	Fusarium oxysporum	yes	CP052046.1	3053630	3056231	2601	2	H3H,CPH	3	two of four in window	151.0
GCA_013085055.1	Fusarium oxysporum	yes	CP052046.1	3235949	3236425	476	1	H3H	4	single gene only (H3H)	61.6
GCA_013085055.1	Fusarium oxysporum	yes	CP052044.1	331440	332707	1267	1	H3H	4	single gene only (H3H)	68.6
GCA_013085055.1	Fusarium oxysporum	yes	CP052044.1	1588533	1672319	83786	2	H3H,CPH	3	two of four in window	73.9
GCA_030719095.1	Fusarium oxysporum	yes	CP130308.1	1281042	1284014	2972	1	HispS	4	single gene only (HispS)	115.0
GCA_030719095.1	Fusarium oxysporum	yes	CP130308.1	2087186	2089923	2737	1	HispS	4	single gene only (HispS)	266.0
GCA_030719095.1	Fusarium oxysporum	yes	CP130300.1	429339	432352	3013	1	HispS	4	single gene only (HispS)	175.0
GCA_030719095.1	Fusarium oxysporum	yes	CP130300.1	2414154	2415335	1181	1	HispS	4	single gene only (HispS)	70.5
GCA_030719095.1	Fusarium oxysporum	yes	CP130300.1	4363950	4406036	42086	2	H3H,CPH	3	two of four in window	161.0
GCA_030719095.1	Fusarium oxysporum	yes	CP130300.1	4571444	4830628	259184	3	HispS,H3H,CPH	2	three of four in window	298.0
GCA_030719095.1	Fusarium oxysporum	yes	CP130306.1	212488	217859	5371	2	H3H,CPH	3	two of four in window	107.0
GCA_030719095.1	Fusarium oxysporum	yes	CP130306.1	361149	361626	477	1	CPH	4	single gene only (CPH)	79.3
GCA_030719095.1	Fusarium oxysporum	yes	CP130306.1	1284707	1285840	1133	1	H3H	4	single gene only (H3H)	172.0
GCA_030719095.1	Fusarium oxysporum	yes	CP130306.1	1987585	1990434	2849	1	HispS	4	single gene only (HispS)	298.0
GCA_030719095.1	Fusarium oxysporum	yes	CP130301.1	805435	806600	1165	1	H3H	4	single gene only (H3H)	94.0
GCA_030719095.1	Fusarium oxysporum	yes	CP130301.1	2084650	2085819	1169	1	H3H	4	single gene only (H3H)	53.1
GCA_030719095.1	Fusarium oxysporum	yes	CP130301.1	2245453	2252808	7355	1	HispS	4	single gene only (HispS)	48.1
GCA_030719095.1	Fusarium oxysporum	yes	CP130301.1	3952534	3965184	12650	1	H3H	4	single gene only (H3H)	67.4
GCA_030719095.1	Fusarium oxysporum	yes	CP130301.1	4152410	4160127	7717	2	HispS,H3H	3	two of four in window	282.0
GCA_030719095.1	Fusarium oxysporum	yes	CP130301.1	4642132	4643535	1403	1	H3H	4	single gene only (H3H)	134.0
GCA_030719095.1	Fusarium oxysporum	yes	CP130299.1	133551	134854	1303	1	H3H	4	single gene only (H3H)	84.7
GCA_030719095.1	Fusarium oxysporum	yes	CP130299.1	263159	263485	326	1	H3H	4	single gene only (H3H)	57.0
GCA_030719095.1	Fusarium oxysporum	yes	CP130299.1	577029	577541	512	1	HispS	4	single gene only (HispS)	46.6
GCA_030719095.1	Fusarium oxysporum	yes	CP130299.1	1379605	1380906	1301	1	HispS	4	single gene only (HispS)	78.6
GCA_030719095.1	Fusarium oxysporum	yes	CP130299.1	2848697	2848999	302	1	CPH	4	single gene only (CPH)	63.9
GCA_030719095.1	Fusarium oxysporum	yes	CP130299.1	3439648	3440719	1071	1	CPH	4	single gene only (CPH)	129.0
GCA_030719095.1	Fusarium oxysporum	yes	CP130299.1	3685684	3686500	816	1	Luz	4	single gene only (Luz)	48.9
GCA_030719095.1	Fusarium oxysporum	yes	CP130299.1	4292626	4369222	76596	1	H3H	4	single gene only (H3H)	55.8
GCA_030719095.1	Fusarium oxysporum	yes	CP130299.1	4500664	4536951	36287	2	HispS,H3H	3	two of four in window	130.0
GCA_030719095.1	Fusarium oxysporum	yes	CP130299.1	4650454	4698656	48202	3	HispS,H3H,CPH	2	three of four in window	192.0
GCA_030719095.1	Fusarium oxysporum	yes	CP130298.1	88822	89676	854	1	H3H	4	single gene only (H3H)	71.2
GCA_030719095.1	Fusarium oxysporum	yes	CP130298.1	274972	276172	1200	1	H3H	4	single gene only (H3H)	127.0
GCA_030719095.1	Fusarium oxysporum	yes	CP130298.1	400609	401659	1050	1	H3H	4	single gene only (H3H)	91.3
GCA_030719095.1	Fusarium oxysporum	yes	CP130298.1	3207321	3210517	3196	1	HispS	4	single gene only (HispS)	175.0
GCA_030719095.1	Fusarium oxysporum	yes	CP130298.1	4861672	4862744	1072	1	H3H	4	single gene only (H3H)	95.1
GCA_030719095.1	Fusarium oxysporum	yes	CP130298.1	5128519	5157353	28834	1	H3H	4	single gene only (H3H)	59.7
GCA_030719095.1	Fusarium oxysporum	yes	CP130302.1	415772	418493	2721	1	HispS	4	single gene only (HispS)	124.0
GCA_030719095.1	Fusarium oxysporum	yes	CP130302.1	638077	639315	1238	1	H3H	4	single gene only (H3H)	82.4
GCA_030719095.1	Fusarium oxysporum	yes	CP130302.1	1279001	1281763	2762	1	HispS	4	single gene only (HispS)	119.0
GCA_030719095.1	Fusarium oxysporum	yes	CP130302.1	3756639	3757886	1247	1	H3H	4	single gene only (H3H)	70.5
GCA_030719095.1	Fusarium oxysporum	yes	CP130307.1	110403	111256	853	1	CPH	4	single gene only (CPH)	73.2
GCA_030719095.1	Fusarium oxysporum	yes	CP130307.1	449864	509091	59227	1	HispS	4	single gene only (HispS)	97.8
GCA_030719095.1	Fusarium oxysporum	yes	CP130307.1	765599	766867	1268	1	H3H	4	single gene only (H3H)	90.9
GCA_030719095.1	Fusarium oxysporum	yes	CP130307.1	1064669	1065499	830	1	HispS	4	single gene only (HispS)	62.0
GCA_030719095.1	Fusarium oxysporum	yes	CP130307.1	1556590	1557249	659	1	H3H	4	single gene only (H3H)	50.1
GCA_030719095.1	Fusarium oxysporum	yes	CP130307.1	1733865	1735040	1175	1	H3H	4	single gene only (H3H)	106.0
GCA_030719095.1	Fusarium oxysporum	yes	CP130307.1	2059233	2060324	1091	1	H3H	4	single gene only (H3H)	88.6
GCA_030719095.1	Fusarium oxysporum	yes	CP130297.1	337587	338384	797	1	HispS	4	single gene only (HispS)	45.1
GCA_030719095.1	Fusarium oxysporum	yes	CP130297.1	1495317	1496501	1184	1	HispS	4	single gene only (HispS)	56.6
GCA_030719095.1	Fusarium oxysporum	yes	CP130297.1	2894236	2894865	629	1	Luz	4	single gene only (Luz)	83.6
GCA_030719095.1	Fusarium oxysporum	yes	CP130297.1	5605802	5606476	674	1	HispS	4	single gene only (HispS)	54.7
GCA_030719095.1	Fusarium oxysporum	yes	CP130297.1	5930026	5930295	269	1	H3H	4	single gene only (H3H)	58.2
GCA_030719095.1	Fusarium oxysporum	yes	CP130297.1	6048496	6051884	3388	1	HispS	4	single gene only (HispS)	92.8
GCA_030719095.1	Fusarium oxysporum	yes	CP130303.1	317678	331765	14087	1	H3H	4	single gene only (H3H)	147.0
GCA_030719095.1	Fusarium oxysporum	yes	CP130303.1	853198	854199	1001	1	H3H	4	single gene only (H3H)	65.1
GCA_030719095.1	Fusarium oxysporum	yes	CP130303.1	3224492	3229498	5006	1	HispS	4	single gene only (HispS)	50.1
GCA_030719095.1	Fusarium oxysporum	yes	CP130303.1	3341502	3358475	16973	2	HispS,H3H	3	two of four in window	71.6
GCA_030719095.1	Fusarium oxysporum	yes	CP130305.1	184198	185213	1015	1	CPH	4	single gene only (CPH)	94.7
GCA_030719095.1	Fusarium oxysporum	yes	CP130305.1	341394	343810	2416	2	H3H,CPH	3	two of four in window	95.9
GCA_030719095.1	Fusarium oxysporum	yes	CP130305.1	872221	873303	1082	1	HispS	4	single gene only (HispS)	46.2
GCA_030719095.1	Fusarium oxysporum	yes	CP130305.1	1383435	1523691	140256	1	H3H	4	single gene only (H3H)	157.0
GCA_030719095.1	Fusarium oxysporum	yes	CP130305.1	1765096	1766067	971	1	CPH	4	single gene only (CPH)	176.0
GCA_030719095.1	Fusarium oxysporum	yes	CP130305.1	2458290	2459252	962	1	HispS	4	single gene only (HispS)	53.9
GCA_030719095.1	Fusarium oxysporum	yes	CP130305.1	2628633	2629959	1326	1	H3H	4	single gene only (H3H)	67.0
GCA_030719095.1	Fusarium oxysporum	yes	CP130304.1	264913	365508	100595	2	H3H,CPH	3	two of four in window	161.0
GCA_030719095.1	Fusarium oxysporum	yes	CP130304.1	1243310	1243975	665	1	H3H	4	single gene only (H3H)	63.9
GCA_030719095.1	Fusarium oxysporum	yes	CP130304.1	2834671	2854206	19535	2	H3H,CPH	3	two of four in window	155.0
GCA_030719095.1	Fusarium oxysporum	yes	CP130304.1	3094089	3096713	2624	2	H3H,CPH	3	two of four in window	155.0
GCA_027920445.1	Fusarium oxysporum	no	CP115882.1	235665	307165	71500	2	H3H,CPH	3	two of four in window	146.0
GCA_027920445.1	Fusarium oxysporum	no	CP115882.1	810900	812474	1574	1	H3H	4	single gene only (H3H)	74.7
GCA_027920445.1	Fusarium oxysporum	no	CP115882.1	3180082	3192936	12854	1	HispS	4	single gene only (HispS)	54.3
GCA_027920445.1	Fusarium oxysporum	no	CP115882.1	3297528	3346837	49309	1	HispS	4	single gene only (HispS)	386.0
GCA_027920445.1	Fusarium oxysporum	no	CP115880.1	56681	238114	181433	3	HispS,H3H,CPH	2	three of four in window	304.0
GCA_027920445.1	Fusarium oxysporum	no	CP115880.1	406230	407345	1115	1	H3H	4	single gene only (H3H)	131.0
GCA_027920445.1	Fusarium oxysporum	no	CP115886.1	1145252	1146385	1133	1	H3H	4	single gene only (H3H)	172.0
GCA_027920445.1	Fusarium oxysporum	no	CP115886.1	1471994	1474119	2125	1	HispS	4	single gene only (HispS)	117.0
GCA_027920445.1	Fusarium oxysporum	no	CP115886.1	1853438	1856281	2843	1	HispS	4	single gene only (HispS)	304.0
GCA_027920445.1	Fusarium oxysporum	no	CP115876.1	192668	193381	713	1	CPH	4	single gene only (CPH)	140.0
GCA_027920445.1	Fusarium oxysporum	no	CP115876.1	412993	414397	1404	1	H3H	4	single gene only (H3H)	120.0
GCA_027920445.1	Fusarium oxysporum	no	CP115876.1	965810	973496	7686	2	HispS,H3H	3	two of four in window	280.0
GCA_027920445.1	Fusarium oxysporum	no	CP115876.1	1159466	1169755	10289	1	H3H	4	single gene only (H3H)	65.9
GCA_027920445.1	Fusarium oxysporum	no	CP115876.1	2918156	2925511	7355	1	HispS	4	single gene only (HispS)	48.5
GCA_027920445.1	Fusarium oxysporum	no	CP115876.1	3097340	3098509	1169	1	H3H	4	single gene only (H3H)	53.5
GCA_027920445.1	Fusarium oxysporum	no	CP115876.1	4386763	4387927	1164	1	H3H	4	single gene only (H3H)	94.7
GCA_027920445.1	Fusarium oxysporum	no	CP115881.1	352192	355161	2969	1	HispS	4	single gene only (HispS)	177.0
GCA_027920445.1	Fusarium oxysporum	no	CP115881.1	590576	591775	1199	1	H3H	4	single gene only (H3H)	84.3
GCA_027920445.1	Fusarium oxysporum	no	CP115881.1	732408	734972	2564	1	HispS	4	single gene only (HispS)	185.0
GCA_027920445.1	Fusarium oxysporum	no	CP115881.1	1240372	1242849	2477	1	HispS	4	single gene only (HispS)	119.0
GCA_027920445.1	Fusarium oxysporum	no	CP115881.1	3792834	3794081	1247	1	H3H	4	single gene only (H3H)	79.3
GCA_027920445.1	Fusarium oxysporum	no	CP115878.1	249894	250763	869	1	HispS	4	single gene only (HispS)	46.6
GCA_027920445.1	Fusarium oxysporum	no	CP115878.1	393476	396339	2863	1	HispS	4	single gene only (HispS)	189.0
GCA_027920445.1	Fusarium oxysporum	no	CP115878.1	557070	593181	36111	2	HispS,H3H	3	two of four in window	130.0
GCA_027920445.1	Fusarium oxysporum	no	CP115878.1	735536	807583	72047	1	H3H	4	single gene only (H3H)	57.4
GCA_027920445.1	Fusarium oxysporum	no	CP115878.1	1418931	1419748	817	1	Luz	4	single gene only (Luz)	79.7
GCA_027920445.1	Fusarium oxysporum	no	CP115878.1	1666693	1667764	1071	1	CPH	4	single gene only (CPH)	129.0
GCA_027920445.1	Fusarium oxysporum	no	CP115878.1	2254045	2254347	302	1	CPH	4	single gene only (CPH)	63.9
GCA_027920445.1	Fusarium oxysporum	no	CP115878.1	3742186	3743127	941	1	HispS	4	single gene only (HispS)	81.6
GCA_027920445.1	Fusarium oxysporum	no	CP115878.1	4548485	4548997	512	1	HispS	4	single gene only (HispS)	47.0
GCA_027920445.1	Fusarium oxysporum	no	CP115878.1	4875719	4878027	2308	2	Luz,CPH	3	two of four in window	101.0
GCA_027920445.1	Fusarium oxysporum	no	CP115878.1	5044524	5045815	1291	1	H3H	4	single gene only (H3H)	86.3
GCA_027920445.1	Fusarium oxysporum	no	CP115877.1	117145	117999	854	1	H3H	4	single gene only (H3H)	71.2
GCA_027920445.1	Fusarium oxysporum	no	CP115877.1	300815	301984	1169	1	H3H	4	single gene only (H3H)	117.0
GCA_027920445.1	Fusarium oxysporum	no	CP115877.1	446981	448031	1050	1	H3H	4	single gene only (H3H)	91.7
GCA_027920445.1	Fusarium oxysporum	no	CP115877.1	3276234	3279431	3197	1	HispS	4	single gene only (HispS)	170.0
GCA_027920445.1	Fusarium oxysporum	no	CP115877.1	5011429	5012741	1312	1	H3H	4	single gene only (H3H)	102.0
GCA_027920445.1	Fusarium oxysporum	no	CP115877.1	5404282	5433551	29269	1	H3H	4	single gene only (H3H)	53.9
GCA_027920445.1	Fusarium oxysporum	no	CP115877.1	6762337	6763485	1148	1	HispS	4	single gene only (HispS)	70.5
GCA_027920445.1	Fusarium oxysporum	no	CP115884.1	531452	596789	65337	1	HispS	4	single gene only (HispS)	97.4
GCA_027920445.1	Fusarium oxysporum	no	CP115884.1	850321	851738	1417	1	H3H	4	single gene only (H3H)	88.6
GCA_027920445.1	Fusarium oxysporum	no	CP115884.1	1114980	1115810	830	1	HispS	4	single gene only (HispS)	56.6
GCA_027920445.1	Fusarium oxysporum	no	CP115884.1	1699208	1699849	641	1	H3H	4	single gene only (H3H)	50.1
GCA_027920445.1	Fusarium oxysporum	no	CP115884.1	1846970	1885855	38885	2	HispS,H3H	3	two of four in window	115.0
GCA_027920445.1	Fusarium oxysporum	no	CP115884.1	2211532	2212623	1091	1	H3H	4	single gene only (H3H)	91.3
GCA_027920445.1	Fusarium oxysporum	no	CP115884.1	2347349	2348229	880	1	CPH	4	single gene only (CPH)	108.0
GCA_027920445.1	Fusarium oxysporum	no	CP115884.1	2519130	2614307	95177	2	H3H,CPH	3	two of four in window	190.0
GCA_027920445.1	Fusarium oxysporum	no	CP115875.1	1343856	1345040	1184	1	HispS	4	single gene only (HispS)	56.6
GCA_027920445.1	Fusarium oxysporum	no	CP115875.1	2763393	2764022	629	1	Luz	4	single gene only (Luz)	84.0
GCA_027920445.1	Fusarium oxysporum	no	CP115875.1	5517052	5517639	587	1	HispS	4	single gene only (HispS)	55.5
GCA_027920445.1	Fusarium oxysporum	no	CP115875.1	5904407	5983892	79485	2	HispS,H3H	3	two of four in window	90.9
GCA_027920445.1	Fusarium oxysporum	no	CP115885.1	278878	280204	1326	1	H3H	4	single gene only (H3H)	70.5
GCA_027920445.1	Fusarium oxysporum	no	CP115885.1	484837	485883	1046	1	HispS	4	single gene only (HispS)	55.1
GCA_027920445.1	Fusarium oxysporum	no	CP115885.1	1196050	1197021	971	1	CPH	4	single gene only (CPH)	176.0
GCA_027920445.1	Fusarium oxysporum	no	CP115885.1	1446634	1575146	128512	1	H3H	4	single gene only (H3H)	157.0
GCA_027920445.1	Fusarium oxysporum	no	CP115885.1	1819009	1819902	893	1	HispS	4	single gene only (HispS)	52.0
GCA_027920445.1	Fusarium oxysporum	no	CP115885.1	2083294	2084376	1082	1	HispS	4	single gene only (HispS)	45.4
GCA_027920445.1	Fusarium oxysporum	no	CP115885.1	2575227	2577549	2322	2	H3H,CPH	3	two of four in window	96.7
GCA_027920445.1	Fusarium oxysporum	no	CP115885.1	2694418	2695433	1015	1	CPH	4	single gene only (CPH)	94.4
GCA_027920445.1	Fusarium oxysporum	no	CP115883.1	315248	316402	1154	1	H3H	4	single gene only (H3H)	132.0
GCA_027920445.1	Fusarium oxysporum	no	CP115883.1	416548	420262	3714	2	H3H,CPH	3	two of four in window	196.0
GCA_027920445.1	Fusarium oxysporum	no	CP115883.1	1272975	1273640	665	1	H3H	4	single gene only (H3H)	63.5
GCA_027920445.1	Fusarium oxysporum	no	CP115883.1	2938768	2958325	19557	2	H3H,CPH	3	two of four in window	108.0
GCA_027920445.1	Fusarium oxysporum	no	CP115883.1	3224399	3227025	2626	2	H3H,CPH	3	two of four in window	150.0
GCA_017355575.1	Histoplasma capsulatum	yes	CP069119.1	162192	250928	88736	2	HispS,CPH	3	two of four in window	209.0
GCA_017355575.1	Histoplasma capsulatum	yes	CP069119.1	1065173	1065796	623	1	CPH	4	single gene only (CPH)	82.0
GCA_017355575.1	Histoplasma capsulatum	yes	CP069120.1	149304	150600	1296	1	H3H	4	single gene only (H3H)	62.0
GCA_017355575.1	Histoplasma capsulatum	yes	CP069120.1	1085397	1085630	233	1	H3H	4	single gene only (H3H)	42.7
GCA_017355575.1	Histoplasma capsulatum	yes	CP069120.1	2293056	2296174	3118	1	HispS	4	single gene only (HispS)	147.0
GCA_017355575.1	Histoplasma capsulatum	yes	CP069120.1	2884073	2885026	953	1	HispS	4	single gene only (HispS)	54.3
GCA_017355575.1	Histoplasma capsulatum	yes	CP069118.1	259394	260350	956	1	H3H	4	single gene only (H3H)	105.0
GCA_017355575.1	Histoplasma capsulatum	yes	CP069118.1	1808806	1809465	659	1	H3H	4	single gene only (H3H)	47.0
GCA_017355575.1	Histoplasma capsulatum	yes	CP069118.1	2421230	2421508	278	1	HispS	4	single gene only (HispS)	47.0
GCA_017355575.1	Histoplasma capsulatum	yes	CP069118.1	2723053	2724015	962	1	HispS	4	single gene only (HispS)	67.4
GCA_017355575.1	Histoplasma capsulatum	yes	CP069118.1	3675173	3675772	599	1	HispS	4	single gene only (HispS)	49.3
GCA_017355575.1	Histoplasma capsulatum	yes	CP069118.1	4810110	4810511	401	1	HispS	4	single gene only (HispS)	44.3
GCA_017355575.1	Histoplasma capsulatum	yes	CP069118.1	6214948	6217935	2987	1	HispS	4	single gene only (HispS)	142.0
GCA_017355575.1	Histoplasma capsulatum	yes	CP069118.1	6898113	6898742	629	1	HispS	4	single gene only (HispS)	49.7
GCA_017355575.1	Histoplasma capsulatum	yes	CP069117.1	3594087	3642454	48367	2	HispS,Luz	3	two of four in window	110.0
GCA_017355575.1	Histoplasma capsulatum	yes	CP069117.1	4776469	4777341	872	1	HispS	4	single gene only (HispS)	52.4
GCA_017355575.1	Histoplasma capsulatum	yes	CP069117.1	5348179	5348913	734	1	HispS	4	single gene only (HispS)	47.4
GCA_017355575.1	Histoplasma capsulatum	yes	CP069121.1	815180	815503	323	1	H3H	4	single gene only (H3H)	42.4
GCA_017355575.1	Histoplasma capsulatum	yes	CP069121.1	1465548	1488069	22521	1	H3H	4	single gene only (H3H)	87.0
GCA_017355575.1	Histoplasma capsulatum	yes	CP069121.1	1931183	1931776	593	1	HispS	4	single gene only (HispS)	47.4
GCA_017355575.1	Histoplasma capsulatum	yes	CP069121.1	2453248	2454348	1100	1	H3H	4	single gene only (H3H)	70.5
GCA_017355575.1	Histoplasma capsulatum	yes	CP069121.1	2888669	2889253	584	1	H3H	4	single gene only (H3H)	47.0
GCA_017355575.1	Histoplasma capsulatum	yes	CP069122.1	315914	316957	1043	1	H3H	4	single gene only (H3H)	60.1
GCA_017355575.1	Histoplasma capsulatum	yes	CP069122.1	1468188	1469416	1228	1	H3H	4	single gene only (H3H)	65.9
GCA_017355575.1	Histoplasma capsulatum	yes	CP069122.1	3991171	3992160	989	1	H3H	4	single gene only (H3H)	54.7
GCA_017310615.1	Histoplasma capsulatum	yes	CP069105.1	849386	850339	953	1	HispS	4	single gene only (HispS)	53.9
GCA_017310615.1	Histoplasma capsulatum	yes	CP069105.1	1588451	1591389	2938	1	HispS	4	single gene only (HispS)	148.0
GCA_017310615.1	Histoplasma capsulatum	yes	CP069105.1	5033954	5035165	1211	1	H3H	4	single gene only (H3H)	101.0
GCA_017310615.1	Histoplasma capsulatum	yes	CP069107.1	363806	456621	92815	2	HispS,CPH	3	two of four in window	206.0
GCA_017310615.1	Histoplasma capsulatum	yes	CP069107.1	2117292	2118248	956	1	H3H	4	single gene only (H3H)	105.0
GCA_017310615.1	Histoplasma capsulatum	yes	CP069103.1	2398536	2399195	659	1	H3H	4	single gene only (H3H)	48.5
GCA_017310615.1	Histoplasma capsulatum	yes	CP069103.1	2947858	2948133	275	1	HispS	4	single gene only (HispS)	44.7
GCA_017310615.1	Histoplasma capsulatum	yes	CP069103.1	3240327	3241289	962	1	HispS	4	single gene only (HispS)	65.5
GCA_017310615.1	Histoplasma capsulatum	yes	CP069103.1	4559998	4560756	758	1	HispS	4	single gene only (HispS)	48.9
GCA_017310615.1	Histoplasma capsulatum	yes	CP069103.1	7823340	7826327	2987	1	HispS	4	single gene only (HispS)	142.0
GCA_017310615.1	Histoplasma capsulatum	yes	CP069103.1	8527753	8528382	629	1	HispS	4	single gene only (HispS)	50.8
GCA_017310615.1	Histoplasma capsulatum	yes	CP069102.1	1460118	1460441	323	1	H3H	4	single gene only (H3H)	42.7
GCA_017310615.1	Histoplasma capsulatum	yes	CP069102.1	3988881	4048772	59891	2	HispS,Luz	3	two of four in window	108.0
GCA_017310615.1	Histoplasma capsulatum	yes	CP069102.1	5518377	5519249	872	1	HispS	4	single gene only (HispS)	49.7
GCA_017310615.1	Histoplasma capsulatum	yes	CP069102.1	6193547	6194281	734	1	HispS	4	single gene only (HispS)	46.2
GCA_017310615.1	Histoplasma capsulatum	yes	CP069102.1	6990095	6990817	722	1	HispS	4	single gene only (HispS)	50.1
GCA_017310615.1	Histoplasma capsulatum	yes	CP069102.1	7688358	7689473	1115	1	H3H	4	single gene only (H3H)	70.5
GCA_017310615.1	Histoplasma capsulatum	yes	CP069102.1	8274105	8274689	584	1	H3H	4	single gene only (H3H)	47.4
GCA_017310615.1	Histoplasma capsulatum	yes	CP069104.1	2497120	2498109	989	1	H3H	4	single gene only (H3H)	54.3
GCA_017310615.1	Histoplasma capsulatum	yes	CP069104.1	4963211	4964440	1229	1	H3H	4	single gene only (H3H)	99.0
GCA_017310615.1	Histoplasma capsulatum	yes	CP069104.1	6604708	6605751	1043	1	H3H	4	single gene only (H3H)	56.2
GCA_017310615.1	Histoplasma capsulatum	yes	CP069106.1	484655	485716	1061	1	H3H	4	single gene only (H3H)	87.0
GCA_017310615.1	Histoplasma capsulatum	yes	CP069106.1	1640090	1640770	680	1	CPH	4	single gene only (CPH)	83.2
GCA_017310585.1	Histoplasma capsulatum	yes	CP069114.1	2069308	2069967	659	1	H3H	4	single gene only (H3H)	50.1
GCA_017310585.1	Histoplasma capsulatum	yes	CP069114.1	2628071	2628349	278	1	HispS	4	single gene only (HispS)	46.6
GCA_017310585.1	Histoplasma capsulatum	yes	CP069114.1	3055827	3056789	962	1	HispS	4	single gene only (HispS)	67.8
GCA_017310585.1	Histoplasma capsulatum	yes	CP069114.1	4040467	4041225	758	1	HispS	4	single gene only (HispS)	49.3
GCA_017310585.1	Histoplasma capsulatum	yes	CP069114.1	5263723	5264124	401	1	HispS	4	single gene only (HispS)	45.4
GCA_017310585.1	Histoplasma capsulatum	yes	CP069114.1	6399115	6402102	2987	1	HispS	4	single gene only (HispS)	143.0
GCA_017310585.1	Histoplasma capsulatum	yes	CP069114.1	7256872	7257741	869	1	HispS	4	single gene only (HispS)	49.7
GCA_017310585.1	Histoplasma capsulatum	yes	CP069110.1	150405	150920	515	1	HispS	4	single gene only (HispS)	47.0
GCA_017310585.1	Histoplasma capsulatum	yes	CP069110.1	2082008	2138513	56505	2	HispS,Luz	3	two of four in window	107.0
GCA_017310585.1	Histoplasma capsulatum	yes	CP069110.1	4510320	4511475	1155	1	H3H	4	single gene only (H3H)	87.4
GCA_017310585.1	Histoplasma capsulatum	yes	CP069115.1	920627	921580	953	1	HispS	4	single gene only (HispS)	50.4
GCA_017310585.1	Histoplasma capsulatum	yes	CP069115.1	3063412	3063645	233	1	H3H	4	single gene only (H3H)	42.0
GCA_017310585.1	Histoplasma capsulatum	yes	CP069115.1	4920075	4921031	956	1	H3H	4	single gene only (H3H)	105.0
GCA_017310585.1	Histoplasma capsulatum	yes	CP069112.1	298481	299170	689	1	HispS	4	single gene only (HispS)	52.8
GCA_017310585.1	Histoplasma capsulatum	yes	CP069112.1	612166	613645	1479	1	H3H	4	single gene only (H3H)	67.4
GCA_017310585.1	Histoplasma capsulatum	yes	CP069112.1	1071896	1072480	584	1	H3H	4	single gene only (H3H)	47.4
GCA_017310585.1	Histoplasma capsulatum	yes	CP069111.1	3555423	3555821	398	1	CPH	4	single gene only (CPH)	75.1
GCA_017310585.1	Histoplasma capsulatum	yes	CP069111.1	4109592	4190424	80832	2	HispS,CPH	3	two of four in window	186.0
GCA_017310585.1	Histoplasma capsulatum	yes	CP069116.1	1046143	1046466	323	1	H3H	4	single gene only (H3H)	44.3
GCA_017310585.1	Histoplasma capsulatum	yes	CP069116.1	1823013	1824074	1061	1	H3H	4	single gene only (H3H)	86.3
GCA_017310585.1	Histoplasma capsulatum	yes	CP069109.1	2430468	2431457	989	1	H3H	4	single gene only (H3H)	59.3
GCA_017310585.1	Histoplasma capsulatum	yes	CP069109.1	4543580	4544906	1326	1	H3H	4	single gene only (H3H)	70.1
GCA_017310585.1	Histoplasma capsulatum	yes	CP069109.1	6058070	6059143	1073	1	H3H	4	single gene only (H3H)	60.8
GCA_000182925.2	Neurospora crassa	yes	CM002240.1	485306	486639	1333	1	H3H	4	single gene only (H3H)	130.0
GCA_000182925.2	Neurospora crassa	yes	CM002240.1	1717898	1720867	2969	1	HispS	4	single gene only (HispS)	319.0
GCA_000182925.2	Neurospora crassa	yes	CM002240.1	4180113	4180868	755	1	HispS	4	single gene only (HispS)	45.8
GCA_000182925.2	Neurospora crassa	yes	CM002240.1	6202117	6203334	1217	1	H3H	4	single gene only (H3H)	102.0
GCA_000182925.2	Neurospora crassa	yes	CM002236.1	100437	102077	1640	1	H3H	4	single gene only (H3H)	80.9
GCA_000182925.2	Neurospora crassa	yes	CM002236.1	368254	369000	746	1	CPH	4	single gene only (CPH)	213.0
GCA_000182925.2	Neurospora crassa	yes	CM002236.1	2479497	2480309	812	1	HispS	4	single gene only (HispS)	47.8
GCA_000182925.2	Neurospora crassa	yes	CM002236.1	5172385	5172699	314	1	CPH	4	single gene only (CPH)	70.9
GCA_000182925.2	Neurospora crassa	yes	CM002236.1	5704030	5704716	686	1	Luz	4	single gene only (Luz)	73.6
GCA_000182925.2	Neurospora crassa	yes	CM002236.1	7855432	7855713	281	1	HispS	4	single gene only (HispS)	47.0
GCA_000182925.2	Neurospora crassa	yes	CM002236.1	8692737	8695358	2621	1	HispS	4	single gene only (HispS)	305.0
GCA_000182925.2	Neurospora crassa	yes	CM002241.1	185614	187035	1421	1	H3H	4	single gene only (H3H)	56.2
GCA_000182925.2	Neurospora crassa	yes	CM002241.1	339701	340932	1231	1	H3H	4	single gene only (H3H)	77.4
GCA_000182925.2	Neurospora crassa	yes	CM002241.1	1224435	1226359	1924	1	H3H	4	single gene only (H3H)	48.1
GCA_000182925.2	Neurospora crassa	yes	CM002241.1	2435811	2437037	1226	1	HispS	4	single gene only (HispS)	59.3
GCA_000182925.2	Neurospora crassa	yes	CM002241.1	3084429	3087662	3233	1	HispS	4	single gene only (HispS)	85.9
GCA_000182925.2	Neurospora crassa	yes	CM002241.1	4085819	4136564	50745	1	HispS	4	single gene only (HispS)	301.0
GCA_000182925.2	Neurospora crassa	yes	CM002239.1	11175	13914	2739	1	HispS	4	single gene only (HispS)	200.0
GCA_000182925.2	Neurospora crassa	yes	CM002239.1	195839	197047	1208	1	H3H	4	single gene only (H3H)	89.0
GCA_000182925.2	Neurospora crassa	yes	CM002239.1	525422	528141	2719	1	HispS	4	single gene only (HispS)	241.0
GCA_000182925.2	Neurospora crassa	yes	CM002239.1	1365637	1366110	473	1	H3H	4	single gene only (H3H)	45.8
GCA_000182925.2	Neurospora crassa	yes	CM002239.1	2439801	2441181	1380	1	H3H	4	single gene only (H3H)	93.6
GCA_000182925.2	Neurospora crassa	yes	CM002239.1	3560689	3561177	488	1	HispS	4	single gene only (HispS)	47.8
GCA_000182925.2	Neurospora crassa	yes	CM002239.1	3926885	3927986	1101	1	CPH	4	single gene only (CPH)	129.0
GCA_000182925.2	Neurospora crassa	yes	CM002242.1	780728	781051	323	1	H3H	4	single gene only (H3H)	43.1
GCA_000182925.2	Neurospora crassa	yes	CM002242.1	1083601	1115748	32147	2	HispS,H3H	3	two of four in window	209.0
GCA_000182925.2	Neurospora crassa	yes	CM002242.1	3627500	3627637	137	1	H3H	4	single gene only (H3H)	42.0
GCA_000182925.2	Neurospora crassa	yes	CM002238.1	586737	587729	992	1	H3H	4	single gene only (H3H)	52.0
GCA_000182925.2	Neurospora crassa	yes	CM002238.1	2458195	2458875	680	1	HispS	4	single gene only (HispS)	75.1
GCA_000182925.2	Neurospora crassa	yes	CM002237.1	2798512	2799291	779	1	HispS	4	single gene only (HispS)	58.2
GCA_000786625.1	Neurospora crassa	yes	KN389851.1	24183	27152	2969	1	HispS	4	single gene only (HispS)	319.0
GCA_000786625.1	Neurospora crassa	yes	KN389629.1	316841	319462	2621	1	HispS	4	single gene only (HispS)	305.0
GCA_000786625.1	Neurospora crassa	yes	KN389754.1	67438	69831	2393	1	HispS	4	single gene only (HispS)	301.0
GCA_000786625.1	Neurospora crassa	yes	KN389717.1	64361	67080	2719	1	HispS	4	single gene only (HispS)	241.0
GCA_000786625.1	Neurospora crassa	yes	KN389817.1	21714	53875	32161	2	HispS,H3H	3	two of four in window	209.0
GCA_000786625.1	Neurospora crassa	yes	KN389870.1	14955	17694	2739	1	HispS	4	single gene only (HispS)	201.0
GCA_000786625.1	Neurospora crassa	yes	KN389728.1	10238	13471	3233	1	HispS	4	single gene only (HispS)	85.9
GCA_000786625.1	Neurospora crassa	yes	KN389787.1	13211	13891	680	1	HispS	4	single gene only (HispS)	75.1
GCA_000786625.1	Neurospora crassa	yes	KN389653.1	81307	82533	1226	1	HispS	4	single gene only (HispS)	59.3
GCA_000786625.1	Neurospora crassa	yes	KN389702.1	50053	50832	779	1	HispS	4	single gene only (HispS)	58.2
GCA_000786625.1	Neurospora crassa	yes	KN389625.1	39488	40300	812	1	HispS	4	single gene only (HispS)	47.8
GCA_000786625.1	Neurospora crassa	yes	KN389846.1	5646	6362	716	1	HispS	4	single gene only (HispS)	46.2
GCA_000786625.1	Neurospora crassa	yes	KN389634.1	19648	20136	488	1	HispS	4	single gene only (HispS)	47.8
GCA_000786625.1	Neurospora crassa	yes	KN389647.1	195335	196090	755	1	HispS	4	single gene only (HispS)	45.8
GCA_000786625.1	Neurospora crassa	yes	KN389626.1	534878	535159	281	1	HispS	4	single gene only (HispS)	47.0
GCA_000786625.1	Neurospora crassa	yes	KN389666.1	96416	97749	1333	1	H3H	4	single gene only (H3H)	130.0
GCA_000786625.1	Neurospora crassa	yes	KN389658.1	90932	92149	1217	1	H3H	4	single gene only (H3H)	102.0
GCA_000786625.1	Neurospora crassa	yes	KN389648.1	184881	186302	1421	1	H3H	4	single gene only (H3H)	56.2
GCA_000786625.1	Neurospora crassa	yes	KN389648.1	327421	328652	1231	1	H3H	4	single gene only (H3H)	77.4
GCA_000786625.1	Neurospora crassa	yes	KN389677.1	76803	78038	1235	1	H3H	4	single gene only (H3H)	96.7
GCA_000786625.1	Neurospora crassa	yes	KN389701.1	95383	96763	1380	1	H3H	4	single gene only (H3H)	93.6
GCA_000786625.1	Neurospora crassa	yes	KN389748.1	12713	14353	1640	1	H3H	4	single gene only (H3H)	80.9
GCA_000786625.1	Neurospora crassa	yes	KN389750.1	29539	31462	1923	1	H3H	4	single gene only (H3H)	54.7
GCA_000786625.1	Neurospora crassa	yes	KN389657.1	128567	129040	473	1	H3H	4	single gene only (H3H)	45.8
GCA_000786625.1	Neurospora crassa	yes	KN389638.1	295314	295637	323	1	H3H	4	single gene only (H3H)	43.1
GCA_000786625.1	Neurospora crassa	yes	KN389684.1	36532	37524	992	1	H3H	4	single gene only (H3H)	51.2
GCA_000786625.1	Neurospora crassa	yes	KN389753.1	50971	51108	137	1	H3H	4	single gene only (H3H)	42.0
GCA_000786625.1	Neurospora crassa	yes	KN389672.1	111639	112454	815	1	CPH	4	single gene only (CPH)	214.0
GCA_000786625.1	Neurospora crassa	yes	KN389673.1	105380	106481	1101	1	CPH	4	single gene only (CPH)	129.0
GCA_000786625.1	Neurospora crassa	yes	KN389850.1	15159	15473	314	1	CPH	4	single gene only (CPH)	70.9
GCA_000786625.1	Neurospora crassa	yes	KN389635.1	218430	219116	686	1	Luz	4	single gene only (Luz)	73.6
GCA_009805915.1	Neurospora crassa	no	RAOU01000092.1	99747	102716	2969	1	HispS	4	single gene only (HispS)	319.0
GCA_009805915.1	Neurospora crassa	no	RAOU01000028.1	201476	204097	2621	1	HispS	4	single gene only (HispS)	305.0
GCA_009805915.1	Neurospora crassa	no	RAOU01000101.1	120020	122413	2393	1	HispS	4	single gene only (HispS)	301.0
GCA_009805915.1	Neurospora crassa	no	RAOU01000084.1	60874	63593	2719	1	HispS	4	single gene only (HispS)	241.0
GCA_009805915.1	Neurospora crassa	no	RAOU01000063.1	12551	44532	31981	2	HispS,H3H	3	two of four in window	209.0
GCA_009805915.1	Neurospora crassa	no	RAOU01000146.1	29758	32497	2739	1	HispS	4	single gene only (HispS)	200.0
GCA_009805915.1	Neurospora crassa	no	RAOU01000052.1	137757	140990	3233	1	HispS	4	single gene only (HispS)	85.9
GCA_009805915.1	Neurospora crassa	no	RAOU01000069.1	94788	95468	680	1	HispS	4	single gene only (HispS)	75.1
GCA_009805915.1	Neurospora crassa	no	RAOU01000009.1	210031	211257	1226	1	HispS	4	single gene only (HispS)	59.3
GCA_009805915.1	Neurospora crassa	no	RAOU01000080.1	36214	36993	779	1	HispS	4	single gene only (HispS)	58.2
GCA_009805915.1	Neurospora crassa	no	RAOU01000001.1	655804	656616	812	1	HispS	4	single gene only (HispS)	47.8
GCA_009805915.1	Neurospora crassa	no	RAOU01000107.1	5730	6446	716	1	HispS	4	single gene only (HispS)	46.2
GCA_009805915.1	Neurospora crassa	no	RAOU01000004.1	444460	444948	488	1	HispS	4	single gene only (HispS)	47.8
GCA_009805915.1	Neurospora crassa	no	RAOU01000004.1	813448	814549	1101	1	CPH	4	single gene only (CPH)	129.0
GCA_009805915.1	Neurospora crassa	no	RAOU01000033.1	56067	56822	755	1	HispS	4	single gene only (HispS)	45.8
GCA_009805915.1	Neurospora crassa	no	RAOU01000011.1	272731	273012	281	1	HispS	4	single gene only (HispS)	47.0
GCA_009805915.1	Neurospora crassa	no	RAOU01000087.1	56212	57545	1333	1	H3H	4	single gene only (H3H)	130.0
GCA_009805915.1	Neurospora crassa	no	RAOU01000023.1	232999	234216	1217	1	H3H	4	single gene only (H3H)	102.0
GCA_009805915.1	Neurospora crassa	no	RAOU01000048.1	185629	187050	1421	1	H3H	4	single gene only (H3H)	56.2
GCA_009805915.1	Neurospora crassa	no	RAOU01000048.1	339893	341124	1231	1	H3H	4	single gene only (H3H)	77.4
GCA_009805915.1	Neurospora crassa	no	RAOU01000007.1	593070	594450	1380	1	H3H	4	single gene only (H3H)	93.6
GCA_009805915.1	Neurospora crassa	no	RAOU01000045.1	154656	155864	1208	1	H3H	4	single gene only (H3H)	89.0
GCA_009805915.1	Neurospora crassa	no	RAOU01000020.1	100474	102114	1640	1	H3H	4	single gene only (H3H)	80.9
GCA_009805915.1	Neurospora crassa	no	RAOU01000034.1	395910	397833	1923	1	H3H	4	single gene only (H3H)	54.7
GCA_009805915.1	Neurospora crassa	no	RAOU01000047.1	120088	120561	473	1	H3H	4	single gene only (H3H)	45.8
GCA_009805915.1	Neurospora crassa	no	RAOU01000066.1	349324	349647	323	1	H3H	4	single gene only (H3H)	43.1
GCA_009805915.1	Neurospora crassa	no	RAOU01000008.1	374773	375765	992	1	H3H	4	single gene only (H3H)	52.0
GCA_009805915.1	Neurospora crassa	no	RAOU01000005.1	107053	107190	137	1	H3H	4	single gene only (H3H)	42.0
GCA_009805915.1	Neurospora crassa	no	RAOU01000097.1	25565	26311	746	1	CPH	4	single gene only (CPH)	213.0
GCA_009805915.1	Neurospora crassa	no	RAOU01000126.1	15152	15466	314	1	CPH	4	single gene only (CPH)	70.9
GCA_009805915.1	Neurospora crassa	no	RAOU01000014.1	225701	226387	686	1	Luz	4	single gene only (Luz)	73.6
GCA_044231865.1	Penicillium chrysogenum	no	CM094676.1	297008	298155	1147	1	H3H	4	single gene only (H3H)	87.4
GCA_044231865.1	Penicillium chrysogenum	no	CM094676.1	432957	433376	419	1	HispS	4	single gene only (HispS)	46.2
GCA_044231865.1	Penicillium chrysogenum	no	CM094676.1	1811073	1814041	2968	1	HispS	4	single gene only (HispS)	110.0
GCA_044231865.1	Penicillium chrysogenum	no	CM094676.1	2841421	2844742	3321	1	HispS	4	single gene only (HispS)	132.0
GCA_044231865.1	Penicillium chrysogenum	no	CM094676.1	3088581	3089436	855	1	CPH	4	single gene only (CPH)	127.0
GCA_044231865.1	Penicillium chrysogenum	no	CM094676.1	3371279	3372490	1211	1	H3H	4	single gene only (H3H)	48.5
GCA_044231865.1	Penicillium chrysogenum	no	CM094676.1	3668573	3671321	2748	1	HispS	4	single gene only (HispS)	114.0
GCA_044231865.1	Penicillium chrysogenum	no	CM094676.1	3862829	3865863	3034	1	HispS	4	single gene only (HispS)	85.1
GCA_044231865.1	Penicillium chrysogenum	no	CM094676.1	4081461	4082507	1046	1	CPH	4	single gene only (CPH)	112.0
GCA_044231865.1	Penicillium chrysogenum	no	CM094676.1	4557576	4557959	383	1	HispS	4	single gene only (HispS)	48.5
GCA_044231865.1	Penicillium chrysogenum	no	CM094676.1	4900160	4901499	1339	1	H3H	4	single gene only (H3H)	67.0
GCA_044231865.1	Penicillium chrysogenum	no	CM094676.1	5055866	5058951	3085	2	H3H,CPH	3	two of four in window	178.0
GCA_044231865.1	Penicillium chrysogenum	no	CM094676.1	5175310	5176089	779	1	HispS	4	single gene only (HispS)	76.3
GCA_044231865.1	Penicillium chrysogenum	no	CM094676.1	6878550	6879371	821	1	HispS	4	single gene only (HispS)	52.0
GCA_044231865.1	Penicillium chrysogenum	no	CM094676.1	7011514	7012297	783	1	HispS	4	single gene only (HispS)	45.4
GCA_044231865.1	Penicillium chrysogenum	no	CM094676.1	7224900	7227377	2477	1	HispS	4	single gene only (HispS)	355.0
GCA_044231865.1	Penicillium chrysogenum	no	CM094678.1	140590	143166	2576	1	HispS	4	single gene only (HispS)	310.0
GCA_044231865.1	Penicillium chrysogenum	no	CM094678.1	1213294	1220844	7550	1	H3H	4	single gene only (H3H)	77.4
GCA_044231865.1	Penicillium chrysogenum	no	CM094678.1	1431148	1492546	61398	1	HispS	4	single gene only (HispS)	140.0
GCA_044231865.1	Penicillium chrysogenum	no	CM094678.1	1798253	1865678	67425	1	HispS	4	single gene only (HispS)	238.0
GCA_044231865.1	Penicillium chrysogenum	no	CM094678.1	2581030	2595587	14557	2	HispS,H3H	3	two of four in window	105.0
GCA_044231865.1	Penicillium chrysogenum	no	CM094678.1	2843131	2845863	2732	1	HispS	4	single gene only (HispS)	303.0
GCA_044231865.1	Penicillium chrysogenum	no	CM094678.1	3012111	3015383	3272	1	HispS	4	single gene only (HispS)	166.0
GCA_044231865.1	Penicillium chrysogenum	no	CM094678.1	3945167	3955624	10457	2	HispS,H3H	3	two of four in window	78.2
GCA_044231865.1	Penicillium chrysogenum	no	CM094678.1	4268653	4269825	1172	1	H3H	4	single gene only (H3H)	130.0
GCA_044231865.1	Penicillium chrysogenum	no	CM094678.1	4383236	4384297	1061	1	H3H	4	single gene only (H3H)	60.8
GCA_044231865.1	Penicillium chrysogenum	no	CM094678.1	4522398	4522721	323	1	H3H	4	single gene only (H3H)	62.4
GCA_044231865.1	Penicillium chrysogenum	no	CM094678.1	4685832	4686664	832	1	Luz	4	single gene only (Luz)	72.0
GCA_044231865.1	Penicillium chrysogenum	no	CM094677.1	51816	54824	3008	1	HispS	4	single gene only (HispS)	307.0
GCA_044231865.1	Penicillium chrysogenum	no	CM094677.1	330280	331194	914	1	CPH	4	single gene only (CPH)	215.0
GCA_044231865.1	Penicillium chrysogenum	no	CM094677.1	446466	447473	1007	1	HispS	4	single gene only (HispS)	55.1
GCA_044231865.1	Penicillium chrysogenum	no	CM094677.1	721886	722865	979	1	CPH	4	single gene only (CPH)	88.6
GCA_044231865.1	Penicillium chrysogenum	no	CM094677.1	1121960	1122424	464	1	H3H	4	single gene only (H3H)	43.5
GCA_044231865.1	Penicillium chrysogenum	no	CM094677.1	3060047	3125350	65303	1	H3H	4	single gene only (H3H)	150.0
GCA_044231865.1	Penicillium chrysogenum	no	CM094677.1	3257699	3258055	356	1	HispS	4	single gene only (HispS)	45.1
GCA_044231865.1	Penicillium chrysogenum	no	CM094677.1	4677613	4677912	299	1	H3H	4	single gene only (H3H)	42.4
GCA_044231865.1	Penicillium chrysogenum	no	CM094677.1	5086084	5111082	24998	1	HispS	4	single gene only (HispS)	218.0
GCA_044231865.1	Penicillium chrysogenum	no	CM094677.1	5664501	5666808	2307	1	HispS	4	single gene only (HispS)	219.0
GCA_044231865.1	Penicillium chrysogenum	no	CM094675.1	861174	864719	3545	1	HispS	4	single gene only (HispS)	48.9
GCA_044231865.1	Penicillium chrysogenum	no	CM094675.1	2162440	2222676	60236	2	HispS,H3H	3	two of four in window	256.0
GCA_044231865.1	Penicillium chrysogenum	no	CM094675.1	3415698	3416761	1063	1	H3H	4	single gene only (H3H)	51.6
GCA_044231865.1	Penicillium chrysogenum	no	CM094675.1	3567270	3568979	1709	1	HispS	4	single gene only (HispS)	57.8
GCA_044231865.1	Penicillium chrysogenum	no	CM094675.1	4011864	4087900	76036	2	HispS,H3H	3	two of four in window	91.7
GCA_044231865.1	Penicillium chrysogenum	no	CM094675.1	4302789	4304260	1471	1	H3H	4	single gene only (H3H)	70.9
GCA_044231865.1	Penicillium chrysogenum	no	CM094675.1	4559930	4645817	85887	2	HispS,H3H	3	two of four in window	159.0
GCA_044231865.1	Penicillium chrysogenum	no	CM094675.1	4758401	4761157	2756	1	HispS	4	single gene only (HispS)	293.0
GCA_044231865.1	Penicillium chrysogenum	no	CM094675.1	5713468	5716289	2821	1	HispS	4	single gene only (HispS)	175.0
GCA_044231865.1	Penicillium chrysogenum	no	CM094675.1	5877204	5878220	1016	1	HispS	4	single gene only (HispS)	72.4
GCA_044231865.1	Penicillium chrysogenum	no	CM094675.1	6206818	6349185	142367	3	HispS,H3H,CPH	2	three of four in window	139.0
GCA_044231865.1	Penicillium chrysogenum	no	CM094675.1	6885498	6886749	1251	1	H3H	4	single gene only (H3H)	102.0
GCA_044231865.1	Penicillium chrysogenum	no	CM094675.1	7267869	7300075	32206	2	H3H,CPH	3	two of four in window	105.0
GCA_044231865.1	Penicillium chrysogenum	no	CM094675.1	8028853	8030136	1283	1	HispS	4	single gene only (HispS)	50.1
GCA_044231865.1	Penicillium chrysogenum	no	CM094675.1	8271178	8271585	407	1	HispS	4	single gene only (HispS)	47.4
GCA_044231865.1	Penicillium chrysogenum	no	CM094675.1	10636105	10636545	440	1	Luz	4	single gene only (Luz)	59.3
GCA_000710275.1	Penicillium chrysogenum	yes	CM002800.1	659432	662267	2835	1	HispS	4	single gene only (HispS)	243.0
GCA_000710275.1	Penicillium chrysogenum	yes	CM002800.1	1292603	1318269	25666	1	HispS	4	single gene only (HispS)	216.0
GCA_000710275.1	Penicillium chrysogenum	yes	CM002800.1	1731974	1732300	326	1	H3H	4	single gene only (H3H)	43.1
GCA_000710275.1	Penicillium chrysogenum	yes	CM002800.1	3259025	3259808	783	1	HispS	4	single gene only (HispS)	45.4
GCA_000710275.1	Penicillium chrysogenum	yes	CM002800.1	3465054	3467531	2477	1	HispS	4	single gene only (HispS)	351.0
GCA_000710275.1	Penicillium chrysogenum	yes	CM002800.1	3628487	3629422	935	1	CPH	4	single gene only (CPH)	210.0
GCA_000710275.1	Penicillium chrysogenum	yes	CM002799.1	1148832	1149239	407	1	HispS	4	single gene only (HispS)	47.4
GCA_000710275.1	Penicillium chrysogenum	yes	CM002799.1	1401414	1402697	1283	1	HispS	4	single gene only (HispS)	54.3
GCA_000710275.1	Penicillium chrysogenum	yes	CM002799.1	2128142	2160513	32371	2	H3H,CPH	3	two of four in window	99.8
GCA_000710275.1	Penicillium chrysogenum	yes	CM002799.1	2553492	2554743	1251	1	H3H	4	single gene only (H3H)	102.0
GCA_000710275.1	Penicillium chrysogenum	yes	CM002799.1	3085066	3233809	148743	3	HispS,H3H,CPH	2	three of four in window	139.0
GCA_000710275.1	Penicillium chrysogenum	yes	CM002799.1	3563421	3564437	1016	1	HispS	4	single gene only (HispS)	73.9
GCA_000710275.1	Penicillium chrysogenum	yes	CM002799.1	4634058	4634497	439	1	Luz	4	single gene only (Luz)	44.7
GCA_000710275.1	Penicillium chrysogenum	yes	CM002799.1	4946046	4948868	2822	1	HispS	4	single gene only (HispS)	186.0
GCA_000710275.1	Penicillium chrysogenum	yes	CM002799.1	5658656	5689883	31227	2	HispS,H3H	3	two of four in window	210.0
GCA_000710275.1	Penicillium chrysogenum	yes	CM002799.1	5867693	5928318	60625	2	HispS,H3H	3	two of four in window	257.0
GCA_000710275.1	Penicillium chrysogenum	yes	CM002799.1	7114421	7115484	1063	1	H3H	4	single gene only (H3H)	51.6
GCA_000710275.1	Penicillium chrysogenum	yes	CM002799.1	7260591	7272428	11837	1	HispS	4	single gene only (HispS)	59.3
GCA_000710275.1	Penicillium chrysogenum	yes	CM002799.1	7673941	7796976	123035	2	HispS,H3H	3	two of four in window	323.0
GCA_000710275.1	Penicillium chrysogenum	yes	CM002799.1	8021676	8029041	7365	1	H3H	4	single gene only (H3H)	54.3
GCA_000710275.1	Penicillium chrysogenum	yes	CM002799.1	8284077	8370286	86209	2	HispS,H3H	3	two of four in window	160.0
GCA_000710275.1	Penicillium chrysogenum	yes	CM002799.1	8494810	8497566	2756	1	HispS	4	single gene only (HispS)	293.0
GCA_000710275.1	Penicillium chrysogenum	yes	CM002799.1	9757998	9761543	3545	1	HispS	4	single gene only (HispS)	48.5
GCA_000710275.1	Penicillium chrysogenum	yes	CM002799.1	9863219	9866764	3545	1	HispS	4	single gene only (HispS)	48.5
GCA_000710275.1	Penicillium chrysogenum	yes	CM002799.1	10037053	10037535	482	1	HispS	4	single gene only (HispS)	44.7
GCA_000710275.1	Penicillium chrysogenum	yes	CM002798.1	15399	18407	3008	1	HispS	4	single gene only (HispS)	307.0
GCA_000710275.1	Penicillium chrysogenum	yes	CM002798.1	296396	297310	914	1	CPH	4	single gene only (CPH)	215.0
GCA_000710275.1	Penicillium chrysogenum	yes	CM002798.1	419590	420597	1007	1	HispS	4	single gene only (HispS)	54.7
GCA_000710275.1	Penicillium chrysogenum	yes	CM002798.1	1062122	1063351	1229	1	H3H	4	single gene only (H3H)	59.7
GCA_000710275.1	Penicillium chrysogenum	yes	CM002798.1	1342101	1344922	2821	1	HispS	4	single gene only (HispS)	114.0
GCA_000710275.1	Penicillium chrysogenum	yes	CM002798.1	1537246	1540271	3025	1	HispS	4	single gene only (HispS)	85.5
GCA_000710275.1	Penicillium chrysogenum	yes	CM002798.1	1757863	1758905	1042	1	CPH	4	single gene only (CPH)	154.0
GCA_000710275.1	Penicillium chrysogenum	yes	CM002798.1	2236120	2236503	383	1	HispS	4	single gene only (HispS)	48.5
GCA_000710275.1	Penicillium chrysogenum	yes	CM002798.1	2583027	2584346	1319	1	H3H	4	single gene only (H3H)	87.0
GCA_000710275.1	Penicillium chrysogenum	yes	CM002798.1	2750911	2753997	3086	2	H3H,CPH	3	two of four in window	141.0
GCA_000710275.1	Penicillium chrysogenum	yes	CM002798.1	2871531	2872310	779	1	HispS	4	single gene only (HispS)	79.3
GCA_000710275.1	Penicillium chrysogenum	yes	CM002798.1	4692459	4718861	26402	1	HispS	4	single gene only (HispS)	50.1
GCA_000710275.1	Penicillium chrysogenum	yes	CM002798.1	4850954	4916229	65275	1	H3H	4	single gene only (H3H)	148.0
GCA_000710275.1	Penicillium chrysogenum	yes	CM002798.1	6865838	6866302	464	1	H3H	4	single gene only (H3H)	44.7
GCA_000710275.1	Penicillium chrysogenum	yes	CM002798.1	7622958	7623922	964	1	CPH	4	single gene only (CPH)	88.6
GCA_000710275.1	Penicillium chrysogenum	yes	CM002798.1	7925511	7926597	1086	1	CPH	4	single gene only (CPH)	144.0
GCA_000710275.1	Penicillium chrysogenum	yes	CM002798.1	8175928	8179203	3275	1	HispS	4	single gene only (HispS)	132.0
GCA_000710275.1	Penicillium chrysogenum	yes	CM002798.1	9203487	9206458	2971	1	HispS	4	single gene only (HispS)	110.0
GCA_000710275.1	Penicillium chrysogenum	yes	CM002798.1	10139318	10141975	2657	1	HispS	4	single gene only (HispS)	312.0
GCA_000710275.1	Penicillium chrysogenum	yes	CM002798.1	10706960	10710232	3272	1	HispS	4	single gene only (HispS)	164.0
GCA_000710275.1	Penicillium chrysogenum	yes	CM002798.1	10871865	10874598	2733	1	HispS	4	single gene only (HispS)	176.0
GCA_000710275.1	Penicillium chrysogenum	yes	CM002798.1	11079665	11094224	14559	2	HispS,H3H	3	two of four in window	106.0
GCA_000710275.1	Penicillium chrysogenum	yes	CM002798.1	13019273	13020445	1172	1	H3H	4	single gene only (H3H)	130.0
GCA_000710275.1	Penicillium chrysogenum	yes	CM002798.1	13136042	13137103	1061	1	H3H	4	single gene only (H3H)	56.6
GCA_000710275.1	Penicillium chrysogenum	yes	CM002798.1	13378895	13379170	275	1	H3H	4	single gene only (H3H)	62.0
GCA_000710275.1	Penicillium chrysogenum	yes	CM002798.1	13530928	13531758	830	1	Luz	4	single gene only (Luz)	86.3
GCA_000710275.1	Penicillium chrysogenum	yes	CM002801.1	97072	99648	2576	1	HispS	4	single gene only (HispS)	309.0
GCA_000710275.1	Penicillium chrysogenum	yes	CM002801.1	1033326	1040859	7533	1	H3H	4	single gene only (H3H)	75.1
GCA_000710275.1	Penicillium chrysogenum	yes	CM002801.1	1254863	1316305	61442	1	HispS	4	single gene only (HispS)	140.0
GCA_000710275.1	Penicillium chrysogenum	yes	CM002801.1	1546542	1549064	2522	1	HispS	4	single gene only (HispS)	114.0
GCA_000710275.1	Penicillium chrysogenum	yes	CM002801.1	2635744	2636910	1166	1	HispS	4	single gene only (HispS)	51.6
GCA_000710275.1	Penicillium chrysogenum	yes	CM002801.1	2764741	2765888	1147	1	H3H	4	single gene only (H3H)	87.8
GCA_044231845.1	Penicillium chrysogenum	no	CM094671.1	297014	298161	1147	1	H3H	4	single gene only (H3H)	87.4
GCA_044231845.1	Penicillium chrysogenum	no	CM094671.1	432957	433376	419	1	HispS	4	single gene only (HispS)	46.2
GCA_044231845.1	Penicillium chrysogenum	no	CM094671.1	1811077	1814045	2968	1	HispS	4	single gene only (HispS)	110.0
GCA_044231845.1	Penicillium chrysogenum	no	CM094671.1	2841416	2844737	3321	1	HispS	4	single gene only (HispS)	132.0
GCA_044231845.1	Penicillium chrysogenum	no	CM094671.1	3088575	3089430	855	1	CPH	4	single gene only (CPH)	127.0
GCA_044231845.1	Penicillium chrysogenum	no	CM094671.1	3371272	3372483	1211	1	H3H	4	single gene only (H3H)	48.5
GCA_044231845.1	Penicillium chrysogenum	no	CM094671.1	3668566	3671314	2748	1	HispS	4	single gene only (HispS)	114.0
GCA_044231845.1	Penicillium chrysogenum	no	CM094671.1	3862823	3865857	3034	1	HispS	4	single gene only (HispS)	85.1
GCA_044231845.1	Penicillium chrysogenum	no	CM094671.1	4081455	4082501	1046	1	CPH	4	single gene only (CPH)	112.0
GCA_044231845.1	Penicillium chrysogenum	no	CM094671.1	4557581	4557964	383	1	HispS	4	single gene only (HispS)	48.5
GCA_044231845.1	Penicillium chrysogenum	no	CM094671.1	4900164	4901503	1339	1	H3H	4	single gene only (H3H)	67.0
GCA_044231845.1	Penicillium chrysogenum	no	CM094671.1	5055869	5058954	3085	2	H3H,CPH	3	two of four in window	178.0
GCA_044231845.1	Penicillium chrysogenum	no	CM094671.1	5175312	5176091	779	1	HispS	4	single gene only (HispS)	76.3
GCA_044231845.1	Penicillium chrysogenum	no	CM094671.1	6878528	6879349	821	1	HispS	4	single gene only (HispS)	52.0
GCA_044231845.1	Penicillium chrysogenum	no	CM094671.1	7011492	7012275	783	1	HispS	4	single gene only (HispS)	45.4
GCA_044231845.1	Penicillium chrysogenum	no	CM094671.1	7224875	7227352	2477	1	HispS	4	single gene only (HispS)	355.0
GCA_044231845.1	Penicillium chrysogenum	no	CM094673.1	151411	153987	2576	1	HispS	4	single gene only (HispS)	310.0
GCA_044231845.1	Penicillium chrysogenum	no	CM094673.1	1224102	1231652	7550	1	H3H	4	single gene only (H3H)	77.4
GCA_044231845.1	Penicillium chrysogenum	no	CM094673.1	1441957	1503355	61398	1	HispS	4	single gene only (HispS)	140.0
GCA_044231845.1	Penicillium chrysogenum	no	CM094673.1	1809066	1876491	67425	1	HispS	4	single gene only (HispS)	238.0
GCA_044231845.1	Penicillium chrysogenum	no	CM094673.1	2591823	2606380	14557	2	HispS,H3H	3	two of four in window	105.0
GCA_044231845.1	Penicillium chrysogenum	no	CM094673.1	2853924	2856656	2732	1	HispS	4	single gene only (HispS)	303.0
GCA_044231845.1	Penicillium chrysogenum	no	CM094673.1	3022904	3026176	3272	1	HispS	4	single gene only (HispS)	166.0
GCA_044231845.1	Penicillium chrysogenum	no	CM094673.1	3955959	3966416	10457	2	HispS,H3H	3	two of four in window	78.2
GCA_044231845.1	Penicillium chrysogenum	no	CM094673.1	4279438	4280610	1172	1	H3H	4	single gene only (H3H)	130.0
GCA_044231845.1	Penicillium chrysogenum	no	CM094673.1	4394021	4395082	1061	1	H3H	4	single gene only (H3H)	60.8
GCA_044231845.1	Penicillium chrysogenum	no	CM094673.1	4533183	4533506	323	1	H3H	4	single gene only (H3H)	62.4
GCA_044231845.1	Penicillium chrysogenum	no	CM094673.1	4696611	4697443	832	1	Luz	4	single gene only (Luz)	72.0
GCA_044231845.1	Penicillium chrysogenum	no	CM094672.1	53331	56339	3008	1	HispS	4	single gene only (HispS)	307.0
GCA_044231845.1	Penicillium chrysogenum	no	CM094672.1	331795	332709	914	1	CPH	4	single gene only (CPH)	215.0
GCA_044231845.1	Penicillium chrysogenum	no	CM094672.1	447981	448988	1007	1	HispS	4	single gene only (HispS)	55.1
GCA_044231845.1	Penicillium chrysogenum	no	CM094672.1	723421	724400	979	1	CPH	4	single gene only (CPH)	88.6
GCA_044231845.1	Penicillium chrysogenum	no	CM094672.1	1123495	1123959	464	1	H3H	4	single gene only (H3H)	43.5
GCA_044231845.1	Penicillium chrysogenum	no	CM094672.1	3061627	3126930	65303	1	H3H	4	single gene only (H3H)	150.0
GCA_044231845.1	Penicillium chrysogenum	no	CM094672.1	3259268	3259624	356	1	HispS	4	single gene only (HispS)	45.1
GCA_044231845.1	Penicillium chrysogenum	no	CM094672.1	4679174	4679473	299	1	H3H	4	single gene only (H3H)	42.4
GCA_044231845.1	Penicillium chrysogenum	no	CM094672.1	5087628	5112626	24998	1	HispS	4	single gene only (HispS)	218.0
GCA_044231845.1	Penicillium chrysogenum	no	CM094672.1	5666042	5668349	2307	1	HispS	4	single gene only (HispS)	219.0
GCA_044231845.1	Penicillium chrysogenum	no	CM094670.1	862770	866315	3545	1	HispS	4	single gene only (HispS)	48.9
GCA_044231845.1	Penicillium chrysogenum	no	CM094670.1	2164037	2224273	60236	2	HispS,H3H	3	two of four in window	256.0
GCA_044231845.1	Penicillium chrysogenum	no	CM094670.1	3417294	3418357	1063	1	H3H	4	single gene only (H3H)	51.6
GCA_044231845.1	Penicillium chrysogenum	no	CM094670.1	3568865	3570574	1709	1	HispS	4	single gene only (HispS)	57.8
GCA_044231845.1	Penicillium chrysogenum	no	CM094670.1	4013452	4089488	76036	2	HispS,H3H	3	two of four in window	91.7
GCA_044231845.1	Penicillium chrysogenum	no	CM094670.1	4304377	4305848	1471	1	H3H	4	single gene only (H3H)	70.9
GCA_044231845.1	Penicillium chrysogenum	no	CM094670.1	4561517	4647403	85886	2	HispS,H3H	3	two of four in window	159.0
GCA_044231845.1	Penicillium chrysogenum	no	CM094670.1	4759987	4762743	2756	1	HispS	4	single gene only (HispS)	293.0
GCA_044231845.1	Penicillium chrysogenum	no	CM094670.1	5720287	5723108	2821	1	HispS	4	single gene only (HispS)	175.0
GCA_044231845.1	Penicillium chrysogenum	no	CM094670.1	5884022	5885038	1016	1	HispS	4	single gene only (HispS)	72.4
GCA_044231845.1	Penicillium chrysogenum	no	CM094670.1	6213623	6355990	142367	3	HispS,H3H,CPH	2	three of four in window	139.0
GCA_044231845.1	Penicillium chrysogenum	no	CM094670.1	6892309	6893560	1251	1	H3H	4	single gene only (H3H)	102.0
GCA_044231845.1	Penicillium chrysogenum	no	CM094670.1	7274679	7306885	32206	2	H3H,CPH	3	two of four in window	105.0
GCA_044231845.1	Penicillium chrysogenum	no	CM094670.1	8035656	8036939	1283	1	HispS	4	single gene only (HispS)	50.1
GCA_044231845.1	Penicillium chrysogenum	no	CM094670.1	8277979	8278386	407	1	HispS	4	single gene only (HispS)	47.4
GCA_044231845.1	Penicillium chrysogenum	no	CM094670.1	10643145	10643585	440	1	Luz	4	single gene only (Luz)	59.3
GCA_028751425.1	Penicillium rubens	yes	JAQSHQ010000021.1	1807973	1808908	935	1	CPH	4	single gene only (CPH)	210.0
GCA_028751425.1	Penicillium rubens	yes	JAQSHQ010000021.1	1975848	1978259	2411	1	HispS	4	single gene only (HispS)	351.0
GCA_028751425.1	Penicillium rubens	yes	JAQSHQ010000021.1	2183497	2184280	783	1	HispS	4	single gene only (HispS)	45.4
GCA_028751425.1	Penicillium rubens	yes	JAQSHQ010000021.1	2294730	2295551	821	1	HispS	4	single gene only (HispS)	50.1
GCA_028751425.1	Penicillium rubens	yes	JAQSHQ010000021.1	4308785	4309564	779	1	HispS	4	single gene only (HispS)	79.3
GCA_028751425.1	Penicillium rubens	yes	JAQSHQ010000021.1	4427116	4430202	3086	2	H3H,CPH	3	two of four in window	141.0
GCA_028751425.1	Penicillium rubens	yes	JAQSHQ010000021.1	4596772	4598091	1319	1	H3H	4	single gene only (H3H)	87.0
GCA_028751425.1	Penicillium rubens	yes	JAQSHQ010000021.1	4944633	4945016	383	1	HispS	4	single gene only (HispS)	48.5
GCA_028751425.1	Penicillium rubens	yes	JAQSHQ010000021.1	5422199	5423241	1042	1	CPH	4	single gene only (CPH)	154.0
GCA_028751425.1	Penicillium rubens	yes	JAQSHQ010000021.1	5636629	5639654	3025	1	HispS	4	single gene only (HispS)	85.5
GCA_028751425.1	Penicillium rubens	yes	JAQSHQ010000021.1	5831906	5834727	2821	1	HispS	4	single gene only (HispS)	114.0
GCA_028751425.1	Penicillium rubens	yes	JAQSHQ010000021.1	6115385	6116596	1211	1	H3H	4	single gene only (H3H)	50.8
GCA_028751425.1	Penicillium rubens	yes	JAQSHQ010000021.1	6398834	6399920	1086	1	CPH	4	single gene only (CPH)	144.0
GCA_028751425.1	Penicillium rubens	yes	JAQSHQ010000021.1	6648560	6651835	3275	1	HispS	4	single gene only (HispS)	132.0
GCA_028751425.1	Penicillium rubens	yes	JAQSHQ010000021.1	7675829	7678800	2971	1	HispS	4	single gene only (HispS)	110.0
GCA_028751425.1	Penicillium rubens	yes	JAQSHQ010000013.1	119778	152149	32371	2	H3H,CPH	3	two of four in window	99.0
GCA_028751425.1	Penicillium rubens	yes	JAQSHQ010000013.1	544713	545964	1251	1	H3H	4	single gene only (H3H)	102.0
GCA_028751425.1	Penicillium rubens	yes	JAQSHQ010000013.1	1073757	1222512	148755	3	HispS,H3H,CPH	2	three of four in window	139.0
GCA_028751425.1	Penicillium rubens	yes	JAQSHQ010000013.1	1552576	1553592	1016	1	HispS	4	single gene only (HispS)	73.9
GCA_028751425.1	Penicillium rubens	yes	JAQSHQ010000013.1	1745773	1748595	2822	1	HispS	4	single gene only (HispS)	186.0
GCA_028751425.1	Penicillium rubens	yes	JAQSHQ010000013.1	2520013	2522769	2756	1	HispS	4	single gene only (HispS)	293.0
GCA_028751425.1	Penicillium rubens	yes	JAQSHQ010000013.1	2651084	2737328	86244	2	HispS,H3H	3	two of four in window	161.0
GCA_028751425.1	Penicillium rubens	yes	JAQSHQ010000013.1	2992369	2993840	1471	1	H3H	4	single gene only (H3H)	66.6
GCA_028751425.1	Penicillium rubens	yes	JAQSHQ010000013.1	3224866	3347919	123053	2	HispS,H3H	3	two of four in window	325.0
GCA_028751425.1	Penicillium rubens	yes	JAQSHQ010000013.1	3749699	3761536	11837	1	HispS	4	single gene only (HispS)	59.3
GCA_028751425.1	Penicillium rubens	yes	JAQSHQ010000013.1	3906671	3907734	1063	1	H3H	4	single gene only (H3H)	51.6
GCA_028751425.1	Penicillium rubens	yes	JAQSHQ010000013.1	5096049	5156675	60626	2	HispS,H3H	3	two of four in window	257.0
GCA_028751425.1	Penicillium rubens	yes	JAQSHQ010000013.1	5334473	5365700	31227	2	HispS,H3H	3	two of four in window	210.0
GCA_028751425.1	Penicillium rubens	yes	JAQSHQ010000013.1	6565808	6569353	3545	1	HispS	4	single gene only (HispS)	47.8
GCA_028751425.1	Penicillium rubens	yes	JAQSHQ010000013.1	6736272	6736754	482	1	HispS	4	single gene only (HispS)	44.7
GCA_028751425.1	Penicillium rubens	yes	JAQSHQ010000040.1	60154	60984	830	1	Luz	4	single gene only (Luz)	86.3
GCA_028751425.1	Penicillium rubens	yes	JAQSHQ010000040.1	212778	213053	275	1	H3H	4	single gene only (H3H)	62.0
GCA_028751425.1	Penicillium rubens	yes	JAQSHQ010000040.1	359619	360680	1061	1	H3H	4	single gene only (H3H)	56.6
GCA_028751425.1	Penicillium rubens	yes	JAQSHQ010000040.1	476214	477386	1172	1	H3H	4	single gene only (H3H)	130.0
GCA_028751425.1	Penicillium rubens	yes	JAQSHQ010000040.1	1274377	1277034	2657	1	HispS	4	single gene only (HispS)	312.0
GCA_028751425.1	Penicillium rubens	yes	JAQSHQ010000040.1	1792459	1795731	3272	1	HispS	4	single gene only (HispS)	164.0
GCA_028751425.1	Penicillium rubens	yes	JAQSHQ010000040.1	1953114	1955847	2733	1	HispS	4	single gene only (HispS)	176.0
GCA_028751425.1	Penicillium rubens	yes	JAQSHQ010000040.1	2160897	2175456	14559	2	HispS,H3H	3	two of four in window	106.0
GCA_028751425.1	Penicillium rubens	yes	JAQSHQ010000040.1	2993603	2996125	2522	1	HispS	4	single gene only (HispS)	114.0
GCA_028751425.1	Penicillium rubens	yes	JAQSHQ010000040.1	3408529	3469952	61423	1	HispS	4	single gene only (HispS)	140.0
GCA_028751425.1	Penicillium rubens	yes	JAQSHQ010000040.1	3683797	3691314	7517	1	H3H	4	single gene only (H3H)	75.1
GCA_028751425.1	Penicillium rubens	yes	JAQSHQ010000037.1	489722	492298	2576	1	HispS	4	single gene only (HispS)	309.0
GCA_028751425.1	Penicillium rubens	yes	JAQSHQ010000035.1	1996931	1997395	464	1	H3H	4	single gene only (H3H)	44.7
GCA_028751425.1	Penicillium rubens	yes	JAQSHQ010000035.1	2373136	2374100	964	1	CPH	4	single gene only (CPH)	88.6
GCA_028751425.1	Penicillium rubens	yes	JAQSHQ010000035.1	2650013	2651020	1007	1	HispS	4	single gene only (HispS)	54.7
GCA_028751425.1	Penicillium rubens	yes	JAQSHQ010000035.1	2767432	2768346	914	1	CPH	4	single gene only (CPH)	215.0
GCA_028751425.1	Penicillium rubens	yes	JAQSHQ010000035.1	3046371	3049379	3008	1	HispS	4	single gene only (HispS)	307.0
GCA_028751425.1	Penicillium rubens	yes	JAQSHQ010000042.1	673264	676273	3009	1	HispS	4	single gene only (HispS)	243.0
GCA_028751425.1	Penicillium rubens	yes	JAQSHQ010000042.1	1233040	1258723	25683	1	HispS	4	single gene only (HispS)	216.0
GCA_028751425.1	Penicillium rubens	yes	JAQSHQ010000042.1	1671681	1672007	326	1	H3H	4	single gene only (H3H)	43.1
GCA_028751425.1	Penicillium rubens	yes	JAQSHQ010000042.1	3115214	3115570	356	1	HispS	4	single gene only (HispS)	44.7
GCA_028751425.1	Penicillium rubens	yes	JAQSHQ010000042.1	3247668	3312944	65276	1	H3H	4	single gene only (H3H)	148.0
GCA_028751425.1	Penicillium rubens	yes	JAQSHQ010000003.1	1149842	1150249	407	1	HispS	4	single gene only (HispS)	47.4
GCA_028751425.1	Penicillium rubens	yes	JAQSHQ010000003.1	1402337	1403620	1283	1	HispS	4	single gene only (HispS)	54.3
GCA_028751425.1	Penicillium rubens	yes	JAQSHQ010000002.1	488243	489409	1166	1	HispS	4	single gene only (HispS)	51.6
GCA_028751425.1	Penicillium rubens	yes	JAQSHQ010000002.1	617164	618311	1147	1	H3H	4	single gene only (H3H)	87.8
GCA_028751425.1	Penicillium rubens	yes	JAQSHQ010000032.1	193191	193319	128	1	H3H	4	single gene only (H3H)	42.0
GCA_000226395.1	Penicillium rubens	yes	AM920437.1	1770406	1771341	935	1	CPH	4	single gene only (CPH)	210.0
GCA_000226395.1	Penicillium rubens	yes	AM920437.1	1932297	1934774	2477	1	HispS	4	single gene only (HispS)	351.0
GCA_000226395.1	Penicillium rubens	yes	AM920437.1	2140021	2140804	783	1	HispS	4	single gene only (HispS)	45.4
GCA_000226395.1	Penicillium rubens	yes	AM920437.1	2251334	2252155	821	1	HispS	4	single gene only (HispS)	50.1
GCA_000226395.1	Penicillium rubens	yes	AM920437.1	4070259	4071038	779	1	HispS	4	single gene only (HispS)	79.3
GCA_000226395.1	Penicillium rubens	yes	AM920437.1	4188573	4191659	3086	2	H3H,CPH	3	two of four in window	141.0
GCA_000226395.1	Penicillium rubens	yes	AM920437.1	4358227	4359546	1319	1	H3H	4	single gene only (H3H)	87.0
GCA_000226395.1	Penicillium rubens	yes	AM920437.1	4706150	4706533	383	1	HispS	4	single gene only (HispS)	48.5
GCA_000226395.1	Penicillium rubens	yes	AM920437.1	5183749	5184791	1042	1	CPH	4	single gene only (CPH)	154.0
GCA_000226395.1	Penicillium rubens	yes	AM920437.1	5402376	5405401	3025	1	HispS	4	single gene only (HispS)	85.5
GCA_000226395.1	Penicillium rubens	yes	AM920437.1	5597725	5600546	2821	1	HispS	4	single gene only (HispS)	114.0
GCA_000226395.1	Penicillium rubens	yes	AM920437.1	5879446	5880675	1229	1	H3H	4	single gene only (H3H)	59.7
GCA_000226395.1	Penicillium rubens	yes	AM920436.1	221903	224725	2822	1	HispS	4	single gene only (HispS)	186.0
GCA_000226395.1	Penicillium rubens	yes	AM920436.1	934758	965985	31227	2	HispS,H3H	3	two of four in window	210.0
GCA_000226395.1	Penicillium rubens	yes	AM920436.1	1143795	1204376	60581	2	HispS,H3H	3	two of four in window	257.0
GCA_000226395.1	Penicillium rubens	yes	AM920436.1	2390768	2391831	1063	1	H3H	4	single gene only (H3H)	51.6
GCA_000226395.1	Penicillium rubens	yes	AM920436.1	2536938	2548775	11837	1	HispS	4	single gene only (HispS)	59.3
GCA_000226395.1	Penicillium rubens	yes	AM920436.1	2950349	3073384	123035	2	HispS,H3H	3	two of four in window	323.0
GCA_000226395.1	Penicillium rubens	yes	AM920436.1	3298804	3306169	7365	1	H3H	4	single gene only (H3H)	54.3
GCA_000226395.1	Penicillium rubens	yes	AM920436.1	3561205	3647414	86209	2	HispS,H3H	3	two of four in window	160.0
GCA_000226395.1	Penicillium rubens	yes	AM920436.1	3771938	3774694	2756	1	HispS	4	single gene only (HispS)	293.0
GCA_000226395.1	Penicillium rubens	yes	AM920436.1	5035042	5038587	3545	1	HispS	4	single gene only (HispS)	48.5
GCA_000226395.1	Penicillium rubens	yes	AM920436.1	5208603	5209085	482	1	HispS	4	single gene only (HispS)	44.7
GCA_000226395.1	Penicillium rubens	yes	AM920431.1	82370	84946	2576	1	HispS	4	single gene only (HispS)	309.0
GCA_000226395.1	Penicillium rubens	yes	AM920431.1	855791	858313	2522	1	HispS	4	single gene only (HispS)	114.0
GCA_000226395.1	Penicillium rubens	yes	AM920431.1	1088816	1150258	61442	1	HispS	4	single gene only (HispS)	140.0
GCA_000226395.1	Penicillium rubens	yes	AM920431.1	1364332	1371865	7533	1	H3H	4	single gene only (H3H)	75.1
GCA_000226395.1	Penicillium rubens	yes	AM920431.1	2372269	2386828	14559	2	HispS,H3H	3	two of four in window	106.0
GCA_000226395.1	Penicillium rubens	yes	AM920431.1	2591999	2594732	2733	1	HispS	4	single gene only (HispS)	176.0
GCA_000226395.1	Penicillium rubens	yes	AM920431.1	2756418	2759690	3272	1	HispS	4	single gene only (HispS)	164.0
GCA_000226395.1	Penicillium rubens	yes	AM920431.1	3325091	3327748	2657	1	HispS	4	single gene only (HispS)	312.0
GCA_000226395.1	Penicillium rubens	yes	AM920429.1	13614	16622	3008	1	HispS	4	single gene only (HispS)	307.0
GCA_000226395.1	Penicillium rubens	yes	AM920429.1	294611	295525	914	1	CPH	4	single gene only (CPH)	215.0
GCA_000226395.1	Penicillium rubens	yes	AM920429.1	417805	418812	1007	1	HispS	4	single gene only (HispS)	54.7
GCA_000226395.1	Penicillium rubens	yes	AM920427.1	657339	660174	2835	1	HispS	4	single gene only (HispS)	243.0
GCA_000226395.1	Penicillium rubens	yes	AM920427.1	1291008	1316674	25666	1	HispS	4	single gene only (HispS)	216.0
GCA_000226395.1	Penicillium rubens	yes	AM920427.1	1730449	1730775	326	1	H3H	4	single gene only (H3H)	43.1
GCA_000226395.1	Penicillium rubens	yes	AM920427.1	3172091	3172447	356	1	HispS	4	single gene only (HispS)	44.7
GCA_000226395.1	Penicillium rubens	yes	AM920427.1	3304655	3369930	65275	1	H3H	4	single gene only (H3H)	148.0
GCA_000226395.1	Penicillium rubens	yes	AM920428.1	518095	519059	964	1	CPH	4	single gene only (CPH)	88.6
GCA_000226395.1	Penicillium rubens	yes	AM920428.1	820326	821412	1086	1	CPH	4	single gene only (CPH)	144.0
GCA_000226395.1	Penicillium rubens	yes	AM920428.1	1070743	1074018	3275	1	HispS	4	single gene only (HispS)	132.0
GCA_000226395.1	Penicillium rubens	yes	AM920428.1	2098634	2101605	2971	1	HispS	4	single gene only (HispS)	110.0
GCA_000226395.1	Penicillium rubens	yes	AM920428.1	3482536	3483702	1166	1	HispS	4	single gene only (HispS)	51.6
GCA_000226395.1	Penicillium rubens	yes	AM920428.1	3611534	3612681	1147	1	H3H	4	single gene only (H3H)	87.8
GCA_000226395.1	Penicillium rubens	yes	AM920435.1	92181	93197	1016	1	HispS	4	single gene only (HispS)	73.9
GCA_000226395.1	Penicillium rubens	yes	AM920435.1	422810	571553	148743	3	HispS,H3H,CPH	2	three of four in window	139.0
GCA_000226395.1	Penicillium rubens	yes	AM920435.1	1102522	1103773	1251	1	H3H	4	single gene only (H3H)	102.0
GCA_000226395.1	Penicillium rubens	yes	AM920435.1	1496843	1529214	32371	2	H3H,CPH	3	two of four in window	99.8
GCA_000226395.1	Penicillium rubens	yes	AM920435.1	2251514	2252797	1283	1	HispS	4	single gene only (HispS)	54.3
GCA_000226395.1	Penicillium rubens	yes	AM920435.1	2505318	2505725	407	1	HispS	4	single gene only (HispS)	47.4
GCA_000226395.1	Penicillium rubens	yes	AM920421.1	40162	41334	1172	1	H3H	4	single gene only (H3H)	130.0
GCA_000226395.1	Penicillium rubens	yes	AM920430.1	63697	64527	830	1	Luz	4	single gene only (Luz)	86.3
GCA_000226395.1	Penicillium rubens	yes	AM920430.1	216285	216560	275	1	H3H	4	single gene only (H3H)	62.0
GCA_000226395.1	Penicillium rubens	yes	AM920430.1	458612	459673	1061	1	H3H	4	single gene only (H3H)	56.2
GCA_000226395.1	Penicillium rubens	yes	AM920433.1	1368704	1369168	464	1	H3H	4	single gene only (H3H)	44.7
GCA_000226395.1	Penicillium rubens	yes	AM920434.1	14074	14513	439	1	Luz	4	single gene only (Luz)	44.7
GCA_011058885.1	Penicillium rubens	yes	SWKS01000031.1	850	1785	935	1	CPH	4	single gene only (CPH)	210.0
GCA_011058885.1	Penicillium rubens	yes	SWKS01000031.1	162724	165201	2477	1	HispS	4	single gene only (HispS)	351.0
GCA_011058885.1	Penicillium rubens	yes	SWKS01000007.1	5758	56748	50990	1	HispS	4	single gene only (HispS)	325.0
GCA_011058885.1	Penicillium rubens	yes	SWKS01000007.1	458061	469898	11837	1	HispS	4	single gene only (HispS)	59.3
GCA_011058885.1	Penicillium rubens	yes	SWKS01000007.1	615016	616079	1063	1	H3H	4	single gene only (H3H)	51.6
GCA_011058885.1	Penicillium rubens	yes	SWKS01000018.1	87097	89754	2657	1	HispS	4	single gene only (HispS)	312.0
GCA_011058885.1	Penicillium rubens	yes	SWKS01000063.1	53006	55582	2576	1	HispS	4	single gene only (HispS)	309.0
GCA_011058885.1	Penicillium rubens	yes	SWKS01000012.1	114266	115230	964	1	CPH	4	single gene only (CPH)	88.6
GCA_011058885.1	Penicillium rubens	yes	SWKS01000012.1	391068	392075	1007	1	HispS	4	single gene only (HispS)	54.7
GCA_011058885.1	Penicillium rubens	yes	SWKS01000012.1	508503	509417	914	1	CPH	4	single gene only (CPH)	215.0
GCA_011058885.1	Penicillium rubens	yes	SWKS01000012.1	787450	790458	3008	1	HispS	4	single gene only (HispS)	307.0
GCA_011058885.1	Penicillium rubens	yes	SWKS01000017.1	32986	34457	1471	1	H3H	4	single gene only (H3H)	66.6
GCA_011058885.1	Penicillium rubens	yes	SWKS01000017.1	289150	375367	86217	2	HispS,H3H	3	two of four in window	161.0
GCA_011058885.1	Penicillium rubens	yes	SWKS01000017.1	499690	502446	2756	1	HispS	4	single gene only (HispS)	293.0
GCA_011058885.1	Penicillium rubens	yes	SWKS01000021.1	154012	157021	3009	1	HispS	4	single gene only (HispS)	243.0
GCA_011058885.1	Penicillium rubens	yes	SWKS01000069.1	35369	66596	31227	2	HispS,H3H	3	two of four in window	210.0
GCA_011058885.1	Penicillium rubens	yes	SWKS01000006.1	770504	831127	60623	2	HispS,H3H	3	two of four in window	257.0
GCA_011058885.1	Penicillium rubens	yes	SWKS01000004.1	134570	160253	25683	1	HispS	4	single gene only (HispS)	216.0
GCA_011058885.1	Penicillium rubens	yes	SWKS01000004.1	573307	573633	326	1	H3H	4	single gene only (H3H)	43.1
GCA_011058885.1	Penicillium rubens	yes	SWKS01000001.1	743477	746448	2971	1	HispS	4	single gene only (HispS)	110.0
GCA_011058885.1	Penicillium rubens	yes	SWKS01000001.1	1770066	1773341	3275	1	HispS	4	single gene only (HispS)	132.0
GCA_011058885.1	Penicillium rubens	yes	SWKS01000051.1	114624	117146	2522	1	HispS	4	single gene only (HispS)	114.0
GCA_011058885.1	Penicillium rubens	yes	SWKS01000005.1	620183	634742	14559	2	HispS,H3H	3	two of four in window	106.0
GCA_011058885.1	Penicillium rubens	yes	SWKS01000005.1	839790	842523	2733	1	HispS	4	single gene only (HispS)	176.0
GCA_011058885.1	Penicillium rubens	yes	SWKS01000005.1	999905	1003177	3272	1	HispS	4	single gene only (HispS)	164.0
GCA_011058885.1	Penicillium rubens	yes	SWKS01000032.1	105149	107971	2822	1	HispS	4	single gene only (HispS)	187.0
GCA_011058885.1	Penicillium rubens	yes	SWKS01000054.1	9843	71274	61431	1	HispS	4	single gene only (HispS)	140.0
GCA_011058885.1	Penicillium rubens	yes	SWKS01000026.1	96750	99571	2821	1	HispS	4	single gene only (HispS)	114.0
GCA_011058885.1	Penicillium rubens	yes	SWKS01000026.1	291835	294860	3025	1	HispS	4	single gene only (HispS)	85.5
GCA_011058885.1	Penicillium rubens	yes	SWKS01000022.1	80074	81090	1016	1	HispS	4	single gene only (HispS)	73.9
GCA_011058885.1	Penicillium rubens	yes	SWKS01000022.1	411132	502823	91691	2	HispS,H3H	3	two of four in window	53.9
GCA_011058885.1	Penicillium rubens	yes	SWKS01000003.1	71214	71993	779	1	HispS	4	single gene only (HispS)	79.3
GCA_011058885.1	Penicillium rubens	yes	SWKS01000003.1	189545	192631	3086	2	H3H,CPH	3	two of four in window	141.0
GCA_011058885.1	Penicillium rubens	yes	SWKS01000003.1	359203	360522	1319	1	H3H	4	single gene only (H3H)	87.0
GCA_011058885.1	Penicillium rubens	yes	SWKS01000003.1	707144	707527	383	1	HispS	4	single gene only (HispS)	48.5
GCA_011058885.1	Penicillium rubens	yes	SWKS01000029.1	205457	206740	1283	1	HispS	4	single gene only (HispS)	54.3
GCA_011058885.1	Penicillium rubens	yes	SWKS01000039.1	247341	248162	821	1	HispS	4	single gene only (HispS)	50.1
GCA_011058885.1	Penicillium rubens	yes	SWKS01000016.1	88120	89267	1147	1	H3H	4	single gene only (H3H)	87.8
GCA_011058885.1	Penicillium rubens	yes	SWKS01000016.1	217025	218191	1166	1	HispS	4	single gene only (HispS)	51.6
GCA_011058885.1	Penicillium rubens	yes	SWKS01000047.1	95310	96093	783	1	HispS	4	single gene only (HispS)	45.4
GCA_011058885.1	Penicillium rubens	yes	SWKS01000009.1	46793	47200	407	1	HispS	4	single gene only (HispS)	47.4
GCA_011058885.1	Penicillium rubens	yes	SWKS01000028.1	117778	183054	65276	1	H3H	4	single gene only (H3H)	148.0
GCA_011058885.1	Penicillium rubens	yes	SWKS01000028.1	315147	315503	356	1	HispS	4	single gene only (HispS)	44.7
GCA_011058885.1	Penicillium rubens	yes	SWKS01000042.1	30834	34379	3545	1	HispS	4	single gene only (HispS)	47.8
GCA_011058885.1	Penicillium rubens	yes	SWKS01000042.1	201298	201780	482	1	HispS	4	single gene only (HispS)	44.7
GCA_011058885.1	Penicillium rubens	yes	SWKS01000010.1	45107	46168	1061	1	H3H	4	single gene only (H3H)	56.6
GCA_011058885.1	Penicillium rubens	yes	SWKS01000010.1	161721	162893	1172	1	H3H	4	single gene only (H3H)	130.0
GCA_011058885.1	Penicillium rubens	yes	SWKS01000014.1	81060	82311	1251	1	H3H	4	single gene only (H3H)	102.0
GCA_011058885.1	Penicillium rubens	yes	SWKS01000014.1	610104	611158	1054	1	CPH	4	single gene only (CPH)	139.0
GCA_011058885.1	Penicillium rubens	yes	SWKS01000013.1	305464	337834	32370	2	H3H,CPH	3	two of four in window	99.8
GCA_011058885.1	Penicillium rubens	yes	SWKS01000025.1	65418	66473	1055	1	H3H	4	single gene only (H3H)	87.8
GCA_011058885.1	Penicillium rubens	yes	SWKS01000025.1	372952	373227	275	1	H3H	4	single gene only (H3H)	62.0
GCA_011058885.1	Penicillium rubens	yes	SWKS01000035.1	168021	175554	7533	1	H3H	4	single gene only (H3H)	75.1
GCA_011058885.1	Penicillium rubens	yes	SWKS01000027.1	75127	76338	1211	1	H3H	4	single gene only (H3H)	50.8
GCA_011058885.1	Penicillium rubens	yes	SWKS01000027.1	358511	359597	1086	1	CPH	4	single gene only (CPH)	144.0
GCA_011058885.1	Penicillium rubens	yes	SWKS01000037.1	158330	158794	464	1	H3H	4	single gene only (H3H)	44.7
GCA_011058885.1	Penicillium rubens	yes	SWKS01000044.1	90987	92029	1042	1	CPH	4	single gene only (CPH)	154.0
GCA_011058885.1	Penicillium rubens	yes	SWKS01000050.1	46240	47070	830	1	Luz	4	single gene only (Luz)	86.3
GCA_001477535.1	Pneumocystis jirovecii	yes	LFWA01000013.1	228297	228647	350	1	HispS	4	single gene only (HispS)	53.1
GCA_001477535.1	Pneumocystis jirovecii	yes	LFWA01000003.1	337090	337338	248	1	CPH	4	single gene only (CPH)	47.4
GCA_000333975.2	Pneumocystis jirovecii	yes	CAKM01000259.1	32651	33001	350	1	HispS	4	single gene only (HispS)	53.1
GCA_000333975.2	Pneumocystis jirovecii	yes	CAKM01000174.1	47374	47655	281	1	CPH	4	single gene only (CPH)	46.6
GCA_002571455.1	Pneumocystis jirovecii	no	NJFV01000029.1	132393	132743	350	1	HispS	4	single gene only (HispS)	53.1
GCA_002571455.1	Pneumocystis jirovecii	no	NJFV01000033.1	144662	144910	248	1	CPH	4	single gene only (CPH)	47.4
GCA_017654855.1	Podospora anserina	no	CM030333.1	79840	80940	1100	1	H3H	4	single gene only (H3H)	45.8
GCA_017654855.1	Podospora anserina	no	CM030333.1	503984	506947	2963	1	HispS	4	single gene only (HispS)	332.0
GCA_017654855.1	Podospora anserina	no	CM030333.1	1080086	1081534	1448	1	HispS	4	single gene only (HispS)	54.3
GCA_017654855.1	Podospora anserina	no	CM030333.1	1518088	1519254	1166	1	H3H	4	single gene only (H3H)	102.0
GCA_017654855.1	Podospora anserina	no	CM030333.1	2736199	2773101	36902	2	HispS,H3H	3	two of four in window	319.0
GCA_017654855.1	Podospora anserina	no	CM030333.1	2915426	2937894	22468	1	HispS	4	single gene only (HispS)	275.0
GCA_017654855.1	Podospora anserina	no	CM030333.1	3073757	3074581	824	1	HispS	4	single gene only (HispS)	46.2
GCA_017654855.1	Podospora anserina	no	CM030333.1	5148715	5149956	1241	1	H3H	4	single gene only (H3H)	100.0
GCA_017654855.1	Podospora anserina	no	CM030332.1	1538628	1538939	311	1	CPH	4	single gene only (CPH)	66.2
GCA_017654855.1	Podospora anserina	no	CM030332.1	1874625	1884506	9881	1	HispS	4	single gene only (HispS)	324.0
GCA_017654855.1	Podospora anserina	no	CM030332.1	2553194	2554126	932	1	HispS	4	single gene only (HispS)	65.9
GCA_017654855.1	Podospora anserina	no	CM030332.1	2975815	2976630	815	1	Luz	4	single gene only (Luz)	87.8
GCA_017654855.1	Podospora anserina	no	CM030332.1	4130266	4132999	2733	1	HispS	4	single gene only (HispS)	156.0
GCA_017654855.1	Podospora anserina	no	CM030332.1	5706930	5762130	55200	1	H3H	4	single gene only (H3H)	92.4
GCA_017654855.1	Podospora anserina	no	CM030335.1	52841	59087	6246	2	HispS,H3H	3	two of four in window	308.0
GCA_017654855.1	Podospora anserina	no	CM030335.1	625948	627714	1766	1	HispS	4	single gene only (HispS)	52.4
GCA_017654855.1	Podospora anserina	no	CM030335.1	1107483	1108619	1136	1	HispS	4	single gene only (HispS)	58.5
GCA_017654855.1	Podospora anserina	no	CM030335.1	1584911	1587758	2847	1	HispS	4	single gene only (HispS)	186.0
GCA_017654855.1	Podospora anserina	no	CM030335.1	3046100	3047320	1220	1	HispS	4	single gene only (HispS)	48.1
GCA_017654855.1	Podospora anserina	no	CM030335.1	3539265	3539858	593	1	H3H	4	single gene only (H3H)	57.4
GCA_017654855.1	Podospora anserina	no	CM030335.1	3738006	3822961	84955	2	HispS,H3H	3	two of four in window	114.0
GCA_017654855.1	Podospora anserina	no	CM030336.1	358863	362030	3167	1	HispS	4	single gene only (HispS)	215.0
GCA_017654855.1	Podospora anserina	no	CM030336.1	504434	516416	11982	2	HispS,H3H	3	two of four in window	254.0
GCA_017654855.1	Podospora anserina	no	CM030336.1	1002307	1005056	2749	1	HispS	4	single gene only (HispS)	110.0
GCA_017654855.1	Podospora anserina	no	CM030336.1	1636767	1639957	3190	1	HispS	4	single gene only (HispS)	150.0
GCA_017654855.1	Podospora anserina	no	CM030336.1	1835005	1836249	1244	1	H3H	4	single gene only (H3H)	120.0
GCA_017654855.1	Podospora anserina	no	CM030336.1	2936330	3037658	101328	2	HispS,H3H	3	two of four in window	271.0
GCA_017654855.1	Podospora anserina	no	CM030336.1	3154232	3165779	11547	2	HispS,H3H	3	two of four in window	222.0
GCA_017654855.1	Podospora anserina	no	CM030336.1	3410707	3413781	3074	1	HispS	4	single gene only (HispS)	249.0
GCA_017654855.1	Podospora anserina	no	CM030336.1	4618633	4623195	4562	1	HispS	4	single gene only (HispS)	286.0
GCA_017654855.1	Podospora anserina	no	CM030337.1	26095	29258	3163	1	HispS	4	single gene only (HispS)	90.9
GCA_017654855.1	Podospora anserina	no	CM030337.1	1373428	1374621	1193	1	H3H	4	single gene only (H3H)	127.0
GCA_017654855.1	Podospora anserina	no	CM030337.1	2131401	2132325	924	1	CPH	4	single gene only (CPH)	196.0
GCA_017654855.1	Podospora anserina	no	CM030337.1	2310387	2311640	1253	1	H3H	4	single gene only (H3H)	69.7
GCA_017654855.1	Podospora anserina	no	CM030337.1	2966721	2969894	3173	1	HispS	4	single gene only (HispS)	104.0
GCA_017654855.1	Podospora anserina	no	CM030337.1	3146688	3147320	632	1	CPH	4	single gene only (CPH)	174.0
GCA_017654855.1	Podospora anserina	no	CM030337.1	3265362	3311235	45873	2	HispS,H3H	3	two of four in window	162.0
GCA_017654855.1	Podospora anserina	no	CM030337.1	3899171	4072305	173134	1	HispS	4	single gene only (HispS)	100.0
GCA_017654855.1	Podospora anserina	no	CM030337.1	4279135	4280397	1262	1	H3H	4	single gene only (H3H)	168.0
GCA_017654855.1	Podospora anserina	no	CM030334.1	36036	37331	1295	1	H3H	4	single gene only (H3H)	106.0
GCA_017654855.1	Podospora anserina	no	CM030334.1	479613	479888	275	1	H3H	4	single gene only (H3H)	45.4
GCA_017654855.1	Podospora anserina	no	CM030334.1	726263	728908	2645	1	HispS	4	single gene only (HispS)	181.0
GCA_017654855.1	Podospora anserina	no	CM030334.1	1253009	1253497	488	1	HispS	4	single gene only (HispS)	48.1
GCA_017654855.1	Podospora anserina	no	CM030334.1	2466812	2467369	557	1	HispS	4	single gene only (HispS)	51.2
GCA_017654855.1	Podospora anserina	no	CM030334.1	3711130	3711597	467	1	CPH	4	single gene only (CPH)	91.3
GCA_017654855.1	Podospora anserina	no	CM030338.1	2816795	2817481	686	1	HispS	4	single gene only (HispS)	65.9
GCA_017654855.1	Podospora anserina	no	CM030338.1	3858364	3859029	665	1	Luz	4	single gene only (Luz)	93.2
GCA_017654855.1	Podospora anserina	no	JAFMPO010000001.1	222963	223888	925	1	CPH	4	single gene only (CPH)	167.0
GCA_000226545.1	Podospora anserina	yes	CU640366.1	209333	212296	2963	1	HispS	4	single gene only (HispS)	332.0
GCA_000226545.1	Podospora anserina	yes	CU640366.1	794733	796181	1448	1	HispS	4	single gene only (HispS)	54.3
GCA_000226545.1	Podospora anserina	yes	CU640366.1	1229120	1230186	1066	1	H3H	4	single gene only (H3H)	72.8
GCA_000226545.1	Podospora anserina	yes	CU640366.1	2443172	2480074	36902	2	HispS,H3H	3	two of four in window	322.0
GCA_000226545.1	Podospora anserina	yes	CU640366.1	2622374	2644842	22468	1	HispS	4	single gene only (HispS)	275.0
GCA_000226545.1	Podospora anserina	yes	CU640366.1	2781633	2782457	824	1	HispS	4	single gene only (HispS)	46.2
GCA_000226545.1	Podospora anserina	yes	CU633438.1	1508539	1508850	311	1	CPH	4	single gene only (CPH)	66.2
GCA_000226545.1	Podospora anserina	yes	CU633438.1	1844813	1854694	9881	1	HispS	4	single gene only (HispS)	324.0
GCA_000226545.1	Podospora anserina	yes	CU633438.1	2941509	2942324	815	1	Luz	4	single gene only (Luz)	87.8
GCA_000226545.1	Podospora anserina	yes	CU633454.1	13351	19598	6247	2	HispS,H3H	3	two of four in window	309.0
GCA_000226545.1	Podospora anserina	yes	CU633454.1	599435	601201	1766	1	HispS	4	single gene only (HispS)	52.4
GCA_000226545.1	Podospora anserina	yes	CU633876.1	286030	290592	4562	1	HispS	4	single gene only (HispS)	286.0
GCA_000226545.1	Podospora anserina	yes	CU633901.1	991422	994155	2733	1	HispS	4	single gene only (HispS)	153.0
GCA_000226545.1	Podospora anserina	yes	CU633870.1	165983	177530	11547	2	HispS,H3H	3	two of four in window	222.0
GCA_000226545.1	Podospora anserina	yes	CU633870.1	295126	396655	101529	2	HispS,H3H	3	two of four in window	271.0
GCA_000226545.1	Podospora anserina	yes	CU633457.1	322755	325922	3167	1	HispS	4	single gene only (HispS)	215.0
GCA_000226545.1	Podospora anserina	yes	CU633457.1	468584	478389	9805	2	HispS,H3H	3	two of four in window	254.0
GCA_000226545.1	Podospora anserina	yes	CU633457.1	935916	938665	2749	1	HispS	4	single gene only (HispS)	110.0
GCA_000226545.1	Podospora anserina	yes	CU633463.1	49611	95503	45892	2	HispS,H3H	3	two of four in window	162.0
GCA_000226545.1	Podospora anserina	yes	CU633895.1	127826	130673	2847	1	HispS	4	single gene only (HispS)	186.0
GCA_000226545.1	Podospora anserina	yes	CU633895.1	1564057	1565277	1220	1	HispS	4	single gene only (HispS)	48.1
GCA_000226545.1	Podospora anserina	yes	CU633895.1	2041169	2041762	593	1	H3H	4	single gene only (H3H)	57.4
GCA_000226545.1	Podospora anserina	yes	CU633895.1	2239962	2324913	84951	2	HispS,H3H	3	two of four in window	114.0
GCA_000226545.1	Podospora anserina	yes	CU638743.1	42385	45030	2645	1	HispS	4	single gene only (HispS)	181.0
GCA_000226545.1	Podospora anserina	yes	CU638743.1	573095	573583	488	1	HispS	4	single gene only (HispS)	48.1
GCA_000226545.1	Podospora anserina	yes	CU638743.1	1776940	1777497	557	1	HispS	4	single gene only (HispS)	51.2
GCA_000226545.1	Podospora anserina	yes	CU638743.1	3035427	3035653	226	1	CPH	4	single gene only (CPH)	47.4
GCA_000226545.1	Podospora anserina	yes	CU633872.1	517239	689623	172384	1	HispS	4	single gene only (HispS)	100.0
GCA_000226545.1	Podospora anserina	yes	CU633872.1	896506	897768	1262	1	H3H	4	single gene only (H3H)	169.0
GCA_000226545.1	Podospora anserina	yes	CU638744.1	1123839	1125032	1193	1	H3H	4	single gene only (H3H)	128.0
GCA_000226545.1	Podospora anserina	yes	CU638744.1	1876306	1877230	924	1	CPH	4	single gene only (CPH)	196.0
GCA_000226545.1	Podospora anserina	yes	CU638744.1	2061149	2062402	1253	1	H3H	4	single gene only (H3H)	69.7
GCA_000226545.1	Podospora anserina	yes	CU638744.1	2711994	2715167	3173	1	HispS	4	single gene only (HispS)	104.0
GCA_000226545.1	Podospora anserina	yes	CU638744.1	2892057	2892689	632	1	CPH	4	single gene only (CPH)	174.0
GCA_000226545.1	Podospora anserina	yes	CU633866.1	210039	213229	3190	1	HispS	4	single gene only (HispS)	150.0
GCA_000226545.1	Podospora anserina	yes	CU633866.1	409212	410456	1244	1	H3H	4	single gene only (H3H)	120.0
GCA_000226545.1	Podospora anserina	yes	CU633865.1	57296	60369	3073	1	HispS	4	single gene only (HispS)	160.0
GCA_000226545.1	Podospora anserina	yes	CU633898.1	24706	27869	3163	1	HispS	4	single gene only (HispS)	90.9
GCA_000226545.1	Podospora anserina	yes	CU633900.1	2701092	2701778	686	1	HispS	4	single gene only (HispS)	65.9
GCA_000226545.1	Podospora anserina	yes	CU633455.1	229245	230381	1136	1	HispS	4	single gene only (HispS)	58.5
GCA_000226545.1	Podospora anserina	yes	CU633899.1	670904	726102	55198	1	H3H	4	single gene only (H3H)	93.6
GCA_000226545.1	Podospora anserina	yes	CU633447.1	65622	66863	1241	1	H3H	4	single gene only (H3H)	100.0
GCA_000226545.1	Podospora anserina	yes	CU633448.1	21597	22892	1295	1	H3H	4	single gene only (H3H)	106.0
GCA_000226545.1	Podospora anserina	yes	CU633448.1	493731	494006	275	1	H3H	4	single gene only (H3H)	45.4
GCA_000226545.1	Podospora anserina	yes	CU633446.1	63955	65055	1100	1	H3H	4	single gene only (H3H)	45.8
GCA_000226545.1	Podospora anserina	yes	CU633897.1	161500	162425	925	1	CPH	4	single gene only (CPH)	167.0
GCA_000226545.1	Podospora anserina	yes	CU633873.1	216983	217648	665	1	Luz	4	single gene only (Luz)	93.2
GCA_005222925.1	Podospora anserina	no	QHKU01000331.1	26606	29569	2963	1	HispS	4	single gene only (HispS)	332.0
GCA_005222925.1	Podospora anserina	no	QHKU01000440.1	23381	60283	36902	2	HispS,H3H	3	two of four in window	322.0
GCA_005222925.1	Podospora anserina	no	QHKU01000440.1	202583	225051	22468	1	HispS	4	single gene only (HispS)	275.0
GCA_005222925.1	Podospora anserina	no	QHKU01000806.1	44929	54810	9881	1	HispS	4	single gene only (HispS)	324.0
GCA_005222925.1	Podospora anserina	no	QHKU01000288.1	24863	31109	6246	2	HispS,H3H	3	two of four in window	309.0
GCA_005222925.1	Podospora anserina	no	QHKU01000177.1	90816	95378	4562	1	HispS	4	single gene only (HispS)	286.0
GCA_005222925.1	Podospora anserina	no	QHKU01000595.1	94319	97052	2733	1	HispS	4	single gene only (HispS)	153.0
GCA_005222925.1	Podospora anserina	no	QHKU01000153.1	39308	42308	3000	1	HispS	4	single gene only (HispS)	271.0
GCA_005222925.1	Podospora anserina	no	QHKU01000088.1	29328	41309	11981	2	HispS,H3H	3	two of four in window	254.0
GCA_005222925.1	Podospora anserina	no	QHKU01000176.1	22098	32627	10529	1	HispS	4	single gene only (HispS)	162.0
GCA_005222925.1	Podospora anserina	no	QHKU01000537.1	5614	8781	3167	1	HispS	4	single gene only (HispS)	215.0
GCA_005222925.1	Podospora anserina	no	QHKU01000545.1	108897	111744	2847	1	HispS	4	single gene only (HispS)	186.0
GCA_005222925.1	Podospora anserina	no	QHKU01000035.1	14256	25803	11547	2	HispS,H3H	3	two of four in window	222.0
GCA_005222925.1	Podospora anserina	no	QHKU01000128.1	10940	13585	2645	1	HispS	4	single gene only (HispS)	181.0
GCA_005222925.1	Podospora anserina	no	QHKU01000296.1	14299	17048	2749	1	HispS	4	single gene only (HispS)	110.0
GCA_005222925.1	Podospora anserina	no	QHKU01000222.1	50329	53324	2995	1	HispS	4	single gene only (HispS)	100.0
GCA_005222925.1	Podospora anserina	no	QHKU01000222.1	260201	261463	1262	1	H3H	4	single gene only (H3H)	169.0
GCA_005222925.1	Podospora anserina	no	QHKU01000397.1	19506	22679	3173	1	HispS	4	single gene only (HispS)	104.0
GCA_005222925.1	Podospora anserina	no	QHKU01000396.1	5807	8997	3190	1	HispS	4	single gene only (HispS)	150.0
GCA_005222925.1	Podospora anserina	no	QHKU01000047.1	17803	20876	3073	1	HispS	4	single gene only (HispS)	160.0
GCA_005222925.1	Podospora anserina	no	QHKU01000584.1	18699	21862	3163	1	HispS	4	single gene only (HispS)	90.9
GCA_005222925.1	Podospora anserina	no	QHKU01000428.1	6795	7481	686	1	HispS	4	single gene only (HispS)	65.9
GCA_005222925.1	Podospora anserina	no	QHKU01000827.1	52099	53319	1220	1	HispS	4	single gene only (HispS)	48.1
GCA_005222925.1	Podospora anserina	no	QHKU01000225.1	33527	34975	1448	1	HispS	4	single gene only (HispS)	54.3
GCA_005222925.1	Podospora anserina	no	QHKU01000141.1	16102	16659	557	1	HispS	4	single gene only (HispS)	51.2
GCA_005222925.1	Podospora anserina	no	QHKU01000009.1	57707	58531	824	1	HispS	4	single gene only (HispS)	46.2
GCA_005222925.1	Podospora anserina	no	QHKU01000268.1	14844	15776	932	1	HispS	4	single gene only (HispS)	65.9
GCA_005222925.1	Podospora anserina	no	QHKU01000715.1	5256	5735	479	1	HispS	4	single gene only (HispS)	44.7
GCA_005222925.1	Podospora anserina	no	QHKU01000092.1	22609	23097	488	1	HispS	4	single gene only (HispS)	48.1
GCA_005222925.1	Podospora anserina	no	QHKU01000170.1	30132	31898	1766	1	HispS	4	single gene only (HispS)	52.4
GCA_005222925.1	Podospora anserina	no	QHKU01000466.1	12332	13207	875	1	HispS	4	single gene only (HispS)	57.0
GCA_005222925.1	Podospora anserina	no	QHKU01000050.1	58961	59422	461	1	HispS	4	single gene only (HispS)	45.4
GCA_005222925.1	Podospora anserina	no	QHKU01000649.1	18229	75351	57122	2	HispS,H3H	3	two of four in window	114.0
GCA_005222925.1	Podospora anserina	no	QHKU01000229.1	25025	26218	1193	1	H3H	4	single gene only (H3H)	128.0
GCA_005222925.1	Podospora anserina	no	QHKU01000091.1	33759	35003	1244	1	H3H	4	single gene only (H3H)	120.0
GCA_005222925.1	Podospora anserina	no	QHKU01000028.1	502	55700	55198	1	H3H	4	single gene only (H3H)	93.6
GCA_005222925.1	Podospora anserina	no	QHKU01000011.1	167718	168959	1241	1	H3H	4	single gene only (H3H)	100.0
GCA_005222925.1	Podospora anserina	no	QHKU01000142.1	28335	29630	1295	1	H3H	4	single gene only (H3H)	106.0
GCA_005222925.1	Podospora anserina	no	QHKU01000341.1	21592	22758	1166	1	H3H	4	single gene only (H3H)	102.0
GCA_005222925.1	Podospora anserina	no	QHKU01000186.1	34951	35544	593	1	H3H	4	single gene only (H3H)	57.4
GCA_005222925.1	Podospora anserina	no	QHKU01000373.1	12364	13629	1265	1	H3H	4	single gene only (H3H)	47.4
GCA_005222925.1	Podospora anserina	no	QHKU01000007.1	24218	24889	671	1	H3H	4	single gene only (H3H)	48.1
GCA_005222925.1	Podospora anserina	no	QHKU01000111.1	129131	129406	275	1	H3H	4	single gene only (H3H)	45.4
GCA_005222925.1	Podospora anserina	no	QHKU01000828.1	63237	64490	1253	1	H3H	4	single gene only (H3H)	69.7
GCA_005222925.1	Podospora anserina	no	QHKU01000022.1	62471	63571	1100	1	H3H	4	single gene only (H3H)	45.8
GCA_005222925.1	Podospora anserina	no	QHKU01000820.1	44795	45719	924	1	CPH	4	single gene only (CPH)	196.0
GCA_005222925.1	Podospora anserina	no	QHKU01000669.1	29895	30527	632	1	CPH	4	single gene only (CPH)	174.0
GCA_005222925.1	Podospora anserina	no	QHKU01000017.1	55012	55937	925	1	CPH	4	single gene only (CPH)	167.0
GCA_005222925.1	Podospora anserina	no	QHKU01000814.1	80534	81019	485	1	CPH	4	single gene only (CPH)	85.5
GCA_005222925.1	Podospora anserina	no	QHKU01000191.1	7370	7681	311	1	CPH	4	single gene only (CPH)	66.2
GCA_005222925.1	Podospora anserina	no	QHKU01000410.1	2846	3511	665	1	Luz	4	single gene only (Luz)	93.2
GCA_005222925.1	Podospora anserina	no	QHKU01000082.1	22804	23619	815	1	Luz	4	single gene only (Luz)	87.8
GCA_004346965.1	Pyricularia oryzae	yes	CP034205.1	852615	853208	593	1	Luz	4	single gene only (Luz)	86.7
GCA_004346965.1	Pyricularia oryzae	yes	CP034205.1	1803138	1804034	896	1	HispS	4	single gene only (HispS)	65.9
GCA_004346965.1	Pyricularia oryzae	yes	CP034205.1	4097763	4098170	407	1	HispS	4	single gene only (HispS)	50.1
GCA_004346965.1	Pyricularia oryzae	yes	CP034205.1	7003908	7005002	1094	1	HispS	4	single gene only (HispS)	53.9
GCA_004346965.1	Pyricularia oryzae	yes	CP034205.1	7119843	7122569	2726	1	HispS	4	single gene only (HispS)	332.0
GCA_004346965.1	Pyricularia oryzae	yes	CP034205.1	7416974	7418035	1061	1	HispS	4	single gene only (HispS)	58.9
GCA_004346965.1	Pyricularia oryzae	yes	CP034205.1	7889317	7891974	2657	1	HispS	4	single gene only (HispS)	316.0
GCA_004346965.1	Pyricularia oryzae	yes	CP034205.1	8077452	8078063	611	1	HispS	4	single gene only (HispS)	86.3
GCA_004346965.1	Pyricularia oryzae	yes	CP034205.1	8306754	8373137	66383	1	HispS	4	single gene only (HispS)	169.0
GCA_004346965.1	Pyricularia oryzae	yes	CP034205.1	8588103	8623148	35045	2	HispS,H3H	3	two of four in window	279.0
GCA_004346965.1	Pyricularia oryzae	yes	CP034208.1	92882	94446	1564	1	H3H	4	single gene only (H3H)	90.1
GCA_004346965.1	Pyricularia oryzae	yes	CP034208.1	1485779	1489014	3235	1	HispS	4	single gene only (HispS)	124.0
GCA_004346965.1	Pyricularia oryzae	yes	CP034208.1	2473783	2474499	716	1	CPH	4	single gene only (CPH)	82.8
GCA_004346965.1	Pyricularia oryzae	yes	CP034208.1	2884860	2897306	12446	2	HispS,H3H	3	two of four in window	295.0
GCA_004346965.1	Pyricularia oryzae	yes	CP034208.1	3028676	3029395	719	1	HispS	4	single gene only (HispS)	47.4
GCA_004346965.1	Pyricularia oryzae	yes	CP034208.1	3546979	3567848	20869	1	HispS	4	single gene only (HispS)	261.0
GCA_004346965.1	Pyricularia oryzae	yes	CP034208.1	3709124	3711916	2792	1	HispS	4	single gene only (HispS)	298.0
GCA_004346965.1	Pyricularia oryzae	yes	CP034208.1	4316637	4395018	78381	2	HispS,H3H	3	two of four in window	48.5
GCA_004346965.1	Pyricularia oryzae	yes	CP034209.1	498353	499072	719	1	HispS	4	single gene only (HispS)	52.4
GCA_004346965.1	Pyricularia oryzae	yes	CP034209.1	605402	607132	1730	1	HispS	4	single gene only (HispS)	51.6
GCA_004346965.1	Pyricularia oryzae	yes	CP034209.1	940872	984121	43249	1	HispS	4	single gene only (HispS)	215.0
GCA_004346965.1	Pyricularia oryzae	yes	CP034209.1	1848573	1854358	5785	2	HispS,H3H	3	two of four in window	252.0
GCA_004346965.1	Pyricularia oryzae	yes	CP034209.1	2097779	2098852	1073	1	H3H	4	single gene only (H3H)	169.0
GCA_004346965.1	Pyricularia oryzae	yes	CP034209.1	2737654	2801908	64254	2	HispS,CPH	3	two of four in window	195.0
GCA_004346965.1	Pyricularia oryzae	yes	CP034209.1	3050608	3053766	3158	1	HispS	4	single gene only (HispS)	197.0
GCA_004346965.1	Pyricularia oryzae	yes	CP034209.1	3359441	3362418	2977	1	HispS	4	single gene only (HispS)	153.0
GCA_004346965.1	Pyricularia oryzae	yes	CP034209.1	3653735	3655099	1364	1	H3H	4	single gene only (H3H)	116.0
GCA_004346965.1	Pyricularia oryzae	yes	CP034209.1	4849790	4886574	36784	1	HispS	4	single gene only (HispS)	271.0
GCA_004346965.1	Pyricularia oryzae	yes	CP034209.1	5001917	5042763	40846	2	HispS,H3H	3	two of four in window	227.0
GCA_004346965.1	Pyricularia oryzae	yes	CP034209.1	5591456	5592529	1073	1	H3H	4	single gene only (H3H)	55.1
GCA_004346965.1	Pyricularia oryzae	yes	CP034206.1	496168	496341	173	1	H3H	4	single gene only (H3H)	50.1
GCA_004346965.1	Pyricularia oryzae	yes	CP034206.1	1430373	1464809	34436	1	HispS	4	single gene only (HispS)	300.0
GCA_004346965.1	Pyricularia oryzae	yes	CP034206.1	1830364	1832857	2493	2	Luz,CPH	3	two of four in window	118.0
GCA_004346965.1	Pyricularia oryzae	yes	CP034206.1	2389984	2391024	1040	1	CPH	4	single gene only (CPH)	179.0
GCA_004346965.1	Pyricularia oryzae	yes	CP034206.1	3973551	3974270	719	1	H3H	4	single gene only (H3H)	44.7
GCA_004346965.1	Pyricularia oryzae	yes	CP034206.1	6129912	6131255	1343	1	HispS	4	single gene only (HispS)	111.0
GCA_004346965.1	Pyricularia oryzae	yes	CP034206.1	6376272	6377270	998	1	HispS	4	single gene only (HispS)	49.3
GCA_004346965.1	Pyricularia oryzae	yes	CP034206.1	6607186	6608448	1262	1	HispS	4	single gene only (HispS)	51.2
GCA_004346965.1	Pyricularia oryzae	yes	CP034210.1	509836	518680	8844	2	H3H,CPH	3	two of four in window	154.0
GCA_004346965.1	Pyricularia oryzae	yes	CP034210.1	2336811	2339378	2567	1	HispS	4	single gene only (HispS)	227.0
GCA_004346965.1	Pyricularia oryzae	yes	CP034210.1	3580960	3624400	43440	1	HispS	4	single gene only (HispS)	301.0
GCA_004346965.1	Pyricularia oryzae	yes	CP034210.1	3824101	3826897	2796	1	HispS	4	single gene only (HispS)	166.0
GCA_004346965.1	Pyricularia oryzae	yes	CP034210.1	4301070	4305083	4013	1	HispS	4	single gene only (HispS)	52.4
GCA_004346965.1	Pyricularia oryzae	yes	CP034204.1	1081307	1118711	37404	1	HispS	4	single gene only (HispS)	273.0
GCA_004346965.1	Pyricularia oryzae	yes	CP034204.1	1330369	1427516	97147	1	H3H	4	single gene only (H3H)	71.2
GCA_004346965.1	Pyricularia oryzae	yes	CP034204.1	1696942	1698302	1360	1	H3H	4	single gene only (H3H)	55.8
GCA_004346965.1	Pyricularia oryzae	yes	CP034204.1	3738426	3745641	7215	2	HispS,H3H	3	two of four in window	271.0
GCA_004346965.1	Pyricularia oryzae	yes	CP034204.1	4038961	4039683	722	1	H3H	4	single gene only (H3H)	50.4
GCA_004346965.1	Pyricularia oryzae	yes	CP034207.1	2035911	2039122	3211	1	HispS	4	single gene only (HispS)	96.7
GCA_004346965.1	Pyricularia oryzae	yes	CP034207.1	2727148	2727324	176	1	H3H	4	single gene only (H3H)	44.7
GCA_004346965.1	Pyricularia oryzae	yes	CP034207.1	3447675	3449093	1418	1	H3H	4	single gene only (H3H)	76.3
GCA_004346965.1	Pyricularia oryzae	yes	CP034207.1	4645582	4648885	3303	1	HispS	4	single gene only (HispS)	75.1
GCA_004346965.1	Pyricularia oryzae	yes	CP034207.1	4873300	4876304	3004	1	HispS	4	single gene only (HispS)	202.0
GCA_004346965.1	Pyricularia oryzae	yes	CP034207.1	5152417	5164604	12187	2	HispS,H3H	3	two of four in window	155.0
GCA_004346965.1	Pyricularia oryzae	yes	CP034207.1	5309349	5309900	551	1	H3H	4	single gene only (H3H)	53.1
GCA_036493215.1	Pyricularia oryzae	no	AP027068.1	559368	560087	719	1	HispS	4	single gene only (HispS)	52.4
GCA_036493215.1	Pyricularia oryzae	no	AP027068.1	666548	668278	1730	1	HispS	4	single gene only (HispS)	51.6
GCA_036493215.1	Pyricularia oryzae	no	AP027068.1	1008557	1051803	43246	1	HispS	4	single gene only (HispS)	216.0
GCA_036493215.1	Pyricularia oryzae	no	AP027068.1	1968614	1974392	5778	2	HispS,H3H	3	two of four in window	351.0
GCA_036493215.1	Pyricularia oryzae	no	AP027068.1	2205393	2206466	1073	1	H3H	4	single gene only (H3H)	168.0
GCA_036493215.1	Pyricularia oryzae	no	AP027068.1	2805814	2873634	67820	2	HispS,CPH	3	two of four in window	159.0
GCA_036493215.1	Pyricularia oryzae	no	AP027068.1	3092897	3096055	3158	1	HispS	4	single gene only (HispS)	197.0
GCA_036493215.1	Pyricularia oryzae	no	AP027068.1	3281831	3284820	2989	1	HispS	4	single gene only (HispS)	154.0
GCA_036493215.1	Pyricularia oryzae	no	AP027068.1	3582750	3584114	1364	1	H3H	4	single gene only (H3H)	116.0
GCA_036493215.1	Pyricularia oryzae	no	AP027068.1	4186865	4279232	92367	2	HispS,H3H	3	two of four in window	269.0
GCA_036493215.1	Pyricularia oryzae	no	AP027068.1	5139578	5173830	34252	1	HispS	4	single gene only (HispS)	313.0
GCA_036493215.1	Pyricularia oryzae	no	AP027068.1	5280570	5321482	40912	2	HispS,H3H	3	two of four in window	225.0
GCA_036493215.1	Pyricularia oryzae	no	AP027068.1	5833053	5834117	1064	1	H3H	4	single gene only (H3H)	54.3
GCA_036493215.1	Pyricularia oryzae	no	AP027064.1	830784	831377	593	1	Luz	4	single gene only (Luz)	86.7
GCA_036493215.1	Pyricularia oryzae	no	AP027064.1	1759270	1760166	896	1	HispS	4	single gene only (HispS)	65.9
GCA_036493215.1	Pyricularia oryzae	no	AP027064.1	3891972	3892379	407	1	HispS	4	single gene only (HispS)	50.1
GCA_036493215.1	Pyricularia oryzae	no	AP027064.1	6526843	6527937	1094	1	HispS	4	single gene only (HispS)	53.9
GCA_036493215.1	Pyricularia oryzae	no	AP027064.1	6642642	6645368	2726	1	HispS	4	single gene only (HispS)	332.0
GCA_036493215.1	Pyricularia oryzae	no	AP027064.1	6938056	6939117	1061	1	HispS	4	single gene only (HispS)	58.9
GCA_036493215.1	Pyricularia oryzae	no	AP027064.1	7394923	7500671	105748	1	HispS	4	single gene only (HispS)	315.0
GCA_036493215.1	Pyricularia oryzae	no	AP027064.1	7762363	7805309	42946	2	HispS,H3H	3	two of four in window	271.0
GCA_036493215.1	Pyricularia oryzae	no	AP027067.1	161348	227853	66505	2	HispS,H3H	3	two of four in window	157.0
GCA_036493215.1	Pyricularia oryzae	no	AP027067.1	1581357	1584592	3235	1	HispS	4	single gene only (HispS)	124.0
GCA_036493215.1	Pyricularia oryzae	no	AP027067.1	2544028	2544744	716	1	CPH	4	single gene only (CPH)	82.8
GCA_036493215.1	Pyricularia oryzae	no	AP027067.1	2962219	2969347	7128	2	HispS,H3H	3	two of four in window	291.0
GCA_036493215.1	Pyricularia oryzae	no	AP027067.1	3077481	3078200	719	1	HispS	4	single gene only (HispS)	47.8
GCA_036493215.1	Pyricularia oryzae	no	AP027067.1	3578749	3599687	20938	1	HispS	4	single gene only (HispS)	263.0
GCA_036493215.1	Pyricularia oryzae	no	AP027067.1	3740806	3743598	2792	1	HispS	4	single gene only (HispS)	298.0
GCA_036493215.1	Pyricularia oryzae	no	AP027067.1	4347907	4401310	53403	2	HispS,H3H	3	two of four in window	53.5
GCA_036493215.1	Pyricularia oryzae	no	AP027063.1	87610	91623	4013	1	HispS	4	single gene only (HispS)	48.9
GCA_036493215.1	Pyricularia oryzae	no	AP027063.1	674927	675532	605	1	HispS	4	single gene only (HispS)	46.2
GCA_036493215.1	Pyricularia oryzae	no	AP027063.1	1241934	1397674	155740	2	HispS,H3H	3	two of four in window	306.0
GCA_036493215.1	Pyricularia oryzae	no	AP027063.1	2184297	2185657	1360	1	H3H	4	single gene only (H3H)	54.3
GCA_036493215.1	Pyricularia oryzae	no	AP027063.1	4242502	4243224	722	1	H3H	4	single gene only (H3H)	50.4
GCA_036493215.1	Pyricularia oryzae	no	AP027065.1	461986	462617	631	1	H3H	4	single gene only (H3H)	53.5
GCA_036493215.1	Pyricularia oryzae	no	AP027065.1	1389260	1436002	46742	1	HispS	4	single gene only (HispS)	300.0
GCA_036493215.1	Pyricularia oryzae	no	AP027065.1	1658905	1684804	25899	1	HispS	4	single gene only (HispS)	285.0
GCA_036493215.1	Pyricularia oryzae	no	AP027065.1	2129598	2132091	2493	2	Luz,CPH	3	two of four in window	118.0
GCA_036493215.1	Pyricularia oryzae	no	AP027065.1	3127131	3128163	1032	1	CPH	4	single gene only (CPH)	179.0
GCA_036493215.1	Pyricularia oryzae	no	AP027065.1	4643525	4644244	719	1	H3H	4	single gene only (H3H)	44.7
GCA_036493215.1	Pyricularia oryzae	no	AP027065.1	6783208	6784551	1343	1	HispS	4	single gene only (HispS)	112.0
GCA_036493215.1	Pyricularia oryzae	no	AP027065.1	6916873	6917871	998	1	HispS	4	single gene only (HispS)	47.0
GCA_036493215.1	Pyricularia oryzae	no	AP027065.1	7124123	7125385	1262	1	HispS	4	single gene only (HispS)	57.0
GCA_036493215.1	Pyricularia oryzae	no	AP027065.1	7993310	7995897	2587	1	HispS	4	single gene only (HispS)	166.0
GCA_036493215.1	Pyricularia oryzae	no	AP027069.1	397466	406151	8685	2	H3H,CPH	3	two of four in window	192.0
GCA_036493215.1	Pyricularia oryzae	no	AP027069.1	2215500	2218067	2567	1	HispS	4	single gene only (HispS)	226.0
GCA_036493215.1	Pyricularia oryzae	no	AP027069.1	3588190	3630150	41960	1	HispS	4	single gene only (HispS)	301.0
GCA_036493215.1	Pyricularia oryzae	no	AP027069.1	3760903	3763708	2805	1	HispS	4	single gene only (HispS)	161.0
GCA_036493215.1	Pyricularia oryzae	no	AP027066.1	1965702	1968883	3181	1	HispS	4	single gene only (HispS)	96.7
GCA_036493215.1	Pyricularia oryzae	no	AP027066.1	2664288	2664851	563	1	H3H	4	single gene only (H3H)	44.7
GCA_036493215.1	Pyricularia oryzae	no	AP027066.1	3353162	3354579	1417	1	H3H	4	single gene only (H3H)	76.3
GCA_036493215.1	Pyricularia oryzae	no	AP027066.1	4526911	4546502	19591	1	HispS	4	single gene only (HispS)	111.0
GCA_036493215.1	Pyricularia oryzae	no	AP027066.1	4727214	4730218	3004	1	HispS	4	single gene only (HispS)	202.0
GCA_036493215.1	Pyricularia oryzae	no	AP027066.1	4895668	4907849	12181	2	HispS,H3H	3	two of four in window	147.0
GCA_036493215.1	Pyricularia oryzae	no	AP027066.1	5034345	5034896	551	1	H3H	4	single gene only (H3H)	53.1
GCA_049735435.1	Pyricularia oryzae	no	CM113018.1	965682	966275	593	1	Luz	4	single gene only (Luz)	86.7
GCA_049735435.1	Pyricularia oryzae	no	CM113018.1	1903470	1904366	896	1	HispS	4	single gene only (HispS)	65.9
GCA_049735435.1	Pyricularia oryzae	no	CM113018.1	4147618	4148025	407	1	HispS	4	single gene only (HispS)	50.1
GCA_049735435.1	Pyricularia oryzae	no	CM113018.1	6977924	6979018	1094	1	HispS	4	single gene only (HispS)	53.9
GCA_049735435.1	Pyricularia oryzae	no	CM113018.1	7093598	7096324	2726	1	HispS	4	single gene only (HispS)	332.0
GCA_049735435.1	Pyricularia oryzae	no	CM113018.1	7389746	7390807	1061	1	HispS	4	single gene only (HispS)	58.9
GCA_049735435.1	Pyricularia oryzae	no	CM113018.1	7853638	7966637	112999	1	HispS	4	single gene only (HispS)	315.0
GCA_049735435.1	Pyricularia oryzae	no	CM113018.1	8256212	8315411	59199	2	HispS,H3H	3	two of four in window	270.0
GCA_049735435.1	Pyricularia oryzae	no	CM113018.1	8472084	8474861	2777	1	HispS	4	single gene only (HispS)	289.0
GCA_049735435.1	Pyricularia oryzae	no	CM113021.1	280124	281689	1565	1	H3H	4	single gene only (H3H)	118.0
GCA_049735435.1	Pyricularia oryzae	no	CM113021.1	1660081	1663317	3236	1	HispS	4	single gene only (HispS)	125.0
GCA_049735435.1	Pyricularia oryzae	no	CM113021.1	2622824	2623539	715	1	CPH	4	single gene only (CPH)	69.3
GCA_049735435.1	Pyricularia oryzae	no	CM113021.1	3038643	3045815	7172	2	HispS,H3H	3	two of four in window	293.0
GCA_049735435.1	Pyricularia oryzae	no	CM113021.1	3162261	3162980	719	1	HispS	4	single gene only (HispS)	47.4
GCA_049735435.1	Pyricularia oryzae	no	CM113021.1	3666480	3692116	25636	1	HispS	4	single gene only (HispS)	189.0
GCA_049735435.1	Pyricularia oryzae	no	CM113021.1	3888651	3891275	2624	1	HispS	4	single gene only (HispS)	304.0
GCA_049735435.1	Pyricularia oryzae	no	CM113021.1	4565981	4619836	53855	2	HispS,H3H	3	two of four in window	50.8
GCA_049735435.1	Pyricularia oryzae	no	CM113017.1	577088	577693	605	1	HispS	4	single gene only (HispS)	46.2
GCA_049735435.1	Pyricularia oryzae	no	CM113017.1	1015023	1016396	1373	1	H3H	4	single gene only (H3H)	80.1
GCA_049735435.1	Pyricularia oryzae	no	CM113017.1	1349591	1350688	1097	1	H3H	4	single gene only (H3H)	68.9
GCA_049735435.1	Pyricularia oryzae	no	CM113017.1	1479853	1480554	701	1	H3H	4	single gene only (H3H)	49.3
GCA_049735435.1	Pyricularia oryzae	no	CM113017.1	3862108	3862779	671	1	H3H	4	single gene only (H3H)	49.7
GCA_049735435.1	Pyricularia oryzae	no	CM113017.1	6260938	6266748	5810	2	HispS,H3H	3	two of four in window	253.0
GCA_049735435.1	Pyricularia oryzae	no	CM113017.1	7313165	7356272	43107	1	HispS	4	single gene only (HispS)	216.0
GCA_049735435.1	Pyricularia oryzae	no	CM113017.1	7809342	7810061	719	1	HispS	4	single gene only (HispS)	52.4
GCA_049735435.1	Pyricularia oryzae	no	CM113019.1	588917	589886	969	1	H3H	4	single gene only (H3H)	53.1
GCA_049735435.1	Pyricularia oryzae	no	CM113019.1	1639739	1674203	34464	1	HispS	4	single gene only (HispS)	294.0
GCA_049735435.1	Pyricularia oryzae	no	CM113019.1	1979776	1982206	2430	2	Luz,CPH	3	two of four in window	106.0
GCA_049735435.1	Pyricularia oryzae	no	CM113019.1	2199050	2200089	1039	1	CPH	4	single gene only (CPH)	189.0
GCA_049735435.1	Pyricularia oryzae	no	CM113019.1	3726264	3784788	58524	2	HispS,H3H	3	two of four in window	294.0
GCA_049735435.1	Pyricularia oryzae	no	CM113019.1	6004901	6006244	1343	1	HispS	4	single gene only (HispS)	109.0
GCA_049735435.1	Pyricularia oryzae	no	CM113019.1	6244881	6245876	995	1	HispS	4	single gene only (HispS)	47.0
GCA_049735435.1	Pyricularia oryzae	no	CM113019.1	6498151	6499413	1262	1	HispS	4	single gene only (HispS)	54.7
GCA_049735435.1	Pyricularia oryzae	no	CM113022.1	154741	155814	1073	1	H3H	4	single gene only (H3H)	167.0
GCA_049735435.1	Pyricularia oryzae	no	CM113022.1	939838	1001022	61184	2	HispS,CPH	3	two of four in window	159.0
GCA_049735435.1	Pyricularia oryzae	no	CM113022.1	1354377	1357058	2681	1	HispS	4	single gene only (HispS)	197.0
GCA_049735435.1	Pyricularia oryzae	no	CM113022.1	1689215	1692216	3001	1	HispS	4	single gene only (HispS)	154.0
GCA_049735435.1	Pyricularia oryzae	no	CM113022.1	1981015	1982379	1364	1	H3H	4	single gene only (H3H)	117.0
GCA_049735435.1	Pyricularia oryzae	no	CM113022.1	3189857	3224540	34683	1	HispS	4	single gene only (HispS)	197.0
GCA_049735435.1	Pyricularia oryzae	no	CM113022.1	3388016	3429412	41396	2	HispS,H3H	3	two of four in window	226.0
GCA_049735435.1	Pyricularia oryzae	no	CM113022.1	4082681	4083754	1073	1	H3H	4	single gene only (H3H)	55.5
GCA_049735435.1	Pyricularia oryzae	no	CM113023.1	552659	561344	8685	2	H3H,CPH	3	two of four in window	192.0
GCA_049735435.1	Pyricularia oryzae	no	CM113023.1	2518865	2521432	2567	1	HispS	4	single gene only (HispS)	226.0
GCA_049735435.1	Pyricularia oryzae	no	CM113023.1	3921752	3966873	45121	1	HispS	4	single gene only (HispS)	82.8
GCA_049735435.1	Pyricularia oryzae	no	CM113023.1	4178583	4181382	2799	1	HispS	4	single gene only (HispS)	166.0
GCA_049735435.1	Pyricularia oryzae	no	CM113020.1	2019536	2022736	3200	1	HispS	4	single gene only (HispS)	93.2
GCA_049735435.1	Pyricularia oryzae	no	CM113020.1	2778772	2779335	563	1	H3H	4	single gene only (H3H)	44.7
GCA_049735435.1	Pyricularia oryzae	no	CM113020.1	3479178	3480588	1410	1	H3H	4	single gene only (H3H)	89.7
GCA_049735435.1	Pyricularia oryzae	no	CM113020.1	4886082	4926756	40674	1	HispS	4	single gene only (HispS)	202.0
GCA_049735435.1	Pyricularia oryzae	no	CM113020.1	5184954	5197177	12223	2	HispS,H3H	3	two of four in window	148.0
GCA_049735435.1	Pyricularia oryzae	no	CM113020.1	5363126	5363677	551	1	H3H	4	single gene only (H3H)	54.3
GCA_045517165.1	Saccharomyces cerevisiae	yes	CP042225.1	185261	278338	93077	1	HispS	4	single gene only (HispS)	93.2
GCA_045517165.1	Saccharomyces cerevisiae	yes	CP042233.1	755815	756870	1055	1	HispS	4	single gene only (HispS)	59.3
GCA_045517165.1	Saccharomyces cerevisiae	yes	CP042235.1	732845	733537	692	1	HispS	4	single gene only (HispS)	47.8
GCA_045517165.1	Saccharomyces cerevisiae	yes	CP042235.1	886092	887102	1010	1	HispS	4	single gene only (HispS)	58.9
GCA_045517165.1	Saccharomyces cerevisiae	yes	CP042229.1	329297	329818	521	1	HispS	4	single gene only (HispS)	56.2
GCA_045517165.1	Saccharomyces cerevisiae	yes	CP042221.1	14864	15277	413	1	HispS	4	single gene only (HispS)	43.1
GCA_045517165.1	Saccharomyces cerevisiae	yes	CP042227.1	973163	973816	653	1	H3H	4	single gene only (H3H)	41.6
GCA_045517165.1	Saccharomyces cerevisiae	yes	CP042222.1	56040	57119	1079	1	H3H	4	single gene only (H3H)	57.4
GCA_045517165.1	Saccharomyces cerevisiae	yes	CP042234.1	311604	312272	668	1	CPH	4	single gene only (CPH)	85.9
GCA_053525345.1	Saccharomyces cerevisiae	yes	CM130914.1	184313	277751	93438	1	HispS	4	single gene only (HispS)	92.0
GCA_053525345.1	Saccharomyces cerevisiae	yes	CM130922.1	728624	729679	1055	1	HispS	4	single gene only (HispS)	58.9
GCA_053525345.1	Saccharomyces cerevisiae	yes	CM130924.1	706093	706785	692	1	HispS	4	single gene only (HispS)	47.4
GCA_053525345.1	Saccharomyces cerevisiae	yes	CM130924.1	859330	860340	1010	1	HispS	4	single gene only (HispS)	58.9
GCA_053525345.1	Saccharomyces cerevisiae	yes	CM130918.1	279514	280023	509	1	HispS	4	single gene only (HispS)	56.2
GCA_053525345.1	Saccharomyces cerevisiae	yes	CM130910.1	41544	41957	413	1	HispS	4	single gene only (HispS)	42.7
GCA_053525345.1	Saccharomyces cerevisiae	yes	CM130916.1	966528	967181	653	1	H3H	4	single gene only (H3H)	40.4
GCA_053525345.1	Saccharomyces cerevisiae	yes	CM130911.1	32645	33724	1079	1	H3H	4	single gene only (H3H)	57.4
GCA_053525345.1	Saccharomyces cerevisiae	yes	CM130923.1	305535	306203	668	1	CPH	4	single gene only (CPH)	83.2
GCA_054130705.1	Saccharomyces cerevisiae	yes	CM134321.1	178782	270200	91418	1	HispS	4	single gene only (HispS)	92.0
GCA_054130705.1	Saccharomyces cerevisiae	yes	CM134331.1	723074	723766	692	1	HispS	4	single gene only (HispS)	47.4
GCA_054130705.1	Saccharomyces cerevisiae	yes	CM134331.1	876257	877267	1010	1	HispS	4	single gene only (HispS)	58.9
GCA_054130705.1	Saccharomyces cerevisiae	yes	CM134329.1	735291	736307	1016	1	HispS	4	single gene only (HispS)	58.9
GCA_054130705.1	Saccharomyces cerevisiae	yes	CM134325.1	322724	323233	509	1	HispS	4	single gene only (HispS)	56.2
GCA_054130705.1	Saccharomyces cerevisiae	yes	CM134317.1	35280	35693	413	1	HispS	4	single gene only (HispS)	42.7
GCA_054130705.1	Saccharomyces cerevisiae	yes	CM134318.1	32190	33269	1079	1	H3H	4	single gene only (H3H)	57.4
GCA_054130705.1	Saccharomyces cerevisiae	yes	CM134330.1	328814	329536	722	1	CPH	4	single gene only (CPH)	85.9
GCA_060040885.1	Schizosaccharomyces pombe	no	CM189190.1	730620	731147	527	1	CPH	4	single gene only (CPH)	84.0
GCA_060040885.1	Schizosaccharomyces pombe	no	CM189190.1	975960	976577	617	1	HispS	4	single gene only (HispS)	69.3
GCA_060040885.1	Schizosaccharomyces pombe	no	CM189190.1	1648938	1649972	1034	1	HispS	4	single gene only (HispS)	53.9
GCA_060040885.1	Schizosaccharomyces pombe	no	CM189190.1	2783663	2784298	635	1	HispS	4	single gene only (HispS)	63.5
GCA_060040885.1	Schizosaccharomyces pombe	no	CM189189.1	1626833	1627774	941	1	HispS	4	single gene only (HispS)	65.9
GCA_060040935.1	Schizosaccharomyces pombe	no	CM189194.1	1858706	1859341	635	1	HispS	4	single gene only (HispS)	63.5
GCA_060040935.1	Schizosaccharomyces pombe	no	CM189194.1	2991687	2992721	1034	1	HispS	4	single gene only (HispS)	53.9
GCA_060040935.1	Schizosaccharomyces pombe	no	CM189194.1	3665029	3665646	617	1	HispS	4	single gene only (HispS)	69.3
GCA_060040935.1	Schizosaccharomyces pombe	no	CM189194.1	3910433	3910960	527	1	CPH	4	single gene only (CPH)	84.0
GCA_060040935.1	Schizosaccharomyces pombe	no	CM189193.1	1625422	1626363	941	1	HispS	4	single gene only (HispS)	65.9
GCA_060040965.1	Schizosaccharomyces pombe	no	CM189197.1	1856628	1857263	635	1	HispS	4	single gene only (HispS)	63.5
GCA_060040965.1	Schizosaccharomyces pombe	no	CM189197.1	2977735	2978769	1034	1	HispS	4	single gene only (HispS)	53.9
GCA_060040965.1	Schizosaccharomyces pombe	no	CM189197.1	3651137	3651754	617	1	HispS	4	single gene only (HispS)	69.3
GCA_060040965.1	Schizosaccharomyces pombe	no	CM189197.1	3896560	3897087	527	1	CPH	4	single gene only (CPH)	84.0
GCA_060040965.1	Schizosaccharomyces pombe	no	CM189196.1	1631521	1632462	941	1	HispS	4	single gene only (HispS)	65.9
GCA_001857865.1	Sclerotinia sclerotiorum	yes	CP017816.1	886857	887948	1091	1	HispS	4	single gene only (HispS)	61.6
GCA_001857865.1	Sclerotinia sclerotiorum	yes	CP017816.1	3195937	3198699	2762	1	HispS	4	single gene only (HispS)	318.0
GCA_001857865.1	Sclerotinia sclerotiorum	yes	CP017825.1	1694363	1697309	2946	1	HispS	4	single gene only (HispS)	214.0
GCA_001857865.1	Sclerotinia sclerotiorum	yes	CP017827.1	303164	305827	2663	1	HispS	4	single gene only (HispS)	303.0
GCA_001857865.1	Sclerotinia sclerotiorum	yes	CP017827.1	916197	916925	728	1	HispS	4	single gene only (HispS)	80.9
GCA_001857865.1	Sclerotinia sclerotiorum	yes	CP017827.1	1590515	1590911	396	1	HispS	4	single gene only (HispS)	55.8
GCA_001857865.1	Sclerotinia sclerotiorum	yes	CP017828.1	288069	288848	779	1	Luz	4	single gene only (Luz)	117.0
GCA_001857865.1	Sclerotinia sclerotiorum	yes	CP017828.1	857159	858175	1016	1	CPH	4	single gene only (CPH)	125.0
GCA_001857865.1	Sclerotinia sclerotiorum	yes	CP017828.1	969309	972403	3094	1	HispS	4	single gene only (HispS)	145.0
GCA_001857865.1	Sclerotinia sclerotiorum	yes	CP017828.1	1482582	1504113	21531	1	HispS	4	single gene only (HispS)	168.0
GCA_001857865.1	Sclerotinia sclerotiorum	yes	CP017818.1	69383	70471	1088	1	H3H	4	single gene only (H3H)	121.0
GCA_001857865.1	Sclerotinia sclerotiorum	yes	CP017818.1	1244541	1245266	725	1	HispS	4	single gene only (HispS)	48.5
GCA_001857865.1	Sclerotinia sclerotiorum	yes	CP017818.1	1586375	1587937	1562	1	H3H	4	single gene only (H3H)	100.0
GCA_001857865.1	Sclerotinia sclerotiorum	yes	CP017818.1	2300610	2303458	2848	1	HispS	4	single gene only (HispS)	161.0
GCA_001857865.1	Sclerotinia sclerotiorum	yes	CP017818.1	2628398	2638249	9851	2	HispS,H3H	3	two of four in window	152.0
GCA_001857865.1	Sclerotinia sclerotiorum	yes	CP017814.1	917227	917550	323	1	HispS	4	single gene only (HispS)	48.1
GCA_001857865.1	Sclerotinia sclerotiorum	yes	CP017814.1	1463545	1521808	58263	1	HispS	4	single gene only (HispS)	112.0
GCA_001857865.1	Sclerotinia sclerotiorum	yes	CP017814.1	2022995	2069688	46693	1	HispS	4	single gene only (HispS)	157.0
GCA_001857865.1	Sclerotinia sclerotiorum	yes	CP017814.1	2974086	2975246	1160	1	H3H	4	single gene only (H3H)	60.1
GCA_001857865.1	Sclerotinia sclerotiorum	yes	CP017814.1	3561784	3571654	9870	1	HispS	4	single gene only (HispS)	64.7
GCA_001857865.1	Sclerotinia sclerotiorum	yes	CP017829.1	33910	34593	683	1	HispS	4	single gene only (HispS)	46.2
GCA_001857865.1	Sclerotinia sclerotiorum	yes	CP017829.1	1077357	1080138	2781	1	HispS	4	single gene only (HispS)	187.0
GCA_001857865.1	Sclerotinia sclerotiorum	yes	CP017819.1	1208382	1296785	88403	2	HispS,H3H	3	two of four in window	138.0
GCA_001857865.1	Sclerotinia sclerotiorum	yes	CP017819.1	2428956	2430148	1192	1	H3H	4	single gene only (H3H)	110.0
GCA_001857865.1	Sclerotinia sclerotiorum	yes	CP017820.1	61623	64932	3309	1	HispS	4	single gene only (HispS)	181.0
GCA_001857865.1	Sclerotinia sclerotiorum	yes	CP017820.1	447881	448294	413	1	HispS	4	single gene only (HispS)	46.2
GCA_001857865.1	Sclerotinia sclerotiorum	yes	CP017820.1	1589752	1592579	2827	1	HispS	4	single gene only (HispS)	195.0
GCA_001857865.1	Sclerotinia sclerotiorum	yes	CP017820.1	1942563	2043835	101272	1	H3H	4	single gene only (H3H)	105.0
GCA_001857865.1	Sclerotinia sclerotiorum	yes	CP017817.1	132422	133129	707	1	H3H	4	single gene only (H3H)	52.4
GCA_001857865.1	Sclerotinia sclerotiorum	yes	CP017817.1	257529	260600	3071	1	HispS	4	single gene only (HispS)	108.0
GCA_001857865.1	Sclerotinia sclerotiorum	yes	CP017817.1	666090	669560	3470	1	HispS	4	single gene only (HispS)	159.0
GCA_001857865.1	Sclerotinia sclerotiorum	yes	CP017817.1	1490040	1491212	1172	1	H3H	4	single gene only (H3H)	183.0
GCA_001857865.1	Sclerotinia sclerotiorum	yes	CP017817.1	2222655	2223848	1193	1	H3H	4	single gene only (H3H)	97.1
GCA_001857865.1	Sclerotinia sclerotiorum	yes	CP017817.1	2433496	2434482	986	1	H3H	4	single gene only (H3H)	62.4
GCA_001857865.1	Sclerotinia sclerotiorum	yes	CP017826.1	1077983	1078771	788	1	Luz	4	single gene only (Luz)	108.0
GCA_001857865.1	Sclerotinia sclerotiorum	yes	CP017826.1	1617524	1620757	3233	1	HispS	4	single gene only (HispS)	134.0
GCA_001857865.1	Sclerotinia sclerotiorum	yes	CP017823.1	149032	150006	974	1	HispS	4	single gene only (HispS)	55.5
GCA_001857865.1	Sclerotinia sclerotiorum	yes	CP017823.1	813371	814473	1102	1	H3H	4	single gene only (H3H)	53.5
GCA_001857865.1	Sclerotinia sclerotiorum	yes	CP017823.1	1156164	1213317	57153	2	HispS,H3H	3	two of four in window	117.0
GCA_001857865.1	Sclerotinia sclerotiorum	yes	CP017823.1	1580143	1581345	1202	1	H3H	4	single gene only (H3H)	161.0
GCA_001857865.1	Sclerotinia sclerotiorum	yes	CP017822.1	1032655	1034115	1460	1	HispS	4	single gene only (HispS)	63.9
GCA_001857865.1	Sclerotinia sclerotiorum	yes	CP017821.1	739349	740077	728	1	HispS	4	single gene only (HispS)	52.8
GCA_001857865.1	Sclerotinia sclerotiorum	yes	CP017821.1	1417135	1417971	836	1	H3H	4	single gene only (H3H)	142.0
GCA_001857865.1	Sclerotinia sclerotiorum	yes	CP017815.1	413710	414207	497	1	HispS	4	single gene only (HispS)	52.4
GCA_001857865.1	Sclerotinia sclerotiorum	yes	CP017815.1	1046045	1047353	1308	1	H3H	4	single gene only (H3H)	93.2
GCA_001857865.1	Sclerotinia sclerotiorum	yes	CP017815.1	1656242	1657269	1027	1	CPH	4	single gene only (CPH)	163.0
GCA_001857865.1	Sclerotinia sclerotiorum	yes	CP017815.1	1776442	1776864	422	1	CPH	4	single gene only (CPH)	68.2
GCA_001857865.1	Sclerotinia sclerotiorum	yes	CP017815.1	2290665	2292431	1766	1	HispS	4	single gene only (HispS)	44.3
GCA_001857865.1	Sclerotinia sclerotiorum	yes	CP017815.1	3187203	3187550	347	1	H3H	4	single gene only (H3H)	44.3
GCA_001857865.1	Sclerotinia sclerotiorum	yes	CP017824.1	722832	723062	230	1	H3H	4	single gene only (H3H)	43.5
GCA_001857865.1	Sclerotinia sclerotiorum	yes	CP017824.1	1355243	1356816	1573	1	H3H	4	single gene only (H3H)	69.7
GCA_039834505.1	Sclerotinia sclerotiorum	no	CP156253.1	889188	890279	1091	1	HispS	4	single gene only (HispS)	61.6
GCA_039834505.1	Sclerotinia sclerotiorum	no	CP156253.1	3203820	3206582	2762	1	HispS	4	single gene only (HispS)	318.0
GCA_039834505.1	Sclerotinia sclerotiorum	no	CP156262.1	1698392	1701338	2946	1	HispS	4	single gene only (HispS)	214.0
GCA_039834505.1	Sclerotinia sclerotiorum	no	CP156264.1	304011	306674	2663	1	HispS	4	single gene only (HispS)	303.0
GCA_039834505.1	Sclerotinia sclerotiorum	no	CP156264.1	922393	923121	728	1	HispS	4	single gene only (HispS)	80.9
GCA_039834505.1	Sclerotinia sclerotiorum	no	CP156264.1	1592221	1592771	550	1	HispS	4	single gene only (HispS)	59.3
GCA_039834505.1	Sclerotinia sclerotiorum	no	CP156265.1	298856	299635	779	1	Luz	4	single gene only (Luz)	117.0
GCA_039834505.1	Sclerotinia sclerotiorum	no	CP156265.1	841257	842273	1016	1	CPH	4	single gene only (CPH)	125.0
GCA_039834505.1	Sclerotinia sclerotiorum	no	CP156265.1	960320	963414	3094	1	HispS	4	single gene only (HispS)	145.0
GCA_039834505.1	Sclerotinia sclerotiorum	no	CP156265.1	1496481	1518012	21531	1	HispS	4	single gene only (HispS)	168.0
GCA_039834505.1	Sclerotinia sclerotiorum	no	CP156255.1	70786	71874	1088	1	H3H	4	single gene only (H3H)	121.0
GCA_039834505.1	Sclerotinia sclerotiorum	no	CP156255.1	1203660	1204385	725	1	HispS	4	single gene only (HispS)	48.5
GCA_039834505.1	Sclerotinia sclerotiorum	no	CP156255.1	1553625	1555187	1562	1	H3H	4	single gene only (H3H)	100.0
GCA_039834505.1	Sclerotinia sclerotiorum	no	CP156255.1	2263528	2266376	2848	1	HispS	4	single gene only (HispS)	163.0
GCA_039834505.1	Sclerotinia sclerotiorum	no	CP156255.1	2595438	2605289	9851	2	HispS,H3H	3	two of four in window	152.0
GCA_039834505.1	Sclerotinia sclerotiorum	no	CP156251.1	929511	929834	323	1	HispS	4	single gene only (HispS)	48.1
GCA_039834505.1	Sclerotinia sclerotiorum	no	CP156251.1	1481027	1539461	58434	1	HispS	4	single gene only (HispS)	112.0
GCA_039834505.1	Sclerotinia sclerotiorum	no	CP156251.1	2040103	2087683	47580	1	HispS	4	single gene only (HispS)	157.0
GCA_039834505.1	Sclerotinia sclerotiorum	no	CP156251.1	2983299	2984459	1160	1	H3H	4	single gene only (H3H)	59.7
GCA_039834505.1	Sclerotinia sclerotiorum	no	CP156251.1	3570239	3580428	10189	1	HispS	4	single gene only (HispS)	65.1
GCA_039834505.1	Sclerotinia sclerotiorum	no	CP156266.1	36230	36913	683	1	HispS	4	single gene only (HispS)	46.6
GCA_039834505.1	Sclerotinia sclerotiorum	no	CP156266.1	1092820	1095608	2788	1	HispS	4	single gene only (HispS)	179.0
GCA_039834505.1	Sclerotinia sclerotiorum	no	CP156256.1	1216751	1304915	88164	2	HispS,H3H	3	two of four in window	137.0
GCA_039834505.1	Sclerotinia sclerotiorum	no	CP156256.1	2427816	2429008	1192	1	H3H	4	single gene only (H3H)	110.0
GCA_039834505.1	Sclerotinia sclerotiorum	no	CP156257.1	61625	64934	3309	1	HispS	4	single gene only (HispS)	181.0
GCA_039834505.1	Sclerotinia sclerotiorum	no	CP156257.1	472366	472779	413	1	HispS	4	single gene only (HispS)	46.2
GCA_039834505.1	Sclerotinia sclerotiorum	no	CP156257.1	1599138	1601965	2827	1	HispS	4	single gene only (HispS)	195.0
GCA_039834505.1	Sclerotinia sclerotiorum	no	CP156257.1	1886914	1983153	96239	1	H3H	4	single gene only (H3H)	104.0
GCA_039834505.1	Sclerotinia sclerotiorum	no	CP156254.1	139447	140154	707	1	H3H	4	single gene only (H3H)	52.4
GCA_039834505.1	Sclerotinia sclerotiorum	no	CP156254.1	398026	401097	3071	1	HispS	4	single gene only (HispS)	108.0
GCA_039834505.1	Sclerotinia sclerotiorum	no	CP156254.1	811706	815176	3470	1	HispS	4	single gene only (HispS)	159.0
GCA_039834505.1	Sclerotinia sclerotiorum	no	CP156254.1	1649526	1650698	1172	1	H3H	4	single gene only (H3H)	183.0
GCA_039834505.1	Sclerotinia sclerotiorum	no	CP156254.1	2359660	2360853	1193	1	H3H	4	single gene only (H3H)	97.1
GCA_039834505.1	Sclerotinia sclerotiorum	no	CP156254.1	2563272	2564258	986	1	H3H	4	single gene only (H3H)	62.4
GCA_039834505.1	Sclerotinia sclerotiorum	no	CP156263.1	1036467	1037255	788	1	Luz	4	single gene only (Luz)	108.0
GCA_039834505.1	Sclerotinia sclerotiorum	no	CP156263.1	1584655	1587888	3233	1	HispS	4	single gene only (HispS)	134.0
GCA_039834505.1	Sclerotinia sclerotiorum	no	CP156258.1	733156	733884	728	1	HispS	4	single gene only (HispS)	52.8
GCA_039834505.1	Sclerotinia sclerotiorum	no	CP156258.1	1418354	1419190	836	1	H3H	4	single gene only (H3H)	143.0
GCA_039834505.1	Sclerotinia sclerotiorum	no	CP156258.1	1687163	1759701	72538	1	HispS	4	single gene only (HispS)	87.0
GCA_039834505.1	Sclerotinia sclerotiorum	no	CP156260.1	172869	173843	974	1	HispS	4	single gene only (HispS)	55.5
GCA_039834505.1	Sclerotinia sclerotiorum	no	CP156260.1	841692	842794	1102	1	H3H	4	single gene only (H3H)	53.5
GCA_039834505.1	Sclerotinia sclerotiorum	no	CP156260.1	1184940	1242095	57155	2	HispS,H3H	3	two of four in window	115.0
GCA_039834505.1	Sclerotinia sclerotiorum	no	CP156260.1	1621977	1623179	1202	1	H3H	4	single gene only (H3H)	161.0
GCA_039834505.1	Sclerotinia sclerotiorum	no	CP156259.1	1067192	1068652	1460	1	HispS	4	single gene only (HispS)	63.9
GCA_039834505.1	Sclerotinia sclerotiorum	no	CP156252.1	416011	416508	497	1	HispS	4	single gene only (HispS)	52.4
GCA_039834505.1	Sclerotinia sclerotiorum	no	CP156252.1	1038970	1040278	1308	1	H3H	4	single gene only (H3H)	93.2
GCA_039834505.1	Sclerotinia sclerotiorum	no	CP156252.1	1646387	1647414	1027	1	CPH	4	single gene only (CPH)	163.0
GCA_039834505.1	Sclerotinia sclerotiorum	no	CP156252.1	1766589	1767011	422	1	CPH	4	single gene only (CPH)	68.2
GCA_039834505.1	Sclerotinia sclerotiorum	no	CP156252.1	2293026	2294792	1766	1	HispS	4	single gene only (HispS)	44.3
GCA_039834505.1	Sclerotinia sclerotiorum	no	CP156252.1	3195198	3195545	347	1	H3H	4	single gene only (H3H)	44.3
GCA_039834505.1	Sclerotinia sclerotiorum	no	CP156261.1	549789	550019	230	1	H3H	4	single gene only (H3H)	43.5
GCA_039834505.1	Sclerotinia sclerotiorum	no	CP156261.1	1179471	1181044	1573	1	H3H	4	single gene only (H3H)	69.7
GCA_039834615.1	Sclerotinia sclerotiorum	no	CP156317.1	871106	872197	1091	1	HispS	4	single gene only (HispS)	61.6
GCA_039834615.1	Sclerotinia sclerotiorum	no	CP156317.1	3170811	3173573	2762	1	HispS	4	single gene only (HispS)	319.0
GCA_039834615.1	Sclerotinia sclerotiorum	no	CP156326.1	1707077	1710023	2946	1	HispS	4	single gene only (HispS)	214.0
GCA_039834615.1	Sclerotinia sclerotiorum	no	CP156328.1	263395	266058	2663	1	HispS	4	single gene only (HispS)	303.0
GCA_039834615.1	Sclerotinia sclerotiorum	no	CP156328.1	876606	877334	728	1	HispS	4	single gene only (HispS)	80.9
GCA_039834615.1	Sclerotinia sclerotiorum	no	CP156328.1	1554162	1554712	550	1	HispS	4	single gene only (HispS)	59.3
GCA_039834615.1	Sclerotinia sclerotiorum	no	CP156329.1	290869	291648	779	1	Luz	4	single gene only (Luz)	117.0
GCA_039834615.1	Sclerotinia sclerotiorum	no	CP156329.1	856113	857129	1016	1	CPH	4	single gene only (CPH)	125.0
GCA_039834615.1	Sclerotinia sclerotiorum	no	CP156329.1	974910	978004	3094	1	HispS	4	single gene only (HispS)	145.0
GCA_039834615.1	Sclerotinia sclerotiorum	no	CP156329.1	1310741	1313958	3217	1	HispS	4	single gene only (HispS)	132.0
GCA_039834615.1	Sclerotinia sclerotiorum	no	CP156329.1	1525618	1547149	21531	1	HispS	4	single gene only (HispS)	168.0
GCA_039834615.1	Sclerotinia sclerotiorum	no	CP156319.1	70700	71788	1088	1	H3H	4	single gene only (H3H)	121.0
GCA_039834615.1	Sclerotinia sclerotiorum	no	CP156319.1	1219714	1220439	725	1	HispS	4	single gene only (HispS)	48.5
GCA_039834615.1	Sclerotinia sclerotiorum	no	CP156319.1	1570695	1572257	1562	1	H3H	4	single gene only (H3H)	100.0
GCA_039834615.1	Sclerotinia sclerotiorum	no	CP156319.1	2269625	2272473	2848	1	HispS	4	single gene only (HispS)	161.0
GCA_039834615.1	Sclerotinia sclerotiorum	no	CP156319.1	2595879	2605730	9851	2	HispS,H3H	3	two of four in window	152.0
GCA_039834615.1	Sclerotinia sclerotiorum	no	CP156315.1	938636	938959	323	1	HispS	4	single gene only (HispS)	48.1
GCA_039834615.1	Sclerotinia sclerotiorum	no	CP156315.1	1487318	1543736	56418	1	HispS	4	single gene only (HispS)	112.0
GCA_039834615.1	Sclerotinia sclerotiorum	no	CP156315.1	2045317	2087560	42243	1	HispS	4	single gene only (HispS)	157.0
GCA_039834615.1	Sclerotinia sclerotiorum	no	CP156315.1	2989674	2990834	1160	1	H3H	4	single gene only (H3H)	60.1
GCA_039834615.1	Sclerotinia sclerotiorum	no	CP156315.1	3612793	3628701	15908	1	HispS	4	single gene only (HispS)	65.1
GCA_039834615.1	Sclerotinia sclerotiorum	no	CP156330.1	105318	106001	683	1	HispS	4	single gene only (HispS)	46.6
GCA_039834615.1	Sclerotinia sclerotiorum	no	CP156330.1	1078816	1081604	2788	1	HispS	4	single gene only (HispS)	179.0
GCA_039834615.1	Sclerotinia sclerotiorum	no	CP156320.1	1197155	1285239	88084	2	HispS,H3H	3	two of four in window	137.0
GCA_039834615.1	Sclerotinia sclerotiorum	no	CP156320.1	2405345	2406537	1192	1	H3H	4	single gene only (H3H)	110.0
GCA_039834615.1	Sclerotinia sclerotiorum	no	CP156321.1	93201	96510	3309	1	HispS	4	single gene only (HispS)	181.0
GCA_039834615.1	Sclerotinia sclerotiorum	no	CP156321.1	480410	480823	413	1	HispS	4	single gene only (HispS)	46.2
GCA_039834615.1	Sclerotinia sclerotiorum	no	CP156321.1	1598701	1601528	2827	1	HispS	4	single gene only (HispS)	195.0
GCA_039834615.1	Sclerotinia sclerotiorum	no	CP156321.1	1886571	1984027	97456	1	H3H	4	single gene only (H3H)	104.0
GCA_039834615.1	Sclerotinia sclerotiorum	no	CP156318.1	143879	144586	707	1	H3H	4	single gene only (H3H)	52.4
GCA_039834615.1	Sclerotinia sclerotiorum	no	CP156318.1	268748	271819	3071	1	HispS	4	single gene only (HispS)	109.0
GCA_039834615.1	Sclerotinia sclerotiorum	no	CP156318.1	672943	676413	3470	1	HispS	4	single gene only (HispS)	159.0
GCA_039834615.1	Sclerotinia sclerotiorum	no	CP156318.1	1506972	1508144	1172	1	H3H	4	single gene only (H3H)	183.0
GCA_039834615.1	Sclerotinia sclerotiorum	no	CP156318.1	2230086	2231279	1193	1	H3H	4	single gene only (H3H)	97.1
GCA_039834615.1	Sclerotinia sclerotiorum	no	CP156318.1	2433473	2434459	986	1	H3H	4	single gene only (H3H)	62.4
GCA_039834615.1	Sclerotinia sclerotiorum	no	CP156327.1	1070408	1071196	788	1	Luz	4	single gene only (Luz)	108.0
GCA_039834615.1	Sclerotinia sclerotiorum	no	CP156327.1	1619373	1622606	3233	1	HispS	4	single gene only (HispS)	134.0
GCA_039834615.1	Sclerotinia sclerotiorum	no	CP156322.1	742027	742755	728	1	HispS	4	single gene only (HispS)	52.8
GCA_039834615.1	Sclerotinia sclerotiorum	no	CP156322.1	1420170	1421006	836	1	H3H	4	single gene only (H3H)	142.0
GCA_039834615.1	Sclerotinia sclerotiorum	no	CP156322.1	1683847	1761807	77960	1	HispS	4	single gene only (HispS)	87.0
GCA_039834615.1	Sclerotinia sclerotiorum	no	CP156324.1	149930	150904	974	1	HispS	4	single gene only (HispS)	55.5
GCA_039834615.1	Sclerotinia sclerotiorum	no	CP156324.1	815104	816206	1102	1	H3H	4	single gene only (H3H)	53.5
GCA_039834615.1	Sclerotinia sclerotiorum	no	CP156324.1	1157844	1215028	57184	2	HispS,H3H	3	two of four in window	115.0
GCA_039834615.1	Sclerotinia sclerotiorum	no	CP156324.1	1606398	1607600	1202	1	H3H	4	single gene only (H3H)	161.0
GCA_039834615.1	Sclerotinia sclerotiorum	no	CP156323.1	1076575	1078035	1460	1	HispS	4	single gene only (HispS)	63.9
GCA_039834615.1	Sclerotinia sclerotiorum	no	CP156316.1	408168	408665	497	1	HispS	4	single gene only (HispS)	52.4
GCA_039834615.1	Sclerotinia sclerotiorum	no	CP156316.1	1034854	1036162	1308	1	H3H	4	single gene only (H3H)	94.0
GCA_039834615.1	Sclerotinia sclerotiorum	no	CP156316.1	1647205	1648232	1027	1	CPH	4	single gene only (CPH)	163.0
GCA_039834615.1	Sclerotinia sclerotiorum	no	CP156316.1	1767401	1767823	422	1	CPH	4	single gene only (CPH)	68.2
GCA_039834615.1	Sclerotinia sclerotiorum	no	CP156316.1	2281964	2283730	1766	1	HispS	4	single gene only (HispS)	44.3
GCA_039834615.1	Sclerotinia sclerotiorum	no	CP156316.1	3176841	3177188	347	1	H3H	4	single gene only (H3H)	44.3
GCA_039834615.1	Sclerotinia sclerotiorum	no	CP156325.1	541514	541744	230	1	H3H	4	single gene only (H3H)	43.5
GCA_039834615.1	Sclerotinia sclerotiorum	no	CP156325.1	1179947	1181520	1573	1	H3H	4	single gene only (H3H)	69.7
GCA_009556855.1	Talaromyces marneffei	yes	CP045660.1	39976	42678	2702	1	HispS	4	single gene only (HispS)	277.0
GCA_009556855.1	Talaromyces marneffei	yes	CP045660.1	233743	242808	9065	1	HispS	4	single gene only (HispS)	328.0
GCA_009556855.1	Talaromyces marneffei	yes	CP045660.1	1442343	1562562	120219	3	HispS,H3H,CPH	2	three of four in window	69.3
GCA_009556855.1	Talaromyces marneffei	yes	CP045655.1	283164	286142	2978	1	HispS	4	single gene only (HispS)	106.0
GCA_009556855.1	Talaromyces marneffei	yes	CP045655.1	888212	888760	548	1	H3H	4	single gene only (H3H)	42.7
GCA_009556855.1	Talaromyces marneffei	yes	CP045655.1	1173929	1258488	84559	2	HispS,CPH	3	two of four in window	266.0
GCA_009556855.1	Talaromyces marneffei	yes	CP045655.1	1419044	1505869	86825	2	HispS,H3H	3	two of four in window	267.0
GCA_009556855.1	Talaromyces marneffei	yes	CP045655.1	1661023	1661226	203	1	H3H	4	single gene only (H3H)	43.9
GCA_009556855.1	Talaromyces marneffei	yes	CP045655.1	2727110	2787965	60855	2	HispS,H3H	3	two of four in window	58.2
GCA_009556855.1	Talaromyces marneffei	yes	CP045655.1	3088533	3091094	2561	1	HispS	4	single gene only (HispS)	311.0
GCA_009556855.1	Talaromyces marneffei	yes	CP045655.1	3249458	3250852	1394	1	H3H	4	single gene only (H3H)	57.0
GCA_009556855.1	Talaromyces marneffei	yes	CP045655.1	3422112	3423258	1146	1	H3H	4	single gene only (H3H)	74.3
GCA_009556855.1	Talaromyces marneffei	yes	CP045653.1	165391	166479	1088	1	H3H	4	single gene only (H3H)	67.0
GCA_009556855.1	Talaromyces marneffei	yes	CP045653.1	310526	355928	45402	2	HispS,H3H	3	two of four in window	59.3
GCA_009556855.1	Talaromyces marneffei	yes	CP045653.1	1326166	1327362	1196	1	HispS	4	single gene only (HispS)	49.3
GCA_009556855.1	Talaromyces marneffei	yes	CP045653.1	1781658	1782410	752	1	HispS	4	single gene only (HispS)	58.2
GCA_009556855.1	Talaromyces marneffei	yes	CP045653.1	2136484	2137017	533	1	H3H	4	single gene only (H3H)	45.8
GCA_009556855.1	Talaromyces marneffei	yes	CP045653.1	3455320	3456291	971	1	HispS	4	single gene only (HispS)	66.2
GCA_009556855.1	Talaromyces marneffei	yes	CP045653.1	3879406	3880632	1226	1	HispS	4	single gene only (HispS)	53.5
GCA_009556855.1	Talaromyces marneffei	yes	CP045653.1	4320749	4513876	193127	2	HispS,H3H	3	two of four in window	188.0
GCA_009556855.1	Talaromyces marneffei	yes	CP045653.1	4756160	4758697	2537	1	HispS	4	single gene only (HispS)	275.0
GCA_009556855.1	Talaromyces marneffei	yes	CP045653.1	5329215	5329493	278	1	H3H	4	single gene only (H3H)	44.7
GCA_009556855.1	Talaromyces marneffei	yes	CP045653.1	6147361	6147606	245	1	H3H	4	single gene only (H3H)	45.8
GCA_009556855.1	Talaromyces marneffei	yes	CP045658.1	48507	64077	15570	2	HispS,H3H	3	two of four in window	260.0
GCA_009556855.1	Talaromyces marneffei	yes	CP045658.1	975157	1069655	94498	1	H3H	4	single gene only (H3H)	71.6
GCA_009556855.1	Talaromyces marneffei	yes	CP045658.1	2649549	2650621	1072	1	H3H	4	single gene only (H3H)	83.6
GCA_009556855.1	Talaromyces marneffei	yes	CP045658.1	2992698	2993375	677	1	H3H	4	single gene only (H3H)	45.4
GCA_009556855.1	Talaromyces marneffei	yes	CP045658.1	3114227	3135608	21381	1	H3H	4	single gene only (H3H)	156.0
GCA_009556855.1	Talaromyces marneffei	yes	CP045657.1	144701	300419	155718	3	HispS,H3H,CPH	2	three of four in window	268.0
GCA_009556855.1	Talaromyces marneffei	yes	CP045657.1	569027	577943	8916	1	HispS	4	single gene only (HispS)	224.0
GCA_009556855.1	Talaromyces marneffei	yes	CP045657.1	859887	860753	866	1	HispS	4	single gene only (HispS)	45.4
GCA_009556855.1	Talaromyces marneffei	yes	CP045657.1	1842154	1971353	129199	2	HispS,CPH	3	two of four in window	242.0
GCA_009556855.1	Talaromyces marneffei	yes	CP045657.1	2390278	2390760	482	1	Luz	4	single gene only (Luz)	80.9
GCA_009556855.1	Talaromyces marneffei	yes	CP045657.1	3127194	3127412	218	1	H3H	4	single gene only (H3H)	45.8
GCA_009556855.1	Talaromyces marneffei	yes	CP045654.1	199705	211051	11346	1	H3H	4	single gene only (H3H)	93.2
GCA_009556855.1	Talaromyces marneffei	yes	CP045654.1	321841	339857	18016	1	HispS	4	single gene only (HispS)	261.0
GCA_009556855.1	Talaromyces marneffei	yes	CP045654.1	521975	524808	2833	1	HispS	4	single gene only (HispS)	190.0
GCA_009556855.1	Talaromyces marneffei	yes	CP045654.1	1057141	1058166	1025	1	H3H	4	single gene only (H3H)	90.9
GCA_009556855.1	Talaromyces marneffei	yes	CP045654.1	1312209	1331529	19320	1	HispS	4	single gene only (HispS)	166.0
GCA_009556855.1	Talaromyces marneffei	yes	CP045654.1	2565387	2568368	2981	1	HispS	4	single gene only (HispS)	171.0
GCA_009556855.1	Talaromyces marneffei	yes	CP045654.1	2821801	2822601	800	1	CPH	4	single gene only (CPH)	201.0
GCA_009556855.1	Talaromyces marneffei	yes	CP045659.1	76570	139412	62842	1	HispS	4	single gene only (HispS)	196.0
GCA_009556855.1	Talaromyces marneffei	yes	CP045659.1	366159	374382	8223	2	HispS,H3H	3	two of four in window	255.0
GCA_009556855.1	Talaromyces marneffei	yes	CP045659.1	780699	782055	1356	1	H3H	4	single gene only (H3H)	74.7
GCA_009556855.1	Talaromyces marneffei	yes	CP045659.1	1834504	1863523	29019	2	H3H,Luz	3	two of four in window	53.5
GCA_009556855.1	Talaromyces marneffei	yes	CP045656.1	153521	156420	2899	1	HispS	4	single gene only (HispS)	209.0
GCA_009556855.1	Talaromyces marneffei	yes	CP045656.1	341425	342039	614	1	H3H	4	single gene only (H3H)	43.1
GCA_009556855.1	Talaromyces marneffei	yes	CP045656.1	727391	728675	1284	1	H3H	4	single gene only (H3H)	60.1
GCA_009556855.1	Talaromyces marneffei	yes	CP045656.1	1155001	1257129	102128	2	HispS,H3H	3	two of four in window	233.0
GCA_009556855.1	Talaromyces marneffei	yes	CP045656.1	1872236	1872811	575	1	H3H	4	single gene only (H3H)	65.9
GCA_009556855.1	Talaromyces marneffei	yes	CP045656.1	2326844	2327158	314	1	H3H	4	single gene only (H3H)	53.5
GCA_009556855.1	Talaromyces marneffei	yes	CP045656.1	3109962	3110585	623	1	HispS	4	single gene only (HispS)	48.1
GCA_009556855.1	Talaromyces marneffei	yes	CP045656.1	3211032	3211601	569	1	HispS	4	single gene only (HispS)	47.8
GCA_009556855.1	Talaromyces marneffei	yes	CP045656.1	3457554	3458923	1369	1	H3H	4	single gene only (H3H)	72.4
GCA_003971505.1	Talaromyces marneffei	no	CP015875.1	381234	511806	130572	3	HispS,H3H,CPH	2	three of four in window	69.3
GCA_003971505.1	Talaromyces marneffei	no	CP015875.1	1719665	1728730	9065	1	HispS	4	single gene only (HispS)	328.0
GCA_003971505.1	Talaromyces marneffei	no	CP015875.1	1919786	1922488	2702	1	HispS	4	single gene only (HispS)	277.0
GCA_003971505.1	Talaromyces marneffei	no	CP015870.1	269735	272713	2978	1	HispS	4	single gene only (HispS)	106.0
GCA_003971505.1	Talaromyces marneffei	no	CP015870.1	876994	877542	548	1	H3H	4	single gene only (H3H)	42.7
GCA_003971505.1	Talaromyces marneffei	no	CP015870.1	1160154	1244728	84574	2	HispS,CPH	3	two of four in window	266.0
GCA_003971505.1	Talaromyces marneffei	no	CP015870.1	1438424	1525324	86900	2	HispS,H3H	3	two of four in window	267.0
GCA_003971505.1	Talaromyces marneffei	no	CP015870.1	1707887	1708090	203	1	H3H	4	single gene only (H3H)	43.9
GCA_003971505.1	Talaromyces marneffei	no	CP015870.1	2770599	2831402	60803	2	HispS,H3H	3	two of four in window	58.2
GCA_003971505.1	Talaromyces marneffei	no	CP015870.1	3137733	3140294	2561	1	HispS	4	single gene only (HispS)	311.0
GCA_003971505.1	Talaromyces marneffei	no	CP015870.1	3298686	3300080	1394	1	H3H	4	single gene only (H3H)	57.0
GCA_003971505.1	Talaromyces marneffei	no	CP015870.1	3469237	3470383	1146	1	H3H	4	single gene only (H3H)	74.3
GCA_003971505.1	Talaromyces marneffei	no	CP015868.1	321185	321430	245	1	H3H	4	single gene only (H3H)	45.8
GCA_003971505.1	Talaromyces marneffei	no	CP015868.1	1306072	1306350	278	1	H3H	4	single gene only (H3H)	44.7
GCA_003971505.1	Talaromyces marneffei	no	CP015868.1	2059902	2248304	188402	2	HispS,H3H	3	two of four in window	188.0
GCA_003971505.1	Talaromyces marneffei	no	CP015868.1	2698255	2699481	1226	1	HispS	4	single gene only (HispS)	53.5
GCA_003971505.1	Talaromyces marneffei	no	CP015868.1	3117617	3118588	971	1	HispS	4	single gene only (HispS)	67.0
GCA_003971505.1	Talaromyces marneffei	no	CP015868.1	4432066	4432599	533	1	H3H	4	single gene only (H3H)	45.8
GCA_003971505.1	Talaromyces marneffei	no	CP015868.1	4786876	4787628	752	1	HispS	4	single gene only (HispS)	58.2
GCA_003971505.1	Talaromyces marneffei	no	CP015868.1	5242642	5243838	1196	1	HispS	4	single gene only (HispS)	49.3
GCA_003971505.1	Talaromyces marneffei	no	CP015868.1	6218505	6263444	44939	2	HispS,H3H	3	two of four in window	59.3
GCA_003971505.1	Talaromyces marneffei	no	CP015868.1	6407465	6408553	1088	1	H3H	4	single gene only (H3H)	67.0
GCA_003971505.1	Talaromyces marneffei	no	CP015872.1	71633	121839	50206	2	HispS,H3H	3	two of four in window	156.0
GCA_003971505.1	Talaromyces marneffei	no	CP015872.1	242446	243123	677	1	H3H	4	single gene only (H3H)	45.4
GCA_003971505.1	Talaromyces marneffei	no	CP015872.1	584801	585873	1072	1	H3H	4	single gene only (H3H)	83.6
GCA_003971505.1	Talaromyces marneffei	no	CP015872.1	2176153	2269814	93661	1	H3H	4	single gene only (H3H)	71.6
GCA_003971505.1	Talaromyces marneffei	no	CP015872.1	3181055	3196622	15567	2	HispS,H3H	3	two of four in window	258.0
GCA_003971505.1	Talaromyces marneffei	no	CP015871.1	141641	291655	150014	3	HispS,H3H,CPH	2	three of four in window	268.0
GCA_003971505.1	Talaromyces marneffei	no	CP015871.1	560211	569127	8916	1	HispS	4	single gene only (HispS)	223.0
GCA_003971505.1	Talaromyces marneffei	no	CP015871.1	857233	858099	866	1	HispS	4	single gene only (HispS)	45.4
GCA_003971505.1	Talaromyces marneffei	no	CP015871.1	1831002	1961240	130238	2	HispS,CPH	3	two of four in window	243.0
GCA_003971505.1	Talaromyces marneffei	no	CP015871.1	2388119	2388601	482	1	Luz	4	single gene only (Luz)	82.4
GCA_003971505.1	Talaromyces marneffei	no	CP015871.1	3126135	3126353	218	1	H3H	4	single gene only (H3H)	45.8
GCA_003971505.1	Talaromyces marneffei	no	CP015869.1	113946	115315	1369	1	H3H	4	single gene only (H3H)	72.4
GCA_003971505.1	Talaromyces marneffei	no	CP015869.1	363626	459699	96073	1	HispS	4	single gene only (HispS)	48.1
GCA_003971505.1	Talaromyces marneffei	no	CP015869.1	1244319	1244633	314	1	H3H	4	single gene only (H3H)	53.5
GCA_003971505.1	Talaromyces marneffei	no	CP015869.1	1698807	1699142	335	1	H3H	4	single gene only (H3H)	64.3
GCA_003971505.1	Talaromyces marneffei	no	CP015869.1	2313798	2415956	102158	2	HispS,H3H	3	two of four in window	233.0
GCA_003971505.1	Talaromyces marneffei	no	CP015869.1	2842593	2861914	19321	1	HispS	4	single gene only (HispS)	166.0
GCA_003971505.1	Talaromyces marneffei	no	CP015869.1	3115351	3116376	1025	1	H3H	4	single gene only (H3H)	90.9
GCA_003971505.1	Talaromyces marneffei	no	CP015869.1	3636308	3639129	2821	1	HispS	4	single gene only (HispS)	191.0
GCA_003971505.1	Talaromyces marneffei	no	CP015869.1	3823671	3841687	18016	1	HispS	4	single gene only (HispS)	263.0
GCA_003971505.1	Talaromyces marneffei	no	CP015869.1	3948044	3965365	17321	1	H3H	4	single gene only (H3H)	93.2
GCA_003971505.1	Talaromyces marneffei	no	CP015874.1	125361	194739	69378	1	HispS	4	single gene only (HispS)	196.0
GCA_003971505.1	Talaromyces marneffei	no	CP015874.1	406844	415211	8367	2	HispS,H3H	3	two of four in window	259.0
GCA_003971505.1	Talaromyces marneffei	no	CP015874.1	824135	825491	1356	1	H3H	4	single gene only (H3H)	74.7
GCA_003971505.1	Talaromyces marneffei	no	CP015874.1	1881137	1910154	29017	2	H3H,Luz	3	two of four in window	53.5
GCA_003971505.1	Talaromyces marneffei	no	CP015873.1	1120053	1120853	800	1	CPH	4	single gene only (CPH)	201.0
GCA_003971505.1	Talaromyces marneffei	no	CP015873.1	1374391	1377647	3256	1	HispS	4	single gene only (HispS)	122.0
GCA_003971505.1	Talaromyces marneffei	no	CP015873.1	2607735	2609018	1283	1	H3H	4	single gene only (H3H)	84.3
GCA_003971505.1	Talaromyces marneffei	no	CP015873.1	2934738	2935352	614	1	H3H	4	single gene only (H3H)	43.1
GCA_003971505.1	Talaromyces marneffei	no	CP015873.1	3124298	3127197	2899	1	HispS	4	single gene only (HispS)	209.0
GCA_057380945.1	Talaromyces marneffei	no	CM171649.1	35169	37871	2702	1	HispS	4	single gene only (HispS)	277.0
GCA_057380945.1	Talaromyces marneffei	no	CM171649.1	230850	239915	9065	1	HispS	4	single gene only (HispS)	328.0
GCA_057380945.1	Talaromyces marneffei	no	CM171649.1	1450566	1570558	119992	3	HispS,H3H,CPH	2	three of four in window	69.3
GCA_057380945.1	Talaromyces marneffei	no	CM171644.1	251264	254242	2978	1	HispS	4	single gene only (HispS)	106.0
GCA_057380945.1	Talaromyces marneffei	no	CM171644.1	856223	856771	548	1	H3H	4	single gene only (H3H)	42.7
GCA_057380945.1	Talaromyces marneffei	no	CM171644.1	1138827	1223398	84571	2	HispS,CPH	3	two of four in window	266.0
GCA_057380945.1	Talaromyces marneffei	no	CM171644.1	1389811	1476638	86827	2	HispS,H3H	3	two of four in window	267.0
GCA_057380945.1	Talaromyces marneffei	no	CM171644.1	1632374	1632577	203	1	H3H	4	single gene only (H3H)	43.9
GCA_057380945.1	Talaromyces marneffei	no	CM171644.1	2704051	2764859	60808	2	HispS,H3H	3	two of four in window	59.7
GCA_057380945.1	Talaromyces marneffei	no	CM171644.1	3067354	3069915	2561	1	HispS	4	single gene only (HispS)	311.0
GCA_057380945.1	Talaromyces marneffei	no	CM171644.1	3223389	3224783	1394	1	H3H	4	single gene only (H3H)	57.0
GCA_057380945.1	Talaromyces marneffei	no	CM171644.1	3396235	3397381	1146	1	H3H	4	single gene only (H3H)	74.3
GCA_057380945.1	Talaromyces marneffei	no	CM171642.1	25493	69923	44430	2	HispS,H3H	3	two of four in window	155.0
GCA_057380945.1	Talaromyces marneffei	no	CM171642.1	304061	305149	1088	1	H3H	4	single gene only (H3H)	67.0
GCA_057380945.1	Talaromyces marneffei	no	CM171642.1	449272	497314	48042	2	HispS,H3H	3	two of four in window	59.3
GCA_057380945.1	Talaromyces marneffei	no	CM171642.1	1503950	1505146	1196	1	HispS	4	single gene only (HispS)	49.3
GCA_057380945.1	Talaromyces marneffei	no	CM171642.1	1960076	1960828	752	1	HispS	4	single gene only (HispS)	58.2
GCA_057380945.1	Talaromyces marneffei	no	CM171642.1	2320751	2321284	533	1	H3H	4	single gene only (H3H)	45.8
GCA_057380945.1	Talaromyces marneffei	no	CM171642.1	3639652	3640623	971	1	HispS	4	single gene only (HispS)	66.2
GCA_057380945.1	Talaromyces marneffei	no	CM171642.1	4059206	4060432	1226	1	HispS	4	single gene only (HispS)	53.5
GCA_057380945.1	Talaromyces marneffei	no	CM171642.1	4506608	4698612	192004	2	HispS,H3H	3	two of four in window	187.0
GCA_057380945.1	Talaromyces marneffei	no	CM171642.1	5439284	5439562	278	1	H3H	4	single gene only (H3H)	44.7
GCA_057380945.1	Talaromyces marneffei	no	CM171642.1	6512002	6512247	245	1	H3H	4	single gene only (H3H)	45.8
GCA_057380945.1	Talaromyces marneffei	no	CM171647.1	29267	44835	15568	2	HispS,H3H	3	two of four in window	259.0
GCA_057380945.1	Talaromyces marneffei	no	CM171647.1	965494	1059721	94227	1	H3H	4	single gene only (H3H)	71.6
GCA_057380945.1	Talaromyces marneffei	no	CM171647.1	2640498	2641570	1072	1	H3H	4	single gene only (H3H)	83.6
GCA_057380945.1	Talaromyces marneffei	no	CM171647.1	2978077	2978754	677	1	H3H	4	single gene only (H3H)	46.2
GCA_057380945.1	Talaromyces marneffei	no	CM171646.1	160705	310884	150179	3	HispS,H3H,CPH	2	three of four in window	268.0
GCA_057380945.1	Talaromyces marneffei	no	CM171646.1	585434	588276	2842	1	HispS	4	single gene only (HispS)	226.0
GCA_057380945.1	Talaromyces marneffei	no	CM171646.1	884170	885036	866	1	HispS	4	single gene only (HispS)	45.4
GCA_057380945.1	Talaromyces marneffei	no	CM171646.1	1874555	2006875	132320	2	HispS,CPH	3	two of four in window	241.0
GCA_057380945.1	Talaromyces marneffei	no	CM171646.1	2427527	2428009	482	1	Luz	4	single gene only (Luz)	84.7
GCA_057380945.1	Talaromyces marneffei	no	CM171646.1	3165283	3165501	218	1	H3H	4	single gene only (H3H)	45.8
GCA_057380945.1	Talaromyces marneffei	no	CM171643.1	131371	142738	11367	1	H3H	4	single gene only (H3H)	93.6
GCA_057380945.1	Talaromyces marneffei	no	CM171643.1	248204	266226	18022	1	HispS	4	single gene only (HispS)	263.0
GCA_057380945.1	Talaromyces marneffei	no	CM171643.1	453323	456144	2821	1	HispS	4	single gene only (HispS)	191.0
GCA_057380945.1	Talaromyces marneffei	no	CM171643.1	920690	1053049	132359	2	HispS,CPH	3	two of four in window	241.0
GCA_057380945.1	Talaromyces marneffei	no	CM171643.1	1225022	1227921	2899	1	HispS	4	single gene only (HispS)	209.0
GCA_057380945.1	Talaromyces marneffei	no	CM171643.1	1412084	1412698	614	1	H3H	4	single gene only (H3H)	43.1
GCA_057380945.1	Talaromyces marneffei	no	CM171643.1	1737882	1739142	1260	1	H3H	4	single gene only (H3H)	60.8
GCA_057380945.1	Talaromyces marneffei	no	CM171643.1	2968189	2971445	3256	1	HispS	4	single gene only (HispS)	123.0
GCA_057380945.1	Talaromyces marneffei	no	CM171643.1	3227094	3227894	800	1	CPH	4	single gene only (CPH)	201.0
GCA_057380945.1	Talaromyces marneffei	no	CM171648.1	66405	141899	75494	1	HispS	4	single gene only (HispS)	196.0
GCA_057380945.1	Talaromyces marneffei	no	CM171648.1	353560	361930	8370	2	HispS,H3H	3	two of four in window	256.0
GCA_057380945.1	Talaromyces marneffei	no	CM171648.1	768555	769911	1356	1	H3H	4	single gene only (H3H)	74.7
GCA_057380945.1	Talaromyces marneffei	no	CM171648.1	1832285	1861303	29018	2	H3H,Luz	3	two of four in window	53.5
GCA_057380945.1	Talaromyces marneffei	no	CM171645.1	126075	127100	1025	1	H3H	4	single gene only (H3H)	90.9
GCA_057380945.1	Talaromyces marneffei	no	CM171645.1	382669	401995	19326	1	HispS	4	single gene only (HispS)	166.0
GCA_057380945.1	Talaromyces marneffei	no	CM171645.1	830152	932292	102140	2	HispS,H3H	3	two of four in window	233.0
GCA_057380945.1	Talaromyces marneffei	no	CM171645.1	1590520	1591095	575	1	H3H	4	single gene only (H3H)	66.6
GCA_057380945.1	Talaromyces marneffei	no	CM171645.1	2046105	2046419	314	1	H3H	4	single gene only (H3H)	53.5
GCA_057380945.1	Talaromyces marneffei	no	CM171645.1	3106360	3202473	96113	1	HispS	4	single gene only (HispS)	48.1
GCA_057380945.1	Talaromyces marneffei	no	CM171645.1	3448730	3450099	1369	1	H3H	4	single gene only (H3H)	72.4
GCA_042370945.1	Thermoascus aurantiacus	yes	MU993702.1	314115	334395	20280	2	HispS,H3H	3	two of four in window	322.0
GCA_042370945.1	Thermoascus aurantiacus	yes	MU993702.1	1119489	1120463	974	1	H3H	4	single gene only (H3H)	48.9
GCA_042370945.1	Thermoascus aurantiacus	yes	MU993702.1	1652667	1716122	63455	2	HispS,H3H	3	two of four in window	290.0
GCA_042370945.1	Thermoascus aurantiacus	yes	MU993708.1	16069	19086	3017	1	HispS	4	single gene only (HispS)	122.0
GCA_042370945.1	Thermoascus aurantiacus	yes	MU993708.1	766789	773890	7101	2	H3H,CPH	3	two of four in window	140.0
GCA_042370945.1	Thermoascus aurantiacus	yes	MU993708.1	958902	959564	662	1	H3H	4	single gene only (H3H)	42.4
GCA_042370945.1	Thermoascus aurantiacus	yes	MU993708.1	1388246	1389163	917	1	HispS	4	single gene only (HispS)	51.2
GCA_042370945.1	Thermoascus aurantiacus	yes	MU993699.1	114953	116469	1516	1	H3H	4	single gene only (H3H)	70.9
GCA_042370945.1	Thermoascus aurantiacus	yes	MU993699.1	1205614	1206454	840	1	HispS	4	single gene only (HispS)	87.0
GCA_042370945.1	Thermoascus aurantiacus	yes	MU993699.1	3029631	3030933	1302	1	H3H	4	single gene only (H3H)	58.9
GCA_042370945.1	Thermoascus aurantiacus	yes	MU993699.1	3147219	3147464	245	1	HispS	4	single gene only (HispS)	44.7
GCA_042370945.1	Thermoascus aurantiacus	yes	MU993699.1	3450727	3451689	962	1	HispS	4	single gene only (HispS)	75.5
GCA_042370945.1	Thermoascus aurantiacus	yes	MU993706.1	880410	881363	953	1	H3H	4	single gene only (H3H)	114.0
GCA_042370945.1	Thermoascus aurantiacus	yes	MU993706.1	1121269	1215067	93798	1	HispS	4	single gene only (HispS)	48.5
GCA_042370945.1	Thermoascus aurantiacus	yes	MU993701.1	1982017	1982757	740	1	Luz	4	single gene only (Luz)	118.0
GCA_042370945.1	Thermoascus aurantiacus	yes	MU993701.1	2442628	2447139	4511	1	HispS	4	single gene only (HispS)	60.1
GCA_042370945.1	Thermoascus aurantiacus	yes	MU993700.1	297940	341343	43403	2	H3H,CPH	3	two of four in window	87.0
GCA_042370945.1	Thermoascus aurantiacus	yes	MU993700.1	623344	623715	371	1	HispS	4	single gene only (HispS)	58.2
GCA_042370945.1	Thermoascus aurantiacus	yes	MU993700.1	1532851	1534158	1307	1	H3H	4	single gene only (H3H)	119.0
GCA_042370945.1	Thermoascus aurantiacus	yes	MU993700.1	1953871	1955044	1173	1	H3H	4	single gene only (H3H)	71.6
GCA_042370945.1	Thermoascus aurantiacus	yes	MU993700.1	2434945	2435742	797	1	H3H	4	single gene only (H3H)	60.8
GCA_042370945.1	Thermoascus aurantiacus	yes	MU993700.1	3022044	3023549	1505	1	H3H	4	single gene only (H3H)	47.8
GCA_042370945.1	Thermoascus aurantiacus	yes	MU993704.1	181349	182302	953	1	H3H	4	single gene only (H3H)	107.0
GCA_042370945.1	Thermoascus aurantiacus	yes	MU993707.1	276591	322525	45934	1	H3H	4	single gene only (H3H)	85.9
GCA_042370945.1	Thermoascus aurantiacus	yes	MU993707.1	1467967	1468935	968	1	Luz	4	single gene only (Luz)	98.2
GCA_042370945.1	Thermoascus aurantiacus	yes	MU993713.1	431194	432377	1183	1	H3H	4	single gene only (H3H)	67.8
GCA_042370945.1	Thermoascus aurantiacus	yes	MU993703.1	1045504	1046109	605	1	CPH	4	single gene only (CPH)	75.5
GCA_042370945.1	Thermoascus aurantiacus	yes	MU993703.1	2139095	2140093	998	1	H3H	4	single gene only (H3H)	67.0
GCA_042370945.1	Thermoascus aurantiacus	yes	MU993705.1	336023	337316	1293	1	H3H	4	single gene only (H3H)	68.9
GCA_042370945.1	Thermoascus aurantiacus	yes	MU993705.1	815700	816908	1208	1	H3H	4	single gene only (H3H)	50.1
GCA_042370945.1	Thermoascus aurantiacus	yes	MU993715.1	22502	69009	46507	1	H3H	4	single gene only (H3H)	61.2
GCA_042370945.1	Thermoascus aurantiacus	yes	MU993711.1	161756	162924	1168	1	CPH	4	single gene only (CPH)	148.0
GCA_042370945.1	Thermoascus aurantiacus	yes	MU993711.1	880642	881364	722	1	CPH	4	single gene only (CPH)	213.0
GCA_049306585.1	Thermoascus aurantiacus	no	JBKJAH010000008.1	327774	348025	20251	2	HispS,H3H	3	two of four in window	319.0
GCA_049306585.1	Thermoascus aurantiacus	no	JBKJAH010000066.1	28370	92740	64370	2	HispS,H3H	3	two of four in window	288.0
GCA_049306585.1	Thermoascus aurantiacus	no	JBKJAH010000238.1	1775	4265	2490	1	HispS	4	single gene only (HispS)	171.0
GCA_049306585.1	Thermoascus aurantiacus	no	JBKJAH010000050.1	165656	168996	3340	1	HispS	4	single gene only (HispS)	124.0
GCA_049306585.1	Thermoascus aurantiacus	no	JBKJAH010000244.1	10305	11441	1136	1	HispS	4	single gene only (HispS)	123.0
GCA_049306585.1	Thermoascus aurantiacus	no	JBKJAH010000161.1	16434	17396	962	1	HispS	4	single gene only (HispS)	75.1
GCA_049306585.1	Thermoascus aurantiacus	no	JBKJAH010000233.1	2776	3048	272	1	HispS	4	single gene only (HispS)	48.1
GCA_049306585.1	Thermoascus aurantiacus	no	JBKJAH010000048.1	21875	22120	245	1	HispS	4	single gene only (HispS)	44.7
GCA_049306585.1	Thermoascus aurantiacus	no	JBKJAH010000048.1	138845	140147	1302	1	H3H	4	single gene only (H3H)	59.3
GCA_049306585.1	Thermoascus aurantiacus	no	JBKJAH010000036.1	16419	17336	917	1	HispS	4	single gene only (HispS)	51.2
GCA_049306585.1	Thermoascus aurantiacus	no	JBKJAH010000132.1	47459	47941	482	1	HispS	4	single gene only (HispS)	48.1
GCA_049306585.1	Thermoascus aurantiacus	no	JBKJAH010000060.1	87278	91789	4511	1	HispS	4	single gene only (HispS)	59.3
GCA_049306585.1	Thermoascus aurantiacus	no	JBKJAH010000024.1	248863	249519	656	1	HispS	4	single gene only (HispS)	48.1
GCA_049306585.1	Thermoascus aurantiacus	no	JBKJAH010000026.1	146090	146476	386	1	HispS	4	single gene only (HispS)	58.9
GCA_049306585.1	Thermoascus aurantiacus	no	JBKJAH010000010.1	282344	283651	1307	1	H3H	4	single gene only (H3H)	119.0
GCA_049306585.1	Thermoascus aurantiacus	no	JBKJAH010000013.1	179121	180074	953	1	H3H	4	single gene only (H3H)	115.0
GCA_049306585.1	Thermoascus aurantiacus	no	JBKJAH010000021.1	113681	114628	947	1	H3H	4	single gene only (H3H)	107.0
GCA_049306585.1	Thermoascus aurantiacus	no	JBKJAH010000051.1	89148	135060	45912	1	H3H	4	single gene only (H3H)	84.0
GCA_049306585.1	Thermoascus aurantiacus	no	JBKJAH010000110.1	83784	84957	1173	1	H3H	4	single gene only (H3H)	71.6
GCA_049306585.1	Thermoascus aurantiacus	no	JBKJAH010000250.1	1209	2392	1183	1	H3H	4	single gene only (H3H)	67.4
GCA_049306585.1	Thermoascus aurantiacus	no	JBKJAH010000062.1	33151	34667	1516	1	H3H	4	single gene only (H3H)	70.9
GCA_049306585.1	Thermoascus aurantiacus	no	JBKJAH010000007.1	151892	197270	45378	2	H3H,CPH	3	two of four in window	87.0
GCA_049306585.1	Thermoascus aurantiacus	no	JBKJAH010000078.1	57544	58323	779	1	H3H	4	single gene only (H3H)	63.2
GCA_049306585.1	Thermoascus aurantiacus	no	JBKJAH010000011.1	294183	295476	1293	1	H3H	4	single gene only (H3H)	68.9
GCA_049306585.1	Thermoascus aurantiacus	no	JBKJAH010000224.1	17	6909	6892	2	H3H,CPH	3	two of four in window	84.0
GCA_049306585.1	Thermoascus aurantiacus	no	JBKJAH010000005.1	184604	185812	1208	1	H3H	4	single gene only (H3H)	51.2
GCA_049306585.1	Thermoascus aurantiacus	no	JBKJAH010000052.1	140643	141305	662	1	H3H	4	single gene only (H3H)	42.4
GCA_049306585.1	Thermoascus aurantiacus	no	JBKJAH010000043.1	77571	79076	1505	1	H3H	4	single gene only (H3H)	48.1
GCA_049306585.1	Thermoascus aurantiacus	no	JBKJAH010000196.1	25188	26162	974	1	H3H	4	single gene only (H3H)	48.9
GCA_049306585.1	Thermoascus aurantiacus	no	JBKJAH010000012.1	289157	289879	722	1	CPH	4	single gene only (CPH)	213.0
GCA_049306585.1	Thermoascus aurantiacus	no	JBKJAH010000039.1	191367	192511	1144	1	CPH	4	single gene only (CPH)	145.0
GCA_049306585.1	Thermoascus aurantiacus	no	JBKJAH010000034.1	175969	176574	605	1	CPH	4	single gene only (CPH)	75.1
GCA_049306585.1	Thermoascus aurantiacus	no	JBKJAH010000411.1	68	325	257	1	CPH	4	single gene only (CPH)	76.6
GCA_049306585.1	Thermoascus aurantiacus	no	JBKJAH010000009.1	95445	96185	740	1	Luz	4	single gene only (Luz)	118.0
GCA_049306585.1	Thermoascus aurantiacus	no	JBKJAH010000014.1	26781	27747	966	1	Luz	4	single gene only (Luz)	70.5
GCA_000226095.1	Thermothelomyces thermophilus	yes	CP003004.1	1191188	1194061	2873	1	HispS	4	single gene only (HispS)	333.0
GCA_000226095.1	Thermothelomyces thermophilus	yes	CP003004.1	1564945	1565640	695	1	HispS	4	single gene only (HispS)	56.2
GCA_000226095.1	Thermothelomyces thermophilus	yes	CP003004.1	4571461	4644988	73527	1	HispS	4	single gene only (HispS)	192.0
GCA_000226095.1	Thermothelomyces thermophilus	yes	CP003004.1	4884291	4902668	18377	2	HispS,H3H	3	two of four in window	301.0
GCA_000226095.1	Thermothelomyces thermophilus	yes	CP003006.1	803576	857639	54063	1	HispS	4	single gene only (HispS)	308.0
GCA_000226095.1	Thermothelomyces thermophilus	yes	CP003006.1	3037021	3037431	410	1	HispS	4	single gene only (HispS)	44.3
GCA_000226095.1	Thermothelomyces thermophilus	yes	CP003006.1	4104609	4107324	2715	1	HispS	4	single gene only (HispS)	147.0
GCA_000226095.1	Thermothelomyces thermophilus	yes	CP003006.1	4244283	4247172	2889	1	HispS	4	single gene only (HispS)	254.0
GCA_000226095.1	Thermothelomyces thermophilus	yes	CP003003.1	544543	547674	3131	1	HispS	4	single gene only (HispS)	293.0
GCA_000226095.1	Thermothelomyces thermophilus	yes	CP003003.1	1331810	1332991	1181	1	H3H	4	single gene only (H3H)	68.9
GCA_000226095.1	Thermothelomyces thermophilus	yes	CP003003.1	5262923	5264197	1274	1	H3H	4	single gene only (H3H)	96.7
GCA_000226095.1	Thermothelomyces thermophilus	yes	CP003003.1	5437545	5440481	2936	1	HispS	4	single gene only (HispS)	286.0
GCA_000226095.1	Thermothelomyces thermophilus	yes	CP003007.1	3835538	3838615	3077	1	HispS	4	single gene only (HispS)	274.0
GCA_000226095.1	Thermothelomyces thermophilus	yes	CP003007.1	4052655	4088921	36266	2	HispS,H3H	3	two of four in window	168.0
GCA_000226095.1	Thermothelomyces thermophilus	yes	CP003005.1	1409938	1412097	2159	1	HispS	4	single gene only (HispS)	257.0
GCA_000226095.1	Thermothelomyces thermophilus	yes	CP003005.1	1812585	1813010	425	1	HispS	4	single gene only (HispS)	53.5
GCA_000226095.1	Thermothelomyces thermophilus	yes	CP003005.1	3686288	3687253	965	1	HispS	4	single gene only (HispS)	57.4
GCA_000226095.1	Thermothelomyces thermophilus	yes	CP003005.1	3955361	3968466	13105	1	HispS	4	single gene only (HispS)	52.0
GCA_000226095.1	Thermothelomyces thermophilus	yes	CP003008.1	229162	232253	3091	1	HispS	4	single gene only (HispS)	86.3
GCA_000226095.1	Thermothelomyces thermophilus	yes	CP003008.1	2568909	2569526	617	1	HispS	4	single gene only (HispS)	57.8
GCA_000226095.1	Thermothelomyces thermophilus	yes	CP003002.1	707706	708338	632	1	CPH	4	single gene only (CPH)	79.3
GCA_000226095.1	Thermothelomyces thermophilus	yes	CP003002.1	3309960	3310858	898	1	CPH	4	single gene only (CPH)	149.0
GCA_000226095.1	Thermothelomyces thermophilus	yes	CP003002.1	5178296	5179249	953	1	H3H	4	single gene only (H3H)	50.8
GCA_000226095.1	Thermothelomyces thermophilus	yes	CP003002.1	8419750	8420909	1159	1	CPH	4	single gene only (CPH)	119.0
GCA_000226095.1	Thermothelomyces thermophilus	yes	CP003002.1	8801715	8802989	1274	1	H3H	4	single gene only (H3H)	116.0
GCA_000226095.1	Thermothelomyces thermophilus	yes	CP003002.1	9507460	9507948	488	1	HispS	4	single gene only (HispS)	51.6
GCA_000226095.1	Thermothelomyces thermophilus	yes	CP003002.1	10582977	10661967	78990	2	HispS,H3H	3	two of four in window	107.0
GCA_000226095.1	Thermothelomyces thermophilus	yes	CP003002.1	10857059	10892242	35183	2	HispS,H3H	3	two of four in window	73.9
GCA_009835125.1	Trichoderma reesei	no	CP020875.1	493840	496629	2789	1	HispS	4	single gene only (HispS)	97.1
GCA_009835125.1	Trichoderma reesei	no	CP020875.1	1295835	1299428	3593	1	HispS	4	single gene only (HispS)	84.3
GCA_009835125.1	Trichoderma reesei	no	CP020875.1	2175658	2176536	878	1	CPH	4	single gene only (CPH)	227.0
GCA_009835125.1	Trichoderma reesei	no	CP020875.1	2590608	2591612	1004	1	H3H	4	single gene only (H3H)	61.6
GCA_009835125.1	Trichoderma reesei	no	CP020875.1	4281883	4282560	677	1	HispS	4	single gene only (HispS)	67.0
GCA_009835125.1	Trichoderma reesei	no	CP020875.1	5217905	5218588	683	1	CPH	4	single gene only (CPH)	70.9
GCA_009835125.1	Trichoderma reesei	no	CP020875.1	5374734	5376023	1289	1	H3H	4	single gene only (H3H)	102.0
GCA_009835125.1	Trichoderma reesei	no	CP020875.1	6779015	6781888	2873	1	HispS	4	single gene only (HispS)	304.0
GCA_009835125.1	Trichoderma reesei	no	CP020876.1	826526	827032	506	1	HispS	4	single gene only (HispS)	49.7
GCA_009835125.1	Trichoderma reesei	no	CP020876.1	4765867	4836678	70811	2	HispS,Luz	3	two of four in window	208.0
GCA_009835125.1	Trichoderma reesei	no	CP020876.1	5011249	5011710	461	1	H3H	4	single gene only (H3H)	54.3
GCA_009835125.1	Trichoderma reesei	no	CP020876.1	5191315	5216047	24732	1	HispS	4	single gene only (HispS)	291.0
GCA_009835125.1	Trichoderma reesei	no	CP020877.1	66162	129163	63001	1	H3H	4	single gene only (H3H)	50.8
GCA_009835125.1	Trichoderma reesei	no	CP020877.1	2116682	2130792	14110	2	HispS,H3H	3	two of four in window	271.0
GCA_009835125.1	Trichoderma reesei	no	CP017983.1	967219	968493	1274	1	H3H	4	single gene only (H3H)	75.5
GCA_009835125.1	Trichoderma reesei	no	CP017983.1	1163425	1164466	1041	1	CPH	4	single gene only (CPH)	67.8
GCA_009835125.1	Trichoderma reesei	no	CP017983.1	2599179	2600720	1541	1	HispS	4	single gene only (HispS)	57.8
GCA_009835125.1	Trichoderma reesei	no	CP017983.1	3950847	3996148	45301	2	HispS,H3H	3	two of four in window	194.0
GCA_009835125.1	Trichoderma reesei	no	CP017983.1	5551928	5554910	2982	1	HispS	4	single gene only (HispS)	232.0
GCA_009835125.1	Trichoderma reesei	no	CP017984.1	350480	351645	1165	1	CPH	4	single gene only (CPH)	135.0
GCA_009835125.1	Trichoderma reesei	no	CP017984.1	1295908	1298470	2562	1	HispS	4	single gene only (HispS)	116.0
GCA_009835125.1	Trichoderma reesei	no	CP017984.1	1704728	1705186	458	1	HispS	4	single gene only (HispS)	44.3
GCA_009835125.1	Trichoderma reesei	no	CP017984.1	1852313	1853101	788	1	H3H	4	single gene only (H3H)	57.0
GCA_009835125.1	Trichoderma reesei	no	CP017984.1	2771863	2772840	977	1	HispS	4	single gene only (HispS)	58.9
GCA_009835125.1	Trichoderma reesei	no	CP017984.1	4296506	4297499	993	1	H3H	4	single gene only (H3H)	57.0
GCA_009835125.1	Trichoderma reesei	no	CP020878.1	108860	111910	3050	1	HispS	4	single gene only (HispS)	221.0
GCA_009835125.1	Trichoderma reesei	no	CP020878.1	607860	610927	3067	1	HispS	4	single gene only (HispS)	138.0
GCA_009835125.1	Trichoderma reesei	no	CP020878.1	769594	769842	248	1	H3H	4	single gene only (H3H)	47.0
GCA_009835125.1	Trichoderma reesei	no	CP020878.1	1222901	1260125	37224	2	HispS,H3H	3	two of four in window	103.0
GCA_009835125.1	Trichoderma reesei	no	CP020878.1	3298055	3298690	635	1	H3H	4	single gene only (H3H)	43.1
GCA_009835125.1	Trichoderma reesei	no	CP020879.1	57917	58774	857	1	H3H	4	single gene only (H3H)	71.6
GCA_009835125.1	Trichoderma reesei	no	CP020879.1	377631	380813	3182	1	HispS	4	single gene only (HispS)	144.0
GCA_009835125.1	Trichoderma reesei	no	CP020879.1	810775	877299	66524	1	HispS	4	single gene only (HispS)	113.0
GCA_009835125.1	Trichoderma reesei	no	CP020879.1	2518068	2518754	686	1	Luz	4	single gene only (Luz)	94.7
GCA_009835125.1	Trichoderma reesei	no	CP020879.1	2760202	2761302	1100	1	H3H	4	single gene only (H3H)	86.3
GCA_009835125.1	Trichoderma reesei	no	CP020879.1	3786736	3787794	1058	1	H3H	4	single gene only (H3H)	65.5
GCA_016806755.1	Trichoderma reesei	no	CP020724.1	493831	496620	2789	1	HispS	4	single gene only (HispS)	97.1
GCA_016806755.1	Trichoderma reesei	no	CP020724.1	1295791	1299384	3593	1	HispS	4	single gene only (HispS)	84.3
GCA_016806755.1	Trichoderma reesei	no	CP020724.1	2175551	2176429	878	1	CPH	4	single gene only (CPH)	227.0
GCA_016806755.1	Trichoderma reesei	no	CP020724.1	2590478	2591482	1004	1	H3H	4	single gene only (H3H)	61.6
GCA_016806755.1	Trichoderma reesei	no	CP020724.1	4281678	4282355	677	1	HispS	4	single gene only (HispS)	67.0
GCA_016806755.1	Trichoderma reesei	no	CP020724.1	5217998	5218306	308	1	CPH	4	single gene only (CPH)	61.2
GCA_016806755.1	Trichoderma reesei	no	CP020724.1	5374426	5375715	1289	1	H3H	4	single gene only (H3H)	102.0
GCA_016806755.1	Trichoderma reesei	no	CP020724.1	6778593	6781466	2873	1	HispS	4	single gene only (HispS)	304.0
GCA_016806755.1	Trichoderma reesei	no	CP020726.1	826513	827019	506	1	HispS	4	single gene only (HispS)	49.7
GCA_016806755.1	Trichoderma reesei	no	CP020726.1	4770022	4840831	70809	2	HispS,Luz	3	two of four in window	208.0
GCA_016806755.1	Trichoderma reesei	no	CP020726.1	5015403	5015864	461	1	H3H	4	single gene only (H3H)	54.3
GCA_016806755.1	Trichoderma reesei	no	CP020726.1	5195469	5220201	24732	1	HispS	4	single gene only (HispS)	291.0
GCA_016806755.1	Trichoderma reesei	no	CP020728.1	66163	129162	62999	1	H3H	4	single gene only (H3H)	50.8
GCA_016806755.1	Trichoderma reesei	no	CP020728.1	2116555	2130666	14111	2	HispS,H3H	3	two of four in window	256.0
GCA_016806755.1	Trichoderma reesei	no	CP020727.1	350456	351621	1165	1	CPH	4	single gene only (CPH)	135.0
GCA_016806755.1	Trichoderma reesei	no	CP020727.1	1295829	1298391	2562	1	HispS	4	single gene only (HispS)	116.0
GCA_016806755.1	Trichoderma reesei	no	CP020727.1	1704605	1705063	458	1	HispS	4	single gene only (HispS)	44.3
GCA_016806755.1	Trichoderma reesei	no	CP020727.1	1852179	1852967	788	1	H3H	4	single gene only (H3H)	57.0
GCA_016806755.1	Trichoderma reesei	no	CP020727.1	2771676	2772653	977	1	HispS	4	single gene only (HispS)	58.9
GCA_016806755.1	Trichoderma reesei	no	CP020727.1	4296210	4365754	69544	2	HispS,H3H	3	two of four in window	232.0
GCA_016806755.1	Trichoderma reesei	no	CP020729.1	109412	112462	3050	1	HispS	4	single gene only (HispS)	221.0
GCA_016806755.1	Trichoderma reesei	no	CP020729.1	608378	611445	3067	1	HispS	4	single gene only (HispS)	138.0
GCA_016806755.1	Trichoderma reesei	no	CP020729.1	770110	770358	248	1	H3H	4	single gene only (H3H)	47.0
GCA_016806755.1	Trichoderma reesei	no	CP020729.1	1223395	1260618	37223	2	HispS,H3H	3	two of four in window	103.0
GCA_016806755.1	Trichoderma reesei	no	CP020729.1	3298410	3299045	635	1	H3H	4	single gene only (H3H)	43.1
GCA_016806755.1	Trichoderma reesei	no	CP020730.1	57895	58752	857	1	H3H	4	single gene only (H3H)	71.6
GCA_016806755.1	Trichoderma reesei	no	CP020730.1	377603	380785	3182	1	HispS	4	single gene only (HispS)	144.0
GCA_016806755.1	Trichoderma reesei	no	CP020730.1	810746	877270	66524	1	HispS	4	single gene only (HispS)	113.0
GCA_016806755.1	Trichoderma reesei	no	CP020730.1	2517930	2518616	686	1	Luz	4	single gene only (Luz)	94.7
GCA_016806755.1	Trichoderma reesei	no	CP020730.1	2760060	2761160	1100	1	H3H	4	single gene only (H3H)	86.3
GCA_016806755.1	Trichoderma reesei	no	CP020730.1	3786516	3787574	1058	1	H3H	4	single gene only (H3H)	65.5
GCA_016806755.1	Trichoderma reesei	no	CP020725.1	967190	968464	1274	1	H3H	4	single gene only (H3H)	75.5
GCA_016806755.1	Trichoderma reesei	no	CP020725.1	1163385	1164426	1041	1	CPH	4	single gene only (CPH)	67.8
GCA_016806755.1	Trichoderma reesei	no	CP020725.1	2599051	2600592	1541	1	HispS	4	single gene only (HispS)	57.8
GCA_016806755.1	Trichoderma reesei	no	CP020725.1	3950666	3995966	45300	2	HispS,H3H	3	two of four in window	194.0
GCA_016806775.1	Trichoderma reesei	no	CP021290.1	465339	468128	2789	1	HispS	4	single gene only (HispS)	97.1
GCA_016806775.1	Trichoderma reesei	no	CP021290.1	1267281	1270874	3593	1	HispS	4	single gene only (HispS)	84.3
GCA_016806775.1	Trichoderma reesei	no	CP021290.1	2121304	2122182	878	1	CPH	4	single gene only (CPH)	228.0
GCA_016806775.1	Trichoderma reesei	no	CP021290.1	2549558	2550559	1001	1	H3H	4	single gene only (H3H)	63.9
GCA_016806775.1	Trichoderma reesei	no	CP021290.1	4263141	4263818	677	1	HispS	4	single gene only (HispS)	67.0
GCA_016806775.1	Trichoderma reesei	no	CP021290.1	5196469	5197152	683	1	CPH	4	single gene only (CPH)	70.9
GCA_016806775.1	Trichoderma reesei	no	CP021290.1	5353270	5354559	1289	1	H3H	4	single gene only (H3H)	102.0
GCA_016806775.1	Trichoderma reesei	no	CP021290.1	6757433	6760306	2873	1	HispS	4	single gene only (HispS)	304.0
GCA_016806775.1	Trichoderma reesei	no	CP021292.1	835234	835740	506	1	HispS	4	single gene only (HispS)	49.7
GCA_016806775.1	Trichoderma reesei	no	CP021292.1	4782848	4853651	70803	2	HispS,Luz	3	two of four in window	208.0
GCA_016806775.1	Trichoderma reesei	no	CP021292.1	5028182	5028643	461	1	H3H	4	single gene only (H3H)	54.3
GCA_016806775.1	Trichoderma reesei	no	CP021292.1	5208245	5232976	24731	1	HispS	4	single gene only (HispS)	291.0
GCA_016806775.1	Trichoderma reesei	no	CP021294.1	50127	128974	78847	1	H3H	4	single gene only (H3H)	50.8
GCA_016806775.1	Trichoderma reesei	no	CP021294.1	2183461	2197570	14109	2	HispS,H3H	3	two of four in window	270.0
GCA_016806775.1	Trichoderma reesei	no	CP021291.1	967150	968424	1274	1	H3H	4	single gene only (H3H)	75.5
GCA_016806775.1	Trichoderma reesei	no	CP021291.1	1163324	1164365	1041	1	CPH	4	single gene only (CPH)	67.8
GCA_016806775.1	Trichoderma reesei	no	CP021291.1	2598902	2600443	1541	1	HispS	4	single gene only (HispS)	57.4
GCA_016806775.1	Trichoderma reesei	no	CP021291.1	3989683	4044743	55060	2	HispS,H3H	3	two of four in window	199.0
GCA_016806775.1	Trichoderma reesei	no	CP021291.1	5601731	5604713	2982	1	HispS	4	single gene only (HispS)	232.0
GCA_016806775.1	Trichoderma reesei	no	CP021293.1	380557	381686	1129	1	CPH	4	single gene only (CPH)	137.0
GCA_016806775.1	Trichoderma reesei	no	CP021293.1	1312675	1315237	2562	1	HispS	4	single gene only (HispS)	116.0
GCA_016806775.1	Trichoderma reesei	no	CP021293.1	1721413	1721871	458	1	HispS	4	single gene only (HispS)	44.3
GCA_016806775.1	Trichoderma reesei	no	CP021293.1	1868986	1869774	788	1	H3H	4	single gene only (H3H)	57.0
GCA_016806775.1	Trichoderma reesei	no	CP021293.1	4358326	4359319	993	1	H3H	4	single gene only (H3H)	57.0
GCA_016806775.1	Trichoderma reesei	no	CP021295.1	160137	163142	3005	1	HispS	4	single gene only (HispS)	215.0
GCA_016806775.1	Trichoderma reesei	no	CP021295.1	659800	662867	3067	1	HispS	4	single gene only (HispS)	138.0
GCA_016806775.1	Trichoderma reesei	no	CP021295.1	821520	821768	248	1	H3H	4	single gene only (H3H)	47.0
GCA_016806775.1	Trichoderma reesei	no	CP021295.1	1274779	1311997	37218	2	HispS,H3H	3	two of four in window	103.0
GCA_016806775.1	Trichoderma reesei	no	CP021295.1	3356323	3356958	635	1	H3H	4	single gene only (H3H)	42.0
GCA_016806775.1	Trichoderma reesei	no	CP021296.1	45592	46524	932	1	H3H	4	single gene only (H3H)	71.2
GCA_016806775.1	Trichoderma reesei	no	CP021296.1	361186	364394	3208	1	HispS	4	single gene only (HispS)	148.0
GCA_016806775.1	Trichoderma reesei	no	CP021296.1	722363	790041	67678	1	HispS	4	single gene only (HispS)	120.0
GCA_016806775.1	Trichoderma reesei	no	CP021296.1	2397396	2398109	713	1	Luz	4	single gene only (Luz)	94.7
GCA_016806775.1	Trichoderma reesei	no	CP021296.1	2626895	2627995	1100	1	H3H	4	single gene only (H3H)	86.3
GCA_016806775.1	Trichoderma reesei	no	CP021296.1	3663045	3664103	1058	1	H3H	4	single gene only (H3H)	65.5
GCA_001651445.1	Trichophyton rubrum	yes	LHPM01000017.1	1034534	1037287	2753	1	HispS	4	single gene only (HispS)	353.0
GCA_001651445.1	Trichophyton rubrum	yes	LHPM01000018.1	127687	129947	2260	1	HispS	4	single gene only (HispS)	168.0
GCA_001651445.1	Trichophyton rubrum	yes	LHPM01000018.1	263622	267296	3674	1	HispS	4	single gene only (HispS)	52.8
GCA_001651445.1	Trichophyton rubrum	yes	LHPM01000018.1	966317	980100	13783	2	HispS,H3H	3	two of four in window	266.0
GCA_001651445.1	Trichophyton rubrum	yes	LHPM01000018.1	1415019	1415549	530	1	H3H	4	single gene only (H3H)	43.9
GCA_001651445.1	Trichophyton rubrum	yes	LHPM01000018.1	1801738	1806387	4649	1	HispS	4	single gene only (HispS)	374.0
GCA_001651445.1	Trichophyton rubrum	yes	LHPM01000018.1	2277892	2278713	821	1	HispS	4	single gene only (HispS)	45.1
GCA_001651445.1	Trichophyton rubrum	yes	LHPM01000010.1	1005014	1015593	10579	1	HispS	4	single gene only (HispS)	327.0
GCA_001651445.1	Trichophyton rubrum	yes	LHPM01000019.1	198343	365041	166698	1	HispS	4	single gene only (HispS)	257.0
GCA_001651445.1	Trichophyton rubrum	yes	LHPM01000019.1	611138	612392	1254	1	HispS	4	single gene only (HispS)	72.4
GCA_001651445.1	Trichophyton rubrum	yes	LHPM01000019.1	1141247	1141810	563	1	HispS	4	single gene only (HispS)	49.3
GCA_001651445.1	Trichophyton rubrum	yes	LHPM01000019.1	1305827	1307141	1314	1	H3H	4	single gene only (H3H)	53.1
GCA_001651445.1	Trichophyton rubrum	yes	LHPM01000016.1	34939	72471	37532	2	HispS,CPH	3	two of four in window	302.0
GCA_001651445.1	Trichophyton rubrum	yes	LHPM01000015.1	606235	690466	84231	1	HispS	4	single gene only (HispS)	71.6
GCA_001651445.1	Trichophyton rubrum	yes	LHPM01000015.1	1600155	1602929	2774	1	HispS	4	single gene only (HispS)	254.0
GCA_001651445.1	Trichophyton rubrum	yes	LHPM01000013.1	529374	530342	968	1	H3H	4	single gene only (H3H)	51.6
GCA_001651445.1	Trichophyton rubrum	yes	LHPM01000013.1	2072740	2075857	3117	1	HispS	4	single gene only (HispS)	114.0
GCA_001651445.1	Trichophyton rubrum	yes	LHPM01000013.1	2634262	2635002	740	1	CPH	4	single gene only (CPH)	209.0
GCA_001651445.1	Trichophyton rubrum	yes	LHPM01000011.1	144899	145612	713	1	Luz	4	single gene only (Luz)	105.0
GCA_001651445.1	Trichophyton rubrum	yes	LHPM01000011.1	694663	695721	1058	1	HispS	4	single gene only (HispS)	57.0
GCA_001651445.1	Trichophyton rubrum	yes	LHPM01000007.1	60256	64146	3890	1	HispS	4	single gene only (HispS)	47.0
GCA_001651445.1	Trichophyton rubrum	yes	LHPM01000005.1	116054	206123	90069	2	HispS,H3H	3	two of four in window	57.8
GCA_001651445.1	Trichophyton rubrum	yes	LHPM01000012.1	1925440	1925718	278	1	HispS	4	single gene only (HispS)	45.8
GCA_001651445.1	Trichophyton rubrum	yes	LHPM01000012.1	2120897	2122136	1239	1	H3H	4	single gene only (H3H)	100.0
GCA_000616965.1	Trichophyton rubrum	yes	KK210313.1	91865	96514	4649	1	HispS	4	single gene only (HispS)	375.0
GCA_000616965.1	Trichophyton rubrum	yes	KK210253.1	8790	11543	2753	1	HispS	4	single gene only (HispS)	352.0
GCA_000616965.1	Trichophyton rubrum	yes	KK210214.1	22504	25395	2891	1	HispS	4	single gene only (HispS)	326.0
GCA_000616965.1	Trichophyton rubrum	yes	KK210292.1	95219	249585	154366	1	HispS	4	single gene only (HispS)	257.0
GCA_000616965.1	Trichophyton rubrum	yes	KK210292.1	495335	496457	1122	1	HispS	4	single gene only (HispS)	71.6
GCA_000616965.1	Trichophyton rubrum	yes	KK210316.1	365169	378952	13783	2	HispS,H3H	3	two of four in window	266.0
GCA_000616965.1	Trichophyton rubrum	yes	KK210202.1	35470	72845	37375	2	HispS,CPH	3	two of four in window	302.0
GCA_000616965.1	Trichophyton rubrum	yes	KK210272.1	242510	245284	2774	1	HispS	4	single gene only (HispS)	255.0
GCA_000616965.1	Trichophyton rubrum	yes	KK210321.1	25983	35244	9261	1	HispS	4	single gene only (HispS)	53.5
GCA_000616965.1	Trichophyton rubrum	yes	KK210321.1	161876	164136	2260	1	HispS	4	single gene only (HispS)	169.0
GCA_000616965.1	Trichophyton rubrum	yes	KK210298.1	260356	263473	3117	1	HispS	4	single gene only (HispS)	114.0
GCA_000616965.1	Trichophyton rubrum	yes	KK210267.1	22788	23593	805	1	HispS	4	single gene only (HispS)	72.4
GCA_000616965.1	Trichophyton rubrum	yes	KK210265.1	421446	421901	455	1	HispS	4	single gene only (HispS)	50.4
GCA_000616965.1	Trichophyton rubrum	yes	KK210289.1	514821	515447	626	1	HispS	4	single gene only (HispS)	57.0
GCA_000616965.1	Trichophyton rubrum	yes	KK210293.1	283009	283572	563	1	HispS	4	single gene only (HispS)	49.3
GCA_000616965.1	Trichophyton rubrum	yes	KK210204.1	402362	406252	3890	1	HispS	4	single gene only (HispS)	47.0
GCA_000616965.1	Trichophyton rubrum	yes	KK210309.1	485644	486465	821	1	HispS	4	single gene only (HispS)	45.1
GCA_000616965.1	Trichophyton rubrum	yes	KK210203.1	75314	144187	68873	2	HispS,H3H	3	two of four in window	57.8
GCA_000616965.1	Trichophyton rubrum	yes	KK210350.1	49211	49489	278	1	HispS	4	single gene only (HispS)	45.8
GCA_000616965.1	Trichophyton rubrum	yes	KK210430.1	12770	14010	1240	1	H3H	4	single gene only (H3H)	100.0
GCA_000616965.1	Trichophyton rubrum	yes	KK210294.1	47219	48533	1314	1	H3H	4	single gene only (H3H)	53.1
GCA_000616965.1	Trichophyton rubrum	yes	KK210315.1	225066	225596	530	1	H3H	4	single gene only (H3H)	43.9
GCA_000616965.1	Trichophyton rubrum	yes	KK210297.1	298502	299242	740	1	CPH	4	single gene only (CPH)	209.0
GCA_000616965.1	Trichophyton rubrum	yes	KK210212.1	385870	386583	713	1	Luz	4	single gene only (Luz)	105.0
GCA_000616945.1	Trichophyton rubrum	yes	KK209817.1	8788	11541	2753	1	HispS	4	single gene only (HispS)	353.0
GCA_000616945.1	Trichophyton rubrum	yes	KK209978.1	140617	145266	4649	1	HispS	4	single gene only (HispS)	374.0
GCA_000616945.1	Trichophyton rubrum	yes	KK209756.1	11632	22211	10579	1	HispS	4	single gene only (HispS)	327.0
GCA_000616945.1	Trichophyton rubrum	yes	KK209901.1	32129	198741	166612	1	HispS	4	single gene only (HispS)	257.0
GCA_000616945.1	Trichophyton rubrum	yes	KK209901.1	444611	445865	1254	1	HispS	4	single gene only (HispS)	72.4
GCA_000616945.1	Trichophyton rubrum	yes	KK209984.1	316880	330663	13783	2	HispS,H3H	3	two of four in window	266.0
GCA_000616945.1	Trichophyton rubrum	yes	KK209731.1	52579	90020	37441	2	HispS,CPH	3	two of four in window	302.0
GCA_000616945.1	Trichophyton rubrum	yes	KK209862.1	49637	52411	2774	1	HispS	4	single gene only (HispS)	254.0
GCA_000616945.1	Trichophyton rubrum	yes	KK209988.1	87608	89868	2260	1	HispS	4	single gene only (HispS)	168.0
GCA_000616945.1	Trichophyton rubrum	yes	KK209928.1	51383	54500	3117	1	HispS	4	single gene only (HispS)	114.0
GCA_000616945.1	Trichophyton rubrum	yes	KK209848.1	14185	14990	805	1	HispS	4	single gene only (HispS)	71.6
GCA_000616945.1	Trichophyton rubrum	yes	KK209846.1	12418	12873	455	1	HispS	4	single gene only (HispS)	50.4
GCA_000616945.1	Trichophyton rubrum	yes	KK209745.1	74131	75189	1058	1	HispS	4	single gene only (HispS)	57.0
GCA_000616945.1	Trichophyton rubrum	yes	KK209911.1	9188	9751	563	1	HispS	4	single gene only (HispS)	49.3
GCA_000616945.1	Trichophyton rubrum	yes	KK209911.1	173639	174953	1314	1	H3H	4	single gene only (H3H)	53.1
GCA_000616945.1	Trichophyton rubrum	yes	KK209740.1	138397	142287	3890	1	HispS	4	single gene only (HispS)	47.0
GCA_000616945.1	Trichophyton rubrum	yes	KK209968.1	34399	35220	821	1	HispS	4	single gene only (HispS)	45.1
GCA_000616945.1	Trichophyton rubrum	yes	KK209734.1	59144	66850	7706	1	HispS	4	single gene only (HispS)	46.2
GCA_000616945.1	Trichophyton rubrum	yes	KK209986.1	168176	171850	3674	1	HispS	4	single gene only (HispS)	52.8
GCA_000616945.1	Trichophyton rubrum	yes	KK209887.1	121752	122030	278	1	HispS	4	single gene only (HispS)	45.8
GCA_000616945.1	Trichophyton rubrum	yes	KK209896.1	14828	16067	1239	1	H3H	4	single gene only (H3H)	100.0
GCA_000616945.1	Trichophyton rubrum	yes	KK209733.1	76886	77917	1031	1	H3H	4	single gene only (H3H)	57.4
GCA_000616945.1	Trichophyton rubrum	yes	KK209940.1	128760	129728	968	1	H3H	4	single gene only (H3H)	51.6
GCA_000616945.1	Trichophyton rubrum	yes	KK209983.1	44629	45159	530	1	H3H	4	single gene only (H3H)	43.9
GCA_000616945.1	Trichophyton rubrum	yes	KK209923.1	307317	308057	740	1	CPH	4	single gene only (CPH)	209.0
GCA_000616945.1	Trichophyton rubrum	yes	KK209751.1	56314	57027	713	1	Luz	4	single gene only (Luz)	105.0
GCA_000952015.1	Verticillium dahliae	no	CP010981.1	422382	425538	3156	1	HispS	4	single gene only (HispS)	152.0
GCA_000952015.1	Verticillium dahliae	no	CP010981.1	577982	578722	740	1	Luz	4	single gene only (Luz)	94.7
GCA_000952015.1	Verticillium dahliae	no	CP010981.1	2971936	2974830	2894	1	HispS	4	single gene only (HispS)	324.0
GCA_000952015.1	Verticillium dahliae	no	CP010981.1	4158548	4159507	959	1	HispS	4	single gene only (HispS)	55.5
GCA_000952015.1	Verticillium dahliae	no	CP010981.1	4486258	4489181	2923	1	HispS	4	single gene only (HispS)	223.0
GCA_000952015.1	Verticillium dahliae	no	CP010981.1	5433097	5433708	611	1	HispS	4	single gene only (HispS)	47.8
GCA_000952015.1	Verticillium dahliae	no	CP010986.1	244189	306173	61984	2	HispS,CPH	3	two of four in window	153.0
GCA_000952015.1	Verticillium dahliae	no	CP010986.1	494098	495270	1172	1	H3H	4	single gene only (H3H)	62.0
GCA_000952015.1	Verticillium dahliae	no	CP010986.1	1104561	1174893	70332	1	HispS	4	single gene only (HispS)	328.0
GCA_000952015.1	Verticillium dahliae	no	CP010986.1	1532244	1533581	1337	1	H3H	4	single gene only (H3H)	65.1
GCA_000952015.1	Verticillium dahliae	no	CP010986.1	1981291	1981767	476	1	HispS	4	single gene only (HispS)	44.3
GCA_000952015.1	Verticillium dahliae	no	CP010986.1	3149697	3156436	6739	1	HispS	4	single gene only (HispS)	252.0
GCA_000952015.1	Verticillium dahliae	no	CP010984.1	1317926	1318708	782	1	H3H	4	single gene only (H3H)	54.7
GCA_000952015.1	Verticillium dahliae	no	CP010984.1	3002525	3003953	1428	1	H3H	4	single gene only (H3H)	95.1
GCA_000952015.1	Verticillium dahliae	no	CP010984.1	3194725	3197784	3059	1	HispS	4	single gene only (HispS)	289.0
GCA_000952015.1	Verticillium dahliae	no	CP010985.1	3118887	3121787	2900	1	HispS	4	single gene only (HispS)	179.0
GCA_000952015.1	Verticillium dahliae	no	CP010983.1	623132	626399	3267	1	HispS	4	single gene only (HispS)	150.0
GCA_000952015.1	Verticillium dahliae	no	CP010983.1	1231026	1232398	1372	1	H3H	4	single gene only (H3H)	72.4
GCA_000952015.1	Verticillium dahliae	no	CP010983.1	2792663	2793818	1155	1	H3H	4	single gene only (H3H)	101.0
GCA_000952015.1	Verticillium dahliae	no	CP010983.1	4316826	4318169	1343	1	H3H	4	single gene only (H3H)	119.0
GCA_000952015.1	Verticillium dahliae	no	CP010987.1	847028	848389	1361	1	HispS	4	single gene only (HispS)	100.0
GCA_000952015.1	Verticillium dahliae	no	CP010980.1	174949	175320	371	1	H3H	4	single gene only (H3H)	58.2
GCA_000952015.1	Verticillium dahliae	no	CP010980.1	340167	405487	65320	2	HispS,CPH	3	two of four in window	160.0
GCA_000952015.1	Verticillium dahliae	no	CP010980.1	834800	835501	701	1	Luz	4	single gene only (Luz)	84.3
GCA_000952015.1	Verticillium dahliae	no	CP010980.1	1659468	1660034	566	1	CPH	4	single gene only (CPH)	90.5
GCA_000952015.1	Verticillium dahliae	no	CP010980.1	4195814	4196590	776	1	HispS	4	single gene only (HispS)	55.8
GCA_000952015.1	Verticillium dahliae	no	CP010982.1	525182	525685	503	1	HispS	4	single gene only (HispS)	50.4
GCA_000952015.1	Verticillium dahliae	no	CP010982.1	1394789	1405097	10308	2	H3H,CPH	3	two of four in window	154.0
GCA_000952015.1	Verticillium dahliae	no	CP010982.1	4157570	4158205	635	1	HispS	4	single gene only (HispS)	57.0
GCA_000952015.1	Verticillium dahliae	no	CP010982.1	5092710	5093912	1202	1	H3H	4	single gene only (H3H)	66.6
GCA_000952015.1	Verticillium dahliae	no	CP010982.1	5551727	5552760	1033	1	H3H	4	single gene only (H3H)	80.5
GCA_000400815.2	Verticillium dahliae	no	CP009075.1	1785164	1785940	776	1	HispS	4	single gene only (HispS)	55.8
GCA_000400815.2	Verticillium dahliae	no	CP009075.1	3565978	3568901	2923	1	HispS	4	single gene only (HispS)	223.0
GCA_000400815.2	Verticillium dahliae	no	CP009075.1	3926714	3927673	959	1	HispS	4	single gene only (HispS)	55.5
GCA_000400815.2	Verticillium dahliae	no	CP009075.1	5118189	5121083	2894	1	HispS	4	single gene only (HispS)	324.0
GCA_000400815.2	Verticillium dahliae	no	CP009075.1	7502061	7502801	740	1	Luz	4	single gene only (Luz)	94.7
GCA_000400815.2	Verticillium dahliae	no	CP009075.1	7648400	7651556	3156	1	HispS	4	single gene only (HispS)	152.0
GCA_000400815.2	Verticillium dahliae	no	CP009075.1	8749831	8750334	503	1	HispS	4	single gene only (HispS)	50.4
GCA_000400815.2	Verticillium dahliae	no	CP009079.1	117519	124258	6739	1	HispS	4	single gene only (HispS)	252.0
GCA_000400815.2	Verticillium dahliae	no	CP009079.1	1326732	1327208	476	1	HispS	4	single gene only (HispS)	44.3
GCA_000400815.2	Verticillium dahliae	no	CP009079.1	1781466	1782803	1337	1	H3H	4	single gene only (H3H)	65.1
GCA_000400815.2	Verticillium dahliae	no	CP009079.1	2140226	2210558	70332	1	HispS	4	single gene only (HispS)	328.0
GCA_000400815.2	Verticillium dahliae	no	CP009079.1	2819524	2820696	1172	1	H3H	4	single gene only (H3H)	62.0
GCA_000400815.2	Verticillium dahliae	no	CP009079.1	4105039	4115347	10308	2	H3H,CPH	3	two of four in window	154.0
GCA_000400815.2	Verticillium dahliae	no	CP009080.1	1854707	1855489	782	1	H3H	4	single gene only (H3H)	54.7
GCA_000400815.2	Verticillium dahliae	no	CP009080.1	3543478	3544906	1428	1	H3H	4	single gene only (H3H)	95.1
GCA_000400815.2	Verticillium dahliae	no	CP009080.1	3733858	3736917	3059	1	HispS	4	single gene only (HispS)	289.0
GCA_000400815.2	Verticillium dahliae	no	CP009081.1	3082732	3085632	2900	1	HispS	4	single gene only (HispS)	179.0
GCA_000400815.2	Verticillium dahliae	no	CP009078.1	12272	13615	1343	1	H3H	4	single gene only (H3H)	118.0
GCA_000400815.2	Verticillium dahliae	no	CP009078.1	1314361	1315516	1155	1	H3H	4	single gene only (H3H)	101.0
GCA_000400815.2	Verticillium dahliae	no	CP009078.1	2804398	2805770	1372	1	H3H	4	single gene only (H3H)	72.4
GCA_000400815.2	Verticillium dahliae	no	CP009078.1	3404597	3407864	3267	1	HispS	4	single gene only (HispS)	150.0
GCA_000400815.2	Verticillium dahliae	no	CP009078.1	3862738	3924677	61939	2	HispS,CPH	3	two of four in window	153.0
GCA_000400815.2	Verticillium dahliae	no	CP009082.1	2430738	2432099	1361	1	HispS	4	single gene only (HispS)	100.0
GCA_000400815.2	Verticillium dahliae	no	CP009077.1	213944	214315	371	1	H3H	4	single gene only (H3H)	58.2
GCA_000400815.2	Verticillium dahliae	no	CP009077.1	336339	395994	59655	2	HispS,CPH	3	two of four in window	160.0
GCA_000400815.2	Verticillium dahliae	no	CP009077.1	825316	826017	701	1	Luz	4	single gene only (Luz)	84.3
GCA_000400815.2	Verticillium dahliae	no	CP009077.1	1653564	1654130	566	1	CPH	4	single gene only (CPH)	90.5
GCA_000400815.2	Verticillium dahliae	no	CP009077.1	3396238	3396849	611	1	HispS	4	single gene only (HispS)	47.8
GCA_000400815.2	Verticillium dahliae	no	CP009076.1	325399	326432	1033	1	H3H	4	single gene only (H3H)	80.5
GCA_000400815.2	Verticillium dahliae	no	CP009076.1	776326	777528	1202	1	H3H	4	single gene only (H3H)	66.6
GCA_000400815.2	Verticillium dahliae	no	CP009076.1	1711457	1712092	635	1	HispS	4	single gene only (HispS)	57.0
GCA_004109745.1	Verticillium dahliae	yes	CM014042.1	2632709	2635603	2894	1	HispS	4	single gene only (HispS)	324.0
GCA_004109745.1	Verticillium dahliae	yes	CM014042.1	3497242	3498201	959	1	HispS	4	single gene only (HispS)	55.5
GCA_004109745.1	Verticillium dahliae	yes	CM014042.1	3796447	3799370	2923	1	HispS	4	single gene only (HispS)	223.0
GCA_004109745.1	Verticillium dahliae	yes	CM014042.1	3986406	3987017	611	1	HispS	4	single gene only (HispS)	47.8
GCA_004109745.1	Verticillium dahliae	yes	RSDZ01000030.1	86245	156723	70478	1	HispS	4	single gene only (HispS)	328.0
GCA_004109745.1	Verticillium dahliae	yes	CM014045.1	1152906	1153811	905	1	H3H	4	single gene only (H3H)	53.5
GCA_004109745.1	Verticillium dahliae	yes	CM014045.1	2603091	2604525	1434	1	H3H	4	single gene only (H3H)	95.1
GCA_004109745.1	Verticillium dahliae	yes	CM014045.1	2788684	2791626	2942	1	HispS	4	single gene only (HispS)	288.0
GCA_004109745.1	Verticillium dahliae	yes	RSDZ01000169.1	126553	133484	6931	1	HispS	4	single gene only (HispS)	250.0
GCA_004109745.1	Verticillium dahliae	yes	CM014046.1	2656984	2659884	2900	1	HispS	4	single gene only (HispS)	179.0
GCA_004109745.1	Verticillium dahliae	yes	RSDZ01000020.1	110150	113306	3156	1	HispS	4	single gene only (HispS)	152.0
GCA_004109745.1	Verticillium dahliae	yes	RSDZ01000020.1	239836	240576	740	1	Luz	4	single gene only (Luz)	94.7
GCA_004109745.1	Verticillium dahliae	yes	CM014044.1	185498	188765	3267	1	HispS	4	single gene only (HispS)	131.0
GCA_004109745.1	Verticillium dahliae	yes	CM014044.1	1396699	1397788	1089	1	H3H	4	single gene only (H3H)	84.3
GCA_004109745.1	Verticillium dahliae	yes	CM014044.1	2243228	2244571	1343	1	H3H	4	single gene only (H3H)	119.0
GCA_004109745.1	Verticillium dahliae	yes	CM014048.1	779062	780423	1361	1	HispS	4	single gene only (HispS)	100.0
GCA_004109745.1	Verticillium dahliae	yes	RSDZ01000031.1	69100	69666	566	1	CPH	4	single gene only (CPH)	90.9
GCA_004109745.1	Verticillium dahliae	yes	RSDZ01000031.1	893345	894079	734	1	Luz	4	single gene only (Luz)	80.1
GCA_004109745.1	Verticillium dahliae	yes	RSDZ01000031.1	1291980	1352700	60720	2	HispS,CPH	3	two of four in window	160.0
GCA_004109745.1	Verticillium dahliae	yes	CM014043.1	93728	94231	503	1	HispS	4	single gene only (HispS)	50.4
GCA_004109745.1	Verticillium dahliae	yes	CM014043.1	949347	959585	10238	2	H3H,CPH	3	two of four in window	150.0
GCA_004109745.1	Verticillium dahliae	yes	CM014043.1	2283036	2283671	635	1	HispS	4	single gene only (HispS)	57.0
GCA_004109745.1	Verticillium dahliae	yes	CM014043.1	3222197	3223399	1202	1	H3H	4	single gene only (H3H)	67.4
GCA_004109745.1	Verticillium dahliae	yes	CM014047.1	247545	297876	50331	2	HispS,CPH	3	two of four in window	152.0
GCA_004109745.1	Verticillium dahliae	yes	CM014047.1	470220	471392	1172	1	H3H	4	single gene only (H3H)	61.6
GCA_004109745.1	Verticillium dahliae	yes	CM014047.1	1061460	1062806	1346	1	H3H	4	single gene only (H3H)	63.9
GCA_004109745.1	Verticillium dahliae	yes	CM014047.1	1426328	1498441	72113	1	HispS	4	single gene only (HispS)	51.6
GCA_004109745.1	Verticillium dahliae	yes	CM014041.1	135889	136260	371	1	H3H	4	single gene only (H3H)	58.2
GCA_004109745.1	Verticillium dahliae	yes	CM014041.1	1403814	1404590	776	1	HispS	4	single gene only (HispS)	53.9
GCA_004109745.1	Verticillium dahliae	yes	RSDZ01000122.1	354070	355118	1048	1	H3H	4	single gene only (H3H)	80.5
GCA_004109745.1	Verticillium dahliae	yes	RSDZ01000050.1	421385	422757	1372	1	H3H	4	single gene only (H3H)	73.2
GCA_001761485.1	Yarrowia lipolytica	yes	CP017558.1	3831723	3832976	1253	1	HispS	4	single gene only (HispS)	83.6
GCA_001761485.1	Yarrowia lipolytica	yes	CP017557.1	1895745	1896119	374	1	H3H	4	single gene only (H3H)	45.4
GCA_001761485.1	Yarrowia lipolytica	yes	CP017557.1	2225550	2226206	656	1	HispS	4	single gene only (HispS)	58.2
GCA_001761485.1	Yarrowia lipolytica	yes	CP017556.1	2210687	2211187	500	1	HispS	4	single gene only (HispS)	49.3
GCA_001761485.1	Yarrowia lipolytica	yes	CP017553.1	876981	877091	110	1	H3H	4	single gene only (H3H)	41.6
GCA_001761485.1	Yarrowia lipolytica	yes	CP017553.1	1406316	1406954	638	1	HispS	4	single gene only (HispS)	45.8
GCA_001761485.1	Yarrowia lipolytica	yes	CP017554.1	453204	454085	881	1	CPH	4	single gene only (CPH)	202.0
GCA_001761485.1	Yarrowia lipolytica	yes	CP017555.1	3191125	3191730	605	1	CPH	4	single gene only (CPH)	109.0
GCA_014490615.1	Yarrowia lipolytica	yes	CP061016.1	1682757	1683257	500	1	HispS	4	single gene only (HispS)	46.6
GCA_014490615.1	Yarrowia lipolytica	yes	CP061016.1	1994151	1994525	374	1	H3H	4	single gene only (H3H)	45.4
GCA_014490615.1	Yarrowia lipolytica	yes	CP061016.1	2328375	2329031	656	1	HispS	4	single gene only (HispS)	59.3
GCA_014490615.1	Yarrowia lipolytica	yes	CP061016.1	4997099	4997920	821	1	HispS	4	single gene only (HispS)	84.3
GCA_014490615.1	Yarrowia lipolytica	yes	CP061015.1	2274537	2275037	500	1	HispS	4	single gene only (HispS)	49.3
GCA_014490615.1	Yarrowia lipolytica	yes	CP061012.1	909451	909561	110	1	H3H	4	single gene only (H3H)	41.6
GCA_014490615.1	Yarrowia lipolytica	yes	CP061012.1	1460936	1461574	638	1	HispS	4	single gene only (HispS)	45.8
GCA_014490615.1	Yarrowia lipolytica	yes	CP061012.1	1566075	1567520	1445	1	HispS	4	single gene only (HispS)	52.4
GCA_014490615.1	Yarrowia lipolytica	yes	CP061013.1	705536	706417	881	1	CPH	4	single gene only (CPH)	202.0
GCA_014490615.1	Yarrowia lipolytica	yes	CP061013.1	2429640	2430245	605	1	CPH	4	single gene only (CPH)	109.0
GCA_023272835.1	Yarrowia lipolytica	no	CP096876.1	3876898	3878151	1253	1	HispS	4	single gene only (HispS)	83.6
GCA_023272835.1	Yarrowia lipolytica	no	CP096875.1	1604631	1605131	500	1	HispS	4	single gene only (HispS)	46.6
GCA_023272835.1	Yarrowia lipolytica	no	CP096875.1	1930572	1930946	374	1	H3H	4	single gene only (H3H)	45.4
GCA_023272835.1	Yarrowia lipolytica	no	CP096875.1	2261053	2261709	656	1	HispS	4	single gene only (HispS)	59.3
GCA_023272835.1	Yarrowia lipolytica	no	CP096874.1	2218746	2219246	500	1	HispS	4	single gene only (HispS)	49.3
GCA_023272835.1	Yarrowia lipolytica	no	CP096871.1	914026	914136	110	1	H3H	4	single gene only (H3H)	41.6
GCA_023272835.1	Yarrowia lipolytica	no	CP096871.1	1465418	1466056	638	1	HispS	4	single gene only (HispS)	44.7
GCA_023272835.1	Yarrowia lipolytica	no	CP096872.1	458884	459765	881	1	CPH	4	single gene only (CPH)	202.0
GCA_023272835.1	Yarrowia lipolytica	no	CP096873.1	3158523	3159128	605	1	CPH	4	single gene only (CPH)	109.0
GCA_017766645.1	Zymoseptoria tritici	no	CP062588.1	172428	173521	1093	1	H3H	4	single gene only (H3H)	73.6
GCA_017766645.1	Zymoseptoria tritici	no	CP062588.1	646361	648992	2631	1	HispS	4	single gene only (HispS)	239.0
GCA_017766645.1	Zymoseptoria tritici	no	CP062588.1	1187715	1188416	701	1	H3H	4	single gene only (H3H)	53.9
GCA_017766645.1	Zymoseptoria tritici	no	CP062588.1	1615737	1618382	2645	1	HispS	4	single gene only (HispS)	291.0
GCA_017766645.1	Zymoseptoria tritici	no	CP062589.1	469549	471075	1526	1	HispS	4	single gene only (HispS)	60.1
GCA_017766645.1	Zymoseptoria tritici	no	CP062589.1	650167	652926	2759	1	HispS	4	single gene only (HispS)	290.0
GCA_017766645.1	Zymoseptoria tritici	no	CP062589.1	901208	918354	17146	2	HispS,H3H	3	two of four in window	48.9
GCA_017766645.1	Zymoseptoria tritici	no	CP062580.1	233874	262266	28392	2	HispS,H3H	3	two of four in window	259.0
GCA_017766645.1	Zymoseptoria tritici	no	CP062580.1	407137	410547	3410	1	HispS	4	single gene only (HispS)	98.2
GCA_017766645.1	Zymoseptoria tritici	no	CP062580.1	555722	556351	629	1	HispS	4	single gene only (HispS)	54.3
GCA_017766645.1	Zymoseptoria tritici	no	CP062580.1	1161281	1168657	7376	1	HispS	4	single gene only (HispS)	57.8
GCA_017766645.1	Zymoseptoria tritici	no	CP062580.1	2367910	2368374	464	1	HispS	4	single gene only (HispS)	48.5
GCA_017766645.1	Zymoseptoria tritici	no	CP062587.1	1044267	1044890	623	1	H3H	4	single gene only (H3H)	53.1
GCA_017766645.1	Zymoseptoria tritici	no	CP062587.1	1569015	1571570	2555	1	HispS	4	single gene only (HispS)	237.0
GCA_017766645.1	Zymoseptoria tritici	no	CP062587.1	1706107	1707390	1283	1	H3H	4	single gene only (H3H)	82.8
GCA_017766645.1	Zymoseptoria tritici	no	CP062583.1	179809	182795	2986	1	HispS	4	single gene only (HispS)	205.0
GCA_017766645.1	Zymoseptoria tritici	no	CP062583.1	773808	774692	884	1	CPH	4	single gene only (CPH)	169.0
GCA_017766645.1	Zymoseptoria tritici	no	CP062583.1	950281	950550	269	1	H3H	4	single gene only (H3H)	43.9
GCA_017766645.1	Zymoseptoria tritici	no	CP062583.1	1274733	1275281	548	1	CPH	4	single gene only (CPH)	97.1
GCA_017766645.1	Zymoseptoria tritici	no	CP062583.1	1751689	1752638	949	1	CPH	4	single gene only (CPH)	221.0
GCA_017766645.1	Zymoseptoria tritici	no	CP062583.1	2350082	2350633	551	1	HispS	4	single gene only (HispS)	46.2
GCA_017766645.1	Zymoseptoria tritici	no	CP062583.1	2694112	2694243	131	1	H3H	4	single gene only (H3H)	42.4
GCA_017766645.1	Zymoseptoria tritici	no	CP062584.1	33192	126958	93766	2	HispS,H3H	3	two of four in window	201.0
GCA_017766645.1	Zymoseptoria tritici	no	CP062584.1	253391	254329	938	1	HispS	4	single gene only (HispS)	52.4
GCA_017766645.1	Zymoseptoria tritici	no	CP062584.1	572328	573959	1631	1	H3H	4	single gene only (H3H)	43.1
GCA_017766645.1	Zymoseptoria tritici	no	CP062584.1	1736859	1737680	821	1	H3H	4	single gene only (H3H)	45.4
GCA_017766645.1	Zymoseptoria tritici	no	CP062591.1	674160	677351	3191	1	HispS	4	single gene only (HispS)	195.0
GCA_017766645.1	Zymoseptoria tritici	no	CP062585.1	1336594	1337437	843	1	CPH	4	single gene only (CPH)	45.8
GCA_017766645.1	Zymoseptoria tritici	no	CP062585.1	1515852	1517222	1370	1	H3H	4	single gene only (H3H)	127.0
GCA_017766645.1	Zymoseptoria tritici	no	CP062585.1	2497597	2500647	3050	1	HispS	4	single gene only (HispS)	125.0
GCA_017766645.1	Zymoseptoria tritici	no	CP062590.1	1214022	1214786	764	1	HispS	4	single gene only (HispS)	60.5
GCA_017766645.1	Zymoseptoria tritici	no	CP062579.1	1001724	1002684	960	1	CPH	4	single gene only (CPH)	162.0
GCA_017766645.1	Zymoseptoria tritici	no	CP062579.1	5324413	5325270	857	1	HispS	4	single gene only (HispS)	62.8
GCA_017766645.1	Zymoseptoria tritici	no	CP062579.1	5464909	5565971	101062	1	H3H	4	single gene only (H3H)	108.0
GCA_017766645.1	Zymoseptoria tritici	no	CP062581.1	102892	104290	1398	1	H3H	4	single gene only (H3H)	70.9
GCA_017766645.1	Zymoseptoria tritici	no	CP062581.1	3379727	3380128	401	1	HispS	4	single gene only (HispS)	49.3
GCA_017766645.1	Zymoseptoria tritici	no	CP062586.1	39775	40609	834	1	H3H	4	single gene only (H3H)	53.1
GCA_017766645.1	Zymoseptoria tritici	no	CP062582.1	1395659	1396612	953	1	H3H	4	single gene only (H3H)	65.9
GCA_017766805.1	Zymoseptoria tritici	no	CP062667.1	164523	165616	1093	1	H3H	4	single gene only (H3H)	73.6
GCA_017766805.1	Zymoseptoria tritici	no	CP062667.1	638456	641087	2631	1	HispS	4	single gene only (HispS)	239.0
GCA_017766805.1	Zymoseptoria tritici	no	CP062667.1	1153837	1154538	701	1	H3H	4	single gene only (H3H)	56.6
GCA_017766805.1	Zymoseptoria tritici	no	CP062667.1	1566846	1569491	2645	1	HispS	4	single gene only (HispS)	291.0
GCA_017766805.1	Zymoseptoria tritici	no	CP062668.1	26011	26676	665	1	HispS	4	single gene only (HispS)	52.4
GCA_017766805.1	Zymoseptoria tritici	no	CP062668.1	458486	460012	1526	1	HispS	4	single gene only (HispS)	60.8
GCA_017766805.1	Zymoseptoria tritici	no	CP062668.1	636605	639364	2759	1	HispS	4	single gene only (HispS)	290.0
GCA_017766805.1	Zymoseptoria tritici	no	CP062668.1	939280	956356	17076	2	HispS,H3H	3	two of four in window	48.9
GCA_017766805.1	Zymoseptoria tritici	no	CP062666.1	1077024	1077647	623	1	H3H	4	single gene only (H3H)	53.1
GCA_017766805.1	Zymoseptoria tritici	no	CP062666.1	1601773	1604328	2555	1	HispS	4	single gene only (HispS)	237.0
GCA_017766805.1	Zymoseptoria tritici	no	CP062666.1	1738865	1740148	1283	1	H3H	4	single gene only (H3H)	82.8
GCA_017766805.1	Zymoseptoria tritici	no	CP062662.1	73034	76020	2986	1	HispS	4	single gene only (HispS)	206.0
GCA_017766805.1	Zymoseptoria tritici	no	CP062662.1	682264	683148	884	1	CPH	4	single gene only (CPH)	169.0
GCA_017766805.1	Zymoseptoria tritici	no	CP062662.1	864193	864462	269	1	H3H	4	single gene only (H3H)	43.9
GCA_017766805.1	Zymoseptoria tritici	no	CP062662.1	1207007	1207555	548	1	CPH	4	single gene only (CPH)	97.1
GCA_017766805.1	Zymoseptoria tritici	no	CP062662.1	1686261	1687210	949	1	CPH	4	single gene only (CPH)	221.0
GCA_017766805.1	Zymoseptoria tritici	no	CP062662.1	2197091	2197642	551	1	HispS	4	single gene only (HispS)	46.2
GCA_017766805.1	Zymoseptoria tritici	no	CP062662.1	2541162	2541293	131	1	H3H	4	single gene only (H3H)	42.4
GCA_017766805.1	Zymoseptoria tritici	no	CP062663.1	33225	126990	93765	2	HispS,H3H	3	two of four in window	201.0
GCA_017766805.1	Zymoseptoria tritici	no	CP062663.1	261357	262295	938	1	HispS	4	single gene only (HispS)	52.4
GCA_017766805.1	Zymoseptoria tritici	no	CP062663.1	580295	581926	1631	1	H3H	4	single gene only (H3H)	43.1
GCA_017766805.1	Zymoseptoria tritici	no	CP062663.1	1669154	1669975	821	1	H3H	4	single gene only (H3H)	45.4
GCA_017766805.1	Zymoseptoria tritici	no	CP062670.1	621689	624880	3191	1	HispS	4	single gene only (HispS)	194.0
GCA_017766805.1	Zymoseptoria tritici	no	CP062664.1	1655926	1656769	843	1	CPH	4	single gene only (CPH)	45.8
GCA_017766805.1	Zymoseptoria tritici	no	CP062664.1	1835184	1836554	1370	1	H3H	4	single gene only (H3H)	127.0
GCA_017766805.1	Zymoseptoria tritici	no	CP062664.1	2842902	2845952	3050	1	HispS	4	single gene only (HispS)	125.0
GCA_017766805.1	Zymoseptoria tritici	no	CP062659.1	354618	358028	3410	1	HispS	4	single gene only (HispS)	98.2
GCA_017766805.1	Zymoseptoria tritici	no	CP062659.1	519729	520358	629	1	HispS	4	single gene only (HispS)	53.9
GCA_017766805.1	Zymoseptoria tritici	no	CP062659.1	1087162	1094538	7376	1	HispS	4	single gene only (HispS)	57.8
GCA_017766805.1	Zymoseptoria tritici	no	CP062659.1	2311419	2311883	464	1	HispS	4	single gene only (HispS)	48.5
GCA_017766805.1	Zymoseptoria tritici	no	CP062669.1	1269420	1270184	764	1	HispS	4	single gene only (HispS)	60.5
GCA_017766805.1	Zymoseptoria tritici	no	CP062658.1	1023542	1024502	960	1	CPH	4	single gene only (CPH)	162.0
GCA_017766805.1	Zymoseptoria tritici	no	CP062658.1	3881032	3881472	440	1	Luz	4	single gene only (Luz)	58.9
GCA_017766805.1	Zymoseptoria tritici	no	CP062658.1	5146096	5146953	857	1	HispS	4	single gene only (HispS)	62.8
GCA_017766805.1	Zymoseptoria tritici	no	CP062658.1	5286589	5387651	101062	1	H3H	4	single gene only (H3H)	108.0
GCA_017766805.1	Zymoseptoria tritici	no	CP062660.1	118677	120075	1398	1	H3H	4	single gene only (H3H)	70.9
GCA_017766805.1	Zymoseptoria tritici	no	CP062660.1	3415425	3415826	401	1	HispS	4	single gene only (HispS)	49.3
GCA_017766805.1	Zymoseptoria tritici	no	CP062665.1	39980	40814	834	1	H3H	4	single gene only (H3H)	53.1
GCA_017766805.1	Zymoseptoria tritici	no	CP062661.1	1400141	1401094	953	1	H3H	4	single gene only (H3H)	65.9
GCA_017766825.1	Zymoseptoria tritici	no	CP062687.1	164485	165578	1093	1	H3H	4	single gene only (H3H)	73.6
GCA_017766825.1	Zymoseptoria tritici	no	CP062687.1	638418	641049	2631	1	HispS	4	single gene only (HispS)	239.0
GCA_017766825.1	Zymoseptoria tritici	no	CP062687.1	1153799	1154500	701	1	H3H	4	single gene only (H3H)	56.6
GCA_017766825.1	Zymoseptoria tritici	no	CP062687.1	1554690	1557335	2645	1	HispS	4	single gene only (HispS)	293.0
GCA_017766825.1	Zymoseptoria tritici	no	CP062688.1	471393	472919	1526	1	HispS	4	single gene only (HispS)	60.1
GCA_017766825.1	Zymoseptoria tritici	no	CP062688.1	652010	654769	2759	1	HispS	4	single gene only (HispS)	290.0
GCA_017766825.1	Zymoseptoria tritici	no	CP062688.1	903053	920199	17146	2	HispS,H3H	3	two of four in window	48.9
GCA_017766825.1	Zymoseptoria tritici	no	CP062679.1	217577	245970	28393	2	HispS,H3H	3	two of four in window	259.0
GCA_017766825.1	Zymoseptoria tritici	no	CP062679.1	390830	394240	3410	1	HispS	4	single gene only (HispS)	98.2
GCA_017766825.1	Zymoseptoria tritici	no	CP062679.1	550688	551317	629	1	HispS	4	single gene only (HispS)	53.9
GCA_017766825.1	Zymoseptoria tritici	no	CP062679.1	1118111	1125487	7376	1	HispS	4	single gene only (HispS)	57.8
GCA_017766825.1	Zymoseptoria tritici	no	CP062679.1	2321191	2321655	464	1	HispS	4	single gene only (HispS)	48.5
GCA_017766825.1	Zymoseptoria tritici	no	CP062686.1	1058025	1058648	623	1	H3H	4	single gene only (H3H)	53.1
GCA_017766825.1	Zymoseptoria tritici	no	CP062686.1	1604497	1607052	2555	1	HispS	4	single gene only (HispS)	235.0
GCA_017766825.1	Zymoseptoria tritici	no	CP062686.1	1730878	1732137	1259	1	H3H	4	single gene only (H3H)	82.8
GCA_017766825.1	Zymoseptoria tritici	no	CP062682.1	134041	137027	2986	1	HispS	4	single gene only (HispS)	206.0
GCA_017766825.1	Zymoseptoria tritici	no	CP062682.1	750221	751105	884	1	CPH	4	single gene only (CPH)	169.0
GCA_017766825.1	Zymoseptoria tritici	no	CP062682.1	926735	927004	269	1	H3H	4	single gene only (H3H)	43.9
GCA_017766825.1	Zymoseptoria tritici	no	CP062682.1	1251187	1251735	548	1	CPH	4	single gene only (CPH)	97.1
GCA_017766825.1	Zymoseptoria tritici	no	CP062682.1	1728144	1729093	949	1	CPH	4	single gene only (CPH)	221.0
GCA_017766825.1	Zymoseptoria tritici	no	CP062682.1	2333241	2333792	551	1	HispS	4	single gene only (HispS)	45.8
GCA_017766825.1	Zymoseptoria tritici	no	CP062682.1	2674519	2674650	131	1	H3H	4	single gene only (H3H)	42.4
GCA_017766825.1	Zymoseptoria tritici	no	CP062683.1	76626	271344	194718	2	HispS,H3H	3	two of four in window	202.0
GCA_017766825.1	Zymoseptoria tritici	no	CP062683.1	581906	583537	1631	1	H3H	4	single gene only (H3H)	43.1
GCA_017766825.1	Zymoseptoria tritici	no	CP062683.1	1715642	1716463	821	1	H3H	4	single gene only (H3H)	45.4
GCA_017766825.1	Zymoseptoria tritici	no	CP062690.1	675934	679125	3191	1	HispS	4	single gene only (HispS)	195.0
GCA_017766825.1	Zymoseptoria tritici	no	CP062684.1	1627977	1628820	843	1	CPH	4	single gene only (CPH)	45.8
GCA_017766825.1	Zymoseptoria tritici	no	CP062684.1	1816805	1818175	1370	1	H3H	4	single gene only (H3H)	127.0
GCA_017766825.1	Zymoseptoria tritici	no	CP062684.1	2856156	2859206	3050	1	HispS	4	single gene only (HispS)	125.0
GCA_017766825.1	Zymoseptoria tritici	no	CP062689.1	1251209	1251973	764	1	HispS	4	single gene only (HispS)	60.5
GCA_017766825.1	Zymoseptoria tritici	no	CP062678.1	1084018	1084978	960	1	CPH	4	single gene only (CPH)	162.0
GCA_017766825.1	Zymoseptoria tritici	no	CP062678.1	5286195	5287052	857	1	HispS	4	single gene only (HispS)	62.8
GCA_017766825.1	Zymoseptoria tritici	no	CP062678.1	5426690	5527752	101062	1	H3H	4	single gene only (H3H)	108.0
GCA_017766825.1	Zymoseptoria tritici	no	CP062680.1	118686	120084	1398	1	H3H	4	single gene only (H3H)	70.9
GCA_017766825.1	Zymoseptoria tritici	no	CP062680.1	3475507	3475908	401	1	HispS	4	single gene only (HispS)	49.3
GCA_017766825.1	Zymoseptoria tritici	no	CP062685.1	39984	40818	834	1	H3H	4	single gene only (H3H)	53.1
GCA_017766825.1	Zymoseptoria tritici	no	CP062681.1	1363423	1364376	953	1	H3H	4	single gene only (H3H)	65.9
