assembly	species	has_annotation	gene	contig	strand	start	end	n_hsp	best_bitscore	best_evalue	best_pident	best_query	qlen	qcov_aa	qcov_frac	sum_bitscore
GCA_040126065.1	Aspergillus fumigatus	yes	HispS	CP146365.1	+	74312	77219	22	240.0	3.95e-78	29.517	HispS|Armillaria_gallica	1771	972	0.5488	3231.6
GCA_040126065.1	Aspergillus fumigatus	yes	HispS	CP146365.1	+	3615509	3618175	12	348.0	1.75e-96	29.379	HispS|Armillaria_ostoyae	1770	959	0.5418	3462.1
GCA_040126065.1	Aspergillus fumigatus	yes	HispS	CP146365.1	-	2167898	2168173	1	46.2	0.0002	32.99	HispS|Neonothopanus_gardneri	1691	91	0.0538	46.2
GCA_040126065.1	Aspergillus fumigatus	yes	HispS	CP146365.1	-	2439246	2440271	11	67.4	7.28e-11	24.642	HispS|Armillaria_ostoyae	1770	490	0.2768	621.2
GCA_040126065.1	Aspergillus fumigatus	yes	HispS	CP146364.1	-	3010305	3015242	4	47.8	6.72e-05	21.937	HispS|Guyanagaster_necrorhiza	1766	606	0.3431	187.2
GCA_040126065.1	Aspergillus fumigatus	yes	HispS	CP146364.1	-	3532071	3539513	13	346.0	6.54e-96	30.329	HispS|Armillaria_gallica	1771	1101	0.6217	3401.1
GCA_040126065.1	Aspergillus fumigatus	yes	HispS	CP146362.1	-	48721	49635	1	45.4	0.000334	24.484	HispS|Neonothopanus_gardneri	1691	328	0.194	45.4
GCA_040126065.1	Aspergillus fumigatus	yes	HispS	CP146362.1	-	152272	154974	12	255.0	5.73e-68	27.796	HispS|Armillaria_ostoyae	1770	958	0.5412	2670.6
GCA_040126065.1	Aspergillus fumigatus	yes	HispS	CP146362.1	-	427714	429417	3	63.5	1.08e-09	22.621	HispS|Mycena_citricolor	1678	582	0.3468	159.4
GCA_040126065.1	Aspergillus fumigatus	yes	HispS	CP146362.1	-	3124656	3128240	2	46.2	0.000192	23.326	HispS|Mycena_chlorophos	1652	584	0.3535	90.5
GCA_040126065.1	Aspergillus fumigatus	yes	HispS	CP146362.1	-	3386283	3389371	33	147.0	2.12e-74	26.877	HispS|Neonothopanus_gardneri	1691	988	0.5843	3363.5
GCA_040126065.1	Aspergillus fumigatus	yes	HispS	CP146362.1	+	3332098	3335224	40	107.0	1.67e-33	36.196	HispS|Mycena_citricolor	1678	954	0.5685	2822.7
GCA_040126065.1	Aspergillus fumigatus	yes	HispS	CP146362.1	+	3681864	3684773	36	112.0	7.4e-42	37.017	HispS|Armillaria_mellea	1768	882	0.4989	2814.5
GCA_040126065.1	Aspergillus fumigatus	yes	HispS	CP146367.1	-	45225	48445	16	304.0	9.52e-83	28.67	HispS|Armillaria_gallica	1771	1120	0.6324	3240.8
GCA_040126065.1	Aspergillus fumigatus	yes	HispS	CP146360.1	-	121420	124476	12	293.0	1.59e-79	28.042	HispS|Armillaria_fuscipes	1774	1012	0.5705	2930.0
GCA_040126065.1	Aspergillus fumigatus	yes	HispS	CP146360.1	-	3197104	3197765	2	52.8	6.88e-09	32.692	HispS|Mycena_citricolor	1678	183	0.1091	80.5
GCA_040126065.1	Aspergillus fumigatus	yes	HispS	CP146360.1	+	2278702	2279046	1	43.9	0.000883	24.37	HispS|Mycena_citricolor	1678	118	0.0703	43.9
GCA_040126065.1	Aspergillus fumigatus	yes	HispS	CP146360.1	+	4503592	4506907	28	170.0	6.75e-51	25.667	HispS|Armillaria_gallica	1771	965	0.5449	2372.3
GCA_040126065.1	Aspergillus fumigatus	yes	HispS	CP146366.1	+	117718	120974	29	171.0	3.25e-42	32.951	HispS|Mycena_citricolor	1678	940	0.5602	2889.6
GCA_040126065.1	Aspergillus fumigatus	yes	HispS	CP146366.1	+	654645	657305	12	254.0	1.27e-67	26.403	HispS|Armillaria_fuscipes	1774	980	0.5524	2513.8
GCA_040126065.1	Aspergillus fumigatus	yes	HispS	CP146366.1	-	38475	39356	3	47.8	6.52e-05	22.008	HispS|Armillaria_gallica	1771	280	0.1581	137.2
GCA_040126065.1	Aspergillus fumigatus	yes	HispS	CP146366.1	-	84676	87671	22	217.0	2.24e-73	29.919	HispS|Armillaria_ostoyae	1770	963	0.5441	2856.8
GCA_040126065.1	Aspergillus fumigatus	yes	HispS	CP146361.1	+	104929	105402	2	52.8	1.68e-06	26.087	HispS|Panellus_stipticus	1504	145	0.0964	105.2
GCA_040126065.1	Aspergillus fumigatus	yes	HispS	CP146361.1	+	4381556	4382011	1	43.9	0.000876	24.691	HispS|Neonothopanus_gardneri	1691	157	0.0928	43.9
GCA_040126065.1	Aspergillus fumigatus	yes	HispS	CP146361.1	+	4583744	4586110	27	207.0	3.78e-53	33.1	HispS|Armillaria_fuscipes	1774	785	0.4425	2602.5
GCA_040126065.1	Aspergillus fumigatus	yes	HispS	CP146361.1	-	52696	55381	27	102.0	7.16e-49	34.225	HispS|Mycena_citricolor	1678	777	0.4631	1841.6
GCA_040126065.1	Aspergillus fumigatus	yes	HispS	CP146361.1	-	2444873	2445565	1	45.4	0.000326	25.468	HispS|Neonothopanus_gardneri	1691	263	0.1555	45.4
GCA_040126065.1	Aspergillus fumigatus	yes	HispS	CP146363.1	-	85961	88986	23	62.4	2.63e-09	30.657	HispS|Armillaria_ostoyae	1770	645	0.3644	1148.4
GCA_040126065.1	Aspergillus fumigatus	yes	HispS	CP146363.1	-	508066	530660	16	60.1	1.28e-08	25.337	HispS|Mycena_chlorophos	1652	622	0.3765	793.9
GCA_040126065.1	Aspergillus fumigatus	yes	HispS	CP146363.1	-	2683094	2684056	4	50.8	9.16e-06	26.244	HispS|Armillaria_mellea	1768	293	0.1657	193.7
GCA_040126065.1	Aspergillus fumigatus	yes	HispS	CP146364.1	+	794667	795188	1	50.4	1.12e-05	29.834	HispS|Armillaria_mellea	1768	162	0.0916	50.4
GCA_040126065.1	Aspergillus fumigatus	yes	HispS	CP146367.1	+	453731	454085	2	41.2	1.26e-05	54.286	HispS|Mycena_citricolor	1678	82	0.0489	69.3
GCA_040126065.1	Aspergillus fumigatus	yes	HispS	CP146363.1	+	128176	128721	1	46.2	0.000207	29.189	HispS|Neonothopanus_gardneri	1691	162	0.0958	46.2
GCA_040126065.1	Aspergillus fumigatus	yes	H3H	CP146361.1	+	3022790	3024047	20	99.4	1.23e-25	27.329	H3H|Panellus_stipticus_2	428	393	0.9182	1464.7
GCA_040126065.1	Aspergillus fumigatus	yes	H3H	CP146361.1	+	4535669	4536472	14	155.0	4.64e-41	35.036	H3H|Neonothopanus_gardneri	416	286	0.6875	2052.0
GCA_040126065.1	Aspergillus fumigatus	yes	H3H	CP146361.1	-	43249	44582	28	88.2	1.6e-18	28.477	H3H|Neonothopanus_gardneri	416	366	0.8798	1860.5
GCA_040126065.1	Aspergillus fumigatus	yes	H3H	CP146361.1	-	540513	541670	12	80.9	4.07e-16	21.728	H3H|Neonothopanus_nambi	422	367	0.8697	786.8
GCA_040126065.1	Aspergillus fumigatus	yes	H3H	CP146367.1	-	175324	176615	24	148.0	1.6e-38	33.569	H3H|Panellus_stipticus	428	381	0.8902	2307.6
GCA_040126065.1	Aspergillus fumigatus	yes	H3H	CP146367.1	-	293602	294615	1	42.7	0.000344	23.641	H3H|Mycena_chlorophos	422	336	0.7962	42.7
GCA_040126065.1	Aspergillus fumigatus	yes	H3H	CP146360.1	+	41463	41873	13	50.8	1.33e-06	45.312	H3H|Panellus_stipticus	428	115	0.2687	601.2
GCA_040126065.1	Aspergillus fumigatus	yes	H3H	CP146360.1	+	3627960	3629330	14	134.0	1.25e-33	31.735	H3H|Guyanagaster_necrorhiza	443	396	0.8939	1692.0
GCA_040126065.1	Aspergillus fumigatus	yes	H3H	CP146360.1	+	4406087	4407420	28	69.3	3.23e-12	34.302	H3H|Omphalotus_olearius	540	374	0.6926	1582.0
GCA_040126065.1	Aspergillus fumigatus	yes	H3H	CP146360.1	+	4648069	4649037	4	56.2	2.21e-08	22.424	H3H|Neonothopanus_gardneri	416	327	0.7861	206.8
GCA_040126065.1	Aspergillus fumigatus	yes	H3H	CP146360.1	-	3354530	3355763	19	62.8	2.16e-10	41.333	H3H|Panellus_stipticus	428	383	0.8949	1018.2
GCA_040126065.1	Aspergillus fumigatus	yes	H3H	CP146360.1	-	4330598	4331641	14	95.5	6.25e-21	29.483	H3H|Neonothopanus_nambi	422	335	0.7938	1168.4
GCA_040126065.1	Aspergillus fumigatus	yes	H3H	CP146362.1	+	3619290	3620801	40	112.0	1.31e-26	39.429	H3H|Panellus_stipticus	428	365	0.8528	2296.3
GCA_040126065.1	Aspergillus fumigatus	yes	H3H	CP146362.1	+	3651599	3652903	15	80.1	6.17e-16	24.623	H3H|Neonothopanus_nambi	422	410	0.9716	979.8
GCA_040126065.1	Aspergillus fumigatus	yes	H3H	CP146362.1	-	4002081	4003205	14	90.9	2.6e-19	24.933	H3H|Panellus_stipticus	428	387	0.9042	1184.7
GCA_040126065.1	Aspergillus fumigatus	yes	H3H	CP146366.1	+	1464763	1465959	14	89.7	5.24e-19	26.542	H3H|Neonothopanus_nambi	422	402	0.9526	1132.2
GCA_040126065.1	Aspergillus fumigatus	yes	H3H	CP146366.1	-	1655692	1657046	26	80.1	5.39e-31	26.786	H3H|Mycena_chlorophos	422	419	0.9929	1863.6
GCA_040126065.1	Aspergillus fumigatus	yes	H3H	CP146365.1	-	3269284	3270801	47	79.7	9.82e-16	33.974	H3H|Panellus_stipticus_3	428	421	0.9836	2132.7
GCA_040126065.1	Aspergillus fumigatus	yes	H3H	CP146364.1	-	2998970	2999305	13	52.8	2.75e-07	43.478	H3H|Panellus_stipticus	428	122	0.285	610.1
GCA_040126065.1	Aspergillus fumigatus	yes	H3H	CP146364.1	-	3673878	3674906	8	61.6	5.65e-10	28.111	H3H|Guyanagaster_necrorhiza	443	333	0.7517	402.5
GCA_040126065.1	Aspergillus fumigatus	yes	H3H	CP146363.1	-	1240844	1241090	16	38.5	0.000102	50.0	H3H|Armillaria_mellea	429	63	0.1469	508.8
GCA_040126065.1	Aspergillus fumigatus	yes	H3H	CP146363.1	-	1912989	1913234	2	42.4	0.000518	36.585	H3H|Mycena_citricolor	419	78	0.1862	84.0
GCA_040126065.1	Aspergillus fumigatus	yes	H3H	CP146364.1	+	1695160	1695678	4	42.4	0.000455	25.581	H3H|Panellus_stipticus_3	428	150	0.3505	166.8
GCA_040126065.1	Aspergillus fumigatus	yes	CPH	CP146364.1	-	1439763	1440716	6	205.0	1.03e-59	41.325	CPH|Armillaria_mellea	297	312	1.0505	1191.0
GCA_040126065.1	Aspergillus fumigatus	yes	CPH	CP146361.1	-	376334	377379	12	165.0	6.91e-53	37.984	CPH|Armillaria_gallica	302	313	1.0364	1319.7
GCA_040126065.1	Aspergillus fumigatus	yes	CPH	CP146365.1	+	3286796	3287800	6	161.0	2.89e-44	32.456	CPH|Neonothopanus_gardneri	321	281	0.8754	895.0
GCA_040126065.1	Aspergillus fumigatus	yes	CPH	CP146362.1	-	1941446	1942312	6	74.7	1.24e-14	24.068	CPH|Neonothopanus_gardneri	321	234	0.729	418.1
GCA_040126065.1	Aspergillus fumigatus	yes	CPH	CP146367.1	-	1728026	1728928	10	54.7	1.28e-09	31.304	CPH|Neonothopanus_gardneri	321	200	0.6231	449.3
GCA_040126065.1	Aspergillus fumigatus	yes	Luz	CP146361.1	-	2836224	2836915	24	62.0	3.17e-19	35.938	Luz|Omphalotus_olearius	261	242	0.9272	1227.2
GCA_058970245.1	Aspergillus fumigatus	yes	HispS	CM179779.1	+	176356	183798	13	349.0	1.01e-96	30.435	HispS|Armillaria_gallica	1771	1101	0.6217	3437.7
GCA_058970245.1	Aspergillus fumigatus	yes	HispS	CM179779.1	+	703524	708461	4	47.8	6.16e-05	26.28	HispS|Neonothopanus_nambi	1678	606	0.3611	187.2
GCA_058970245.1	Aspergillus fumigatus	yes	HispS	CM179777.1	-	34422	37088	12	347.0	2.78e-96	29.379	HispS|Armillaria_ostoyae	1770	959	0.5418	3452.1
GCA_058970245.1	Aspergillus fumigatus	yes	HispS	CM179777.1	-	3455234	3458084	22	239.0	9.31e-78	29.517	HispS|Armillaria_gallica	1771	972	0.5488	3226.7
GCA_058970245.1	Aspergillus fumigatus	yes	HispS	CM179777.1	+	1174468	1175493	11	66.2	1.59e-10	24.251	HispS|Armillaria_gallica	1771	490	0.2767	620.0
GCA_058970245.1	Aspergillus fumigatus	yes	HispS	CM179777.1	+	1448687	1448962	1	46.2	0.000196	32.99	HispS|Neonothopanus_gardneri	1691	91	0.0538	46.2
GCA_058970245.1	Aspergillus fumigatus	yes	HispS	CM179780.1	+	1735294	1738514	16	302.0	2.7e-82	28.67	HispS|Armillaria_gallica	1771	1120	0.6324	3235.4
GCA_058970245.1	Aspergillus fumigatus	yes	HispS	CM179775.1	+	1599222	1600124	4	62.0	2.86e-09	25.847	HispS|Mycena_citricolor	1678	337	0.2008	205.3
GCA_058970245.1	Aspergillus fumigatus	yes	HispS	CM179775.1	+	4555538	4558594	12	292.0	3.9e-79	27.926	HispS|Armillaria_fuscipes	1774	1012	0.5705	2929.0
GCA_058970245.1	Aspergillus fumigatus	yes	HispS	CM179775.1	-	298989	302271	31	166.0	7.46e-41	28.827	HispS|Armillaria_fuscipes	1774	940	0.5299	2438.4
GCA_058970245.1	Aspergillus fumigatus	yes	HispS	CM179775.1	-	2450363	2450707	1	43.9	0.000849	24.37	HispS|Mycena_citricolor	1678	118	0.0703	43.9
GCA_058970245.1	Aspergillus fumigatus	yes	HispS	CM179781.1	+	116856	119997	23	182.0	6.77e-46	33.333	HispS|Mycena_citricolor	1678	940	0.5602	2830.4
GCA_058970245.1	Aspergillus fumigatus	yes	HispS	CM179781.1	+	608956	611616	12	254.0	1.18e-67	26.293	HispS|Armillaria_fuscipes	1774	980	0.5524	2509.1
GCA_058970245.1	Aspergillus fumigatus	yes	HispS	CM179781.1	-	35593	36348	3	47.8	6.54e-05	22.008	HispS|Armillaria_gallica	1771	236	0.1333	136.8
GCA_058970245.1	Aspergillus fumigatus	yes	HispS	CM179781.1	-	79978	82973	22	215.0	9.53e-73	29.756	HispS|Armillaria_ostoyae	1770	963	0.5441	2846.9
GCA_058970245.1	Aspergillus fumigatus	yes	HispS	CM179776.1	-	144075	146777	12	257.0	1.48e-68	27.796	HispS|Armillaria_ostoyae	1770	958	0.5412	2681.6
GCA_058970245.1	Aspergillus fumigatus	yes	HispS	CM179776.1	-	3006331	3007239	1	44.7	0.000554	22.156	HispS|Neonothopanus_gardneri	1691	323	0.191	44.7
GCA_058970245.1	Aspergillus fumigatus	yes	HispS	CM179776.1	+	3478987	3481899	39	112.0	1.67e-46	37.017	HispS|Armillaria_mellea	1768	885	0.5006	2916.7
GCA_058970245.1	Aspergillus fumigatus	yes	HispS	CM179774.1	-	18620	21577	32	212.0	9.99e-55	33.867	HispS|Armillaria_fuscipes	1774	995	0.5609	3147.7
GCA_058970245.1	Aspergillus fumigatus	yes	HispS	CM179774.1	-	4690550	4691023	2	50.1	1.01e-05	25.466	HispS|Panellus_stipticus	1504	145	0.0964	99.8
GCA_058970245.1	Aspergillus fumigatus	yes	HispS	CM179774.1	+	2490701	2491396	1	46.2	0.00018	25.373	HispS|Neonothopanus_gardneri	1691	264	0.1561	46.2
GCA_058970245.1	Aspergillus fumigatus	yes	HispS	CM179774.1	+	4739772	4742457	27	102.0	7.76e-34	32.62	HispS|Armillaria_gallica	1771	777	0.4387	1849.3
GCA_058970245.1	Aspergillus fumigatus	yes	HispS	CM179778.1	-	93479	96849	35	67.8	5.69e-11	23.558	HispS|Mycena_citricolor	1678	895	0.5334	1518.1
GCA_058970245.1	Aspergillus fumigatus	yes	HispS	CM179778.1	-	516725	539320	17	60.8	6.6e-09	25.337	HispS|Mycena_chlorophos	1652	622	0.3765	848.1
GCA_058970245.1	Aspergillus fumigatus	yes	HispS	CM179778.1	-	2692883	2693845	4	50.8	8.96e-06	26.244	HispS|Armillaria_mellea	1768	293	0.1657	193.7
GCA_058970245.1	Aspergillus fumigatus	yes	HispS	CM179779.1	-	2938669	2939190	1	49.7	1.86e-05	29.834	HispS|Armillaria_mellea	1768	162	0.0916	49.7
GCA_058970245.1	Aspergillus fumigatus	yes	HispS	CM179778.1	+	136139	136708	2	46.6	0.000144	28.497	HispS|Neonothopanus_gardneri	1691	183	0.1082	92.0
GCA_058970245.1	Aspergillus fumigatus	yes	HispS	CM179780.1	-	1263189	1263543	2	41.2	1.4e-05	54.286	HispS|Mycena_citricolor	1678	82	0.0489	68.9
GCA_058970245.1	Aspergillus fumigatus	yes	H3H	CM179774.1	-	410429	411232	14	155.0	4.54e-41	35.036	H3H|Neonothopanus_gardneri	416	286	0.6875	2052.0
GCA_058970245.1	Aspergillus fumigatus	yes	H3H	CM179774.1	-	1912932	1914189	20	99.0	7.05e-26	27.329	H3H|Panellus_stipticus	428	393	0.9182	1466.0
GCA_058970245.1	Aspergillus fumigatus	yes	H3H	CM179774.1	+	4283555	4284700	12	77.4	4.37e-15	21.785	H3H|Neonothopanus_nambi	422	365	0.8649	758.1
GCA_058970245.1	Aspergillus fumigatus	yes	H3H	CM179774.1	+	4750537	4751870	28	88.2	1.57e-18	28.477	H3H|Neonothopanus_gardneri	416	366	0.8798	1862.0
GCA_058970245.1	Aspergillus fumigatus	yes	H3H	CM179780.1	+	1421729	1422742	1	42.0	0.000608	23.913	H3H|Mycena_chlorophos	422	336	0.7962	42.0
GCA_058970245.1	Aspergillus fumigatus	yes	H3H	CM179780.1	+	1618140	1619437	26	150.0	2.49e-39	34.276	H3H|Panellus_stipticus	428	381	0.8902	2436.9
GCA_058970245.1	Aspergillus fumigatus	yes	H3H	CM179775.1	+	472417	473460	14	95.5	6.12e-21	29.483	H3H|Neonothopanus_nambi	422	335	0.7938	1168.4
GCA_058970245.1	Aspergillus fumigatus	yes	H3H	CM179775.1	+	1074224	1075594	14	134.0	1.29e-33	31.735	H3H|Guyanagaster_necrorhiza	443	396	0.8939	1695.0
GCA_058970245.1	Aspergillus fumigatus	yes	H3H	CM179775.1	-	160705	161673	4	55.8	2.98e-08	22.866	H3H|Neonothopanus_gardneri	416	327	0.7861	204.9
GCA_058970245.1	Aspergillus fumigatus	yes	H3H	CM179775.1	-	396676	397998	28	71.2	4.76e-13	31.776	H3H|Neonothopanus_gardneri	416	349	0.8389	1593.1
GCA_058970245.1	Aspergillus fumigatus	yes	H3H	CM179775.1	-	805033	806266	19	62.8	2.12e-10	41.333	H3H|Panellus_stipticus	428	383	0.8949	1019.4
GCA_058970245.1	Aspergillus fumigatus	yes	H3H	CM179775.1	-	4638364	4638774	13	50.1	2.05e-06	43.75	H3H|Panellus_stipticus	428	115	0.2687	595.7
GCA_058970245.1	Aspergillus fumigatus	yes	H3H	CM179776.1	+	3436079	3437483	26	114.0	6.53e-27	40.0	H3H|Panellus_stipticus	428	345	0.8061	1906.4
GCA_058970245.1	Aspergillus fumigatus	yes	H3H	CM179776.1	+	3468194	3469498	16	82.4	1.21e-16	30.466	H3H|Mycena_chlorophos	422	410	0.9716	1087.9
GCA_058970245.1	Aspergillus fumigatus	yes	H3H	CM179776.1	-	3779023	3780147	14	92.4	8.48e-20	25.201	H3H|Panellus_stipticus	428	387	0.9042	1178.8
GCA_058970245.1	Aspergillus fumigatus	yes	H3H	CM179781.1	+	1427993	1429189	14	89.4	6.14e-19	26.542	H3H|Neonothopanus_nambi	422	402	0.9526	1126.8
GCA_058970245.1	Aspergillus fumigatus	yes	H3H	CM179781.1	-	616964	617524	1	41.6	0.000833	23.711	H3H|Mycena_citricolor	419	170	0.4057	41.6
GCA_058970245.1	Aspergillus fumigatus	yes	H3H	CM179781.1	-	1632874	1634229	27	79.0	1.56e-15	31.707	H3H|Armillaria_mellea	429	419	0.9767	1712.3
GCA_058970245.1	Aspergillus fumigatus	yes	H3H	CM179777.1	+	397382	398899	45	79.7	9.61e-16	33.974	H3H|Panellus_stipticus_3	428	421	0.9836	2060.8
GCA_058970245.1	Aspergillus fumigatus	yes	H3H	CM179779.1	+	43253	44281	8	61.6	6.29e-10	28.111	H3H|Guyanagaster_necrorhiza	443	333	0.7517	407.0
GCA_058970245.1	Aspergillus fumigatus	yes	H3H	CM179779.1	+	719462	719797	14	52.8	3.17e-07	43.478	H3H|Panellus_stipticus	428	122	0.285	649.4
GCA_058970245.1	Aspergillus fumigatus	yes	H3H	CM179779.1	+	3400344	3400787	14	58.9	3.55e-09	32.692	H3H|Panellus_stipticus	428	147	0.3435	766.4
GCA_058970245.1	Aspergillus fumigatus	yes	H3H	CM179778.1	-	1238572	1238819	16	38.5	9.98e-05	50.0	H3H|Armillaria_mellea	429	63	0.1469	508.8
GCA_058970245.1	Aspergillus fumigatus	yes	H3H	CM179778.1	-	1909428	1909673	2	42.4	0.000507	36.585	H3H|Mycena_citricolor	419	78	0.1862	84.0
GCA_058970245.1	Aspergillus fumigatus	yes	H3H	CM179780.1	-	12560	12760	4	43.1	0.00026	33.333	H3H|Armillaria_gallica	422	78	0.1848	170.5
GCA_058970245.1	Aspergillus fumigatus	yes	H3H	CM179779.1	-	2056811	2057197	3	42.4	0.000434	25.581	H3H|Panellus_stipticus_3	428	116	0.271	125.6
GCA_058970245.1	Aspergillus fumigatus	yes	CPH	CM179779.1	+	2317383	2318336	6	205.0	8.83e-60	41.325	CPH|Armillaria_mellea	297	312	1.0505	1191.0
GCA_058970245.1	Aspergillus fumigatus	yes	CPH	CM179774.1	+	4436182	4437227	12	166.0	2.83e-53	38.372	CPH|Armillaria_gallica	302	313	1.0364	1327.7
GCA_058970245.1	Aspergillus fumigatus	yes	CPH	CM179777.1	-	387340	388344	6	161.0	2.8e-44	32.456	CPH|Neonothopanus_gardneri	321	281	0.8754	893.0
GCA_058970245.1	Aspergillus fumigatus	yes	CPH	CM179780.1	+	4327	5286	14	62.4	1.55e-18	31.034	CPH|Neonothopanus_gardneri	321	255	0.7944	641.5
GCA_058970245.1	Aspergillus fumigatus	yes	CPH	CM179776.1	-	1911124	1911444	5	62.4	1.11e-10	34.259	CPH|Neonothopanus_gardneri	321	132	0.4112	287.0
GCA_058970245.1	Aspergillus fumigatus	yes	Luz	CM179774.1	+	2100037	2100696	12	97.1	8.57e-23	33.913	Luz|Omphalotus_olearius	261	234	0.8966	1046.5
GCA_028752175.1	Aspergillus fumigatus	no	HispS	CP084969.1	-	52917	55583	12	347.0	3.27e-96	29.379	HispS|Armillaria_ostoyae	1770	959	0.5418	3457.1
GCA_028752175.1	Aspergillus fumigatus	no	HispS	CP084969.1	-	3680607	3683514	22	239.0	5.94e-78	29.436	HispS|Armillaria_gallica	1771	972	0.5488	3250.7
GCA_028752175.1	Aspergillus fumigatus	no	HispS	CP084969.1	+	1240518	1241543	11	67.4	7.35e-11	24.642	HispS|Armillaria_ostoyae	1770	490	0.2768	621.2
GCA_028752175.1	Aspergillus fumigatus	no	HispS	CP084969.1	+	1516275	1516550	1	46.2	0.000202	32.99	HispS|Neonothopanus_gardneri	1691	91	0.0538	46.2
GCA_028752175.1	Aspergillus fumigatus	no	HispS	CP084971.1	-	3117466	3122403	4	48.1	5.38e-05	26.621	HispS|Neonothopanus_nambi	1678	606	0.3611	187.5
GCA_028752175.1	Aspergillus fumigatus	no	HispS	CP084971.1	-	3641084	3648526	13	343.0	7.92e-95	30.223	HispS|Armillaria_gallica	1771	1101	0.6217	3374.1
GCA_028752175.1	Aspergillus fumigatus	no	HispS	CP084972.1	-	45222	48184	16	303.0	9.87e-83	28.67	HispS|Armillaria_gallica	1771	1048	0.5918	3237.4
GCA_028752175.1	Aspergillus fumigatus	no	HispS	CP084967.1	+	1620977	1621638	2	52.8	6.95e-09	32.692	HispS|Mycena_citricolor	1678	183	0.1091	80.5
GCA_028752175.1	Aspergillus fumigatus	no	HispS	CP084967.1	+	4715372	4718428	12	293.0	1.61e-79	28.042	HispS|Armillaria_fuscipes	1774	1012	0.5705	2930.0
GCA_028752175.1	Aspergillus fumigatus	no	HispS	CP084967.1	-	311072	314387	28	170.0	3.49e-51	25.667	HispS|Armillaria_gallica	1771	965	0.5449	2383.2
GCA_028752175.1	Aspergillus fumigatus	no	HispS	CP084967.1	-	2550896	2551240	1	43.9	0.00087	24.37	HispS|Mycena_citricolor	1678	118	0.0703	43.9
GCA_028752175.1	Aspergillus fumigatus	no	HispS	CP084973.1	+	123912	127177	31	171.0	2.87e-42	32.951	HispS|Mycena_citricolor	1678	943	0.562	2960.1
GCA_028752175.1	Aspergillus fumigatus	no	HispS	CP084973.1	+	659025	661685	12	254.0	1.22e-67	26.403	HispS|Armillaria_fuscipes	1774	980	0.5524	2513.8
GCA_028752175.1	Aspergillus fumigatus	no	HispS	CP084973.1	-	46330	47085	3	48.1	5.66e-05	22.008	HispS|Armillaria_gallica	1771	236	0.1333	137.1
GCA_028752175.1	Aspergillus fumigatus	no	HispS	CP084973.1	-	90934	93929	22	216.0	4.36e-73	29.756	HispS|Armillaria_ostoyae	1770	963	0.5441	2852.8
GCA_028752175.1	Aspergillus fumigatus	no	HispS	CP084968.1	+	875445	876353	1	44.3	0.000694	22.619	HispS|Neonothopanus_gardneri	1691	323	0.191	44.3
GCA_028752175.1	Aspergillus fumigatus	no	HispS	CP084968.1	+	3576546	3578249	3	59.3	2.03e-08	22.465	HispS|Mycena_citricolor	1678	582	0.3468	152.5
GCA_028752175.1	Aspergillus fumigatus	no	HispS	CP084968.1	+	3850687	3853409	22	205.0	1.19e-66	27.869	HispS|Armillaria_ostoyae	1770	958	0.5412	2853.8
GCA_028752175.1	Aspergillus fumigatus	no	HispS	CP084968.1	+	3965826	3966740	1	45.4	0.000367	24.484	HispS|Neonothopanus_gardneri	1691	328	0.194	45.4
GCA_028752175.1	Aspergillus fumigatus	no	HispS	CP084968.1	-	381143	384055	36	112.0	7.48e-42	37.017	HispS|Armillaria_mellea	1768	882	0.4989	2798.2
GCA_028752175.1	Aspergillus fumigatus	no	HispS	CP084968.1	-	664055	666982	38	107.0	6.47e-33	36.196	HispS|Mycena_citricolor	1678	949	0.5656	2736.0
GCA_028752175.1	Aspergillus fumigatus	no	HispS	CP084966.1	-	25003	27960	32	211.0	2.58e-54	33.638	HispS|Armillaria_fuscipes	1774	995	0.5609	3101.3
GCA_028752175.1	Aspergillus fumigatus	no	HispS	CP084966.1	-	4539289	4539762	2	53.1	1.45e-06	26.087	HispS|Panellus_stipticus	1504	145	0.0964	105.9
GCA_028752175.1	Aspergillus fumigatus	no	HispS	CP084966.1	+	2210832	2211524	1	45.4	0.000329	25.468	HispS|Neonothopanus_gardneri	1691	263	0.1555	45.4
GCA_028752175.1	Aspergillus fumigatus	no	HispS	CP084966.1	+	4589302	4591987	27	102.0	5.45e-53	34.225	HispS|Mycena_citricolor	1678	777	0.4631	1960.6
GCA_028752175.1	Aspergillus fumigatus	no	HispS	CP084970.1	+	1102482	1103444	4	50.8	9.25e-06	26.244	HispS|Armillaria_mellea	1768	293	0.1657	193.7
GCA_028752175.1	Aspergillus fumigatus	no	HispS	CP084970.1	+	3382747	3404054	15	60.1	1.28e-08	25.337	HispS|Mycena_chlorophos	1652	622	0.3765	756.4
GCA_028752175.1	Aspergillus fumigatus	no	HispS	CP084970.1	+	3823397	3826423	33	72.0	2.73e-12	24.578	HispS|Mycena_citricolor	1678	825	0.4917	1508.9
GCA_028752175.1	Aspergillus fumigatus	no	HispS	CP084971.1	+	762000	762521	1	50.4	1.13e-05	29.834	HispS|Armillaria_mellea	1768	162	0.0916	50.4
GCA_028752175.1	Aspergillus fumigatus	no	HispS	CP084972.1	+	460662	461016	2	41.2	1.27e-05	54.286	HispS|Mycena_citricolor	1678	82	0.0489	69.3
GCA_028752175.1	Aspergillus fumigatus	no	H3H	CP084966.1	-	67442	68245	14	155.0	4.69e-41	35.036	H3H|Neonothopanus_gardneri	416	286	0.6875	2052.0
GCA_028752175.1	Aspergillus fumigatus	no	H3H	CP084966.1	-	1614392	1615649	20	99.0	8.8e-26	27.329	H3H|Panellus_stipticus	428	393	0.9182	1459.9
GCA_028752175.1	Aspergillus fumigatus	no	H3H	CP084966.1	+	4086417	4087574	12	77.4	4.55e-15	21.785	H3H|Neonothopanus_nambi	422	367	0.8697	750.9
GCA_028752175.1	Aspergillus fumigatus	no	H3H	CP084966.1	+	4600067	4601400	28	88.2	1.62e-18	28.477	H3H|Neonothopanus_gardneri	416	366	0.8798	1860.5
GCA_028752175.1	Aspergillus fumigatus	no	H3H	CP084972.1	-	173427	174724	26	149.0	5.21e-42	28.866	H3H|Panellus_stipticus	428	381	0.8902	2391.8
GCA_028752175.1	Aspergillus fumigatus	no	H3H	CP084972.1	-	300439	301452	1	42.7	0.000348	23.641	H3H|Mycena_chlorophos	422	336	0.7962	42.7
GCA_028752175.1	Aspergillus fumigatus	no	H3H	CP084967.1	-	172285	173253	4	55.8	3.07e-08	22.866	H3H|Neonothopanus_gardneri	416	327	0.7861	204.9
GCA_028752175.1	Aspergillus fumigatus	no	H3H	CP084967.1	-	410624	412004	28	69.3	3.27e-12	34.302	H3H|Omphalotus_olearius	540	377	0.6981	1579.5
GCA_028752175.1	Aspergillus fumigatus	no	H3H	CP084967.1	-	1194880	1196250	14	132.0	4.02e-33	31.735	H3H|Guyanagaster_necrorhiza	443	396	0.8939	1675.0
GCA_028752175.1	Aspergillus fumigatus	no	H3H	CP084967.1	-	4798058	4798468	13	50.8	1.34e-06	45.312	H3H|Panellus_stipticus	428	115	0.2687	601.2
GCA_028752175.1	Aspergillus fumigatus	no	H3H	CP084967.1	+	486452	487528	14	96.3	4.52e-21	29.483	H3H|Neonothopanus_nambi	422	349	0.827	1170.5
GCA_028752175.1	Aspergillus fumigatus	no	H3H	CP084967.1	+	1463661	1464894	19	62.8	2.18e-10	41.333	H3H|Panellus_stipticus	428	383	0.8949	1018.2
GCA_028752175.1	Aspergillus fumigatus	no	H3H	CP084968.1	-	413026	414330	15	80.1	6.24e-16	24.623	H3H|Neonothopanus_nambi	422	410	0.9716	979.8
GCA_028752175.1	Aspergillus fumigatus	no	H3H	CP084968.1	-	445086	446490	25	114.0	6.74e-27	40.0	H3H|Panellus_stipticus	428	345	0.8061	1881.2
GCA_028752175.1	Aspergillus fumigatus	no	H3H	CP084968.1	+	54570	55694	14	92.0	1.06e-19	25.201	H3H|Panellus_stipticus	428	387	0.9042	1187.4
GCA_028752175.1	Aspergillus fumigatus	no	H3H	CP084973.1	+	1492709	1493908	14	89.7	5.95e-19	26.542	H3H|Neonothopanus_nambi	422	400	0.9479	1132.0
GCA_028752175.1	Aspergillus fumigatus	no	H3H	CP084973.1	-	1681673	1683027	26	80.9	2.64e-31	26.255	H3H|Mycena_chlorophos	422	419	0.9929	1865.8
GCA_028752175.1	Aspergillus fumigatus	no	H3H	CP084969.1	+	430511	432028	45	79.7	9.92e-16	33.974	H3H|Panellus_stipticus_3	428	421	0.9836	2060.8
GCA_028752175.1	Aspergillus fumigatus	no	H3H	CP084971.1	-	3106129	3107480	15	52.8	3.27e-07	43.478	H3H|Panellus_stipticus	428	324	0.757	694.5
GCA_028752175.1	Aspergillus fumigatus	no	H3H	CP084971.1	-	3780832	3781860	8	61.2	6.55e-10	28.111	H3H|Guyanagaster_necrorhiza	443	333	0.7517	404.0
GCA_028752175.1	Aspergillus fumigatus	no	H3H	CP084970.1	+	1917986	1918231	2	42.4	0.000523	36.585	H3H|Mycena_citricolor	419	78	0.1862	84.0
GCA_028752175.1	Aspergillus fumigatus	no	H3H	CP084970.1	+	2613959	2614205	16	38.5	0.000103	50.0	H3H|Armillaria_mellea	429	63	0.1469	508.8
GCA_028752175.1	Aspergillus fumigatus	no	H3H	CP084972.1	+	1715756	1715956	4	43.1	0.000276	33.333	H3H|Armillaria_gallica	422	78	0.1848	170.5
GCA_028752175.1	Aspergillus fumigatus	no	H3H	CP084971.1	+	1680693	1681211	3	42.4	0.00046	25.581	H3H|Panellus_stipticus_3	428	150	0.3505	125.2
GCA_028752175.1	Aspergillus fumigatus	no	CPH	CP084971.1	-	1423486	1424439	6	205.0	1.04e-59	41.325	CPH|Armillaria_mellea	297	312	1.0505	1191.0
GCA_028752175.1	Aspergillus fumigatus	no	CPH	CP084966.1	+	4260070	4261115	12	165.0	6.16e-53	37.984	CPH|Armillaria_gallica	302	313	1.0364	1320.7
GCA_028752175.1	Aspergillus fumigatus	no	CPH	CP084969.1	-	420480	421484	6	162.0	2.6e-44	32.456	CPH|Neonothopanus_gardneri	321	281	0.8754	898.0
GCA_028752175.1	Aspergillus fumigatus	no	CPH	CP084968.1	+	2043920	2044786	6	74.3	1.41e-14	24.068	CPH|Neonothopanus_gardneri	321	234	0.729	417.7
GCA_028752175.1	Aspergillus fumigatus	no	CPH	CP084972.1	-	1723224	1723800	12	62.4	1.34e-10	31.034	CPH|Neonothopanus_gardneri	321	191	0.595	589.2
GCA_028752175.1	Aspergillus fumigatus	no	Luz	CP084966.1	+	1801485	1802144	12	97.1	8.85e-23	33.913	Luz|Omphalotus_olearius	261	234	0.8966	1046.5
GCA_059491275.1	Aspergillus nidulans	yes	HispS	CM183210.1	-	1870645	1873587	12	317.0	1.07e-86	28.786	HispS|Armillaria_gallica	1771	1002	0.5658	3256.9
GCA_059491275.1	Aspergillus nidulans	yes	HispS	CM183210.1	-	2635817	2638777	11	231.0	2.12e-60	26.4	HispS|Armillaria_fuscipes	1774	974	0.549	2326.0
GCA_059491275.1	Aspergillus nidulans	yes	HispS	CM183210.1	-	3809168	3809977	3	45.4	0.000388	24.555	HispS|Guyanagaster_necrorhiza	1766	262	0.1484	135.6
GCA_059491275.1	Aspergillus nidulans	yes	HispS	CM183210.1	-	4289616	4291151	1	50.8	7.75e-06	21.17	HispS|Mycena_citricolor	1678	541	0.3224	50.8
GCA_059491275.1	Aspergillus nidulans	yes	HispS	CM183210.1	-	4314063	4316741	23	182.0	1.15e-45	36.111	HispS|Mycena_citricolor	1678	870	0.5185	2910.3
GCA_059491275.1	Aspergillus nidulans	yes	HispS	CM183210.1	+	152497	155271	27	152.0	2.42e-67	33.433	HispS|Armillaria_fuscipes	1774	957	0.5395	2714.2
GCA_059491275.1	Aspergillus nidulans	yes	HispS	CM183210.1	+	480204	483123	30	142.0	1.01e-35	30.12	HispS|Armillaria_gallica	1771	983	0.5551	2153.1
GCA_059491275.1	Aspergillus nidulans	yes	HispS	CM183210.1	+	2642904	2646125	11	293.0	1.91e-79	28.618	HispS|Guyanagaster_necrorhiza	1766	1006	0.5696	2838.0
GCA_059491275.1	Aspergillus nidulans	yes	HispS	CM183210.1	+	2727968	2728672	2	52.8	2.36e-06	24.201	HispS|Neonothopanus_nambi	1678	248	0.1478	97.1
GCA_059491275.1	Aspergillus nidulans	yes	HispS	CM183205.1	+	89163	97019	3	48.1	5.69e-05	22.664	HispS|Mycena_chlorophos	1652	437	0.2645	139.3
GCA_059491275.1	Aspergillus nidulans	yes	HispS	CM183205.1	+	150314	153028	11	268.0	4.92e-72	27.784	HispS|Mycena_citricolor	1678	885	0.5274	2566.0
GCA_059491275.1	Aspergillus nidulans	yes	HispS	CM183205.1	+	1335315	1335812	1	48.9	3.3e-05	28.07	HispS|Mycena_chlorophos	1652	151	0.0914	48.9
GCA_059491275.1	Aspergillus nidulans	yes	HispS	CM183205.1	+	3570207	3573151	22	227.0	4.42e-86	28.571	HispS|Guyanagaster_necrorhiza	1766	960	0.5436	3348.9
GCA_059491275.1	Aspergillus nidulans	yes	HispS	CM183205.1	-	173163	175892	11	306.0	1.21e-83	29.724	HispS|Armillaria_fuscipes	1774	949	0.5349	2933.0
GCA_059491275.1	Aspergillus nidulans	yes	HispS	CM183205.1	-	732443	733435	2	52.0	3.41e-06	24.315	HispS|Neonothopanus_nambi	1678	324	0.1931	100.9
GCA_059491275.1	Aspergillus nidulans	yes	HispS	CM183205.1	-	843059	845737	11	240.0	2.32e-63	26.902	HispS|Mycena_citricolor	1678	973	0.5799	2345.0
GCA_059491275.1	Aspergillus nidulans	yes	HispS	CM183205.1	-	1109211	1112027	11	296.0	1.9e-80	28.91	HispS|Armillaria_fuscipes	1774	963	0.5428	2827.0
GCA_059491275.1	Aspergillus nidulans	yes	HispS	CM183205.1	-	3565132	3568016	22	228.0	1.01e-59	27.843	HispS|Armillaria_ostoyae	1770	1003	0.5667	2919.1
GCA_059491275.1	Aspergillus nidulans	yes	HispS	CM183208.1	+	396942	399779	12	307.0	8.98e-84	30.514	HispS|Armillaria_mellea	1768	976	0.552	3009.2
GCA_059491275.1	Aspergillus nidulans	yes	HispS	CM183208.1	+	2511140	2512228	11	137.0	6.31e-32	30.499	HispS|Armillaria_gallica	1771	425	0.24	1318.2
GCA_059491275.1	Aspergillus nidulans	yes	HispS	CM183208.1	-	312329	315213	22	181.0	3.32e-45	30.368	HispS|Mycena_citricolor	1678	903	0.5381	2605.6
GCA_059491275.1	Aspergillus nidulans	yes	HispS	CM183211.1	-	39127	40113	1	46.2	0.000204	22.923	HispS|Neonothopanus_gardneri	1691	323	0.191	46.2
GCA_059491275.1	Aspergillus nidulans	yes	HispS	CM183211.1	-	1057684	1059306	7	68.2	5.7e-11	24.574	HispS|Armillaria_mellea	1768	539	0.3049	419.1
GCA_059491275.1	Aspergillus nidulans	yes	HispS	CM183211.1	-	1717872	1720622	11	233.0	2.46e-61	27.474	HispS|Mycena_citricolor	1678	911	0.5429	2353.0
GCA_059491275.1	Aspergillus nidulans	yes	HispS	CM183211.1	-	3738509	3738922	1	45.1	0.000459	27.891	HispS|Mycena_chlorophos	1652	134	0.0811	45.1
GCA_059491275.1	Aspergillus nidulans	yes	HispS	CM183211.1	-	4421918	4425105	22	232.0	6.11e-77	28.947	HispS|Armillaria_fuscipes	1774	1151	0.6488	3195.8
GCA_059491275.1	Aspergillus nidulans	yes	HispS	CM183211.1	-	4831401	4836467	3	48.9	3.14e-05	21.145	HispS|Armillaria_mellea	1768	586	0.3314	137.9
GCA_059491275.1	Aspergillus nidulans	yes	HispS	CM183211.1	+	1701478	1704156	11	266.0	4.61e-71	27.242	HispS|Guyanagaster_necrorhiza	1766	895	0.5068	2677.0
GCA_059491275.1	Aspergillus nidulans	yes	HispS	CM183211.1	+	2981319	2983166	6	53.1	1.57e-06	21.471	HispS|Neonothopanus_nambi	1678	649	0.3868	289.5
GCA_059491275.1	Aspergillus nidulans	yes	HispS	CM183211.1	+	3258690	3261368	11	265.0	4.62e-71	27.476	HispS|Mycena_citricolor	1678	942	0.5614	2493.0
GCA_059491275.1	Aspergillus nidulans	yes	HispS	CM183207.1	+	1692027	1692860	11	69.3	2.28e-11	25.088	HispS|Mycena_citricolor	1678	316	0.1883	593.1
GCA_059491275.1	Aspergillus nidulans	yes	HispS	CM183207.1	+	2770039	2772813	11	283.0	2.85e-76	28.882	HispS|Armillaria_gallica	1771	989	0.5584	2731.0
GCA_059491275.1	Aspergillus nidulans	yes	HispS	CM183207.1	-	1085733	1088574	30	165.0	6.12e-55	27.237	HispS|Armillaria_gallica	1771	885	0.4997	2620.0
GCA_059491275.1	Aspergillus nidulans	yes	HispS	CM183207.1	-	1126509	1129515	16	242.0	5.2e-70	27.726	HispS|Armillaria_fuscipes	1774	891	0.5023	2554.4
GCA_059491275.1	Aspergillus nidulans	yes	HispS	CM183207.1	-	1288271	1289148	20	85.5	1.02e-28	39.024	HispS|Armillaria_mellea	1768	300	0.1697	1390.7
GCA_059491275.1	Aspergillus nidulans	yes	HispS	CM183204.1	-	144848	147739	11	273.0	2.1e-73	27.223	HispS|Armillaria_gallica	1771	969	0.5471	2717.0
GCA_059491275.1	Aspergillus nidulans	yes	HispS	CM183204.1	+	157920	158939	2	72.0	3.48e-12	24.599	HispS|Neonothopanus_nambi	1678	358	0.2133	129.0
GCA_059491275.1	Aspergillus nidulans	yes	HispS	CM183204.1	+	207977	210956	39	119.0	1.1e-26	27.204	HispS|Panellus_stipticus	1504	958	0.637	3013.6
GCA_059491275.1	Aspergillus nidulans	yes	HispS	CM183204.1	+	1545188	1548065	15	263.0	2.18e-70	28.058	HispS|Armillaria_fuscipes	1774	920	0.5186	2836.4
GCA_059491275.1	Aspergillus nidulans	yes	HispS	CM183204.1	+	3172611	3175643	16	217.0	4.15e-67	28.115	HispS|Neonothopanus_nambi	1678	912	0.5435	2409.3
GCA_059491275.1	Aspergillus nidulans	yes	HispS	CM183209.1	-	74866	75294	1	44.3	0.000861	27.891	HispS|Mycena_chlorophos	1652	141	0.0854	44.3
GCA_059491275.1	Aspergillus nidulans	yes	HispS	CM183209.1	-	863746	866742	12	261.0	7.56e-70	27.09	HispS|Armillaria_fuscipes	1774	1074	0.6054	2579.6
GCA_059491275.1	Aspergillus nidulans	yes	HispS	CM183209.1	-	1256284	1258881	31	135.0	1.58e-56	28.571	HispS|Guyanagaster_necrorhiza	1766	858	0.4858	2990.8
GCA_059491275.1	Aspergillus nidulans	yes	HispS	CM183209.1	-	1383181	1386237	11	246.0	2.9e-65	28.188	HispS|Armillaria_gallica	1771	1078	0.6087	2454.0
GCA_059491275.1	Aspergillus nidulans	yes	HispS	CM183209.1	+	65920	69033	23	208.0	1.84e-69	27.175	HispS|Armillaria_ostoyae	1770	995	0.5621	2836.9
GCA_059491275.1	Aspergillus nidulans	yes	HispS	CM183209.1	+	3352691	3353332	3	51.6	5.1e-06	26.271	HispS|Neonothopanus_gardneri	1691	225	0.1331	141.7
GCA_059491275.1	Aspergillus nidulans	yes	HispS	CM183206.1	-	1440409	1441497	3	65.9	2.3e-10	26.014	HispS|Neonothopanus_nambi	1678	416	0.2479	181.8
GCA_059491275.1	Aspergillus nidulans	yes	HispS	CM183206.1	-	2477186	2478142	10	62.0	3.48e-09	27.016	HispS|Armillaria_gallica	1771	478	0.2699	552.4
GCA_059491275.1	Aspergillus nidulans	yes	HispS	CM183206.1	+	862721	863554	1	44.7	0.000596	21.479	HispS|Mycena_citricolor	1678	268	0.1597	44.7
GCA_059491275.1	Aspergillus nidulans	yes	H3H	CM183208.1	-	198799	200332	37	130.0	1.43e-35	37.22	H3H|Armillaria_fuscipes	426	410	0.9624	2467.5
GCA_059491275.1	Aspergillus nidulans	yes	H3H	CM183208.1	-	593468	594742	14	176.0	5.67e-48	34.239	H3H|Armillaria_fuscipes	426	403	0.946	2291.0
GCA_059491275.1	Aspergillus nidulans	yes	H3H	CM183208.1	-	1127909	1128973	7	47.4	1.57e-05	26.449	H3H|Mycena_citricolor	419	381	0.9093	315.0
GCA_059491275.1	Aspergillus nidulans	yes	H3H	CM183208.1	-	3015236	3016426	28	62.0	4.06e-10	39.604	H3H|Armillaria_mellea	429	296	0.69	1491.3
GCA_059491275.1	Aspergillus nidulans	yes	H3H	CM183208.1	+	70259	70531	3	45.1	7.27e-05	34.0	H3H|Panellus_stipticus_2	428	99	0.2313	132.2
GCA_059491275.1	Aspergillus nidulans	yes	H3H	CM183208.1	+	392901	393077	1	42.0	0.000705	35.593	H3H|Panellus_stipticus	428	59	0.1379	42.0
GCA_059491275.1	Aspergillus nidulans	yes	H3H	CM183208.1	+	747971	749140	14	94.0	2.33e-20	24.138	H3H|Neonothopanus_nambi	422	397	0.9408	1109.9
GCA_059491275.1	Aspergillus nidulans	yes	H3H	CM183209.1	-	240215	241608	29	94.7	4.14e-20	27.211	H3H|Omphalotus_olearius	540	406	0.7519	1656.4
GCA_059491275.1	Aspergillus nidulans	yes	H3H	CM183209.1	-	840892	841695	14	152.0	5.43e-40	32.258	H3H|Armillaria_ostoyae	426	286	0.6714	1979.0
GCA_059491275.1	Aspergillus nidulans	yes	H3H	CM183209.1	-	3239486	3240630	23	87.8	7.96e-23	27.653	H3H|Panellus_stipticus	428	358	0.8364	1420.1
GCA_059491275.1	Aspergillus nidulans	yes	H3H	CM183209.1	+	876944	877762	14	61.6	5.85e-10	24.194	H3H|Armillaria_fuscipes	426	257	0.6033	778.3
GCA_059491275.1	Aspergillus nidulans	yes	H3H	CM183209.1	+	1393223	1394047	14	68.2	4.39e-12	24.916	H3H|Panellus_stipticus	428	262	0.6121	801.8
GCA_059491275.1	Aspergillus nidulans	yes	H3H	CM183204.1	-	3030745	3032057	35	155.0	6.41e-41	34.021	H3H|Neonothopanus_gardneri	416	381	0.9159	2741.6
GCA_059491275.1	Aspergillus nidulans	yes	H3H	CM183210.1	+	2148397	2149585	22	134.0	9.13e-34	31.667	H3H|Guyanagaster_necrorhiza	443	364	0.8217	1893.9
GCA_059491275.1	Aspergillus nidulans	yes	H3H	CM183210.1	+	2640307	2641608	14	93.2	4.31e-20	25.635	H3H|Mycena_chlorophos	422	423	1.0024	1125.5
GCA_059491275.1	Aspergillus nidulans	yes	H3H	CM183210.1	+	2897764	2899247	23	70.1	2.23e-12	26.214	H3H|Omphalotus_olearius	540	388	0.7185	1289.3
GCA_059491275.1	Aspergillus nidulans	yes	H3H	CM183210.1	+	4461841	4463189	49	68.9	2.02e-15	35.106	H3H|Panellus_stipticus	428	370	0.8645	1971.1
GCA_059491275.1	Aspergillus nidulans	yes	H3H	CM183207.1	+	612925	614277	29	100.0	1.69e-22	35.152	H3H|Armillaria_fuscipes	426	304	0.7136	1970.8
GCA_059491275.1	Aspergillus nidulans	yes	H3H	CM183207.1	+	2353810	2355164	28	95.5	7.88e-21	30.196	H3H|Neonothopanus_nambi	422	408	0.9668	1862.5
GCA_059491275.1	Aspergillus nidulans	yes	H3H	CM183207.1	-	126926	128266	14	87.0	4.55e-18	24.091	H3H|Neonothopanus_nambi	422	409	0.9692	1000.2
GCA_059491275.1	Aspergillus nidulans	yes	H3H	CM183207.1	-	1985983	1987261	37	71.6	2.11e-23	32.105	H3H|Guyanagaster_necrorhiza	443	354	0.7991	1820.8
GCA_059491275.1	Aspergillus nidulans	yes	H3H	CM183205.1	-	136368	137399	8	71.6	3.66e-13	26.816	H3H|Neonothopanus_gardneri	416	344	0.8269	513.4
GCA_059491275.1	Aspergillus nidulans	yes	H3H	CM183205.1	-	146537	147854	15	62.0	3.12e-13	24.068	H3H|Neonothopanus_nambi	422	409	0.9692	829.5
GCA_059491275.1	Aspergillus nidulans	yes	H3H	CM183205.1	-	700314	701729	37	56.6	5.51e-16	61.364	H3H|Armillaria_ostoyae	426	380	0.892	1713.0
GCA_059491275.1	Aspergillus nidulans	yes	H3H	CM183205.1	-	3690784	3691630	18	53.9	1.44e-07	36.275	H3H|Neonothopanus_gardneri	416	257	0.6178	802.9
GCA_059491275.1	Aspergillus nidulans	yes	H3H	CM183205.1	+	1074484	1074858	10	48.1	7.87e-06	31.897	H3H|Neonothopanus_nambi	422	134	0.3175	455.6
GCA_059491275.1	Aspergillus nidulans	yes	H3H	CM183206.1	-	1142537	1143544	9	51.2	9.06e-07	23.077	H3H|Neonothopanus_gardneri	416	372	0.8942	418.9
GCA_059491275.1	Aspergillus nidulans	yes	H3H	CM183206.1	-	1623429	1624490	14	96.7	3.36e-21	29.032	H3H|Panellus_stipticus_3	428	333	0.778	1233.9
GCA_059491275.1	Aspergillus nidulans	yes	H3H	CM183211.1	-	1722846	1723352	14	61.6	5.67e-10	32.653	H3H|Panellus_stipticus	428	175	0.4089	782.6
GCA_059491275.1	Aspergillus nidulans	yes	H3H	CM183211.1	-	3246553	3247305	14	59.7	2.03e-09	35.398	H3H|Panellus_stipticus	428	274	0.6402	704.4
GCA_059491275.1	Aspergillus nidulans	yes	H3H	CM183211.1	+	4403307	4403663	14	50.1	2.47e-06	28.571	H3H|Panellus_stipticus	428	124	0.2897	657.1
GCA_059491275.1	Aspergillus nidulans	yes	H3H	CM183211.1	+	4431291	4432148	10	49.7	3.28e-06	25.652	H3H|Armillaria_fuscipes	426	276	0.6479	443.1
GCA_059491275.1	Aspergillus nidulans	yes	H3H	CM183210.1	-	1992924	1993991	3	53.1	2.33e-07	23.262	H3H|Armillaria_gallica	422	371	0.8791	146.3
GCA_059491275.1	Aspergillus nidulans	yes	H3H	CM183204.1	+	3049040	3049780	3	47.4	1.36e-05	25.108	H3H|Mycena_citricolor	419	236	0.5632	141.8
GCA_059491275.1	Aspergillus nidulans	yes	CPH	CM183205.1	-	2700885	2701778	6	224.0	2.18e-66	42.657	CPH|Armillaria_fuscipes	294	315	1.0714	1316.0
GCA_059491275.1	Aspergillus nidulans	yes	CPH	CM183208.1	-	1540265	1541167	6	202.0	9.36e-59	41.311	CPH|Armillaria_mellea	297	314	1.0572	1175.0
GCA_059491275.1	Aspergillus nidulans	yes	CPH	CM183208.1	-	2817010	2817504	5	48.1	4.03e-06	25.444	CPH|Armillaria_gallica	302	169	0.5596	231.8
GCA_059491275.1	Aspergillus nidulans	yes	CPH	CM183206.1	-	185568	186653	22	125.0	1.37e-54	51.695	CPH|Armillaria_mellea	297	319	1.0741	1549.9
GCA_059491275.1	Aspergillus nidulans	yes	CPH	CM183210.1	+	87172	88108	12	182.0	2e-54	48.544	CPH|Neonothopanus_gardneri	321	319	0.9938	1341.4
GCA_059491275.1	Aspergillus nidulans	yes	CPH	CM183204.1	-	1157557	1158664	12	149.0	2.72e-40	40.654	CPH|Neonothopanus_nambi	289	319	1.1038	1331.2
GCA_059491275.1	Aspergillus nidulans	yes	CPH	CM183209.1	+	2820064	2820969	6	144.0	2.02e-38	35.628	CPH|Armillaria_ostoyae	302	296	0.9801	817.0
GCA_059491275.1	Aspergillus nidulans	yes	CPH	CM183209.1	-	2342386	2342706	6	63.5	5e-11	33.645	CPH|Neonothopanus_gardneri	321	131	0.4081	342.7
GCA_059491275.1	Aspergillus nidulans	yes	CPH	CM183207.1	+	1149611	1150402	6	116.0	6.81e-29	32.593	CPH|Armillaria_ostoyae	302	255	0.8444	650.4
GCA_059491275.1	Aspergillus nidulans	yes	Luz	CM183211.1	+	1421232	1421975	12	103.0	7.33e-25	33.621	Luz|Omphalotus_olearius	261	234	0.8966	1116.9
GCA_059491275.1	Aspergillus nidulans	yes	Luz	CM183207.1	-	117257	118145	24	63.2	8.89e-21	48.485	Luz|Armillaria_fuscipes	266	257	0.9662	1347.7
GCA_000011425.1	Aspergillus nidulans	yes	HispS	BN001307.1	-	1821448	1824390	12	317.0	1.06e-86	28.786	HispS|Armillaria_gallica	1771	1002	0.5658	3256.9
GCA_000011425.1	Aspergillus nidulans	yes	HispS	BN001307.1	-	2588149	2591111	22	167.0	2.47e-41	29.234	HispS|Mycena_citricolor	1678	974	0.5805	2579.7
GCA_000011425.1	Aspergillus nidulans	yes	HispS	BN001307.1	-	3757317	3758126	3	45.4	0.000384	24.555	HispS|Guyanagaster_necrorhiza	1766	262	0.1484	135.6
GCA_000011425.1	Aspergillus nidulans	yes	HispS	BN001307.1	-	4235448	4236983	1	50.8	7.67e-06	21.17	HispS|Mycena_citricolor	1678	541	0.3224	50.8
GCA_000011425.1	Aspergillus nidulans	yes	HispS	BN001307.1	-	4259899	4262577	23	182.0	1.14e-45	36.111	HispS|Mycena_citricolor	1678	870	0.5185	2910.3
GCA_000011425.1	Aspergillus nidulans	yes	HispS	BN001307.1	+	152563	155337	27	152.0	2.4e-67	33.433	HispS|Armillaria_fuscipes	1774	957	0.5395	2714.2
GCA_000011425.1	Aspergillus nidulans	yes	HispS	BN001307.1	+	480351	483270	30	142.0	1e-35	30.12	HispS|Armillaria_gallica	1771	983	0.5551	2153.1
GCA_000011425.1	Aspergillus nidulans	yes	HispS	BN001307.1	+	2595238	2598459	11	293.0	1.89e-79	28.618	HispS|Guyanagaster_necrorhiza	1766	1006	0.5696	2838.0
GCA_000011425.1	Aspergillus nidulans	yes	HispS	BN001307.1	+	2680312	2681016	2	52.8	2.33e-06	24.201	HispS|Neonothopanus_nambi	1678	248	0.1478	97.1
GCA_000011425.1	Aspergillus nidulans	yes	HispS	BN001302.1	+	125566	133422	3	48.1	5.64e-05	22.664	HispS|Mycena_chlorophos	1652	437	0.2645	139.3
GCA_000011425.1	Aspergillus nidulans	yes	HispS	BN001302.1	+	186723	189437	11	268.0	4.87e-72	27.784	HispS|Mycena_citricolor	1678	885	0.5274	2566.0
GCA_000011425.1	Aspergillus nidulans	yes	HispS	BN001302.1	+	1365112	1365609	1	48.9	3.27e-05	28.07	HispS|Mycena_chlorophos	1652	151	0.0914	48.9
GCA_000011425.1	Aspergillus nidulans	yes	HispS	BN001302.1	+	3555500	3558444	22	227.0	4.38e-86	28.571	HispS|Guyanagaster_necrorhiza	1766	960	0.5436	3348.9
GCA_000011425.1	Aspergillus nidulans	yes	HispS	BN001302.1	-	209577	212318	11	307.0	1.16e-83	29.724	HispS|Armillaria_fuscipes	1774	969	0.5462	2934.0
GCA_000011425.1	Aspergillus nidulans	yes	HispS	BN001302.1	-	765295	766287	2	52.0	3.37e-06	24.315	HispS|Neonothopanus_nambi	1678	324	0.1931	100.9
GCA_000011425.1	Aspergillus nidulans	yes	HispS	BN001302.1	-	875915	878593	11	240.0	2.3e-63	26.902	HispS|Mycena_citricolor	1678	973	0.5799	2345.0
GCA_000011425.1	Aspergillus nidulans	yes	HispS	BN001302.1	-	1138963	1141779	11	296.0	1.88e-80	28.91	HispS|Armillaria_fuscipes	1774	963	0.5428	2827.0
GCA_000011425.1	Aspergillus nidulans	yes	HispS	BN001302.1	-	3550425	3553309	22	228.0	1e-59	27.843	HispS|Armillaria_ostoyae	1770	1003	0.5667	2919.1
GCA_000011425.1	Aspergillus nidulans	yes	HispS	BN001305.1	+	392668	395505	12	307.0	8.9e-84	30.514	HispS|Armillaria_mellea	1768	976	0.552	3009.2
GCA_000011425.1	Aspergillus nidulans	yes	HispS	BN001305.1	+	2427389	2428477	11	137.0	6.25e-32	30.499	HispS|Armillaria_gallica	1771	425	0.24	1318.2
GCA_000011425.1	Aspergillus nidulans	yes	HispS	BN001305.1	-	308045	310929	22	181.0	3.28e-45	30.368	HispS|Mycena_citricolor	1678	903	0.5381	2605.6
GCA_000011425.1	Aspergillus nidulans	yes	HispS	BN001308.1	-	46930	47916	1	46.6	0.000156	22.923	HispS|Neonothopanus_gardneri	1691	323	0.191	46.6
GCA_000011425.1	Aspergillus nidulans	yes	HispS	BN001308.1	-	1024762	1026384	7	68.2	5.65e-11	24.574	HispS|Armillaria_mellea	1768	539	0.3049	419.1
GCA_000011425.1	Aspergillus nidulans	yes	HispS	BN001308.1	-	1685076	1687826	11	233.0	2.44e-61	27.474	HispS|Mycena_citricolor	1678	911	0.5429	2353.0
GCA_000011425.1	Aspergillus nidulans	yes	HispS	BN001308.1	-	3705775	3706188	1	45.1	0.000455	27.891	HispS|Mycena_chlorophos	1652	134	0.0811	45.1
GCA_000011425.1	Aspergillus nidulans	yes	HispS	BN001308.1	-	4389239	4392426	22	232.0	6.06e-77	28.947	HispS|Armillaria_fuscipes	1774	1151	0.6488	3195.8
GCA_000011425.1	Aspergillus nidulans	yes	HispS	BN001308.1	-	4798978	4804044	3	48.9	3.11e-05	21.145	HispS|Armillaria_mellea	1768	586	0.3314	137.9
GCA_000011425.1	Aspergillus nidulans	yes	HispS	BN001308.1	+	1668678	1671356	11	266.0	4.56e-71	27.242	HispS|Guyanagaster_necrorhiza	1766	895	0.5068	2677.0
GCA_000011425.1	Aspergillus nidulans	yes	HispS	BN001308.1	+	2948440	2950287	6	53.1	1.56e-06	21.471	HispS|Neonothopanus_nambi	1678	649	0.3868	289.5
GCA_000011425.1	Aspergillus nidulans	yes	HispS	BN001308.1	+	3225834	3228512	11	265.0	4.58e-71	27.476	HispS|Mycena_citricolor	1678	942	0.5614	2493.0
GCA_000011425.1	Aspergillus nidulans	yes	HispS	BN001304.1	+	1649872	1650705	11	69.3	2.26e-11	25.088	HispS|Mycena_citricolor	1678	316	0.1883	593.1
GCA_000011425.1	Aspergillus nidulans	yes	HispS	BN001304.1	+	2727983	2730757	11	283.0	2.82e-76	28.882	HispS|Armillaria_gallica	1771	989	0.5584	2731.0
GCA_000011425.1	Aspergillus nidulans	yes	HispS	BN001304.1	+	2769172	2772020	45	108.0	7.29e-66	27.353	HispS|Armillaria_fuscipes	1774	881	0.4966	3074.6
GCA_000011425.1	Aspergillus nidulans	yes	HispS	BN001304.1	-	1080670	1083511	30	165.0	6.07e-55	27.237	HispS|Armillaria_gallica	1771	885	0.4997	2620.0
GCA_000011425.1	Aspergillus nidulans	yes	HispS	BN001304.1	-	1121477	1124483	16	242.0	5.16e-70	27.726	HispS|Armillaria_fuscipes	1774	891	0.5023	2554.4
GCA_000011425.1	Aspergillus nidulans	yes	HispS	BN001304.1	-	1282302	1283179	20	85.5	1.01e-28	39.024	HispS|Armillaria_mellea	1768	300	0.1697	1390.7
GCA_000011425.1	Aspergillus nidulans	yes	HispS	BN001301.1	+	156181	157200	2	72.0	3.45e-12	24.599	HispS|Neonothopanus_nambi	1678	358	0.2133	129.0
GCA_000011425.1	Aspergillus nidulans	yes	HispS	BN001301.1	+	206241	209220	39	119.0	1.09e-26	27.204	HispS|Panellus_stipticus	1504	958	0.637	3013.6
GCA_000011425.1	Aspergillus nidulans	yes	HispS	BN001301.1	+	1543739	1546616	15	263.0	2.16e-70	28.058	HispS|Armillaria_fuscipes	1774	920	0.5186	2836.4
GCA_000011425.1	Aspergillus nidulans	yes	HispS	BN001301.1	+	3128044	3131076	16	217.0	4.11e-67	28.115	HispS|Neonothopanus_nambi	1678	912	0.5435	2409.3
GCA_000011425.1	Aspergillus nidulans	yes	HispS	BN001301.1	-	143106	145999	22	188.0	1.41e-47	28.846	HispS|Mycena_citricolor	1678	969	0.5775	2862.1
GCA_000011425.1	Aspergillus nidulans	yes	HispS	BN001306.1	-	74920	75348	1	44.3	0.000853	27.891	HispS|Mycena_chlorophos	1652	141	0.0854	44.3
GCA_000011425.1	Aspergillus nidulans	yes	HispS	BN001306.1	-	830568	833564	12	261.0	7.49e-70	27.09	HispS|Armillaria_fuscipes	1774	1074	0.6054	2579.6
GCA_000011425.1	Aspergillus nidulans	yes	HispS	BN001306.1	-	1217847	1220444	31	135.0	1.57e-56	28.571	HispS|Guyanagaster_necrorhiza	1766	858	0.4858	2990.8
GCA_000011425.1	Aspergillus nidulans	yes	HispS	BN001306.1	-	1344749	1347299	14	226.0	4.54e-59	28.7	HispS|Armillaria_gallica	1771	852	0.4811	2359.1
GCA_000011425.1	Aspergillus nidulans	yes	HispS	BN001306.1	+	65974	69087	23	208.0	1.83e-69	27.175	HispS|Armillaria_ostoyae	1770	995	0.5621	2836.9
GCA_000011425.1	Aspergillus nidulans	yes	HispS	BN001306.1	+	3314092	3314733	3	51.6	5.05e-06	26.271	HispS|Neonothopanus_gardneri	1691	225	0.1331	141.7
GCA_000011425.1	Aspergillus nidulans	yes	HispS	BN001303.1	-	1434335	1435423	3	65.9	2.28e-10	26.014	HispS|Neonothopanus_nambi	1678	416	0.2479	181.8
GCA_000011425.1	Aspergillus nidulans	yes	HispS	BN001303.1	-	2467800	2468756	10	62.0	3.44e-09	27.016	HispS|Armillaria_gallica	1771	478	0.2699	552.4
GCA_000011425.1	Aspergillus nidulans	yes	HispS	BN001303.1	+	856609	857442	1	44.7	0.00059	21.479	HispS|Mycena_citricolor	1678	268	0.1597	44.7
GCA_000011425.1	Aspergillus nidulans	yes	H3H	BN001305.1	-	194501	196034	37	130.0	1.41e-35	37.22	H3H|Armillaria_fuscipes	426	410	0.9624	2467.5
GCA_000011425.1	Aspergillus nidulans	yes	H3H	BN001305.1	-	589221	590495	14	176.0	5.62e-48	34.239	H3H|Armillaria_fuscipes	426	403	0.946	2291.0
GCA_000011425.1	Aspergillus nidulans	yes	H3H	BN001305.1	-	2931545	2932735	28	62.0	4.02e-10	39.604	H3H|Armillaria_mellea	429	296	0.69	1491.3
GCA_000011425.1	Aspergillus nidulans	yes	H3H	BN001305.1	+	66245	66517	3	45.1	7.2e-05	34.0	H3H|Panellus_stipticus_2	428	99	0.2313	132.2
GCA_000011425.1	Aspergillus nidulans	yes	H3H	BN001305.1	+	388627	388803	1	42.0	0.000698	35.593	H3H|Panellus_stipticus	428	59	0.1379	42.0
GCA_000011425.1	Aspergillus nidulans	yes	H3H	BN001305.1	+	743729	744898	14	94.0	2.31e-20	24.138	H3H|Neonothopanus_nambi	422	397	0.9408	1109.9
GCA_000011425.1	Aspergillus nidulans	yes	H3H	BN001305.1	+	1258509	1259573	7	47.4	1.56e-05	26.449	H3H|Mycena_citricolor	419	381	0.9093	315.0
GCA_000011425.1	Aspergillus nidulans	yes	H3H	BN001306.1	-	240289	241682	29	94.7	4.1e-20	27.211	H3H|Omphalotus_olearius	540	406	0.7519	1656.4
GCA_000011425.1	Aspergillus nidulans	yes	H3H	BN001306.1	-	807714	808517	14	152.0	5.38e-40	32.258	H3H|Armillaria_ostoyae	426	286	0.6714	1979.0
GCA_000011425.1	Aspergillus nidulans	yes	H3H	BN001306.1	-	3200888	3202032	23	87.8	7.89e-23	27.653	H3H|Panellus_stipticus	428	358	0.8364	1420.1
GCA_000011425.1	Aspergillus nidulans	yes	H3H	BN001306.1	+	843766	844584	14	61.6	5.79e-10	24.194	H3H|Armillaria_fuscipes	426	257	0.6033	778.3
GCA_000011425.1	Aspergillus nidulans	yes	H3H	BN001306.1	+	1354792	1355616	14	68.2	4.35e-12	24.916	H3H|Panellus_stipticus	428	262	0.6121	801.8
GCA_000011425.1	Aspergillus nidulans	yes	H3H	BN001301.1	-	2986160	2987472	35	155.0	6.35e-41	34.021	H3H|Neonothopanus_gardneri	416	381	0.9159	2741.6
GCA_000011425.1	Aspergillus nidulans	yes	H3H	BN001307.1	+	2095759	2096947	22	134.0	9.04e-34	31.667	H3H|Guyanagaster_necrorhiza	443	364	0.8217	1893.9
GCA_000011425.1	Aspergillus nidulans	yes	H3H	BN001307.1	+	2592641	2593942	14	93.2	4.27e-20	25.635	H3H|Mycena_chlorophos	422	423	1.0024	1125.5
GCA_000011425.1	Aspergillus nidulans	yes	H3H	BN001307.1	+	2850122	2851605	23	70.1	2.21e-12	26.214	H3H|Omphalotus_olearius	540	388	0.7185	1289.3
GCA_000011425.1	Aspergillus nidulans	yes	H3H	BN001307.1	+	4407733	4409081	49	68.9	2e-15	35.106	H3H|Panellus_stipticus	428	370	0.8645	1971.1
GCA_000011425.1	Aspergillus nidulans	yes	H3H	BN001304.1	+	612478	613830	29	99.0	5.79e-22	35.152	H3H|Armillaria_fuscipes	426	304	0.7136	1949.9
GCA_000011425.1	Aspergillus nidulans	yes	H3H	BN001304.1	+	2311802	2313156	28	95.5	7.81e-21	30.196	H3H|Neonothopanus_nambi	422	408	0.9668	1862.5
GCA_000011425.1	Aspergillus nidulans	yes	H3H	BN001304.1	-	126059	127399	14	87.0	4.5e-18	24.091	H3H|Neonothopanus_nambi	422	409	0.9692	1000.2
GCA_000011425.1	Aspergillus nidulans	yes	H3H	BN001304.1	-	1943859	1945137	37	71.6	2.09e-23	32.105	H3H|Guyanagaster_necrorhiza	443	354	0.7991	1820.8
GCA_000011425.1	Aspergillus nidulans	yes	H3H	BN001302.1	-	172776	173807	8	71.6	3.63e-13	26.816	H3H|Neonothopanus_gardneri	416	344	0.8269	513.4
GCA_000011425.1	Aspergillus nidulans	yes	H3H	BN001302.1	-	182945	184262	15	62.0	2.39e-13	24.068	H3H|Neonothopanus_nambi	422	409	0.9692	829.9
GCA_000011425.1	Aspergillus nidulans	yes	H3H	BN001302.1	-	733156	734571	37	56.6	5.45e-16	61.364	H3H|Armillaria_ostoyae	426	380	0.892	1713.0
GCA_000011425.1	Aspergillus nidulans	yes	H3H	BN001302.1	-	3676090	3676936	18	53.9	1.43e-07	36.275	H3H|Neonothopanus_gardneri	416	257	0.6178	802.9
GCA_000011425.1	Aspergillus nidulans	yes	H3H	BN001302.1	+	1107393	1107767	10	48.1	7.8e-06	31.897	H3H|Neonothopanus_nambi	422	134	0.3175	455.6
GCA_000011425.1	Aspergillus nidulans	yes	H3H	BN001303.1	-	1136431	1137438	9	51.2	8.97e-07	23.077	H3H|Neonothopanus_gardneri	416	372	0.8942	418.9
GCA_000011425.1	Aspergillus nidulans	yes	H3H	BN001303.1	-	1617465	1618526	14	96.7	3.33e-21	29.032	H3H|Panellus_stipticus_3	428	333	0.778	1233.9
GCA_000011425.1	Aspergillus nidulans	yes	H3H	BN001308.1	-	1690050	1690556	14	61.6	5.61e-10	32.653	H3H|Panellus_stipticus	428	175	0.4089	782.6
GCA_000011425.1	Aspergillus nidulans	yes	H3H	BN001308.1	-	3213696	3214448	14	59.7	2.01e-09	35.398	H3H|Panellus_stipticus	428	274	0.6402	704.4
GCA_000011425.1	Aspergillus nidulans	yes	H3H	BN001308.1	+	4370628	4370984	14	50.1	2.44e-06	28.571	H3H|Panellus_stipticus	428	124	0.2897	657.1
GCA_000011425.1	Aspergillus nidulans	yes	H3H	BN001308.1	+	4398614	4399471	10	49.7	3.24e-06	25.652	H3H|Armillaria_fuscipes	426	276	0.6479	443.1
GCA_000011425.1	Aspergillus nidulans	yes	H3H	BN001307.1	-	1940305	1941372	3	53.1	2.3e-07	23.262	H3H|Armillaria_gallica	422	371	0.8791	146.3
GCA_000011425.1	Aspergillus nidulans	yes	H3H	BN001301.1	+	3004455	3005195	3	47.4	1.35e-05	25.108	H3H|Mycena_citricolor	419	236	0.5632	141.8
GCA_000011425.1	Aspergillus nidulans	yes	CPH	BN001302.1	-	2686078	2686971	6	224.0	2.16e-66	42.657	CPH|Armillaria_fuscipes	294	315	1.0714	1316.0
GCA_000011425.1	Aspergillus nidulans	yes	CPH	BN001305.1	-	1456379	1457281	6	202.0	9.28e-59	41.311	CPH|Armillaria_mellea	297	314	1.0572	1175.0
GCA_000011425.1	Aspergillus nidulans	yes	CPH	BN001305.1	-	2733308	2733802	5	48.1	3.99e-06	25.444	CPH|Armillaria_gallica	302	169	0.5596	231.8
GCA_000011425.1	Aspergillus nidulans	yes	CPH	BN001303.1	-	179337	180422	22	125.0	1.1e-54	51.695	CPH|Armillaria_mellea	297	319	1.0741	1550.7
GCA_000011425.1	Aspergillus nidulans	yes	CPH	BN001307.1	+	87193	88129	12	182.0	1.98e-54	48.544	CPH|Neonothopanus_gardneri	321	319	0.9938	1341.4
GCA_000011425.1	Aspergillus nidulans	yes	CPH	BN001301.1	-	1156062	1157169	12	149.0	2.69e-40	40.654	CPH|Neonothopanus_nambi	289	319	1.1038	1331.2
GCA_000011425.1	Aspergillus nidulans	yes	CPH	BN001306.1	+	2781886	2782791	6	144.0	2e-38	35.628	CPH|Armillaria_ostoyae	302	296	0.9801	817.0
GCA_000011425.1	Aspergillus nidulans	yes	CPH	BN001306.1	-	2304128	2304448	6	63.5	4.95e-11	33.645	CPH|Neonothopanus_gardneri	321	131	0.4081	342.7
GCA_000011425.1	Aspergillus nidulans	yes	CPH	BN001304.1	+	1144583	1145374	6	116.0	6.74e-29	32.593	CPH|Armillaria_ostoyae	302	255	0.8444	650.4
GCA_000011425.1	Aspergillus nidulans	yes	Luz	BN001308.1	+	1388382	1389125	12	103.0	7.26e-25	33.621	Luz|Omphalotus_olearius	261	234	0.8966	1116.9
GCA_000011425.1	Aspergillus nidulans	yes	Luz	BN001304.1	-	116386	117274	24	63.2	8.81e-21	48.485	Luz|Armillaria_fuscipes	266	257	0.9662	1347.7
GCA_000149205.2	Aspergillus nidulans	yes	HispS	CH236921.1	-	1180690	1183632	12	317.0	1.07e-86	28.786	HispS|Armillaria_gallica	1771	1002	0.5658	3256.9
GCA_000149205.2	Aspergillus nidulans	yes	HispS	CH236921.1	-	1950419	1953381	22	167.0	2.51e-41	29.234	HispS|Mycena_citricolor	1678	974	0.5805	2579.7
GCA_000149205.2	Aspergillus nidulans	yes	HispS	CH236921.1	-	3116056	3116865	3	45.4	0.00039	24.555	HispS|Guyanagaster_necrorhiza	1766	262	0.1484	135.6
GCA_000149205.2	Aspergillus nidulans	yes	HispS	CH236921.1	-	3592975	3594510	1	50.8	7.79e-06	21.17	HispS|Mycena_citricolor	1678	541	0.3224	50.8
GCA_000149205.2	Aspergillus nidulans	yes	HispS	CH236921.1	-	3617426	3620104	23	182.0	1.15e-45	36.111	HispS|Mycena_citricolor	1678	870	0.5185	2910.3
GCA_000149205.2	Aspergillus nidulans	yes	HispS	CH236921.1	+	1957508	1960729	11	293.0	1.92e-79	28.618	HispS|Guyanagaster_necrorhiza	1766	1006	0.5696	2838.0
GCA_000149205.2	Aspergillus nidulans	yes	HispS	CH236921.1	+	2042582	2043286	2	52.8	2.37e-06	24.201	HispS|Neonothopanus_nambi	1678	248	0.1478	97.1
GCA_000149205.2	Aspergillus nidulans	yes	HispS	CH236923.1	-	450276	453220	22	227.0	4.45e-86	28.571	HispS|Guyanagaster_necrorhiza	1766	960	0.5436	3348.9
GCA_000149205.2	Aspergillus nidulans	yes	HispS	CH236923.1	+	455411	458295	22	228.0	1.02e-59	27.843	HispS|Armillaria_ostoyae	1770	1003	0.5667	2919.1
GCA_000149205.2	Aspergillus nidulans	yes	HispS	CH236931.1	+	422535	425372	12	307.0	9.01e-84	30.514	HispS|Armillaria_mellea	1768	976	0.552	3009.2
GCA_000149205.2	Aspergillus nidulans	yes	HispS	CH236931.1	-	337912	340796	22	181.0	3.33e-45	30.368	HispS|Mycena_citricolor	1678	903	0.5381	2605.6
GCA_000149205.2	Aspergillus nidulans	yes	HispS	CH236929.1	-	209825	212566	11	307.0	1.18e-83	29.724	HispS|Armillaria_fuscipes	1774	969	0.5462	2934.0
GCA_000149205.2	Aspergillus nidulans	yes	HispS	CH236929.1	-	760820	761812	2	52.0	3.42e-06	24.315	HispS|Neonothopanus_nambi	1678	324	0.1931	100.9
GCA_000149205.2	Aspergillus nidulans	yes	HispS	CH236929.1	-	866027	866698	9	87.0	7.58e-17	29.344	HispS|Panellus_stipticus_2	1601	343	0.2142	717.4
GCA_000149205.2	Aspergillus nidulans	yes	HispS	CH236929.1	-	1123411	1126227	11	296.0	1.91e-80	28.91	HispS|Armillaria_fuscipes	1774	963	0.5428	2827.0
GCA_000149205.2	Aspergillus nidulans	yes	HispS	CH236929.1	+	125814	133670	3	48.1	5.72e-05	22.664	HispS|Mycena_chlorophos	1652	437	0.2645	139.3
GCA_000149205.2	Aspergillus nidulans	yes	HispS	CH236929.1	+	186971	189685	11	268.0	4.93e-72	27.784	HispS|Mycena_citricolor	1678	885	0.5274	2566.0
GCA_000149205.2	Aspergillus nidulans	yes	HispS	CH236929.1	+	1346414	1346911	1	48.9	3.32e-05	28.07	HispS|Mycena_chlorophos	1652	151	0.0914	48.9
GCA_000149205.2	Aspergillus nidulans	yes	HispS	CH236920.1	+	72050	77116	3	48.9	3.16e-05	21.145	HispS|Armillaria_mellea	1768	586	0.3314	137.9
GCA_000149205.2	Aspergillus nidulans	yes	HispS	CH236920.1	+	478101	481288	22	232.0	6.14e-77	28.947	HispS|Armillaria_fuscipes	1774	1151	0.6488	3195.8
GCA_000149205.2	Aspergillus nidulans	yes	HispS	CH236920.1	+	1160291	1160704	1	45.1	0.000462	27.891	HispS|Mycena_chlorophos	1652	134	0.0811	45.1
GCA_000149205.2	Aspergillus nidulans	yes	HispS	CH236920.1	+	3183782	3186532	11	233.0	2.48e-61	27.474	HispS|Mycena_citricolor	1678	911	0.5429	2353.0
GCA_000149205.2	Aspergillus nidulans	yes	HispS	CH236920.1	+	3847485	3849107	7	68.2	5.73e-11	24.574	HispS|Armillaria_mellea	1768	539	0.3049	419.1
GCA_000149205.2	Aspergillus nidulans	yes	HispS	CH236920.1	-	1637967	1640645	11	265.0	4.65e-71	27.476	HispS|Mycena_citricolor	1678	942	0.5614	2493.0
GCA_000149205.2	Aspergillus nidulans	yes	HispS	CH236920.1	-	1916192	1918039	6	53.1	1.58e-06	21.471	HispS|Neonothopanus_nambi	1678	649	0.3868	289.5
GCA_000149205.2	Aspergillus nidulans	yes	HispS	CH236920.1	-	3200252	3202930	11	266.0	4.63e-71	27.242	HispS|Guyanagaster_necrorhiza	1766	895	0.5068	2677.0
GCA_000149205.2	Aspergillus nidulans	yes	HispS	CH236930.1	+	208921	209754	11	69.3	2.29e-11	25.088	HispS|Mycena_citricolor	1678	316	0.1883	593.1
GCA_000149205.2	Aspergillus nidulans	yes	HispS	CH236930.1	+	1288845	1291619	11	283.0	2.86e-76	28.882	HispS|Armillaria_gallica	1771	989	0.5584	2731.0
GCA_000149205.2	Aspergillus nidulans	yes	HispS	CH236930.1	+	1327191	1330039	45	108.0	7.51e-66	27.353	HispS|Armillaria_fuscipes	1774	881	0.4966	3074.6
GCA_000149205.2	Aspergillus nidulans	yes	HispS	CH236926.1	-	660433	663310	15	263.0	2.19e-70	28.058	HispS|Armillaria_fuscipes	1774	920	0.5186	2836.4
GCA_000149205.2	Aspergillus nidulans	yes	HispS	CH236926.1	-	1991581	1994560	39	119.0	1.11e-26	27.204	HispS|Panellus_stipticus	1504	958	0.637	3013.6
GCA_000149205.2	Aspergillus nidulans	yes	HispS	CH236926.1	-	2043601	2044620	2	72.0	3.5e-12	24.599	HispS|Neonothopanus_nambi	1678	358	0.2133	129.0
GCA_000149205.2	Aspergillus nidulans	yes	HispS	CH236926.1	+	2054802	2057695	22	188.0	1.43e-47	28.846	HispS|Mycena_citricolor	1678	969	0.5775	2862.1
GCA_000149205.2	Aspergillus nidulans	yes	HispS	CH236928.1	+	157673	158550	20	85.5	1.03e-28	39.024	HispS|Armillaria_mellea	1768	300	0.1697	1390.7
GCA_000149205.2	Aspergillus nidulans	yes	HispS	CH236928.1	+	313306	316312	16	242.0	5.25e-70	27.726	HispS|Armillaria_fuscipes	1774	891	0.5023	2554.4
GCA_000149205.2	Aspergillus nidulans	yes	HispS	CH236928.1	+	354278	357119	30	165.0	6.18e-55	27.237	HispS|Armillaria_gallica	1771	885	0.4997	2620.0
GCA_000149205.2	Aspergillus nidulans	yes	HispS	CH236922.1	+	1998994	2001544	14	226.0	4.6e-59	28.7	HispS|Armillaria_gallica	1771	852	0.4811	2359.1
GCA_000149205.2	Aspergillus nidulans	yes	HispS	CH236922.1	+	2125849	2128446	31	135.0	1.59e-56	28.571	HispS|Guyanagaster_necrorhiza	1766	858	0.4858	2990.8
GCA_000149205.2	Aspergillus nidulans	yes	HispS	CH236922.1	+	2514441	2517437	12	261.0	7.6e-70	27.09	HispS|Armillaria_fuscipes	1774	1074	0.6054	2579.6
GCA_000149205.2	Aspergillus nidulans	yes	HispS	CH236933.1	-	128848	131767	30	142.0	1.04e-35	30.12	HispS|Armillaria_gallica	1771	983	0.5551	2153.1
GCA_000149205.2	Aspergillus nidulans	yes	HispS	CH236933.1	-	449531	452305	27	152.0	2.49e-67	33.433	HispS|Armillaria_fuscipes	1774	957	0.5395	2714.2
GCA_000149205.2	Aspergillus nidulans	yes	HispS	CH236934.1	-	500746	503859	23	208.0	1.87e-69	27.175	HispS|Armillaria_ostoyae	1770	995	0.5621	2836.9
GCA_000149205.2	Aspergillus nidulans	yes	HispS	AACD01000203.1	-	3992	6670	11	240.0	1.25e-63	26.902	HispS|Mycena_citricolor	1678	973	0.5799	2345.0
GCA_000149205.2	Aspergillus nidulans	yes	HispS	CH236927.1	+	914976	918008	16	217.0	4.19e-67	28.115	HispS|Neonothopanus_nambi	1678	912	0.5435	2409.3
GCA_000149205.2	Aspergillus nidulans	yes	HispS	CH236925.1	-	1197595	1198683	11	137.0	6.34e-32	30.499	HispS|Armillaria_gallica	1771	425	0.24	1318.2
GCA_000149205.2	Aspergillus nidulans	yes	HispS	CH236924.1	+	16448	17404	10	62.0	3.32e-09	25.09	HispS|Armillaria_ostoyae	1770	478	0.2701	552.4
GCA_000149205.2	Aspergillus nidulans	yes	HispS	CH236924.1	+	1051185	1052273	3	65.9	2.32e-10	26.014	HispS|Neonothopanus_nambi	1678	416	0.2479	181.8
GCA_000149205.2	Aspergillus nidulans	yes	HispS	CH236934.1	+	494485	494913	1	44.3	0.000865	27.891	HispS|Mycena_chlorophos	1652	141	0.0854	44.3
GCA_000149205.2	Aspergillus nidulans	yes	HispS	CH236924.1	-	1624005	1624838	1	44.7	0.000599	21.479	HispS|Mycena_citricolor	1678	268	0.1597	44.7
GCA_000149205.2	Aspergillus nidulans	yes	HispS	CH236922.1	-	39712	40353	3	51.6	5.12e-06	26.271	HispS|Neonothopanus_gardneri	1691	225	0.1331	141.7
GCA_000149205.2	Aspergillus nidulans	yes	HispS	CH236935.1	-	47569	48555	1	46.6	0.000158	22.923	HispS|Neonothopanus_gardneri	1691	323	0.191	46.6
GCA_000149205.2	Aspergillus nidulans	yes	H3H	CH236931.1	-	226855	228388	37	130.0	1.45e-35	37.22	H3H|Armillaria_fuscipes	426	410	0.9624	2467.5
GCA_000149205.2	Aspergillus nidulans	yes	H3H	CH236931.1	-	619088	620362	14	176.0	5.7e-48	34.239	H3H|Armillaria_fuscipes	426	403	0.946	2291.0
GCA_000149205.2	Aspergillus nidulans	yes	H3H	CH236931.1	+	98599	98871	3	45.1	7.31e-05	34.0	H3H|Panellus_stipticus_2	428	99	0.2313	132.2
GCA_000149205.2	Aspergillus nidulans	yes	H3H	CH236931.1	+	418494	418670	1	42.0	0.000708	35.593	H3H|Panellus_stipticus	428	59	0.1379	42.0
GCA_000149205.2	Aspergillus nidulans	yes	H3H	CH236931.1	+	774717	775886	14	94.0	2.34e-20	24.138	H3H|Neonothopanus_nambi	422	397	0.9408	1109.9
GCA_000149205.2	Aspergillus nidulans	yes	H3H	CH236922.1	+	149418	150562	23	87.8	8.03e-23	27.653	H3H|Panellus_stipticus	428	358	0.8364	1420.1
GCA_000149205.2	Aspergillus nidulans	yes	H3H	CH236922.1	+	2539488	2540291	14	152.0	5.46e-40	32.258	H3H|Armillaria_ostoyae	426	286	0.6714	1979.0
GCA_000149205.2	Aspergillus nidulans	yes	H3H	CH236922.1	-	1990677	1991501	14	68.2	4.41e-12	24.916	H3H|Panellus_stipticus	428	262	0.6121	801.8
GCA_000149205.2	Aspergillus nidulans	yes	H3H	CH236922.1	-	2503421	2504239	14	61.6	5.88e-10	24.194	H3H|Armillaria_fuscipes	426	257	0.6033	778.3
GCA_000149205.2	Aspergillus nidulans	yes	H3H	CH236927.1	-	773092	774404	35	155.0	6.44e-41	34.021	H3H|Neonothopanus_gardneri	416	381	0.9159	2741.6
GCA_000149205.2	Aspergillus nidulans	yes	H3H	CH236921.1	+	1455687	1456875	22	134.0	9.18e-34	31.667	H3H|Guyanagaster_necrorhiza	443	364	0.8217	1893.9
GCA_000149205.2	Aspergillus nidulans	yes	H3H	CH236921.1	+	1954911	1956212	14	93.2	4.33e-20	25.635	H3H|Mycena_chlorophos	422	423	1.0024	1125.5
GCA_000149205.2	Aspergillus nidulans	yes	H3H	CH236921.1	+	2212392	2213875	23	70.1	2.25e-12	26.214	H3H|Omphalotus_olearius	540	388	0.7185	1289.3
GCA_000149205.2	Aspergillus nidulans	yes	H3H	CH236921.1	+	3765260	3766608	49	68.9	2.03e-15	35.106	H3H|Panellus_stipticus	428	370	0.8645	1971.1
GCA_000149205.2	Aspergillus nidulans	yes	H3H	CH236928.1	-	821517	822869	29	99.0	5.88e-22	35.152	H3H|Armillaria_fuscipes	426	304	0.7136	1949.9
GCA_000149205.2	Aspergillus nidulans	yes	H3H	CH236928.1	+	1306578	1307918	14	87.0	4.57e-18	24.091	H3H|Neonothopanus_nambi	422	409	0.9692	1000.2
GCA_000149205.2	Aspergillus nidulans	yes	H3H	CH236934.1	+	331564	332957	29	94.7	4.16e-20	27.211	H3H|Omphalotus_olearius	540	406	0.7519	1656.4
GCA_000149205.2	Aspergillus nidulans	yes	H3H	CH236929.1	-	173024	174055	8	71.6	3.68e-13	26.816	H3H|Neonothopanus_gardneri	416	344	0.8269	513.4
GCA_000149205.2	Aspergillus nidulans	yes	H3H	CH236929.1	-	183193	184510	15	62.0	2.48e-13	24.068	H3H|Neonothopanus_nambi	422	409	0.9692	829.9
GCA_000149205.2	Aspergillus nidulans	yes	H3H	CH236929.1	-	728681	730096	40	56.6	2.97e-21	61.364	H3H|Armillaria_ostoyae	426	380	0.892	1822.4
GCA_000149205.2	Aspergillus nidulans	yes	H3H	CH236929.1	+	1091225	1091599	10	48.1	7.91e-06	31.897	H3H|Neonothopanus_nambi	422	134	0.3175	455.6
GCA_000149205.2	Aspergillus nidulans	yes	H3H	CH236930.1	-	502908	504186	37	71.6	2.17e-23	32.105	H3H|Guyanagaster_necrorhiza	443	354	0.7991	1820.8
GCA_000149205.2	Aspergillus nidulans	yes	H3H	CH236930.1	+	870851	872205	28	95.5	7.92e-21	30.196	H3H|Neonothopanus_nambi	422	408	0.9668	1862.5
GCA_000149205.2	Aspergillus nidulans	yes	H3H	CH236924.1	+	871648	872709	14	96.7	3.38e-21	29.032	H3H|Panellus_stipticus_3	428	333	0.778	1233.9
GCA_000149205.2	Aspergillus nidulans	yes	H3H	CH236924.1	+	1351117	1352124	9	51.2	9.11e-07	23.077	H3H|Neonothopanus_gardneri	416	372	0.8942	418.9
GCA_000149205.2	Aspergillus nidulans	yes	H3H	CH236920.1	+	1652031	1652783	14	59.7	2.04e-09	35.398	H3H|Panellus_stipticus	428	274	0.6402	704.4
GCA_000149205.2	Aspergillus nidulans	yes	H3H	CH236920.1	+	3181052	3181558	14	61.6	5.7e-10	32.653	H3H|Panellus_stipticus	428	175	0.4089	782.6
GCA_000149205.2	Aspergillus nidulans	yes	H3H	CH236920.1	-	471056	471913	10	49.7	3.29e-06	25.652	H3H|Armillaria_fuscipes	426	276	0.6479	443.1
GCA_000149205.2	Aspergillus nidulans	yes	H3H	CH236920.1	-	499543	499899	14	50.1	2.48e-06	28.571	H3H|Panellus_stipticus	428	124	0.2897	657.1
GCA_000149205.2	Aspergillus nidulans	yes	H3H	CH236925.1	+	332292	333356	7	47.4	1.58e-05	26.449	H3H|Mycena_citricolor	419	381	0.9093	315.0
GCA_000149205.2	Aspergillus nidulans	yes	H3H	CH236925.1	+	691737	692927	28	62.0	4.08e-10	39.604	H3H|Armillaria_mellea	429	296	0.69	1491.3
GCA_000149205.2	Aspergillus nidulans	yes	H3H	CH236923.1	+	331784	332630	18	53.9	1.45e-07	36.275	H3H|Neonothopanus_gardneri	416	257	0.6178	802.9
GCA_000149205.2	Aspergillus nidulans	yes	H3H	CH236921.1	-	1300233	1301300	3	53.1	2.34e-07	23.262	H3H|Armillaria_gallica	422	371	0.8791	146.3
GCA_000149205.2	Aspergillus nidulans	yes	H3H	CH236927.1	+	791387	792127	3	47.4	1.37e-05	25.108	H3H|Mycena_citricolor	419	236	0.5632	141.8
GCA_000149205.2	Aspergillus nidulans	yes	CPH	CH236925.1	+	890670	891164	5	48.1	4.05e-06	25.444	CPH|Armillaria_gallica	302	169	0.5596	231.8
GCA_000149205.2	Aspergillus nidulans	yes	CPH	CH236925.1	+	2168363	2169265	6	202.0	9.41e-59	41.311	CPH|Armillaria_mellea	297	314	1.0572	1175.0
GCA_000149205.2	Aspergillus nidulans	yes	CPH	CH236924.1	+	2298092	2299177	22	125.0	1.13e-54	51.695	CPH|Armillaria_mellea	297	319	1.0741	1550.7
GCA_000149205.2	Aspergillus nidulans	yes	CPH	CH236933.1	-	516739	517675	12	182.0	2.04e-54	48.544	CPH|Neonothopanus_gardneri	321	319	0.9938	1341.4
GCA_000149205.2	Aspergillus nidulans	yes	CPH	CH236923.1	+	1318380	1319703	12	194.0	1.93e-55	48.214	CPH|Neonothopanus_gardneri	321	315	0.9813	1968.0
GCA_000149205.2	Aspergillus nidulans	yes	CPH	AACD01000207.1	+	3491	4598	12	149.0	2.48e-40	40.654	CPH|Neonothopanus_nambi	289	319	1.1038	1331.2
GCA_000149205.2	Aspergillus nidulans	yes	CPH	CH236922.1	-	568694	569599	6	144.0	2.03e-38	35.628	CPH|Armillaria_ostoyae	302	296	0.9801	817.0
GCA_000149205.2	Aspergillus nidulans	yes	CPH	CH236922.1	+	1044240	1044560	6	63.5	5.03e-11	33.645	CPH|Neonothopanus_gardneri	321	131	0.4081	342.7
GCA_000149205.2	Aspergillus nidulans	yes	CPH	CH236928.1	-	292415	293206	6	116.0	6.84e-29	32.593	CPH|Armillaria_ostoyae	302	255	0.8444	650.4
GCA_000149205.2	Aspergillus nidulans	yes	Luz	CH236920.1	-	3483374	3484117	12	103.0	7.37e-25	33.621	Luz|Omphalotus_olearius	261	234	0.8966	1116.9
GCA_000149205.2	Aspergillus nidulans	yes	Luz	CH236928.1	+	1316703	1317591	24	63.2	3.45e-11	41.667	Luz|Armillaria_mellea	266	257	0.9662	1347.7
GCA_047651775.1	Aspergillus niger	no	HispS	CM105466.1	+	283914	286294	44	95.1	2.71e-46	37.107	HispS|Armillaria_gallica	1771	831	0.4692	3018.6
GCA_047651775.1	Aspergillus niger	no	HispS	CM105466.1	+	386127	387176	1	51.2	7.51e-06	21.823	HispS|Neonothopanus_gardneri	1691	282	0.1668	51.2
GCA_047651775.1	Aspergillus niger	no	HispS	CM105466.1	+	409217	431084	47	248.0	7.97e-66	25.922	HispS|Mycena_citricolor	1678	1018	0.6067	5432.8
GCA_047651775.1	Aspergillus niger	no	HispS	CM105466.1	+	1226276	1229342	36	125.0	3.05e-28	33.193	HispS|Mycena_citricolor	1678	974	0.5805	2688.8
GCA_047651775.1	Aspergillus niger	no	HispS	CM105466.1	+	1573207	1573815	1	50.4	1.32e-05	25.234	HispS|Mycena_chlorophos	1652	191	0.1156	50.4
GCA_047651775.1	Aspergillus niger	no	HispS	CM105466.1	+	2899985	2904481	14	374.0	2.34e-104	27.828	HispS|Armillaria_ostoyae	1770	1292	0.7299	3962.9
GCA_047651775.1	Aspergillus niger	no	HispS	CM105466.1	-	374039	375064	5	55.8	3.13e-07	22.222	HispS|Guyanagaster_necrorhiza	1766	320	0.1812	247.6
GCA_047651775.1	Aspergillus niger	no	HispS	CM105466.1	-	399819	400628	1	46.2	0.00023	22.635	HispS|Mycena_chlorophos	1652	280	0.1695	46.2
GCA_047651775.1	Aspergillus niger	no	HispS	CM105466.1	-	475068	477103	13	179.0	9.67e-45	29.354	HispS|Mycena_citricolor	1678	716	0.4267	1783.2
GCA_047651775.1	Aspergillus niger	no	HispS	CM105466.1	-	1326958	1329837	11	295.0	5.23e-80	29.368	HispS|Armillaria_fuscipes	1774	1002	0.5648	2934.0
GCA_047651775.1	Aspergillus niger	no	HispS	CM105466.1	-	2228816	2231832	39	119.0	2.02e-54	31.707	HispS|Armillaria_gallica	1771	966	0.5455	3348.9
GCA_047651775.1	Aspergillus niger	no	HispS	CM105461.1	-	589421	590011	3	46.2	0.000256	25.366	HispS|Neonothopanus_gardneri	1691	214	0.1266	136.3
GCA_047651775.1	Aspergillus niger	no	HispS	CM105461.1	-	2438995	2442049	23	248.0	1.54e-65	35.033	HispS|Mycena_citricolor	1678	953	0.5679	3478.3
GCA_047651775.1	Aspergillus niger	no	HispS	CM105461.1	-	4900269	4902809	12	308.0	4.94e-84	29.074	HispS|Armillaria_ostoyae	1770	912	0.5153	3087.1
GCA_047651775.1	Aspergillus niger	no	HispS	CM105461.1	+	2175788	2176558	7	58.9	4.16e-08	22.541	HispS|Armillaria_ostoyae	1770	250	0.1412	360.1
GCA_047651775.1	Aspergillus niger	no	HispS	CM105467.1	+	31971	34646	12	330.0	1.15e-90	30.263	HispS|Armillaria_gallica	1771	945	0.5336	3247.2
GCA_047651775.1	Aspergillus niger	no	HispS	CM105467.1	+	166020	166598	1	48.5	5.3e-05	28.856	HispS|Neonothopanus_nambi	1678	174	0.1037	48.5
GCA_047651775.1	Aspergillus niger	no	HispS	CM105467.1	+	1770016	1770453	1	45.1	0.000607	27.879	HispS|Mycena_citricolor	1678	161	0.0959	45.1
GCA_047651775.1	Aspergillus niger	no	HispS	CM105464.1	-	29383	30963	1	47.8	7.59e-05	21.044	HispS|Mycena_chlorophos	1652	572	0.3462	47.8
GCA_047651775.1	Aspergillus niger	no	HispS	CM105464.1	-	93497	96485	17	331.0	3.74e-91	30.355	HispS|Armillaria_ostoyae	1770	1038	0.5864	3504.9
GCA_047651775.1	Aspergillus niger	no	HispS	CM105464.1	-	975928	979299	41	92.8	1.94e-18	37.857	HispS|Mycena_citricolor	1678	951	0.5667	2623.8
GCA_047651775.1	Aspergillus niger	no	HispS	CM105464.1	-	1467123	1470147	40	127.0	7.96e-64	26.107	HispS|Armillaria_ostoyae	1770	958	0.5412	2961.0
GCA_047651775.1	Aspergillus niger	no	HispS	CM105464.1	-	1777938	1780961	12	306.0	3.05e-83	29.426	HispS|Armillaria_fuscipes	1774	1075	0.606	3067.9
GCA_047651775.1	Aspergillus niger	no	HispS	CM105464.1	-	2377002	2377325	1	48.1	5.97e-05	34.783	HispS|Panellus_stipticus	1504	110	0.0731	48.1
GCA_047651775.1	Aspergillus niger	no	HispS	CM105464.1	-	3409996	3410442	4	50.1	1.78e-05	27.273	HispS|Neonothopanus_nambi	1678	297	0.177	189.0
GCA_047651775.1	Aspergillus niger	no	HispS	CM105464.1	-	3571879	3574730	23	207.0	2.87e-53	29.106	HispS|Mycena_citricolor	1678	972	0.5793	2857.2
GCA_047651775.1	Aspergillus niger	no	HispS	CM105464.1	-	3599526	3599966	1	58.5	5.12e-08	31.613	HispS|Neonothopanus_gardneri	1691	149	0.0881	58.5
GCA_047651775.1	Aspergillus niger	no	HispS	CM105464.1	-	3626102	3626575	1	50.8	9.66e-06	30.682	HispS|Neonothopanus_gardneri	1691	172	0.1017	50.8
GCA_047651775.1	Aspergillus niger	no	HispS	CM105464.1	+	1058540	1060806	29	171.0	5.02e-53	30.317	HispS|Armillaria_ostoyae	1770	748	0.4226	2481.2
GCA_047651775.1	Aspergillus niger	no	HispS	CM105464.1	+	1373059	1375778	20	217.0	2.77e-56	28.552	HispS|Armillaria_gallica	1771	965	0.5449	2667.9
GCA_047651775.1	Aspergillus niger	no	HispS	CM105464.1	+	1474558	1477492	34	124.0	5.38e-28	26.998	HispS|Armillaria_ostoyae	1770	800	0.452	2679.4
GCA_047651775.1	Aspergillus niger	no	HispS	CM105464.1	+	1593071	1596034	25	230.0	2.89e-60	35.541	HispS|Armillaria_gallica	1771	963	0.5438	2730.7
GCA_047651775.1	Aspergillus niger	no	HispS	CM105464.1	+	2379801	2382626	12	333.0	4.75e-92	29.087	HispS|Mycena_citricolor	1678	963	0.5739	3232.7
GCA_047651775.1	Aspergillus niger	no	HispS	CM105464.1	+	3432455	3435406	11	251.0	1.3e-66	27.807	HispS|Armillaria_fuscipes	1774	950	0.5355	2490.0
GCA_047651775.1	Aspergillus niger	no	HispS	CM105464.1	+	3588345	3590868	32	151.0	1.25e-67	27.155	HispS|Armillaria_mellea	1768	821	0.4644	2902.5
GCA_047651775.1	Aspergillus niger	no	HispS	CM105464.1	+	3846513	3854779	4	53.1	1.84e-06	32.278	HispS|Neonothopanus_gardneri	1691	464	0.2744	198.3
GCA_047651775.1	Aspergillus niger	no	HispS	CM105463.1	+	1533651	1536509	12	322.0	4.03e-88	29.185	HispS|Armillaria_gallica	1771	1005	0.5675	3222.0
GCA_047651775.1	Aspergillus niger	no	HispS	CM105463.1	+	3145848	3148836	21	216.0	8.43e-74	26.498	HispS|Armillaria_gallica	1771	995	0.5618	2881.0
GCA_047651775.1	Aspergillus niger	no	HispS	CM105463.1	+	4205756	4206928	1	44.7	0.000628	22.391	HispS|Mycena_chlorophos	1652	426	0.2579	44.7
GCA_047651775.1	Aspergillus niger	no	HispS	CM105463.1	-	105395	108701	41	135.0	1.63e-31	29.008	HispS|Guyanagaster_necrorhiza	1766	875	0.4955	2581.1
GCA_047651775.1	Aspergillus niger	no	HispS	CM105463.1	-	219943	222720	11	307.0	1.24e-83	28.618	HispS|Armillaria_fuscipes	1774	946	0.5333	3071.0
GCA_047651775.1	Aspergillus niger	no	HispS	CM105463.1	-	2637780	2638745	11	69.3	2.75e-11	25.877	HispS|Armillaria_fuscipes	1774	478	0.2694	633.5
GCA_047651775.1	Aspergillus niger	no	HispS	CM105463.1	-	2928033	2930557	34	115.0	1.22e-36	32.479	HispS|Mycena_citricolor	1678	781	0.4654	2481.4
GCA_047651775.1	Aspergillus niger	no	HispS	CM105463.1	-	3022051	3023970	1	44.7	0.000699	23.32	HispS|Guyanagaster_necrorhiza	1766	684	0.3873	44.7
GCA_047651775.1	Aspergillus niger	no	HispS	CM105463.1	-	3218364	3221369	32	94.4	9.96e-38	31.731	HispS|Armillaria_fuscipes	1774	870	0.4904	2180.3
GCA_047651775.1	Aspergillus niger	no	HispS	CM105463.1	-	3981517	3984201	11	241.0	2.38e-63	26.372	HispS|Armillaria_gallica	1771	907	0.5121	2412.0
GCA_047651775.1	Aspergillus niger	no	HispS	CM105460.1	-	17483	20554	12	307.0	1.06e-83	27.766	HispS|Guyanagaster_necrorhiza	1766	972	0.5504	3023.2
GCA_047651775.1	Aspergillus niger	no	HispS	CM105460.1	-	1190948	1191379	1	45.4	0.000403	27.586	HispS|Neonothopanus_nambi	1678	133	0.0793	45.4
GCA_047651775.1	Aspergillus niger	no	HispS	CM105460.1	-	2694692	2695463	10	62.0	6.6e-12	31.159	HispS|Mycena_citricolor	1678	236	0.1406	412.1
GCA_047651775.1	Aspergillus niger	no	HispS	CM105460.1	-	3803292	3806346	28	135.0	8.76e-36	28.788	HispS|Armillaria_fuscipes	1774	964	0.5434	2166.6
GCA_047651775.1	Aspergillus niger	no	HispS	CM105460.1	-	6003766	6004305	2	49.3	2.53e-05	29.197	HispS|Neonothopanus_gardneri	1691	181	0.107	97.4
GCA_047651775.1	Aspergillus niger	no	HispS	CM105460.1	-	6088687	6091966	31	109.0	2.71e-37	33.668	HispS|Mycena_citricolor	1678	988	0.5888	2242.3
GCA_047651775.1	Aspergillus niger	no	HispS	CM105460.1	+	216125	219086	40	110.0	5.47e-58	39.264	HispS|Armillaria_gallica	1771	958	0.5409	2777.9
GCA_047651775.1	Aspergillus niger	no	HispS	CM105460.1	+	4131733	4134894	14	267.0	2.04e-71	28.632	HispS|Armillaria_fuscipes	1774	994	0.5603	2681.7
GCA_047651775.1	Aspergillus niger	no	HispS	CM105460.1	+	4966130	4968148	4	55.8	3.32e-07	21.145	HispS|Neonothopanus_nambi	1678	681	0.4058	200.3
GCA_047651775.1	Aspergillus niger	no	HispS	CM105462.1	+	1989805	2003405	38	269.0	4.15e-72	27.665	HispS|Mycena_citricolor	1678	964	0.5745	5627.1
GCA_047651775.1	Aspergillus niger	no	HispS	CM105462.1	+	2031842	2033329	2	49.7	1.92e-05	21.324	HispS|Mycena_chlorophos	1652	505	0.3057	97.8
GCA_047651775.1	Aspergillus niger	no	HispS	CM105462.1	+	3375483	3378453	22	211.0	1.92e-77	28.157	HispS|Armillaria_ostoyae	1770	995	0.5621	3056.4
GCA_047651775.1	Aspergillus niger	no	HispS	CM105462.1	+	4364789	4378611	23	202.0	6.08e-52	28.857	HispS|Panellus_stipticus	1504	1075	0.7148	3292.5
GCA_047651775.1	Aspergillus niger	no	HispS	CM105462.1	+	4462125	4471558	23	196.0	1.94e-78	27.473	HispS|Armillaria_fuscipes	1774	1075	0.606	3181.8
GCA_047651775.1	Aspergillus niger	no	HispS	CM105465.1	+	157896	159761	5	55.5	3.94e-07	23.692	HispS|Armillaria_gallica	1771	650	0.367	245.0
GCA_047651775.1	Aspergillus niger	no	HispS	CM105465.1	+	1371106	1374205	22	172.0	1.68e-42	31.316	HispS|Mycena_citricolor	1678	941	0.5608	2971.6
GCA_047651775.1	Aspergillus niger	no	HispS	CM105465.1	+	3141224	3144186	22	190.0	3.99e-48	28.346	HispS|Neonothopanus_gardneri	1691	984	0.5819	3215.6
GCA_047651775.1	Aspergillus niger	no	HispS	CM105465.1	+	3191674	3195177	4	51.2	6.45e-06	28.571	HispS|Mycena_chlorophos	1652	478	0.2893	192.9
GCA_047651775.1	Aspergillus niger	no	HispS	CM105465.1	-	66345	69449	11	270.0	2.07e-72	26.141	HispS|Armillaria_gallica	1771	950	0.5364	2583.0
GCA_047651775.1	Aspergillus niger	no	HispS	CM105465.1	-	743427	746419	28	149.0	7.48e-45	32.292	HispS|Guyanagaster_necrorhiza	1766	972	0.5504	2731.3
GCA_047651775.1	Aspergillus niger	no	HispS	CM105465.1	-	960861	964044	28	193.0	1.93e-56	25.527	HispS|Armillaria_fuscipes	1774	980	0.5524	2654.2
GCA_047651775.1	Aspergillus niger	no	HispS	CM105462.1	-	4490242	4492032	2	72.8	2.45e-12	24.921	HispS|Mycena_citricolor	1678	635	0.3784	133.6
GCA_047651775.1	Aspergillus niger	no	HispS	CM105467.1	-	3166136	3167059	2	52.4	3.41e-06	23.333	HispS|Mycena_citricolor	1678	316	0.1883	101.3
GCA_047651775.1	Aspergillus niger	no	H3H	CM105464.1	+	775270	776215	28	111.0	4.62e-26	30.924	H3H|Guyanagaster_necrorhiza	443	319	0.7201	1718.2
GCA_047651775.1	Aspergillus niger	no	H3H	CM105464.1	+	947878	948939	14	160.0	1.27e-42	29.248	H3H|Mycena_chlorophos	422	359	0.8507	2138.0
GCA_047651775.1	Aspergillus niger	no	H3H	CM105464.1	-	107671	108180	13	49.7	3.19e-06	25.946	H3H|Armillaria_gallica	422	175	0.4147	600.5
GCA_047651775.1	Aspergillus niger	no	H3H	CM105464.1	-	581577	582940	28	74.3	5.88e-22	38.017	H3H|Panellus_stipticus	428	389	0.9089	1509.6
GCA_047651775.1	Aspergillus niger	no	H3H	CM105464.1	-	626253	627607	9	51.2	1.3e-06	23.913	H3H|Guyanagaster_necrorhiza	443	389	0.8781	342.6
GCA_047651775.1	Aspergillus niger	no	H3H	CM105464.1	-	781655	782215	8	50.8	1.47e-06	29.688	H3H|Neonothopanus_nambi	422	167	0.3957	388.5
GCA_047651775.1	Aspergillus niger	no	H3H	CM105464.1	-	1274353	1275648	18	66.2	4.49e-11	24.365	H3H|Omphalotus_olearius	540	295	0.5463	951.5
GCA_047651775.1	Aspergillus niger	no	H3H	CM105464.1	-	3421882	3422505	14	68.2	1.15e-11	31.875	H3H|Omphalotus_olearius	540	215	0.3981	897.6
GCA_047651775.1	Aspergillus niger	no	H3H	CM105464.1	-	3710663	3711112	14	61.2	9.19e-10	33.548	H3H|Mycena_chlorophos	422	151	0.3578	795.2
GCA_047651775.1	Aspergillus niger	no	H3H	CM105460.1	+	302871	303890	14	154.0	1.49e-40	31.549	H3H|Panellus_stipticus	428	345	0.8061	1976.0
GCA_047651775.1	Aspergillus niger	no	H3H	CM105460.1	+	1517288	1517860	1	42.0	0.000867	26.866	H3H|Armillaria_gallica	422	167	0.3957	42.0
GCA_047651775.1	Aspergillus niger	no	H3H	CM105460.1	+	5965704	5966105	14	57.8	1.15e-08	34.921	H3H|Mycena_chlorophos	422	123	0.2915	742.6
GCA_047651775.1	Aspergillus niger	no	H3H	CM105460.1	-	119677	120991	22	68.6	4.5e-12	39.423	H3H|Armillaria_fuscipes	426	341	0.8005	1285.7
GCA_047651775.1	Aspergillus niger	no	H3H	CM105460.1	-	285839	286504	4	60.5	1.4e-09	29.958	H3H|Armillaria_ostoyae	426	224	0.5258	216.5
GCA_047651775.1	Aspergillus niger	no	H3H	CM105460.1	-	1264814	1266188	15	105.0	4.89e-24	25.4	H3H|Neonothopanus_nambi	422	394	0.9336	1255.3
GCA_047651775.1	Aspergillus niger	no	H3H	CM105460.1	-	4945548	4946743	18	52.8	3.34e-07	38.095	H3H|Panellus_stipticus	428	288	0.6729	830.8
GCA_047651775.1	Aspergillus niger	no	H3H	CM105460.1	-	4963146	4963898	8	55.5	5.05e-08	22.174	H3H|Armillaria_fuscipes	426	232	0.5446	423.4
GCA_047651775.1	Aspergillus niger	no	H3H	CM105463.1	+	798223	798897	14	54.7	1.42e-07	30.252	H3H|Omphalotus_olearius	540	223	0.413	676.3
GCA_047651775.1	Aspergillus niger	no	H3H	CM105463.1	+	2386134	2386339	16	42.7	0.000415	39.13	H3H|Mycena_chlorophos	422	51	0.1209	532.6
GCA_047651775.1	Aspergillus niger	no	H3H	CM105463.1	+	2842854	2844067	28	108.0	2.99e-33	30.634	H3H|Mycena_chlorophos	422	391	0.9265	2070.8
GCA_047651775.1	Aspergillus niger	no	H3H	CM105463.1	+	4044113	4045488	28	55.1	8.51e-16	26.882	H3H|Armillaria_mellea	429	399	0.9301	1294.1
GCA_047651775.1	Aspergillus niger	no	H3H	CM105463.1	+	4232307	4232717	3	42.4	0.000573	29.078	H3H|Panellus_stipticus	428	113	0.264	127.2
GCA_047651775.1	Aspergillus niger	no	H3H	CM105463.1	-	2896074	2897186	14	73.6	2.29e-13	22.042	H3H|Omphalotus_olearius	540	417	0.7722	720.3
GCA_047651775.1	Aspergillus niger	no	H3H	CM105463.1	-	3176599	3177003	11	52.0	7.06e-07	29.167	H3H|Neonothopanus_nambi	422	139	0.3294	508.9
GCA_047651775.1	Aspergillus niger	no	H3H	CM105463.1	-	3328878	3330245	18	124.0	1.75e-30	27.975	H3H|Neonothopanus_gardneri	416	406	0.976	1688.7
GCA_047651775.1	Aspergillus niger	no	H3H	CM105463.1	-	3555101	3555331	2	42.0	0.000822	35.065	H3H|Mycena_citricolor	419	75	0.179	84.0
GCA_047651775.1	Aspergillus niger	no	H3H	CM105463.1	-	3895358	3895699	1	43.5	0.00029	27.419	H3H|Mycena_chlorophos	422	121	0.2867	43.5
GCA_047651775.1	Aspergillus niger	no	H3H	CM105463.1	-	3927715	3929120	42	82.0	2.31e-16	28.293	H3H|Panellus_stipticus	428	374	0.8738	2795.2
GCA_047651775.1	Aspergillus niger	no	H3H	CM105463.1	-	4077175	4078245	9	62.4	3.82e-10	24.773	H3H|Neonothopanus_nambi	422	376	0.891	474.5
GCA_047651775.1	Aspergillus niger	no	H3H	CM105463.1	-	4263815	4264486	1	46.2	3.76e-05	24.4	H3H|Neonothopanus_nambi	422	223	0.5284	46.2
GCA_047651775.1	Aspergillus niger	no	H3H	CM105467.1	-	270149	271126	6	59.7	2.89e-09	23.416	H3H|Guyanagaster_necrorhiza	443	328	0.7404	332.0
GCA_047651775.1	Aspergillus niger	no	H3H	CM105467.1	-	3032575	3033864	14	115.0	3.07e-27	26.933	H3H|Armillaria_fuscipes	426	411	0.9648	1435.5
GCA_047651775.1	Aspergillus niger	no	H3H	CM105467.1	-	3177096	3178538	32	100.0	9.7e-22	27.385	H3H|Omphalotus_olearius	540	374	0.6926	2005.0
GCA_047651775.1	Aspergillus niger	no	H3H	CM105467.1	-	3202202	3203504	28	91.7	4.24e-33	34.021	H3H|Neonothopanus_gardneri	416	414	0.9952	1975.3
GCA_047651775.1	Aspergillus niger	no	H3H	CM105467.1	+	1420543	1421901	16	112.0	3.19e-26	26.503	H3H|Armillaria_gallica	422	399	0.9455	1493.1
GCA_047651775.1	Aspergillus niger	no	H3H	CM105467.1	+	2305904	2307013	14	87.4	3.8e-18	24.581	H3H|Neonothopanus_nambi	422	375	0.8886	982.8
GCA_047651775.1	Aspergillus niger	no	H3H	CM105466.1	+	130122	131186	14	88.2	2.01e-18	30.0	H3H|Neonothopanus_nambi	422	377	0.8934	1046.4
GCA_047651775.1	Aspergillus niger	no	H3H	CM105466.1	+	320534	321328	13	55.8	4.27e-08	23.715	H3H|Neonothopanus_nambi	422	256	0.6066	678.0
GCA_047651775.1	Aspergillus niger	no	H3H	CM105466.1	+	404094	405428	14	74.3	5.65e-14	27.818	H3H|Mycena_chlorophos	422	430	1.019	843.5
GCA_047651775.1	Aspergillus niger	no	H3H	CM105466.1	+	993947	995319	27	110.0	2.82e-40	31.013	H3H|Panellus_stipticus	428	410	0.9579	2185.2
GCA_047651775.1	Aspergillus niger	no	H3H	CM105466.1	-	2321872	2322520	8	46.2	4.03e-05	43.077	H3H|Armillaria_mellea	429	138	0.3217	349.3
GCA_047651775.1	Aspergillus niger	no	H3H	CM105466.1	-	2653520	2654752	6	62.8	4.34e-10	25.779	H3H|Omphalotus_olearius	540	387	0.7167	330.4
GCA_047651775.1	Aspergillus niger	no	H3H	CM105461.1	-	4807196	4808354	41	82.0	3.01e-24	35.135	H3H|Panellus_stipticus_3	428	342	0.7991	2023.9
GCA_047651775.1	Aspergillus niger	no	H3H	CM105461.1	+	4910180	4910713	14	58.2	7.9e-09	27.568	H3H|Armillaria_gallica	422	190	0.4502	725.0
GCA_047651775.1	Aspergillus niger	no	H3H	CM105465.1	-	15363	16598	13	79.3	1.25e-15	24.242	H3H|Neonothopanus_gardneri	416	457	1.0986	762.6
GCA_047651775.1	Aspergillus niger	no	H3H	CM105465.1	-	1393583	1394641	1	47.0	2.24e-05	23.192	H3H|Neonothopanus_nambi	422	380	0.9005	47.0
GCA_047651775.1	Aspergillus niger	no	H3H	CM105465.1	-	2923319	2923864	3	56.2	3.06e-08	28.5	H3H|Neonothopanus_gardneri	416	195	0.4688	156.7
GCA_047651775.1	Aspergillus niger	no	H3H	CM105465.1	-	3851235	3851513	3	45.4	6.22e-05	33.333	H3H|Panellus_stipticus	428	82	0.1916	134.8
GCA_047651775.1	Aspergillus niger	no	H3H	CM105462.1	-	1947198	1948369	27	66.2	7.32e-21	23.934	H3H|Omphalotus_olearius	540	386	0.7148	1575.0
GCA_047651775.1	Aspergillus niger	no	CPH	CM105463.1	+	2943546	2944533	18	133.0	7.47e-68	53.488	CPH|Neonothopanus_gardneri	321	315	0.9813	1748.2
GCA_047651775.1	Aspergillus niger	no	CPH	CM105463.1	+	4268630	4269214	6	91.7	3.5e-20	31.633	CPH|Neonothopanus_gardneri	321	193	0.6012	514.9
GCA_047651775.1	Aspergillus niger	no	CPH	CM105464.1	-	4122790	4123775	12	221.0	2.52e-65	46.185	CPH|Neonothopanus_gardneri	321	315	0.9813	1580.9
GCA_047651775.1	Aspergillus niger	no	CPH	CM105461.1	-	1131359	1132081	6	167.0	2.05e-46	39.357	CPH|Armillaria_mellea	297	255	0.8586	954.0
GCA_047651775.1	Aspergillus niger	no	CPH	CM105461.1	-	3473459	3474181	6	191.0	8.16e-55	52.0	CPH|Armillaria_fuscipes	294	272	0.9252	1104.0
GCA_047651775.1	Aspergillus niger	no	CPH	CM105461.1	-	4800106	4801047	7	154.0	5.51e-42	34.579	CPH|Armillaria_fuscipes	294	283	0.9626	902.2
GCA_047651775.1	Aspergillus niger	no	CPH	CM105462.1	-	2253371	2254434	18	115.0	2.19e-53	52.778	CPH|Armillaria_fuscipes	294	316	1.0748	1495.6
GCA_047651775.1	Aspergillus niger	no	CPH	CM105460.1	+	3052373	3053454	12	117.0	3.66e-41	32.734	CPH|Neonothopanus_gardneri	321	296	0.9221	1049.6
GCA_047651775.1	Aspergillus niger	no	CPH	CM105460.1	-	3286296	3286976	6	72.0	8.18e-14	25.472	CPH|Armillaria_gallica	302	202	0.6689	404.6
GCA_047651775.1	Aspergillus niger	no	Luz	CM105461.1	+	2461104	2461886	12	98.2	5.85e-23	31.707	Luz|Neonothopanus_gardneri	264	237	0.8977	1066.8
GCA_047651775.1	Aspergillus niger	no	Luz	CM105460.1	+	5365982	5366484	13	53.5	5.59e-08	38.028	Luz|Mycena_chlorophos	251	130	0.5179	651.7
GCA_055697485.1	Aspergillus niger	yes	HispS	CM146622.1	+	272132	275005	54	90.5	3.97e-67	26.549	HispS|Armillaria_fuscipes	1774	961	0.5417	3358.0
GCA_055697485.1	Aspergillus niger	yes	HispS	CM146622.1	+	379309	379791	1	52.4	3.77e-06	27.108	HispS|Neonothopanus_gardneri	1691	145	0.0857	52.4
GCA_055697485.1	Aspergillus niger	yes	HispS	CM146622.1	+	401843	423631	40	245.0	9.25e-65	25.18	HispS|Mycena_citricolor	1678	1021	0.6085	5085.0
GCA_055697485.1	Aspergillus niger	yes	HispS	CM146622.1	+	1208921	1211985	38	124.0	4.16e-28	33.193	HispS|Mycena_citricolor	1678	967	0.5763	2776.5
GCA_055697485.1	Aspergillus niger	yes	HispS	CM146622.1	+	1555243	1555851	1	50.4	1.32e-05	25.234	HispS|Mycena_chlorophos	1652	191	0.1156	50.4
GCA_055697485.1	Aspergillus niger	yes	HispS	CM146622.1	+	2880331	2884827	14	374.0	2.35e-104	27.828	HispS|Armillaria_ostoyae	1770	1292	0.7299	3962.9
GCA_055697485.1	Aspergillus niger	yes	HispS	CM146622.1	-	366655	367680	4	54.7	7.99e-07	22.727	HispS|Guyanagaster_necrorhiza	1766	320	0.1812	197.9
GCA_055697485.1	Aspergillus niger	yes	HispS	CM146622.1	-	392447	393316	1	45.4	0.000402	22.741	HispS|Mycena_chlorophos	1652	302	0.1828	45.4
GCA_055697485.1	Aspergillus niger	yes	HispS	CM146622.1	-	1309704	1312583	11	296.0	2.17e-80	29.368	HispS|Armillaria_fuscipes	1774	1002	0.5648	2942.0
GCA_055697485.1	Aspergillus niger	yes	HispS	CM146622.1	-	2201338	2204354	39	120.0	1.57e-54	31.707	HispS|Armillaria_gallica	1771	966	0.5455	3353.6
GCA_055697485.1	Aspergillus niger	yes	HispS	CM146629.1	+	118051	120591	12	308.0	5.5e-84	29.074	HispS|Armillaria_ostoyae	1770	912	0.5153	3089.1
GCA_055697485.1	Aspergillus niger	yes	HispS	CM146629.1	+	585679	588649	23	215.0	2.94e-81	38.623	HispS|Mycena_citricolor	1678	970	0.5781	3353.8
GCA_055697485.1	Aspergillus niger	yes	HispS	CM146629.1	+	2591131	2594185	23	248.0	1.55e-65	35.033	HispS|Mycena_citricolor	1678	953	0.5679	3477.5
GCA_055697485.1	Aspergillus niger	yes	HispS	CM146629.1	+	4452390	4454183	4	46.2	0.000222	25.366	HispS|Neonothopanus_gardneri	1691	471	0.2785	179.9
GCA_055697485.1	Aspergillus niger	yes	HispS	CM146629.1	-	2856356	2857126	7	58.9	4.19e-08	22.541	HispS|Armillaria_ostoyae	1770	250	0.1412	360.1
GCA_055697485.1	Aspergillus niger	yes	HispS	CM146628.1	-	65917	67497	1	47.8	8.03e-05	21.044	HispS|Mycena_chlorophos	1652	572	0.3462	47.8
GCA_055697485.1	Aspergillus niger	yes	HispS	CM146628.1	-	129997	132985	18	332.0	1.55e-91	30.182	HispS|Armillaria_ostoyae	1770	1038	0.5864	3536.1
GCA_055697485.1	Aspergillus niger	yes	HispS	CM146628.1	-	1026829	1030273	41	120.0	9.49e-37	30.466	HispS|Guyanagaster_necrorhiza	1766	837	0.474	2445.3
GCA_055697485.1	Aspergillus niger	yes	HispS	CM146628.1	-	1810410	1813160	12	309.0	2.94e-84	29.543	HispS|Armillaria_fuscipes	1774	970	0.5468	3090.5
GCA_055697485.1	Aspergillus niger	yes	HispS	CM146628.1	-	3424238	3424639	4	49.7	2.42e-05	26.812	HispS|Neonothopanus_nambi	1678	294	0.1752	188.3
GCA_055697485.1	Aspergillus niger	yes	HispS	CM146628.1	-	3581034	3583885	23	208.0	1.81e-53	29.106	HispS|Mycena_citricolor	1678	972	0.5793	2868.7
GCA_055697485.1	Aspergillus niger	yes	HispS	CM146628.1	-	3608677	3609117	1	58.2	5.99e-08	31.613	HispS|Neonothopanus_gardneri	1691	149	0.0881	58.2
GCA_055697485.1	Aspergillus niger	yes	HispS	CM146628.1	-	3635253	3635726	1	50.8	9.72e-06	30.682	HispS|Neonothopanus_gardneri	1691	172	0.1017	50.8
GCA_055697485.1	Aspergillus niger	yes	HispS	CM146628.1	+	955802	958781	33	89.7	2.01e-17	34.969	HispS|Armillaria_ostoyae	1770	896	0.5062	1991.5
GCA_055697485.1	Aspergillus niger	yes	HispS	CM146628.1	+	1130313	1133298	35	169.0	2.12e-53	30.543	HispS|Armillaria_ostoyae	1770	870	0.4915	2740.2
GCA_055697485.1	Aspergillus niger	yes	HispS	CM146628.1	+	1442260	1444979	20	214.0	2.18e-55	28.414	HispS|Armillaria_gallica	1771	965	0.5449	2640.9
GCA_055697485.1	Aspergillus niger	yes	HispS	CM146628.1	+	1635166	1637878	25	228.0	1.61e-59	35.32	HispS|Armillaria_gallica	1771	894	0.5048	2857.6
GCA_055697485.1	Aspergillus niger	yes	HispS	CM146628.1	+	2390017	2392842	12	330.0	3.91e-91	29.087	HispS|Mycena_citricolor	1678	968	0.5769	3209.9
GCA_055697485.1	Aspergillus niger	yes	HispS	CM146628.1	+	3446686	3449637	11	253.0	4.46e-67	27.394	HispS|Armillaria_fuscipes	1774	948	0.5344	2478.0
GCA_055697485.1	Aspergillus niger	yes	HispS	CM146628.1	+	3597496	3600019	32	151.0	7.02e-68	27.155	HispS|Armillaria_mellea	1768	821	0.4644	2911.2
GCA_055697485.1	Aspergillus niger	yes	HispS	CM146628.1	+	3860296	3868562	4	53.1	1.85e-06	32.278	HispS|Neonothopanus_gardneri	1691	464	0.2744	198.3
GCA_055697485.1	Aspergillus niger	yes	HispS	CM146626.1	-	1821839	1822276	1	45.8	0.00034	27.879	HispS|Mycena_citricolor	1678	161	0.0959	45.8
GCA_055697485.1	Aspergillus niger	yes	HispS	CM146626.1	-	3312192	3312770	1	48.5	5.33e-05	28.856	HispS|Neonothopanus_nambi	1678	174	0.1037	48.5
GCA_055697485.1	Aspergillus niger	yes	HispS	CM146626.1	-	3441993	3445115	12	332.0	1.68e-91	30.273	HispS|Armillaria_gallica	1771	1089	0.6149	3268.2
GCA_055697485.1	Aspergillus niger	yes	HispS	CM146627.1	-	69816	74063	13	303.0	1.8e-82	28.904	HispS|Armillaria_fuscipes	1774	1108	0.6246	3111.8
GCA_055697485.1	Aspergillus niger	yes	HispS	CM146627.1	-	188276	189448	1	44.7	0.000642	22.391	HispS|Mycena_chlorophos	1652	426	0.2579	44.7
GCA_055697485.1	Aspergillus niger	yes	HispS	CM146627.1	-	1229297	1232180	21	225.0	1.26e-76	27.413	HispS|Armillaria_gallica	1771	975	0.5505	2928.2
GCA_055697485.1	Aspergillus niger	yes	HispS	CM146627.1	-	2839308	2842166	12	321.0	6.49e-88	29.26	HispS|Armillaria_gallica	1771	1005	0.5675	3216.0
GCA_055697485.1	Aspergillus niger	yes	HispS	CM146627.1	+	407699	410383	11	241.0	1.36e-63	26.372	HispS|Armillaria_gallica	1771	907	0.5121	2416.0
GCA_055697485.1	Aspergillus niger	yes	HispS	CM146627.1	+	1156779	1159784	32	94.4	1.88e-37	31.731	HispS|Armillaria_fuscipes	1774	870	0.4904	2173.1
GCA_055697485.1	Aspergillus niger	yes	HispS	CM146627.1	+	1447937	1450461	34	114.0	2.3e-36	32.479	HispS|Mycena_citricolor	1678	781	0.4654	2469.2
GCA_055697485.1	Aspergillus niger	yes	HispS	CM146627.1	+	1731482	1732447	11	69.3	2.76e-11	25.877	HispS|Armillaria_fuscipes	1774	478	0.2694	633.5
GCA_055697485.1	Aspergillus niger	yes	HispS	CM146627.1	+	4144762	4147539	11	310.0	1.75e-84	28.727	HispS|Armillaria_fuscipes	1774	946	0.5333	3097.0
GCA_055697485.1	Aspergillus niger	yes	HispS	CM146627.1	+	4258852	4262158	39	139.0	2.07e-32	29.262	HispS|Guyanagaster_necrorhiza	1766	875	0.4955	2510.2
GCA_055697485.1	Aspergillus niger	yes	HispS	CM146625.1	-	15941	19012	12	306.0	2.89e-83	27.766	HispS|Guyanagaster_necrorhiza	1766	972	0.5504	3011.9
GCA_055697485.1	Aspergillus niger	yes	HispS	CM146625.1	-	1197322	1197753	1	45.4	0.000405	27.586	HispS|Neonothopanus_nambi	1678	133	0.0793	45.4
GCA_055697485.1	Aspergillus niger	yes	HispS	CM146625.1	-	2713189	2713960	10	62.0	6.64e-12	31.159	HispS|Mycena_citricolor	1678	236	0.1406	412.1
GCA_055697485.1	Aspergillus niger	yes	HispS	CM146625.1	-	3845697	3848751	28	135.0	6.82e-36	29.091	HispS|Armillaria_fuscipes	1774	964	0.5434	2152.0
GCA_055697485.1	Aspergillus niger	yes	HispS	CM146625.1	-	6042859	6043398	2	51.2	7.01e-06	29.197	HispS|Neonothopanus_gardneri	1691	181	0.107	100.5
GCA_055697485.1	Aspergillus niger	yes	HispS	CM146625.1	-	6127746	6131067	30	108.0	1.06e-35	33.668	HispS|Mycena_citricolor	1678	1001	0.5965	2159.7
GCA_055697485.1	Aspergillus niger	yes	HispS	CM146625.1	+	209562	212522	30	179.0	1.53e-59	27.889	HispS|Armillaria_mellea	1768	958	0.5419	2612.8
GCA_055697485.1	Aspergillus niger	yes	HispS	CM146625.1	+	4169288	4172449	14	268.0	1.36e-71	28.632	HispS|Armillaria_fuscipes	1774	994	0.5603	2690.8
GCA_055697485.1	Aspergillus niger	yes	HispS	CM146625.1	+	5002783	5004471	2	47.0	0.000143	21.102	HispS|Guyanagaster_necrorhiza	1766	599	0.3392	92.1
GCA_055697485.1	Aspergillus niger	yes	HispS	CM146623.1	-	391489	400922	23	197.0	1.24e-78	27.63	HispS|Armillaria_fuscipes	1774	1075	0.606	3183.8
GCA_055697485.1	Aspergillus niger	yes	HispS	CM146623.1	-	484538	498360	23	202.0	6.12e-52	28.857	HispS|Panellus_stipticus	1504	1075	0.7148	3292.5
GCA_055697485.1	Aspergillus niger	yes	HispS	CM146623.1	-	1808743	1811196	33	118.0	3.93e-26	26.619	HispS|Guyanagaster_necrorhiza	1766	822	0.4655	2707.5
GCA_055697485.1	Aspergillus niger	yes	HispS	CM146623.1	-	2938533	2940020	2	49.7	2.12e-05	21.324	HispS|Mycena_chlorophos	1652	505	0.3057	97.8
GCA_055697485.1	Aspergillus niger	yes	HispS	CM146623.1	-	2968419	2982005	46	273.0	3.51e-73	28.446	HispS|Guyanagaster_necrorhiza	1766	958	0.5425	5717.0
GCA_055697485.1	Aspergillus niger	yes	HispS	CM146624.1	-	859170	862673	4	51.2	6.49e-06	28.571	HispS|Mycena_chlorophos	1652	478	0.2893	192.9
GCA_055697485.1	Aspergillus niger	yes	HispS	CM146624.1	-	910231	913193	22	190.0	4.99e-48	28.346	HispS|Neonothopanus_gardneri	1691	984	0.5819	3218.6
GCA_055697485.1	Aspergillus niger	yes	HispS	CM146624.1	-	2654966	2658065	22	172.0	1.69e-42	31.316	HispS|Mycena_citricolor	1678	941	0.5608	2972.2
GCA_055697485.1	Aspergillus niger	yes	HispS	CM146624.1	-	3877799	3879640	5	55.1	4.81e-07	23.129	HispS|Armillaria_gallica	1771	645	0.3642	242.6
GCA_055697485.1	Aspergillus niger	yes	HispS	CM146624.1	+	3063298	3066481	29	181.0	2.83e-53	25.498	HispS|Armillaria_gallica	1771	980	0.5534	2694.3
GCA_055697485.1	Aspergillus niger	yes	HispS	CM146624.1	+	3287136	3290062	28	149.0	7.47e-45	32.292	HispS|Guyanagaster_necrorhiza	1766	944	0.5345	2727.0
GCA_055697485.1	Aspergillus niger	yes	HispS	CM146623.1	+	370988	372778	2	68.2	5.09e-11	24.448	HispS|Mycena_citricolor	1678	635	0.3784	132.1
GCA_055697485.1	Aspergillus niger	yes	HispS	CM146626.1	+	136987	137910	2	52.4	3.44e-06	23.333	HispS|Mycena_citricolor	1678	316	0.1883	101.3
GCA_055697485.1	Aspergillus niger	yes	H3H	CM146628.1	+	813415	814360	28	111.0	4.65e-26	30.924	H3H|Guyanagaster_necrorhiza	443	319	0.7201	1718.2
GCA_055697485.1	Aspergillus niger	yes	H3H	CM146628.1	+	990717	991664	14	156.0	2.96e-41	30.745	H3H|Mycena_chlorophos	422	330	0.782	2091.0
GCA_055697485.1	Aspergillus niger	yes	H3H	CM146628.1	-	144296	144805	11	48.9	5.68e-06	25.568	H3H|Mycena_citricolor	419	175	0.4177	503.0
GCA_055697485.1	Aspergillus niger	yes	H3H	CM146628.1	-	620292	621655	28	74.3	5.92e-22	38.017	H3H|Panellus_stipticus	428	389	0.9089	1509.6
GCA_055697485.1	Aspergillus niger	yes	H3H	CM146628.1	-	664962	666316	9	51.2	1.3e-06	23.913	H3H|Guyanagaster_necrorhiza	443	389	0.8781	342.6
GCA_055697485.1	Aspergillus niger	yes	H3H	CM146628.1	-	819800	820360	8	50.8	1.48e-06	29.688	H3H|Neonothopanus_nambi	422	167	0.3957	388.5
GCA_055697485.1	Aspergillus niger	yes	H3H	CM146628.1	-	1345559	1346847	18	65.5	6.94e-11	24.365	H3H|Omphalotus_olearius	540	327	0.6056	947.4
GCA_055697485.1	Aspergillus niger	yes	H3H	CM146628.1	-	3436114	3436737	14	69.3	2.38e-12	30.0	H3H|Neonothopanus_nambi	422	215	0.5095	905.0
GCA_055697485.1	Aspergillus niger	yes	H3H	CM146628.1	-	3719254	3719703	14	61.2	9.24e-10	33.548	H3H|Mycena_chlorophos	422	151	0.3578	795.2
GCA_055697485.1	Aspergillus niger	yes	H3H	CM146625.1	+	302200	303219	14	154.0	1.49e-40	31.549	H3H|Panellus_stipticus	428	345	0.8061	1976.0
GCA_055697485.1	Aspergillus niger	yes	H3H	CM146625.1	+	1524717	1525382	3	47.4	1.71e-05	26.866	H3H|Armillaria_gallica	422	192	0.455	138.7
GCA_055697485.1	Aspergillus niger	yes	H3H	CM146625.1	+	6004291	6004692	14	57.8	1.15e-08	34.921	H3H|Mycena_chlorophos	422	123	0.2915	742.6
GCA_055697485.1	Aspergillus niger	yes	H3H	CM146625.1	-	118138	119452	22	68.6	4.53e-12	39.423	H3H|Armillaria_fuscipes	426	341	0.8005	1287.0
GCA_055697485.1	Aspergillus niger	yes	H3H	CM146625.1	-	285225	285890	4	60.5	1.41e-09	29.958	H3H|Armillaria_ostoyae	426	224	0.5258	216.5
GCA_055697485.1	Aspergillus niger	yes	H3H	CM146625.1	-	1271072	1272446	15	105.0	4.92e-24	25.4	H3H|Neonothopanus_nambi	422	394	0.9336	1255.3
GCA_055697485.1	Aspergillus niger	yes	H3H	CM146625.1	-	4982203	4983398	18	52.8	3.36e-07	38.095	H3H|Panellus_stipticus	428	288	0.6729	830.8
GCA_055697485.1	Aspergillus niger	yes	H3H	CM146625.1	-	4999797	5000549	8	51.6	9.69e-07	22.609	H3H|Armillaria_ostoyae	426	232	0.5446	393.5
GCA_055697485.1	Aspergillus niger	yes	H3H	CM146627.1	-	162486	162896	3	42.4	0.000577	29.078	H3H|Panellus_stipticus	428	113	0.264	127.2
GCA_055697485.1	Aspergillus niger	yes	H3H	CM146627.1	-	341148	342523	28	54.7	1.13e-15	26.897	H3H|Armillaria_mellea	429	399	0.9301	1281.4
GCA_055697485.1	Aspergillus niger	yes	H3H	CM146627.1	-	1534408	1535621	28	108.0	3.01e-33	30.634	H3H|Mycena_chlorophos	422	391	0.9265	2070.8
GCA_055697485.1	Aspergillus niger	yes	H3H	CM146627.1	-	1983873	1984085	8	48.9	5.35e-06	39.394	H3H|Armillaria_mellea	429	52	0.1212	369.3
GCA_055697485.1	Aspergillus niger	yes	H3H	CM146627.1	-	3559316	3559990	14	54.3	1.82e-07	29.167	H3H|Omphalotus_olearius	540	223	0.413	673.5
GCA_055697485.1	Aspergillus niger	yes	H3H	CM146627.1	+	130718	131389	1	46.2	3.78e-05	24.4	H3H|Neonothopanus_nambi	422	223	0.5284	46.2
GCA_055697485.1	Aspergillus niger	yes	H3H	CM146627.1	+	317456	318475	8	56.6	2.41e-08	24.654	H3H|Armillaria_gallica	422	363	0.8602	402.0
GCA_055697485.1	Aspergillus niger	yes	H3H	CM146627.1	+	462787	464192	42	82.0	2.32e-16	28.293	H3H|Panellus_stipticus	428	374	0.8738	2795.2
GCA_055697485.1	Aspergillus niger	yes	H3H	CM146627.1	+	496492	496833	1	43.5	0.000304	27.419	H3H|Mycena_chlorophos	422	121	0.2867	43.5
GCA_055697485.1	Aspergillus niger	yes	H3H	CM146627.1	+	822892	823122	2	42.0	0.000885	35.065	H3H|Mycena_citricolor	419	75	0.179	84.0
GCA_055697485.1	Aspergillus niger	yes	H3H	CM146627.1	+	1047961	1049328	18	124.0	1.76e-30	27.975	H3H|Neonothopanus_gardneri	416	406	0.976	1688.7
GCA_055697485.1	Aspergillus niger	yes	H3H	CM146627.1	+	1200994	1201392	12	55.8	4.6e-08	31.206	H3H|Neonothopanus_nambi	422	146	0.346	563.1
GCA_055697485.1	Aspergillus niger	yes	H3H	CM146627.1	+	1481291	1482403	13	73.2	3.25e-13	22.042	H3H|Omphalotus_olearius	540	417	0.7722	678.6
GCA_055697485.1	Aspergillus niger	yes	H3H	CM146622.1	+	129430	130494	14	89.7	7.74e-19	29.351	H3H|Neonothopanus_nambi	422	377	0.8934	1064.5
GCA_055697485.1	Aspergillus niger	yes	H3H	CM146622.1	+	308103	308909	14	57.4	1.49e-08	24.71	H3H|Neonothopanus_nambi	422	262	0.6209	746.4
GCA_055697485.1	Aspergillus niger	yes	H3H	CM146622.1	+	396717	398039	13	67.8	7.19e-12	27.098	H3H|Mycena_chlorophos	422	436	1.0332	745.1
GCA_055697485.1	Aspergillus niger	yes	H3H	CM146622.1	+	978453	979824	27	111.0	4.01e-40	30.312	H3H|Panellus_stipticus_2	428	410	0.9579	2180.2
GCA_055697485.1	Aspergillus niger	yes	H3H	CM146622.1	-	2300618	2301299	8	46.2	4.06e-05	43.077	H3H|Armillaria_mellea	429	161	0.3753	350.0
GCA_055697485.1	Aspergillus niger	yes	H3H	CM146622.1	-	2632082	2633314	6	62.8	4.37e-10	25.779	H3H|Omphalotus_olearius	540	387	0.7167	330.4
GCA_055697485.1	Aspergillus niger	yes	H3H	CM146626.1	+	101020	102322	28	92.0	3.44e-33	34.021	H3H|Neonothopanus_gardneri	416	414	0.9952	1976.8
GCA_055697485.1	Aspergillus niger	yes	H3H	CM146626.1	+	125512	126954	32	100.0	9.75e-22	27.385	H3H|Omphalotus_olearius	540	374	0.6926	2005.0
GCA_055697485.1	Aspergillus niger	yes	H3H	CM146626.1	+	270093	271382	14	114.0	4.34e-27	26.933	H3H|Armillaria_fuscipes	426	411	0.9648	1426.2
GCA_055697485.1	Aspergillus niger	yes	H3H	CM146626.1	+	3212696	3213673	6	59.7	2.9e-09	23.416	H3H|Guyanagaster_necrorhiza	443	328	0.7404	332.0
GCA_055697485.1	Aspergillus niger	yes	H3H	CM146626.1	-	1283124	1284221	14	87.4	4.38e-18	23.81	H3H|Neonothopanus_nambi	422	375	0.8886	986.3
GCA_055697485.1	Aspergillus niger	yes	H3H	CM146626.1	-	2174721	2176079	16	112.0	2.24e-26	25.957	H3H|Guyanagaster_necrorhiza	443	399	0.9007	1493.1
GCA_055697485.1	Aspergillus niger	yes	H3H	CM146629.1	+	207638	208796	41	82.0	3.03e-24	35.135	H3H|Panellus_stipticus_3	428	342	0.7991	2023.9
GCA_055697485.1	Aspergillus niger	yes	H3H	CM146629.1	-	110147	110680	14	58.5	6.29e-09	27.568	H3H|Armillaria_gallica	422	190	0.4502	727.6
GCA_055697485.1	Aspergillus niger	yes	H3H	CM146623.1	+	3023442	3024613	27	66.2	7.36e-21	23.934	H3H|Omphalotus_olearius	540	386	0.7148	1575.0
GCA_055697485.1	Aspergillus niger	yes	H3H	CM146624.1	+	191801	192079	3	43.5	0.000274	32.258	H3H|Panellus_stipticus	428	82	0.1916	128.2
GCA_055697485.1	Aspergillus niger	yes	H3H	CM146624.1	+	1100035	1100580	2	55.5	5.59e-08	26.601	H3H|Neonothopanus_gardneri	416	195	0.4688	103.3
GCA_055697485.1	Aspergillus niger	yes	H3H	CM146624.1	+	2634063	2635121	1	47.0	2.26e-05	23.192	H3H|Neonothopanus_nambi	422	380	0.9005	47.0
GCA_055697485.1	Aspergillus niger	yes	H3H	CM146624.1	+	3983000	3983752	13	53.1	2.56e-07	24.186	H3H|Neonothopanus_gardneri	416	274	0.6587	637.7
GCA_055697485.1	Aspergillus niger	yes	CPH	CM146627.1	-	125990	126574	6	91.7	2.44e-20	32.821	CPH|Armillaria_gallica	302	193	0.6391	516.1
GCA_055697485.1	Aspergillus niger	yes	CPH	CM146627.1	-	1433952	1434939	18	133.0	7.7e-68	53.488	CPH|Neonothopanus_gardneri	321	315	0.9813	1747.8
GCA_055697485.1	Aspergillus niger	yes	CPH	CM146629.1	+	214945	215886	7	154.0	5.55e-42	34.579	CPH|Armillaria_fuscipes	294	283	0.9626	902.2
GCA_055697485.1	Aspergillus niger	yes	CPH	CM146629.1	+	1562677	1563399	6	191.0	1.53e-54	45.783	CPH|Armillaria_gallica	302	272	0.9007	1104.0
GCA_055697485.1	Aspergillus niger	yes	CPH	CM146629.1	+	3909626	3910198	6	156.0	1.27e-42	43.59	CPH|Armillaria_fuscipes	294	223	0.7585	893.0
GCA_055697485.1	Aspergillus niger	yes	CPH	CM146623.1	+	2717020	2718083	18	115.0	2.2e-53	52.778	CPH|Armillaria_fuscipes	294	316	1.0748	1495.6
GCA_055697485.1	Aspergillus niger	yes	CPH	CM146625.1	+	3070518	3071599	12	117.0	3.68e-41	32.734	CPH|Neonothopanus_gardneri	321	296	0.9221	1049.6
GCA_055697485.1	Aspergillus niger	yes	CPH	CM146625.1	-	3304479	3305159	6	72.0	8.23e-14	25.472	CPH|Armillaria_gallica	302	202	0.6689	404.6
GCA_055697485.1	Aspergillus niger	yes	Luz	CM146629.1	-	2571290	2572072	12	98.2	5.89e-23	31.707	Luz|Neonothopanus_gardneri	264	237	0.8977	1066.8
GCA_055697485.1	Aspergillus niger	yes	Luz	CM146625.1	+	5402235	5402737	13	53.5	5.63e-08	38.028	Luz|Mycena_chlorophos	251	130	0.5179	651.7
GCA_051529875.1	Aspergillus niger	yes	HispS	CM121272.1	+	271321	273701	44	95.1	6.28e-61	37.107	HispS|Armillaria_gallica	1771	831	0.4692	3050.2
GCA_051529875.1	Aspergillus niger	yes	HispS	CM121272.1	+	371414	372463	1	52.8	2.75e-06	22.376	HispS|Neonothopanus_gardneri	1691	282	0.1668	52.8
GCA_051529875.1	Aspergillus niger	yes	HispS	CM121272.1	+	394496	416610	42	248.0	1.31e-65	25.717	HispS|Mycena_citricolor	1678	1018	0.6067	5217.1
GCA_051529875.1	Aspergillus niger	yes	HispS	CM121272.1	+	1216982	1220048	36	125.0	3.29e-28	33.193	HispS|Mycena_citricolor	1678	974	0.5805	2721.5
GCA_051529875.1	Aspergillus niger	yes	HispS	CM121272.1	+	1563614	1564222	1	50.4	1.42e-05	25.234	HispS|Mycena_chlorophos	1652	191	0.1156	50.4
GCA_051529875.1	Aspergillus niger	yes	HispS	CM121272.1	+	2891347	2895843	13	373.0	2.31e-104	27.99	HispS|Neonothopanus_gardneri	1691	1286	0.7605	3851.0
GCA_051529875.1	Aspergillus niger	yes	HispS	CM121272.1	-	95458	96231	2	48.5	5.64e-05	23.97	HispS|Armillaria_fuscipes	1774	243	0.137	92.8
GCA_051529875.1	Aspergillus niger	yes	HispS	CM121272.1	-	359330	360307	1	52.8	2.77e-06	21.866	HispS|Guyanagaster_necrorhiza	1766	304	0.1721	52.8
GCA_051529875.1	Aspergillus niger	yes	HispS	CM121272.1	-	385098	385907	1	46.2	0.000247	22.635	HispS|Mycena_chlorophos	1652	280	0.1695	46.2
GCA_051529875.1	Aspergillus niger	yes	HispS	CM121272.1	-	459684	461719	13	176.0	1.03e-43	29.159	HispS|Mycena_citricolor	1678	720	0.4291	1763.6
GCA_051529875.1	Aspergillus niger	yes	HispS	CM121272.1	-	1318372	1321251	11	296.0	2.33e-80	29.368	HispS|Armillaria_fuscipes	1774	1002	0.5648	2942.0
GCA_051529875.1	Aspergillus niger	yes	HispS	CM121272.1	-	2219651	2222595	38	120.0	1.06e-54	31.553	HispS|Armillaria_gallica	1771	966	0.5455	3318.8
GCA_051529875.1	Aspergillus niger	yes	HispS	JBOCDZ010000001.1	+	115594	118134	12	311.0	5.24e-85	29.091	HispS|Guyanagaster_necrorhiza	1766	912	0.5164	3095.1
GCA_051529875.1	Aspergillus niger	yes	HispS	JBOCDZ010000001.1	+	2559661	2562702	12	336.0	1.29e-92	30.23	HispS|Armillaria_fuscipes	1774	934	0.5265	3251.3
GCA_051529875.1	Aspergillus niger	yes	HispS	JBOCDZ010000001.1	+	4389968	4391761	3	46.2	0.000238	25.366	HispS|Neonothopanus_gardneri	1691	471	0.2785	135.6
GCA_051529875.1	Aspergillus niger	yes	HispS	JBOCDZ010000001.1	-	2824554	2825324	7	56.6	2.15e-07	22.745	HispS|Armillaria_ostoyae	1770	250	0.1412	350.8
GCA_051529875.1	Aspergillus niger	yes	HispS	JBOCDZ010000003.1	+	483342	483815	2	51.2	8.1e-06	30.636	HispS|Neonothopanus_gardneri	1691	173	0.1023	95.9
GCA_051529875.1	Aspergillus niger	yes	HispS	JBOCDZ010000003.1	+	509953	510393	1	58.9	3.37e-08	31.613	HispS|Neonothopanus_gardneri	1691	149	0.0881	58.9
GCA_051529875.1	Aspergillus niger	yes	HispS	JBOCDZ010000003.1	+	535505	538409	24	187.0	5.2e-47	31.91	HispS|Mycena_citricolor	1678	921	0.5489	2735.1
GCA_051529875.1	Aspergillus niger	yes	HispS	JBOCDZ010000003.1	+	704171	704572	5	50.8	1.02e-05	27.536	HispS|Neonothopanus_nambi	1678	313	0.1865	237.9
GCA_051529875.1	Aspergillus niger	yes	HispS	JBOCDZ010000003.1	+	2362208	2364958	12	310.0	1.92e-84	29.543	HispS|Armillaria_fuscipes	1774	977	0.5507	3101.5
GCA_051529875.1	Aspergillus niger	yes	HispS	JBOCDZ010000003.1	+	4040586	4043574	17	331.0	5.12e-91	30.068	HispS|Armillaria_ostoyae	1770	1022	0.5774	3496.1
GCA_051529875.1	Aspergillus niger	yes	HispS	JBOCDZ010000003.1	+	4112381	4116832	2	46.2	0.000293	27.126	HispS|Mycena_citricolor	1678	329	0.1961	91.3
GCA_051529875.1	Aspergillus niger	yes	HispS	JBOCDZ010000003.1	-	253632	258442	3	53.1	2.36e-06	32.278	HispS|Neonothopanus_gardneri	1691	333	0.1969	149.8
GCA_051529875.1	Aspergillus niger	yes	HispS	JBOCDZ010000003.1	-	519088	521612	23	211.0	1.11e-67	29.072	HispS|Neonothopanus_nambi	1678	821	0.4893	2771.0
GCA_051529875.1	Aspergillus niger	yes	HispS	JBOCDZ010000003.1	-	679168	682119	11	251.0	2.34e-66	27.807	HispS|Armillaria_fuscipes	1774	950	0.5355	2483.0
GCA_051529875.1	Aspergillus niger	yes	HispS	JBOCDZ010000003.1	-	1732433	1735258	12	328.0	3.01e-90	29.039	HispS|Mycena_citricolor	1678	963	0.5739	3243.7
GCA_051529875.1	Aspergillus niger	yes	HispS	JBOCDZ010000003.1	-	2540206	2542918	25	228.0	3.72e-66	34.388	HispS|Armillaria_fuscipes	1774	894	0.5039	2834.7
GCA_051529875.1	Aspergillus niger	yes	HispS	JBOCDZ010000003.1	-	2743330	2746049	20	217.0	4.05e-56	28.414	HispS|Armillaria_gallica	1771	965	0.5449	2666.9
GCA_051529875.1	Aspergillus niger	yes	HispS	JBOCDZ010000003.1	-	3058016	3060439	31	168.0	3.15e-53	30.09	HispS|Armillaria_ostoyae	1770	748	0.4226	2612.6
GCA_051529875.1	Aspergillus niger	yes	HispS	JBOCDZ010000003.1	-	3218134	3221112	28	127.0	7.2e-29	29.839	HispS|Mycena_citricolor	1678	896	0.534	2025.9
GCA_051529875.1	Aspergillus niger	yes	HispS	CM121275.1	+	44852	47515	12	327.0	6.43e-90	30.534	HispS|Armillaria_fuscipes	1774	909	0.5124	3233.4
GCA_051529875.1	Aspergillus niger	yes	HispS	CM121275.1	+	181381	181959	1	47.8	9.36e-05	28.358	HispS|Neonothopanus_nambi	1678	174	0.1037	47.8
GCA_051529875.1	Aspergillus niger	yes	HispS	JBOCDZ010000004.1	-	96664	100935	13	306.0	1.58e-83	29.236	HispS|Armillaria_fuscipes	1774	1108	0.6246	3133.0
GCA_051529875.1	Aspergillus niger	yes	HispS	JBOCDZ010000004.1	-	217360	221913	2	50.1	2e-05	24.107	HispS|Neonothopanus_gardneri	1691	577	0.3412	95.5
GCA_051529875.1	Aspergillus niger	yes	HispS	JBOCDZ010000004.1	-	1276478	1279466	21	223.0	5.81e-76	27.333	HispS|Armillaria_gallica	1771	995	0.5618	2922.2
GCA_051529875.1	Aspergillus niger	yes	HispS	JBOCDZ010000004.1	-	2879658	2882516	12	320.0	7.98e-88	29.26	HispS|Armillaria_gallica	1771	1005	0.5675	3212.0
GCA_051529875.1	Aspergillus niger	yes	HispS	JBOCDZ010000004.1	+	431542	434226	11	242.0	1.06e-63	26.372	HispS|Armillaria_gallica	1771	907	0.5121	2413.0
GCA_051529875.1	Aspergillus niger	yes	HispS	JBOCDZ010000004.1	+	1203960	1206968	30	157.0	6.73e-38	28.444	HispS|Armillaria_fuscipes	1774	834	0.4701	2210.5
GCA_051529875.1	Aspergillus niger	yes	HispS	JBOCDZ010000004.1	+	1493465	1495989	40	117.0	3.98e-38	30.769	HispS|Mycena_citricolor	1678	801	0.4774	2724.2
GCA_051529875.1	Aspergillus niger	yes	HispS	JBOCDZ010000004.1	+	1773674	1774639	11	69.3	2.96e-11	25.877	HispS|Armillaria_fuscipes	1774	478	0.2694	633.5
GCA_051529875.1	Aspergillus niger	yes	HispS	JBOCDZ010000004.1	+	4008004	4010781	11	310.0	1.04e-84	28.727	HispS|Armillaria_fuscipes	1774	946	0.5333	3104.0
GCA_051529875.1	Aspergillus niger	yes	HispS	JBOCDZ010000004.1	+	4122219	4125525	37	119.0	1.47e-26	26.904	HispS|Neonothopanus_gardneri	1691	875	0.5174	2497.7
GCA_051529875.1	Aspergillus niger	yes	HispS	JBOCDZ010000009.1	+	1454757	1455188	1	45.4	0.000434	27.586	HispS|Neonothopanus_nambi	1678	133	0.0793	45.4
GCA_051529875.1	Aspergillus niger	yes	HispS	JBOCDZ010000009.1	+	2616258	2619329	12	305.0	4.74e-83	27.766	HispS|Guyanagaster_necrorhiza	1766	972	0.5504	3023.6
GCA_051529875.1	Aspergillus niger	yes	HispS	JBOCDZ010000009.1	-	2417304	2420263	41	109.0	5.79e-38	38.65	HispS|Armillaria_gallica	1771	958	0.5409	2764.7
GCA_051529875.1	Aspergillus niger	yes	HispS	CM121273.1	+	782353	783768	11	87.4	9.26e-17	24.23	HispS|Neonothopanus_nambi	1678	459	0.2735	807.6
GCA_051529875.1	Aspergillus niger	yes	HispS	CM121273.1	+	1982482	1996069	46	271.0	1.17e-72	28.446	HispS|Guyanagaster_necrorhiza	1766	963	0.5453	5730.0
GCA_051529875.1	Aspergillus niger	yes	HispS	CM121273.1	+	2024481	2025968	2	52.8	2.68e-06	24.468	HispS|Guyanagaster_necrorhiza	1766	505	0.286	98.2
GCA_051529875.1	Aspergillus niger	yes	HispS	CM121273.1	+	3157905	3160533	13	213.0	4.95e-55	27.227	HispS|Guyanagaster_necrorhiza	1766	882	0.4994	2096.1
GCA_051529875.1	Aspergillus niger	yes	HispS	CM121273.1	+	4359584	4373318	36	192.0	7.52e-49	28.364	HispS|Panellus_stipticus	1504	1080	0.7181	3208.6
GCA_051529875.1	Aspergillus niger	yes	HispS	CM121273.1	+	4456816	4466249	23	196.0	1.65e-78	27.473	HispS|Armillaria_fuscipes	1774	1075	0.606	3175.8
GCA_051529875.1	Aspergillus niger	yes	HispS	CM121274.1	+	120768	122633	5	55.8	3.36e-07	23.692	HispS|Armillaria_gallica	1771	650	0.367	246.4
GCA_051529875.1	Aspergillus niger	yes	HispS	CM121274.1	+	1329972	1333068	22	171.0	2.58e-42	31.026	HispS|Mycena_citricolor	1678	941	0.5608	2939.3
GCA_051529875.1	Aspergillus niger	yes	HispS	CM121274.1	+	3186317	3189279	22	190.0	4.92e-48	28.346	HispS|Neonothopanus_gardneri	1691	984	0.5819	3221.6
GCA_051529875.1	Aspergillus niger	yes	HispS	CM121274.1	+	3236403	3240248	4	53.9	1.11e-06	22.074	HispS|Mycena_chlorophos	1652	660	0.3995	200.6
GCA_051529875.1	Aspergillus niger	yes	HispS	CM121274.1	-	696712	699728	31	149.0	9.91e-45	32.292	HispS|Guyanagaster_necrorhiza	1766	944	0.5345	2813.9
GCA_051529875.1	Aspergillus niger	yes	HispS	CM121274.1	-	924517	927700	30	152.0	3.23e-44	24.547	HispS|Guyanagaster_necrorhiza	1766	980	0.5549	2696.9
GCA_051529875.1	Aspergillus niger	yes	HispS	JBOCDZ010000006.1	+	1774637	1777797	23	215.0	1.07e-55	33.333	HispS|Mycena_citricolor	1678	994	0.5924	2912.6
GCA_051529875.1	Aspergillus niger	yes	HispS	JBOCDZ010000006.1	+	2613050	2614720	1	54.3	8.93e-07	21.053	HispS|Neonothopanus_nambi	1678	592	0.3528	54.3
GCA_051529875.1	Aspergillus niger	yes	HispS	JBOCDZ010000006.1	-	84377	85136	8	60.1	1.33e-11	31.2	HispS|Mycena_citricolor	1678	241	0.1436	324.2
GCA_051529875.1	Aspergillus niger	yes	HispS	JBOCDZ010000006.1	-	841154	843526	12	186.0	1.43e-46	25.644	HispS|Armillaria_fuscipes	1774	766	0.4318	1955.9
GCA_051529875.1	Aspergillus niger	yes	HispS	JBOCDZ010000006.1	-	1452976	1455967	27	137.0	2.87e-36	29.091	HispS|Armillaria_fuscipes	1774	959	0.5406	2099.1
GCA_051529875.1	Aspergillus niger	yes	HispS	JBOCDZ010000006.1	-	3647981	3648520	2	49.3	2.8e-05	29.197	HispS|Neonothopanus_gardneri	1691	181	0.107	97.4
GCA_051529875.1	Aspergillus niger	yes	HispS	CM121273.1	-	4484899	4486743	2	72.4	2.76e-12	24.885	HispS|Mycena_citricolor	1678	653	0.3892	132.5
GCA_051529875.1	Aspergillus niger	yes	HispS	CM121275.1	-	3144113	3145036	2	52.4	3.53e-06	23.333	HispS|Mycena_citricolor	1678	316	0.1883	101.7
GCA_051529875.1	Aspergillus niger	yes	H3H	JBOCDZ010000003.1	-	3184880	3185827	14	157.0	2.63e-41	30.124	H3H|Mycena_chlorophos	422	331	0.7844	2095.0
GCA_051529875.1	Aspergillus niger	yes	H3H	JBOCDZ010000003.1	-	3361386	3362331	28	111.0	4.96e-26	30.924	H3H|Guyanagaster_necrorhiza	443	319	0.7201	1718.2
GCA_051529875.1	Aspergillus niger	yes	H3H	JBOCDZ010000003.1	+	401435	402016	14	62.4	4.37e-10	34.328	H3H|Mycena_chlorophos	422	180	0.4265	797.9
GCA_051529875.1	Aspergillus niger	yes	H3H	JBOCDZ010000003.1	+	692073	692696	14	68.9	3.65e-12	26.776	H3H|Panellus_stipticus_3	428	215	0.5023	892.3
GCA_051529875.1	Aspergillus niger	yes	H3H	JBOCDZ010000003.1	+	2837518	2838808	19	65.5	7.43e-11	24.365	H3H|Omphalotus_olearius	540	366	0.6778	1002.9
GCA_051529875.1	Aspergillus niger	yes	H3H	JBOCDZ010000003.1	+	3355383	3355943	8	51.6	1.04e-06	29.474	H3H|Armillaria_mellea	429	167	0.3893	391.2
GCA_051529875.1	Aspergillus niger	yes	H3H	JBOCDZ010000003.1	+	3509494	3510848	9	51.2	1.4e-06	23.913	H3H|Guyanagaster_necrorhiza	443	389	0.8781	341.6
GCA_051529875.1	Aspergillus niger	yes	H3H	JBOCDZ010000003.1	+	3554151	3555513	27	74.3	7.72e-22	38.017	H3H|Panellus_stipticus	428	389	0.9089	1484.5
GCA_051529875.1	Aspergillus niger	yes	H3H	JBOCDZ010000003.1	+	4028861	4029370	11	48.1	1.09e-05	25.0	H3H|Mycena_citricolor	419	175	0.4177	500.3
GCA_051529875.1	Aspergillus niger	yes	H3H	JBOCDZ010000009.1	-	2325052	2326071	14	154.0	1.6e-40	31.549	H3H|Panellus_stipticus	428	345	0.8061	1976.0
GCA_051529875.1	Aspergillus niger	yes	H3H	JBOCDZ010000009.1	+	1376795	1377697	14	92.0	1.32e-19	26.852	H3H|Neonothopanus_nambi	422	303	0.718	1126.6
GCA_051529875.1	Aspergillus niger	yes	H3H	JBOCDZ010000009.1	+	2342321	2342986	1	55.8	4.5e-08	28.692	H3H|Armillaria_ostoyae	426	218	0.5117	55.8
GCA_051529875.1	Aspergillus niger	yes	H3H	JBOCDZ010000009.1	+	2513124	2514438	22	68.6	5.2e-12	39.423	H3H|Armillaria_fuscipes	426	341	0.8005	1283.9
GCA_051529875.1	Aspergillus niger	yes	H3H	JBOCDZ010000004.1	-	369683	371064	28	68.6	8.38e-20	27.397	H3H|Armillaria_mellea	429	401	0.9347	1482.9
GCA_051529875.1	Aspergillus niger	yes	H3H	JBOCDZ010000004.1	-	1579873	1581091	28	108.0	3.08e-25	30.634	H3H|Mycena_chlorophos	422	391	0.9265	2071.1
GCA_051529875.1	Aspergillus niger	yes	H3H	JBOCDZ010000004.1	-	3604804	3605628	14	54.3	1.28e-07	26.599	H3H|Neonothopanus_gardneri	416	274	0.6587	665.8
GCA_051529875.1	Aspergillus niger	yes	H3H	JBOCDZ010000004.1	+	345975	346994	8	56.6	2.84e-08	24.654	H3H|Armillaria_gallica	422	363	0.8602	402.3
GCA_051529875.1	Aspergillus niger	yes	H3H	JBOCDZ010000004.1	+	484124	485520	42	80.9	6.22e-16	31.902	H3H|Panellus_stipticus	428	374	0.8738	2814.1
GCA_051529875.1	Aspergillus niger	yes	H3H	JBOCDZ010000004.1	+	517087	517428	1	43.5	0.000326	27.419	H3H|Mycena_chlorophos	422	121	0.2867	43.5
GCA_051529875.1	Aspergillus niger	yes	H3H	JBOCDZ010000004.1	+	869975	870205	2	42.4	0.000577	35.065	H3H|Mycena_citricolor	419	75	0.179	84.8
GCA_051529875.1	Aspergillus niger	yes	H3H	JBOCDZ010000004.1	+	1095130	1096440	18	124.0	1.9e-30	28.636	H3H|Neonothopanus_gardneri	416	389	0.9351	1688.5
GCA_051529875.1	Aspergillus niger	yes	H3H	JBOCDZ010000004.1	+	1248346	1248759	13	56.6	2.19e-08	31.973	H3H|Neonothopanus_nambi	422	145	0.3436	618.9
GCA_051529875.1	Aspergillus niger	yes	H3H	JBOCDZ010000004.1	+	1526817	1528010	14	71.2	1.17e-12	20.961	H3H|Omphalotus_olearius	540	442	0.8185	694.1
GCA_051529875.1	Aspergillus niger	yes	H3H	CM121275.1	-	279000	279986	6	59.7	2.95e-09	23.416	H3H|Guyanagaster_necrorhiza	443	333	0.7517	332.3
GCA_051529875.1	Aspergillus niger	yes	H3H	CM121275.1	-	2983715	2985004	14	120.0	5.41e-29	27.681	H3H|Armillaria_fuscipes	426	411	0.9648	1481.4
GCA_051529875.1	Aspergillus niger	yes	H3H	CM121275.1	-	3155078	3156514	26	106.0	2.73e-24	28.391	H3H|Panellus_stipticus_2	428	340	0.7944	1812.6
GCA_051529875.1	Aspergillus niger	yes	H3H	CM121275.1	-	3178434	3179739	28	89.4	2.56e-18	34.314	H3H|Omphalotus_olearius	540	414	0.7667	1945.6
GCA_051529875.1	Aspergillus niger	yes	H3H	CM121275.1	+	1337621	1338979	16	112.0	3.44e-26	26.503	H3H|Armillaria_gallica	422	399	0.9455	1493.1
GCA_051529875.1	Aspergillus niger	yes	H3H	CM121275.1	+	2245325	2246422	14	87.8	2.89e-18	24.581	H3H|Neonothopanus_nambi	422	375	0.8886	987.6
GCA_051529875.1	Aspergillus niger	yes	H3H	CM121272.1	+	115110	115979	4	48.5	8.62e-06	26.616	H3H|Mycena_chlorophos	422	263	0.6232	187.9
GCA_051529875.1	Aspergillus niger	yes	H3H	CM121272.1	+	129321	130385	14	86.7	6.83e-18	29.744	H3H|Neonothopanus_nambi	422	377	0.8934	1035.9
GCA_051529875.1	Aspergillus niger	yes	H3H	CM121272.1	+	307850	308683	14	55.5	9.12e-08	25.352	H3H|Omphalotus_olearius	540	263	0.487	694.8
GCA_051529875.1	Aspergillus niger	yes	H3H	CM121272.1	+	389373	390707	14	76.3	1.62e-14	28.058	H3H|Mycena_chlorophos	422	430	1.019	863.8
GCA_051529875.1	Aspergillus niger	yes	H3H	CM121272.1	+	986387	987786	27	112.0	2.91e-26	30.523	H3H|Panellus_stipticus	428	415	0.9696	2188.8
GCA_051529875.1	Aspergillus niger	yes	H3H	CM121272.1	-	2312877	2313558	3	44.3	0.000197	41.538	H3H|Armillaria_mellea	429	147	0.3427	130.1
GCA_051529875.1	Aspergillus niger	yes	H3H	CM121272.1	-	2644658	2645647	5	64.3	1.74e-10	26.062	H3H|Omphalotus_olearius	540	333	0.6167	268.4
GCA_051529875.1	Aspergillus niger	yes	H3H	JBOCDZ010000001.1	+	205199	206357	41	80.5	8.84e-24	34.459	H3H|Panellus_stipticus_3	428	342	0.7991	2009.3
GCA_051529875.1	Aspergillus niger	yes	H3H	JBOCDZ010000001.1	-	107709	108242	14	57.0	1.7e-08	27.568	H3H|Armillaria_gallica	422	190	0.4502	712.3
GCA_051529875.1	Aspergillus niger	yes	H3H	CM121273.1	-	1939854	1941025	27	66.2	7.89e-21	23.934	H3H|Omphalotus_olearius	540	386	0.7148	1575.0
GCA_051529875.1	Aspergillus niger	yes	H3H	JBOCDZ010000006.1	-	2592494	2593786	17	51.2	1.08e-06	38.095	H3H|Panellus_stipticus	428	306	0.715	769.4
GCA_051529875.1	Aspergillus niger	yes	H3H	JBOCDZ010000006.1	-	2610043	2610795	8	55.5	5.98e-08	22.174	H3H|Armillaria_fuscipes	426	232	0.5446	419.1
GCA_051529875.1	Aspergillus niger	yes	H3H	JBOCDZ010000006.1	+	3609532	3609987	14	58.5	7.1e-09	38.053	H3H|Armillaria_gallica	422	133	0.3152	755.5
GCA_051529875.1	Aspergillus niger	yes	H3H	CM121274.1	-	11966	17606	20	52.8	4.11e-07	27.041	H3H|Neonothopanus_gardneri	416	357	0.8582	935.6
GCA_051529875.1	Aspergillus niger	yes	H3H	CM121274.1	-	3003339	3003884	3	56.2	2.82e-08	28.5	H3H|Neonothopanus_gardneri	416	195	0.4688	156.7
GCA_051529875.1	Aspergillus niger	yes	H3H	CM121274.1	-	3161083	3161205	1	42.0	0.000797	43.902	H3H|Neonothopanus_gardneri	416	41	0.0986	42.0
GCA_051529875.1	Aspergillus niger	yes	H3H	CM121274.1	-	3894865	3895143	3	45.4	8.31e-05	33.333	H3H|Panellus_stipticus	428	82	0.1916	134.0
GCA_051529875.1	Aspergillus niger	yes	CPH	JBOCDZ010000004.1	-	160236	160854	12	67.4	2.09e-20	31.538	CPH|Armillaria_gallica	302	202	0.6689	688.2
GCA_051529875.1	Aspergillus niger	yes	CPH	JBOCDZ010000004.1	-	1479467	1480454	18	133.0	8.22e-68	53.488	CPH|Neonothopanus_gardneri	321	315	0.9813	1747.8
GCA_051529875.1	Aspergillus niger	yes	CPH	JBOCDZ010000001.1	+	212502	213443	7	154.0	5.94e-42	34.579	CPH|Armillaria_fuscipes	294	283	0.9626	902.2
GCA_051529875.1	Aspergillus niger	yes	CPH	JBOCDZ010000001.1	+	1532223	1532945	6	191.0	1.64e-54	45.783	CPH|Armillaria_gallica	302	272	0.9007	1104.0
GCA_051529875.1	Aspergillus niger	yes	CPH	JBOCDZ010000001.1	+	3854928	3855650	6	168.0	1.02e-46	40.081	CPH|Armillaria_fuscipes	294	255	0.8673	960.0
GCA_051529875.1	Aspergillus niger	yes	CPH	CM121273.1	-	2246073	2247137	18	115.0	2.98e-53	52.778	CPH|Armillaria_fuscipes	294	316	1.0748	1493.7
GCA_051529875.1	Aspergillus niger	yes	CPH	JBOCDZ010000006.1	+	442347	443428	12	131.0	2.08e-43	42.767	CPH|Neonothopanus_gardneri	321	296	0.9221	1077.0
GCA_051529875.1	Aspergillus niger	yes	CPH	JBOCDZ010000006.1	-	669226	669906	6	72.0	8.82e-14	25.472	CPH|Armillaria_gallica	302	202	0.6689	404.6
GCA_051529875.1	Aspergillus niger	yes	Luz	JBOCDZ010000001.1	-	2539828	2540610	12	98.2	6.31e-23	31.707	Luz|Neonothopanus_gardneri	264	237	0.8977	1066.8
GCA_051529875.1	Aspergillus niger	yes	Luz	JBOCDZ010000006.1	+	3012594	3013096	13	53.5	5.97e-08	38.028	Luz|Mycena_chlorophos	251	130	0.5179	652.4
GCA_057808355.1	Aspergillus oryzae	yes	HispS	AP044816.1	-	28426	31584	26	184.0	4.69e-46	27.397	HispS|Guyanagaster_necrorhiza	1766	975	0.5521	2699.6
GCA_057808355.1	Aspergillus oryzae	yes	HispS	AP044816.1	-	113642	114388	3	49.7	2.24e-05	22.266	HispS|Mycena_citricolor	1678	238	0.1418	138.7
GCA_057808355.1	Aspergillus oryzae	yes	HispS	AP044816.1	-	2788015	2790429	12	336.0	1.69e-92	31.001	HispS|Armillaria_gallica	1771	886	0.5003	3348.0
GCA_057808355.1	Aspergillus oryzae	yes	HispS	AP044811.1	+	141267	143831	11	275.0	6.31e-74	28.056	HispS|Mycena_citricolor	1678	915	0.5453	2615.0
GCA_057808355.1	Aspergillus oryzae	yes	HispS	AP044811.1	+	438572	441783	36	98.2	2.91e-34	30.303	HispS|Guyanagaster_necrorhiza	1766	888	0.5028	2246.4
GCA_057808355.1	Aspergillus oryzae	yes	HispS	AP044811.1	+	487191	487997	2	55.5	4.32e-07	26.728	HispS|Neonothopanus_nambi	1678	257	0.1532	108.6
GCA_057808355.1	Aspergillus oryzae	yes	HispS	AP044811.1	+	1044377	1044855	5	53.9	1.37e-06	30.769	HispS|Mycena_citricolor	1678	163	0.0971	188.2
GCA_057808355.1	Aspergillus oryzae	yes	HispS	AP044811.1	+	5309421	5312507	31	196.0	1.31e-49	25.49	HispS|Guyanagaster_necrorhiza	1766	1006	0.5696	3111.1
GCA_057808355.1	Aspergillus oryzae	yes	HispS	AP044811.1	+	5689828	5692764	11	282.0	4.32e-76	27.982	HispS|Armillaria_fuscipes	1774	1036	0.584	2841.0
GCA_057808355.1	Aspergillus oryzae	yes	HispS	AP044811.1	+	5716177	5718930	12	322.0	2.65e-88	28.876	HispS|Armillaria_gallica	1771	960	0.5421	3173.8
GCA_057808355.1	Aspergillus oryzae	yes	HispS	AP044817.1	+	530955	531798	15	91.7	1.01e-23	31.429	HispS|Mycena_citricolor	1678	335	0.1996	1059.5
GCA_057808355.1	Aspergillus oryzae	yes	HispS	AP044817.1	+	641921	681117	15	328.0	4.6e-90	30.118	HispS|Armillaria_gallica	1771	1395	0.7877	3393.8
GCA_057808355.1	Aspergillus oryzae	yes	HispS	AP044817.1	+	2504656	2514920	43	229.0	4.56e-60	26.478	HispS|Neonothopanus_nambi	1678	1045	0.6228	4809.4
GCA_057808355.1	Aspergillus oryzae	yes	HispS	AP044817.1	+	3094926	3095582	8	50.8	9.78e-06	29.787	HispS|Armillaria_ostoyae	1770	361	0.204	387.5
GCA_057808355.1	Aspergillus oryzae	yes	HispS	AP044817.1	-	685538	686617	1	47.0	0.00016	22.762	HispS|Guyanagaster_necrorhiza	1766	337	0.1908	47.0
GCA_057808355.1	Aspergillus oryzae	yes	HispS	AP044817.1	-	2461249	2461980	1	51.2	8.33e-06	22.264	HispS|Neonothopanus_gardneri	1691	248	0.1467	51.2
GCA_057808355.1	Aspergillus oryzae	yes	HispS	AP044817.1	-	2909022	2909609	9	55.8	3.53e-07	31.884	HispS|Neonothopanus_nambi	1678	352	0.2098	441.4
GCA_057808355.1	Aspergillus oryzae	yes	HispS	AP044817.1	-	3065559	3068258	12	243.0	3.56e-64	27.133	HispS|Armillaria_fuscipes	1774	968	0.5457	2443.2
GCA_057808355.1	Aspergillus oryzae	yes	HispS	AP044817.1	-	3240151	3242829	11	299.0	3.95e-81	29.391	HispS|Armillaria_mellea	1768	934	0.5283	2967.0
GCA_057808355.1	Aspergillus oryzae	yes	HispS	AP044813.1	+	3085239	3087986	11	287.0	1.23e-77	28.753	HispS|Armillaria_ostoyae	1770	948	0.5356	2822.0
GCA_057808355.1	Aspergillus oryzae	yes	HispS	AP044813.1	+	3344455	3347429	31	150.0	5.67e-36	24.682	HispS|Neonothopanus_gardneri	1691	841	0.4973	2585.9
GCA_057808355.1	Aspergillus oryzae	yes	HispS	AP044813.1	+	4118736	4121768	12	315.0	4.05e-86	28.556	HispS|Mycena_citricolor	1678	989	0.5894	3205.9
GCA_057808355.1	Aspergillus oryzae	yes	HispS	AP044813.1	+	4341871	4342329	1	45.8	0.000378	26.19	HispS|Armillaria_gallica	1771	165	0.0932	45.8
GCA_057808355.1	Aspergillus oryzae	yes	HispS	AP044813.1	-	3590621	3591463	1	47.0	0.000163	24.0	HispS|Armillaria_fuscipes	1774	279	0.1573	47.0
GCA_057808355.1	Aspergillus oryzae	yes	HispS	AP044814.1	+	1116000	1118552	11	260.0	2.41e-69	27.097	HispS|Neonothopanus_nambi	1678	858	0.5113	2479.0
GCA_057808355.1	Aspergillus oryzae	yes	HispS	AP044814.1	+	5485550	5488087	12	317.0	1.11e-86	28.851	HispS|Guyanagaster_necrorhiza	1766	903	0.5113	3176.9
GCA_057808355.1	Aspergillus oryzae	yes	HispS	AP044814.1	-	599505	602838	35	103.0	1.93e-40	32.161	HispS|Guyanagaster_necrorhiza	1766	1009	0.5713	2259.1
GCA_057808355.1	Aspergillus oryzae	yes	HispS	AP044814.1	-	944963	947581	29	201.0	1.64e-51	24.173	HispS|Neonothopanus_nambi	1678	805	0.4797	2713.6
GCA_057808355.1	Aspergillus oryzae	yes	HispS	AP044814.1	-	1102499	1105309	11	229.0	6.55e-60	27.11	HispS|Mycena_citricolor	1678	999	0.5954	2349.0
GCA_057808355.1	Aspergillus oryzae	yes	HispS	AP044814.1	-	1879091	1882232	22	135.0	2.3e-63	28.989	HispS|Mycena_citricolor	1678	924	0.5507	2593.2
GCA_057808355.1	Aspergillus oryzae	yes	HispS	AP044815.1	-	1428147	1431229	37	109.0	2.46e-23	35.749	HispS|Armillaria_fuscipes	1774	963	0.5428	3045.5
GCA_057808355.1	Aspergillus oryzae	yes	HispS	AP044815.1	-	3343468	3346467	33	130.0	5.61e-87	40.284	HispS|Armillaria_gallica	1771	961	0.5426	3481.3
GCA_057808355.1	Aspergillus oryzae	yes	HispS	AP044815.1	+	2267405	2271265	3	48.5	6.02e-05	26.866	HispS|Neonothopanus_gardneri	1691	229	0.1354	141.3
GCA_057808355.1	Aspergillus oryzae	yes	HispS	AP044815.1	+	3372446	3375280	12	321.0	4.66e-88	29.611	HispS|Mycena_citricolor	1678	962	0.5733	3166.0
GCA_057808355.1	Aspergillus oryzae	yes	HispS	AP044815.1	+	4067071	4068267	1	53.1	2.22e-06	24.891	HispS|Neonothopanus_gardneri	1691	430	0.2543	53.1
GCA_057808355.1	Aspergillus oryzae	yes	HispS	AP044812.1	-	12363	13545	25	75.1	3.24e-28	33.562	HispS|Armillaria_fuscipes	1774	464	0.2616	1436.3
GCA_057808355.1	Aspergillus oryzae	yes	HispS	AP044812.1	-	1181235	1183983	23	193.0	2.1e-79	31.983	HispS|Armillaria_ostoyae	1770	954	0.539	3191.4
GCA_057808355.1	Aspergillus oryzae	yes	HispS	AP044812.1	-	1443359	1444327	2	47.4	0.000111	20.242	HispS|Armillaria_gallica	1771	311	0.1756	92.5
GCA_057808355.1	Aspergillus oryzae	yes	HispS	AP044812.1	-	2707047	2707991	7	67.0	1.55e-10	26.136	HispS|Armillaria_fuscipes	1774	288	0.1623	406.3
GCA_057808355.1	Aspergillus oryzae	yes	HispS	AP044812.1	+	20746	21670	22	83.2	6.58e-21	32.749	HispS|Armillaria_ostoyae	1770	303	0.1712	1083.9
GCA_057808355.1	Aspergillus oryzae	yes	HispS	AP044812.1	+	286500	287039	1	45.1	0.000594	27.143	HispS|Neonothopanus_gardneri	1691	197	0.1165	45.1
GCA_057808355.1	Aspergillus oryzae	yes	HispS	AP044812.1	+	2346828	2349533	25	98.6	8.74e-36	34.158	HispS|Armillaria_fuscipes	1774	761	0.429	1914.6
GCA_057808355.1	Aspergillus oryzae	yes	HispS	AP044810.1	-	466138	467499	11	169.0	1.48e-41	30.879	HispS|Mycena_citricolor	1678	443	0.264	1659.0
GCA_057808355.1	Aspergillus oryzae	yes	HispS	AP044810.1	-	3855053	3855499	1	45.8	0.000394	30.303	HispS|Neonothopanus_gardneri	1691	146	0.0863	45.8
GCA_057808355.1	Aspergillus oryzae	yes	HispS	AP044810.1	-	3938457	3941397	17	247.0	3.38e-65	27.034	HispS|Armillaria_fuscipes	1774	884	0.4983	2685.2
GCA_057808355.1	Aspergillus oryzae	yes	HispS	AP044810.1	-	4700584	4701411	5	52.4	3.46e-06	23.077	HispS|Armillaria_mellea	1768	259	0.1465	239.9
GCA_057808355.1	Aspergillus oryzae	yes	HispS	AP044810.1	+	251084	254044	39	119.0	7.13e-47	38.728	HispS|Armillaria_gallica	1771	882	0.498	3008.3
GCA_057808355.1	Aspergillus oryzae	yes	HispS	AP044810.1	+	309658	312656	23	171.0	3.27e-42	31.159	HispS|Armillaria_ostoyae	1770	957	0.5407	2781.7
GCA_057808355.1	Aspergillus oryzae	yes	HispS	AP044810.1	+	333847	334227	1	44.7	0.000662	24.615	HispS|Mycena_chlorophos	1652	127	0.0769	44.7
GCA_057808355.1	Aspergillus oryzae	yes	HispS	AP044810.1	+	4091976	4092791	5	55.5	4.05e-07	27.0	HispS|Armillaria_ostoyae	1770	269	0.152	258.4
GCA_057808355.1	Aspergillus oryzae	yes	HispS	AP044810.1	+	4366094	4369099	33	150.0	3.18e-46	31.778	HispS|Armillaria_ostoyae	1770	978	0.5525	2623.2
GCA_057808355.1	Aspergillus oryzae	yes	HispS	AP044811.1	-	1057539	1058081	2	48.5	5.27e-05	26.38	HispS|Neonothopanus_gardneri	1691	167	0.0988	93.2
GCA_057808355.1	Aspergillus oryzae	yes	HispS	AP044811.1	-	2472031	2472434	6	43.9	6.78e-07	29.787	HispS|Armillaria_mellea	1768	154	0.0871	217.1
GCA_057808355.1	Aspergillus oryzae	yes	HispS	AP044811.1	-	4096854	4097492	1	45.1	0.00063	28.27	HispS|Neonothopanus_gardneri	1691	233	0.1378	45.1
GCA_057808355.1	Aspergillus oryzae	yes	HispS	AP044811.1	-	5537734	5538261	3	45.8	0.000328	26.705	HispS|Neonothopanus_nambi	1678	173	0.1031	136.3
GCA_057808355.1	Aspergillus oryzae	yes	HispS	AP044816.1	+	1659774	1660136	1	48.9	4.42e-05	26.4	HispS|Mycena_citricolor	1678	124	0.0739	48.9
GCA_057808355.1	Aspergillus oryzae	yes	H3H	AP044812.1	-	152217	152519	8	47.0	2.17e-05	37.143	H3H|Armillaria_gallica	422	102	0.2417	359.3
GCA_057808355.1	Aspergillus oryzae	yes	H3H	AP044812.1	-	969701	970843	14	176.0	5.13e-48	32.071	H3H|Armillaria_ostoyae	426	392	0.9202	2367.0
GCA_057808355.1	Aspergillus oryzae	yes	H3H	AP044812.1	-	2473854	2475374	48	78.2	2.14e-19	25.329	H3H|Panellus_stipticus_2	428	413	0.965	2127.2
GCA_057808355.1	Aspergillus oryzae	yes	H3H	AP044812.1	+	2010490	2011821	25	75.5	3.14e-14	35.507	H3H|Panellus_stipticus	428	309	0.722	1381.5
GCA_057808355.1	Aspergillus oryzae	yes	H3H	AP044812.1	+	2356738	2358067	28	79.3	1.63e-15	25.294	H3H|Neonothopanus_gardneri	416	385	0.9255	1756.7
GCA_057808355.1	Aspergillus oryzae	yes	H3H	AP044810.1	-	5739065	5740081	14	80.9	5.74e-16	30.943	H3H|Armillaria_gallica	422	330	0.782	924.6
GCA_057808355.1	Aspergillus oryzae	yes	H3H	AP044810.1	-	6203623	6204907	23	164.0	1.33e-48	29.199	H3H|Neonothopanus_gardneri	416	382	0.9183	2608.3
GCA_057808355.1	Aspergillus oryzae	yes	H3H	AP044810.1	-	6430227	6431207	7	52.4	4.96e-07	25.562	H3H|Mycena_citricolor_2	420	357	0.85	344.2
GCA_057808355.1	Aspergillus oryzae	yes	H3H	AP044810.1	-	6468530	6469501	14	74.3	6.29e-14	27.222	H3H|Armillaria_mellea	429	348	0.8112	922.7
GCA_057808355.1	Aspergillus oryzae	yes	H3H	AP044810.1	+	397526	398548	4	53.5	2.2e-07	24.734	H3H|Neonothopanus_gardneri	416	365	0.8774	191.4
GCA_057808355.1	Aspergillus oryzae	yes	H3H	AP044810.1	+	1497008	1498261	14	95.1	1.48e-20	25.112	H3H|Neonothopanus_nambi	422	406	0.9621	1088.4
GCA_057808355.1	Aspergillus oryzae	yes	H3H	AP044810.1	+	2316532	2317257	2	43.9	0.000237	24.354	H3H|Panellus_stipticus	428	240	0.5607	87.0
GCA_057808355.1	Aspergillus oryzae	yes	H3H	AP044810.1	+	5828341	5829646	16	119.0	6.59e-29	28.382	H3H|Panellus_stipticus	428	378	0.8832	1570.1
GCA_057808355.1	Aspergillus oryzae	yes	H3H	AP044810.1	+	6065524	6067047	15	62.0	5.54e-10	28.571	H3H|Neonothopanus_gardneri	416	303	0.7284	821.4
GCA_057808355.1	Aspergillus oryzae	yes	H3H	AP044810.1	+	6528340	6529779	16	125.0	8.28e-31	25.918	H3H|Neonothopanus_gardneri	416	395	0.9495	1559.4
GCA_057808355.1	Aspergillus oryzae	yes	H3H	AP044814.1	-	157984	159027	7	63.2	2.02e-10	25.434	H3H|Neonothopanus_nambi	422	369	0.8744	353.6
GCA_057808355.1	Aspergillus oryzae	yes	H3H	AP044814.1	-	1239034	1240427	28	89.4	9.87e-19	28.214	H3H|Neonothopanus_nambi	422	338	0.8009	1739.8
GCA_057808355.1	Aspergillus oryzae	yes	H3H	AP044814.1	-	1486354	1486599	1	44.7	0.00014	32.927	H3H|Mycena_citricolor_2	420	80	0.1905	44.7
GCA_057808355.1	Aspergillus oryzae	yes	H3H	AP044814.1	-	5377974	5378855	14	158.0	8.07e-42	32.68	H3H|Panellus_stipticus_2	428	303	0.7079	2035.0
GCA_057808355.1	Aspergillus oryzae	yes	H3H	AP044814.1	-	5447744	5449137	18	62.4	3.78e-10	33.036	H3H|Neonothopanus_nambi	422	333	0.7891	932.1
GCA_057808355.1	Aspergillus oryzae	yes	H3H	AP044814.1	-	5478771	5479370	14	75.1	4.03e-14	29.944	H3H|Armillaria_gallica	422	198	0.4692	928.6
GCA_057808355.1	Aspergillus oryzae	yes	H3H	AP044814.1	+	1112828	1113697	14	71.6	5.24e-13	32.283	H3H|Panellus_stipticus	428	267	0.6238	905.6
GCA_057808355.1	Aspergillus oryzae	yes	H3H	AP044814.1	+	1790719	1791873	13	78.6	2.89e-15	21.493	H3H|Neonothopanus_nambi	422	417	0.9882	731.6
GCA_057808355.1	Aspergillus oryzae	yes	H3H	AP044814.1	+	5392991	5394115	14	103.0	3.02e-23	27.733	H3H|Neonothopanus_gardneri	416	398	0.9567	1323.8
GCA_057808355.1	Aspergillus oryzae	yes	H3H	AP044813.1	+	1780124	1781517	43	65.5	8.73e-25	28.796	H3H|Armillaria_mellea	429	368	0.8578	1993.9
GCA_057808355.1	Aspergillus oryzae	yes	H3H	AP044813.1	-	1559570	1559854	7	47.4	1.92e-05	31.579	H3H|Mycena_chlorophos	422	98	0.2322	310.3
GCA_057808355.1	Aspergillus oryzae	yes	H3H	AP044813.1	-	4005656	4007226	54	57.8	7.76e-16	52.083	H3H|Mycena_chlorophos	422	328	0.7773	2630.5
GCA_057808355.1	Aspergillus oryzae	yes	H3H	AP044813.1	-	4327734	4328213	14	54.7	1e-07	27.95	H3H|Panellus_stipticus	428	184	0.4299	674.1
GCA_057808355.1	Aspergillus oryzae	yes	H3H	AP044813.1	-	4476317	4477750	36	88.2	1.41e-20	27.815	H3H|Neonothopanus_gardneri	416	400	0.9615	1685.5
GCA_057808355.1	Aspergillus oryzae	yes	H3H	AP044811.1	-	129450	130701	22	63.5	2.77e-18	28.452	H3H|Neonothopanus_nambi	422	389	0.9218	1139.1
GCA_057808355.1	Aspergillus oryzae	yes	H3H	AP044811.1	-	1891140	1892186	14	117.0	6e-28	31.173	H3H|Guyanagaster_necrorhiza	443	327	0.7381	1532.2
GCA_057808355.1	Aspergillus oryzae	yes	H3H	AP044811.1	+	49327	49992	14	88.2	2.26e-18	33.493	H3H|Armillaria_fuscipes	426	221	0.5188	1082.1
GCA_057808355.1	Aspergillus oryzae	yes	H3H	AP044811.1	+	2258775	2260145	21	61.2	1.62e-09	26.633	H3H|Omphalotus_olearius	540	311	0.5759	1098.0
GCA_057808355.1	Aspergillus oryzae	yes	H3H	AP044816.1	+	1174065	1175087	14	97.1	3.24e-21	28.767	H3H|Armillaria_mellea	429	321	0.7483	1272.1
GCA_057808355.1	Aspergillus oryzae	yes	H3H	AP044816.1	-	672001	672976	15	57.0	1.78e-08	37.795	H3H|Mycena_chlorophos	422	221	0.5237	721.3
GCA_057808355.1	Aspergillus oryzae	yes	H3H	AP044816.1	-	1753652	1754146	1	43.9	0.000232	25.143	H3H|Armillaria_mellea	429	165	0.3846	43.9
GCA_057808355.1	Aspergillus oryzae	yes	H3H	AP044817.1	-	1512586	1514096	41	73.6	2.65e-13	51.562	H3H|Omphalotus_olearius	540	377	0.6981	2413.8
GCA_057808355.1	Aspergillus oryzae	yes	H3H	AP044817.1	-	2405237	2406397	9	67.8	1.58e-11	23.308	H3H|Omphalotus_olearius	540	372	0.6889	481.8
GCA_057808355.1	Aspergillus oryzae	yes	H3H	AP044817.1	-	2501413	2502153	14	91.3	2.37e-19	29.218	H3H|Armillaria_ostoyae	426	264	0.6197	1166.1
GCA_057808355.1	Aspergillus oryzae	yes	H3H	AP044817.1	+	987753	989183	9	47.4	2.04e-05	31.183	H3H|Neonothopanus_gardneri	416	170	0.4087	393.2
GCA_057808355.1	Aspergillus oryzae	yes	H3H	AP044817.1	+	3082327	3083076	14	77.0	8.28e-15	30.672	H3H|Mycena_chlorophos	422	264	0.6256	953.5
GCA_057808355.1	Aspergillus oryzae	yes	H3H	AP044815.1	-	1003999	1005307	18	62.0	4.83e-10	41.176	H3H|Mycena_chlorophos	422	355	0.8412	961.3
GCA_057808355.1	Aspergillus oryzae	yes	H3H	AP044815.1	+	677659	677964	3	48.9	7.04e-06	34.177	H3H|Armillaria_gallica	422	101	0.2393	142.1
GCA_057808355.1	Aspergillus oryzae	yes	CPH	AP044811.1	-	1351414	1352364	6	197.0	7.92e-57	39.13	CPH|Armillaria_gallica	302	315	1.043	1154.0
GCA_057808355.1	Aspergillus oryzae	yes	CPH	AP044811.1	+	553638	553962	10	71.2	1.61e-14	55.882	CPH|Armillaria_fuscipes	294	112	0.381	520.3
GCA_057808355.1	Aspergillus oryzae	yes	CPH	AP044810.1	-	171736	172829	17	139.0	5.68e-37	37.441	CPH|Neonothopanus_nambi	289	319	1.1038	1431.8
GCA_057808355.1	Aspergillus oryzae	yes	CPH	AP044810.1	-	4206785	4207936	23	115.0	3.78e-53	53.704	CPH|Armillaria_fuscipes	294	320	1.0884	1586.7
GCA_057808355.1	Aspergillus oryzae	yes	CPH	AP044810.1	+	2647910	2648227	5	63.9	5.12e-11	33.962	CPH|Neonothopanus_gardneri	321	130	0.405	291.1
GCA_057808355.1	Aspergillus oryzae	yes	CPH	AP044810.1	+	5835237	5836161	12	128.0	1.36e-32	50.407	CPH|Neonothopanus_gardneri	321	270	0.8411	1056.0
GCA_057808355.1	Aspergillus oryzae	yes	CPH	AP044814.1	-	378454	379191	6	135.0	2.25e-35	36.82	CPH|Armillaria_gallica	302	268	0.8874	763.6
GCA_057808355.1	Aspergillus oryzae	yes	CPH	AP044814.1	+	2097780	2098821	12	79.0	1.1e-24	37.6	CPH|Armillaria_gallica	302	288	0.9536	741.5
GCA_057808355.1	Aspergillus oryzae	yes	CPH	AP044817.1	-	1881399	1882399	18	144.0	3.05e-43	51.88	CPH|Neonothopanus_gardneri	321	317	0.9875	1781.3
GCA_057808355.1	Aspergillus oryzae	yes	Luz	AP044815.1	+	3071346	3072029	12	105.0	1.71e-25	33.04	Luz|Omphalotus_olearius	261	236	0.9042	1118.9
GCA_057808355.1	Aspergillus oryzae	yes	Luz	AP044815.1	-	117121	117656	16	33.1	0.000107	57.692	Luz|Mycena_citricolor	246	153	0.622	494.8
GCA_057808355.1	Aspergillus oryzae	yes	Luz	AP044811.1	-	4293241	4294216	24	60.5	1.07e-18	27.111	Luz|Mycena_citricolor	246	258	1.0488	1311.4
GCA_057808365.1	Aspergillus oryzae	yes	HispS	AP044784.1	+	220839	221411	1	47.0	0.000142	26.991	HispS|Neonothopanus_gardneri	1691	213	0.126	47.0
GCA_057808365.1	Aspergillus oryzae	yes	HispS	AP044784.1	+	2293817	2296522	25	98.6	8.67e-36	34.158	HispS|Armillaria_fuscipes	1774	761	0.429	1914.6
GCA_057808365.1	Aspergillus oryzae	yes	HispS	AP044784.1	+	2671426	2672370	7	67.0	1.54e-10	26.136	HispS|Armillaria_fuscipes	1774	288	0.1623	406.3
GCA_057808365.1	Aspergillus oryzae	yes	HispS	AP044784.1	+	4710384	4713470	31	196.0	1.3e-49	25.49	HispS|Guyanagaster_necrorhiza	1766	1006	0.5696	3111.1
GCA_057808365.1	Aspergillus oryzae	yes	HispS	AP044784.1	+	5106407	5109343	11	282.0	4.29e-76	27.982	HispS|Armillaria_fuscipes	1774	1036	0.584	2841.0
GCA_057808365.1	Aspergillus oryzae	yes	HispS	AP044784.1	+	5132771	5135524	12	322.0	2.63e-88	28.876	HispS|Armillaria_gallica	1771	960	0.5421	3173.8
GCA_057808365.1	Aspergillus oryzae	yes	HispS	AP044784.1	-	1130467	1133215	23	193.0	2.09e-79	31.983	HispS|Armillaria_ostoyae	1770	954	0.539	3191.4
GCA_057808365.1	Aspergillus oryzae	yes	HispS	AP044784.1	-	1391473	1392441	2	47.4	0.00011	20.242	HispS|Armillaria_gallica	1771	311	0.1756	92.5
GCA_057808365.1	Aspergillus oryzae	yes	HispS	AP044784.1	-	3505423	3506061	1	45.1	0.000625	28.27	HispS|Neonothopanus_gardneri	1691	233	0.1378	45.1
GCA_057808365.1	Aspergillus oryzae	yes	HispS	AP044784.1	-	4957242	4957769	3	45.8	0.000325	26.705	HispS|Neonothopanus_nambi	1678	173	0.1031	136.3
GCA_057808365.1	Aspergillus oryzae	yes	HispS	AP044788.1	-	38543	41701	26	183.0	6.15e-46	27.383	HispS|Guyanagaster_necrorhiza	1766	975	0.5521	2692.8
GCA_057808365.1	Aspergillus oryzae	yes	HispS	AP044788.1	-	123763	124509	3	49.7	2.22e-05	22.266	HispS|Mycena_citricolor	1678	238	0.1418	138.7
GCA_057808365.1	Aspergillus oryzae	yes	HispS	AP044788.1	-	2795469	2797883	12	334.0	6.8e-92	30.881	HispS|Armillaria_gallica	1771	886	0.5003	3335.0
GCA_057808365.1	Aspergillus oryzae	yes	HispS	AP044789.1	+	689494	698893	13	328.0	4.57e-90	30.118	HispS|Armillaria_gallica	1771	1135	0.6409	3300.1
GCA_057808365.1	Aspergillus oryzae	yes	HispS	AP044789.1	+	2303239	2313503	44	226.0	4.49e-59	26.359	HispS|Neonothopanus_nambi	1678	1045	0.6228	4826.8
GCA_057808365.1	Aspergillus oryzae	yes	HispS	AP044789.1	+	3150108	3150764	8	50.8	9.79e-06	29.787	HispS|Armillaria_ostoyae	1770	361	0.204	387.9
GCA_057808365.1	Aspergillus oryzae	yes	HispS	AP044789.1	-	350947	351372	1	47.4	0.000122	29.655	HispS|Neonothopanus_nambi	1678	139	0.0828	47.4
GCA_057808365.1	Aspergillus oryzae	yes	HispS	AP044789.1	-	472492	473300	19	71.6	6.54e-17	32.824	HispS|Armillaria_ostoyae	1770	320	0.1808	989.7
GCA_057808365.1	Aspergillus oryzae	yes	HispS	AP044789.1	-	703315	704394	1	47.0	0.000159	22.762	HispS|Guyanagaster_necrorhiza	1766	337	0.1908	47.0
GCA_057808365.1	Aspergillus oryzae	yes	HispS	AP044789.1	-	2259839	2260570	1	50.8	9.62e-06	22.264	HispS|Neonothopanus_gardneri	1691	248	0.1467	50.8
GCA_057808365.1	Aspergillus oryzae	yes	HispS	AP044789.1	-	2972769	2973356	9	55.8	3.5e-07	31.884	HispS|Neonothopanus_nambi	1678	352	0.2098	441.4
GCA_057808365.1	Aspergillus oryzae	yes	HispS	AP044789.1	-	3120739	3123426	12	246.0	4.54e-65	27.197	HispS|Armillaria_fuscipes	1774	966	0.5445	2467.9
GCA_057808365.1	Aspergillus oryzae	yes	HispS	AP044789.1	-	3293531	3296209	11	299.0	3.92e-81	29.391	HispS|Armillaria_mellea	1768	934	0.5283	2967.0
GCA_057808365.1	Aspergillus oryzae	yes	HispS	AP044785.1	+	3052329	3055076	11	287.0	1.46e-77	28.753	HispS|Armillaria_ostoyae	1770	948	0.5356	2818.0
GCA_057808365.1	Aspergillus oryzae	yes	HispS	AP044785.1	+	4121666	4124698	12	315.0	3.79e-86	28.556	HispS|Mycena_citricolor	1678	989	0.5894	3206.9
GCA_057808365.1	Aspergillus oryzae	yes	HispS	AP044785.1	+	4344758	4345216	1	45.8	0.000375	26.19	HispS|Armillaria_gallica	1771	165	0.0932	45.8
GCA_057808365.1	Aspergillus oryzae	yes	HispS	AP044785.1	-	3628446	3629285	1	46.6	0.000216	24.08	HispS|Armillaria_fuscipes	1774	278	0.1567	46.6
GCA_057808365.1	Aspergillus oryzae	yes	HispS	AP044786.1	+	200228	202780	11	259.0	3.88e-69	27.097	HispS|Neonothopanus_nambi	1678	858	0.5113	2475.0
GCA_057808365.1	Aspergillus oryzae	yes	HispS	AP044786.1	+	4545280	4547817	12	318.0	6.18e-87	28.851	HispS|Guyanagaster_necrorhiza	1766	903	0.5113	3185.9
GCA_057808365.1	Aspergillus oryzae	yes	HispS	AP044786.1	-	186727	189537	11	232.0	9.89e-61	27.11	HispS|Mycena_citricolor	1678	999	0.5954	2363.0
GCA_057808365.1	Aspergillus oryzae	yes	HispS	AP044786.1	-	950378	953522	22	135.0	7.9e-64	28.989	HispS|Mycena_citricolor	1678	938	0.559	2574.2
GCA_057808365.1	Aspergillus oryzae	yes	HispS	AP044783.1	-	20382	21578	1	51.2	8.06e-06	24.672	HispS|Neonothopanus_gardneri	1691	430	0.2543	51.2
GCA_057808365.1	Aspergillus oryzae	yes	HispS	AP044783.1	-	697906	700740	12	325.0	1.97e-89	29.816	HispS|Mycena_citricolor	1678	962	0.5733	3185.0
GCA_057808365.1	Aspergillus oryzae	yes	HispS	AP044783.1	-	1852055	1852597	2	48.5	5.23e-05	26.38	HispS|Neonothopanus_gardneri	1691	167	0.0988	93.2
GCA_057808365.1	Aspergillus oryzae	yes	HispS	AP044783.1	-	3265729	3266132	6	47.4	7.88e-08	30.851	HispS|Armillaria_mellea	1768	154	0.0871	226.8
GCA_057808365.1	Aspergillus oryzae	yes	HispS	AP044783.1	+	639992	640744	1	46.6	0.000204	22.761	HispS|Armillaria_fuscipes	1774	240	0.1353	46.6
GCA_057808365.1	Aspergillus oryzae	yes	HispS	AP044783.1	+	726660	729659	33	127.0	3.18e-85	39.81	HispS|Armillaria_gallica	1771	961	0.5426	3430.0
GCA_057808365.1	Aspergillus oryzae	yes	HispS	AP044783.1	+	1003136	1005673	11	274.0	1.5e-73	28.22	HispS|Mycena_citricolor	1678	915	0.5453	2616.0
GCA_057808365.1	Aspergillus oryzae	yes	HispS	AP044783.1	+	1294260	1297453	38	98.2	2.89e-34	30.303	HispS|Guyanagaster_necrorhiza	1766	879	0.4977	2318.9
GCA_057808365.1	Aspergillus oryzae	yes	HispS	AP044783.1	+	1342842	1343648	2	55.5	4.28e-07	26.728	HispS|Neonothopanus_nambi	1678	257	0.1532	108.6
GCA_057808365.1	Aspergillus oryzae	yes	HispS	AP044783.1	+	1838892	1839370	5	53.9	1.36e-06	30.769	HispS|Mycena_citricolor	1678	163	0.0971	188.2
GCA_057808365.1	Aspergillus oryzae	yes	HispS	AP044782.1	-	356796	358167	22	102.0	7.38e-35	26.599	HispS|Armillaria_fuscipes	1774	443	0.2497	1748.5
GCA_057808365.1	Aspergillus oryzae	yes	HispS	AP044782.1	-	3866260	3869200	17	247.0	3.35e-65	27.034	HispS|Armillaria_fuscipes	1774	884	0.4983	2685.2
GCA_057808365.1	Aspergillus oryzae	yes	HispS	AP044782.1	-	4628002	4628829	7	56.2	2.85e-07	22.378	HispS|Armillaria_mellea	1768	266	0.1505	352.0
GCA_057808365.1	Aspergillus oryzae	yes	HispS	AP044782.1	+	144380	147340	39	119.0	7.08e-47	38.728	HispS|Armillaria_gallica	1771	882	0.498	3008.3
GCA_057808365.1	Aspergillus oryzae	yes	HispS	AP044782.1	+	201810	204807	29	158.0	3.09e-41	33.333	HispS|Armillaria_fuscipes	1774	957	0.5395	2853.7
GCA_057808365.1	Aspergillus oryzae	yes	HispS	AP044782.1	+	226908	227288	1	44.7	0.000679	24.615	HispS|Mycena_chlorophos	1652	127	0.0769	44.7
GCA_057808365.1	Aspergillus oryzae	yes	HispS	AP044782.1	+	4019217	4020032	5	55.5	4.05e-07	27.0	HispS|Armillaria_ostoyae	1770	269	0.152	258.4
GCA_057808365.1	Aspergillus oryzae	yes	HispS	AP044782.1	+	4293358	4296363	32	150.0	3.16e-46	31.778	HispS|Armillaria_ostoyae	1770	978	0.5525	2578.2
GCA_057808365.1	Aspergillus oryzae	yes	HispS	AP044787.1	+	889377	890234	3	53.5	1.48e-06	25.403	HispS|Neonothopanus_gardneri	1691	318	0.1881	152.1
GCA_057808365.1	Aspergillus oryzae	yes	HispS	AP044787.1	+	2200107	2203967	3	48.5	5.98e-05	26.866	HispS|Neonothopanus_gardneri	1691	229	0.1354	141.3
GCA_057808365.1	Aspergillus oryzae	yes	HispS	AP044787.1	+	3119729	3122348	40	182.0	1.14e-46	24.216	HispS|Neonothopanus_nambi	1678	805	0.4797	2795.4
GCA_057808365.1	Aspergillus oryzae	yes	HispS	AP044787.1	+	3464485	3467407	35	102.0	6.05e-40	31.658	HispS|Guyanagaster_necrorhiza	1766	883	0.5	2245.4
GCA_057808365.1	Aspergillus oryzae	yes	HispS	AP044787.1	-	1364228	1367310	37	109.0	2.44e-23	35.749	HispS|Armillaria_fuscipes	1774	963	0.5428	3061.8
GCA_057808365.1	Aspergillus oryzae	yes	HispS	AP044788.1	+	1659317	1659679	1	48.9	4.38e-05	26.4	HispS|Mycena_citricolor	1678	124	0.0739	48.9
GCA_057808365.1	Aspergillus oryzae	yes	H3H	AP044784.1	-	918464	919606	14	177.0	4.17e-48	32.071	H3H|Armillaria_ostoyae	426	392	0.9202	2363.0
GCA_057808365.1	Aspergillus oryzae	yes	H3H	AP044784.1	-	2419533	2421053	48	78.2	2.12e-19	25.329	H3H|Panellus_stipticus_2	428	413	0.965	2127.2
GCA_057808365.1	Aspergillus oryzae	yes	H3H	AP044784.1	+	1956850	1958181	25	75.5	3.12e-14	35.507	H3H|Panellus_stipticus	428	309	0.722	1381.5
GCA_057808365.1	Aspergillus oryzae	yes	H3H	AP044784.1	+	2303727	2305056	28	79.3	1.62e-15	25.294	H3H|Neonothopanus_gardneri	416	385	0.9255	1756.7
GCA_057808365.1	Aspergillus oryzae	yes	H3H	AP044782.1	-	5587049	5588065	14	80.9	5.69e-16	30.943	H3H|Armillaria_gallica	422	330	0.782	924.6
GCA_057808365.1	Aspergillus oryzae	yes	H3H	AP044782.1	-	6059222	6060506	23	164.0	1.35e-48	29.199	H3H|Neonothopanus_gardneri	416	382	0.9183	2608.6
GCA_057808365.1	Aspergillus oryzae	yes	H3H	AP044782.1	-	6284557	6285585	7	54.7	9.29e-08	25.843	H3H|Mycena_citricolor_2	420	373	0.8881	357.3
GCA_057808365.1	Aspergillus oryzae	yes	H3H	AP044782.1	-	6316441	6317487	13	72.4	2.55e-13	26.525	H3H|Armillaria_mellea	429	378	0.8811	851.1
GCA_057808365.1	Aspergillus oryzae	yes	H3H	AP044782.1	+	287687	288709	3	50.1	2.75e-06	24.468	H3H|Neonothopanus_gardneri	416	365	0.8774	140.6
GCA_057808365.1	Aspergillus oryzae	yes	H3H	AP044782.1	+	1394232	1395485	14	95.1	1.47e-20	25.112	H3H|Neonothopanus_nambi	422	406	0.9621	1088.4
GCA_057808365.1	Aspergillus oryzae	yes	H3H	AP044782.1	+	2246657	2247382	2	43.9	0.000236	24.354	H3H|Panellus_stipticus	428	240	0.5607	87.0
GCA_057808365.1	Aspergillus oryzae	yes	H3H	AP044782.1	+	5676158	5677463	16	119.0	6.55e-29	28.382	H3H|Panellus_stipticus	428	378	0.8832	1570.1
GCA_057808365.1	Aspergillus oryzae	yes	H3H	AP044782.1	+	5921131	5922654	15	62.0	4.88e-10	28.708	H3H|Neonothopanus_nambi	422	303	0.718	826.9
GCA_057808365.1	Aspergillus oryzae	yes	H3H	AP044782.1	+	6374893	6376332	16	125.0	8.21e-31	25.918	H3H|Neonothopanus_gardneri	416	395	0.9495	1559.4
GCA_057808365.1	Aspergillus oryzae	yes	H3H	AP044786.1	-	323404	324800	28	89.4	1.01e-18	28.214	H3H|Neonothopanus_nambi	422	338	0.8009	1739.4
GCA_057808365.1	Aspergillus oryzae	yes	H3H	AP044786.1	-	569491	569736	1	44.7	0.000139	32.927	H3H|Mycena_citricolor_2	420	80	0.1905	44.7
GCA_057808365.1	Aspergillus oryzae	yes	H3H	AP044786.1	-	4439318	4440199	14	158.0	7.93e-42	32.68	H3H|Panellus_stipticus_2	428	303	0.7079	2035.0
GCA_057808365.1	Aspergillus oryzae	yes	H3H	AP044786.1	-	4507478	4508871	18	61.6	6.67e-10	32.743	H3H|Neonothopanus_nambi	422	333	0.7891	921.4
GCA_057808365.1	Aspergillus oryzae	yes	H3H	AP044786.1	-	4538503	4539102	14	76.6	1.11e-14	31.638	H3H|Armillaria_fuscipes	426	198	0.4648	954.8
GCA_057808365.1	Aspergillus oryzae	yes	H3H	AP044786.1	+	38803	39468	14	87.8	3.15e-18	33.493	H3H|Armillaria_fuscipes	426	221	0.5188	1074.6
GCA_057808365.1	Aspergillus oryzae	yes	H3H	AP044786.1	+	197056	197925	14	71.6	5.2e-13	32.283	H3H|Panellus_stipticus	428	267	0.6238	905.6
GCA_057808365.1	Aspergillus oryzae	yes	H3H	AP044786.1	+	871413	872567	13	79.7	1.07e-15	23.077	H3H|Neonothopanus_gardneri	416	417	1.0024	745.5
GCA_057808365.1	Aspergillus oryzae	yes	H3H	AP044786.1	+	4454335	4455459	14	103.0	3e-23	27.733	H3H|Neonothopanus_gardneri	416	398	0.9567	1323.8
GCA_057808365.1	Aspergillus oryzae	yes	H3H	AP044783.1	-	991294	992542	22	63.9	1.74e-18	28.452	H3H|Neonothopanus_nambi	422	388	0.9194	1136.4
GCA_057808365.1	Aspergillus oryzae	yes	H3H	AP044783.1	-	2685067	2686113	14	120.0	5.45e-29	31.481	H3H|Guyanagaster_necrorhiza	443	327	0.7381	1544.4
GCA_057808365.1	Aspergillus oryzae	yes	H3H	AP044783.1	+	3052440	3053699	20	61.6	1.24e-09	26.633	H3H|Omphalotus_olearius	540	291	0.5389	1047.9
GCA_057808365.1	Aspergillus oryzae	yes	H3H	AP044785.1	+	1750456	1751849	43	63.2	5.82e-24	28.272	H3H|Armillaria_gallica	422	368	0.872	1973.3
GCA_057808365.1	Aspergillus oryzae	yes	H3H	AP044785.1	-	1534765	1535049	7	47.4	1.91e-05	31.579	H3H|Mycena_chlorophos	422	98	0.2322	310.3
GCA_057808365.1	Aspergillus oryzae	yes	H3H	AP044785.1	-	4008843	4010413	54	57.8	7.7e-16	52.083	H3H|Mycena_chlorophos	422	328	0.7773	2630.5
GCA_057808365.1	Aspergillus oryzae	yes	H3H	AP044785.1	-	4330612	4331091	14	53.9	1.96e-07	27.95	H3H|Panellus_stipticus	428	184	0.4299	667.1
GCA_057808365.1	Aspergillus oryzae	yes	H3H	AP044785.1	-	4479177	4480600	45	73.9	3.9e-20	28.75	H3H|Neonothopanus_gardneri	416	375	0.9014	1798.1
GCA_057808365.1	Aspergillus oryzae	yes	H3H	AP044789.1	-	21140	22553	28	93.2	5.46e-20	33.333	H3H|Armillaria_fuscipes	426	274	0.6432	1819.2
GCA_057808365.1	Aspergillus oryzae	yes	H3H	AP044789.1	-	1484432	1485942	41	73.6	2.63e-13	51.562	H3H|Omphalotus_olearius	540	377	0.6981	2413.8
GCA_057808365.1	Aspergillus oryzae	yes	H3H	AP044789.1	-	2204719	2205879	9	67.8	1.57e-11	23.308	H3H|Omphalotus_olearius	540	372	0.6889	481.8
GCA_057808365.1	Aspergillus oryzae	yes	H3H	AP044789.1	-	2299996	2300736	14	91.3	2.35e-19	29.218	H3H|Armillaria_ostoyae	426	264	0.6197	1166.1
GCA_057808365.1	Aspergillus oryzae	yes	H3H	AP044789.1	+	973338	974768	9	47.4	2.03e-05	31.183	H3H|Neonothopanus_gardneri	416	170	0.4087	393.2
GCA_057808365.1	Aspergillus oryzae	yes	H3H	AP044789.1	+	3137006	3138315	17	76.6	1.41e-14	28.148	H3H|Armillaria_fuscipes	426	414	0.9718	1048.8
GCA_057808365.1	Aspergillus oryzae	yes	H3H	AP044788.1	+	1169539	1170561	14	96.7	4.33e-21	28.767	H3H|Armillaria_mellea	429	321	0.7483	1272.9
GCA_057808365.1	Aspergillus oryzae	yes	H3H	AP044788.1	-	232304	232867	2	46.2	4.68e-05	27.568	H3H|Armillaria_mellea	429	173	0.4033	91.3
GCA_057808365.1	Aspergillus oryzae	yes	H3H	AP044788.1	-	668708	669683	15	57.0	1.77e-08	37.795	H3H|Mycena_chlorophos	422	221	0.5237	721.3
GCA_057808365.1	Aspergillus oryzae	yes	H3H	AP044788.1	-	1751610	1752104	1	43.9	0.000204	25.143	H3H|Armillaria_mellea	429	165	0.3846	43.9
GCA_057808365.1	Aspergillus oryzae	yes	H3H	AP044787.1	-	943179	944487	18	62.0	4.79e-10	41.176	H3H|Mycena_chlorophos	422	355	0.8412	961.3
GCA_057808365.1	Aspergillus oryzae	yes	H3H	AP044787.1	+	603849	604154	3	48.9	6.98e-06	34.177	H3H|Armillaria_gallica	422	101	0.2393	142.1
GCA_057808365.1	Aspergillus oryzae	yes	H3H	AP044787.1	+	4052017	4053060	7	63.2	2.01e-10	25.434	H3H|Neonothopanus_nambi	422	369	0.8744	353.6
GCA_057808365.1	Aspergillus oryzae	yes	CPH	AP044783.1	-	2153462	2154412	6	197.0	7.86e-57	39.13	CPH|Armillaria_gallica	302	315	1.043	1154.0
GCA_057808365.1	Aspergillus oryzae	yes	CPH	AP044783.1	+	1409474	1409798	10	71.2	1.59e-14	55.882	CPH|Armillaria_fuscipes	294	112	0.381	520.3
GCA_057808365.1	Aspergillus oryzae	yes	CPH	AP044782.1	-	65035	66128	17	139.0	5.64e-37	37.441	CPH|Neonothopanus_nambi	289	319	1.1038	1431.8
GCA_057808365.1	Aspergillus oryzae	yes	CPH	AP044782.1	-	4134041	4135192	23	115.0	1.15e-52	53.704	CPH|Armillaria_fuscipes	294	320	1.0884	1575.8
GCA_057808365.1	Aspergillus oryzae	yes	CPH	AP044782.1	+	2571648	2571965	5	63.9	5.08e-11	33.962	CPH|Neonothopanus_gardneri	321	130	0.405	291.1
GCA_057808365.1	Aspergillus oryzae	yes	CPH	AP044782.1	+	5683056	5683980	12	128.0	1.35e-32	50.407	CPH|Neonothopanus_gardneri	321	270	0.8411	1055.6
GCA_057808365.1	Aspergillus oryzae	yes	CPH	AP044787.1	+	3739782	3740519	6	135.0	1.43e-35	37.553	CPH|Armillaria_fuscipes	294	268	0.9116	763.6
GCA_057808365.1	Aspergillus oryzae	yes	CPH	AP044789.1	-	1686724	1687712	18	144.0	3.17e-43	51.88	CPH|Neonothopanus_gardneri	321	315	0.9813	1781.5
GCA_057808365.1	Aspergillus oryzae	yes	CPH	AP044786.1	+	1160239	1161280	12	77.8	3e-24	37.6	CPH|Armillaria_fuscipes	294	288	0.9796	730.7
GCA_057808365.1	Aspergillus oryzae	yes	Luz	AP044787.1	+	3015843	3016526	12	106.0	1.07e-25	33.19	Luz|Omphalotus_olearius	261	236	0.9042	1128.3
GCA_057808365.1	Aspergillus oryzae	yes	Luz	AP044787.1	-	78990	79525	16	32.7	7.37e-05	53.846	Luz|Neonothopanus_gardneri	264	153	0.5795	488.9
GCA_057808365.1	Aspergillus oryzae	yes	Luz	AP044784.1	-	3709211	3710186	24	60.5	1.07e-18	27.111	Luz|Mycena_citricolor	246	258	1.0488	1311.4
GCA_008032255.1	Aspergillus oryzae	no	HispS	CP031440.1	-	28436	31594	26	184.0	4.72e-46	27.397	HispS|Guyanagaster_necrorhiza	1766	975	0.5521	2699.6
GCA_008032255.1	Aspergillus oryzae	no	HispS	CP031440.1	-	113652	114398	3	49.7	2.25e-05	22.266	HispS|Mycena_citricolor	1678	238	0.1418	138.7
GCA_008032255.1	Aspergillus oryzae	no	HispS	CP031440.1	-	2788342	2790756	12	336.0	1.7e-92	31.001	HispS|Armillaria_gallica	1771	886	0.5003	3348.0
GCA_008032255.1	Aspergillus oryzae	no	HispS	CP031435.1	+	144146	146710	11	275.0	6.34e-74	28.056	HispS|Mycena_citricolor	1678	915	0.5453	2615.0
GCA_008032255.1	Aspergillus oryzae	no	HispS	CP031435.1	+	440169	443380	38	98.2	2.93e-34	30.303	HispS|Guyanagaster_necrorhiza	1766	888	0.5028	2317.7
GCA_008032255.1	Aspergillus oryzae	no	HispS	CP031435.1	+	488788	489594	2	55.5	4.34e-07	26.728	HispS|Neonothopanus_nambi	1678	257	0.1532	108.6
GCA_008032255.1	Aspergillus oryzae	no	HispS	CP031435.1	+	1046350	1046828	5	53.9	1.38e-06	30.769	HispS|Mycena_citricolor	1678	163	0.0971	188.2
GCA_008032255.1	Aspergillus oryzae	no	HispS	CP031435.1	+	5310520	5313606	31	196.0	1.32e-49	25.49	HispS|Guyanagaster_necrorhiza	1766	1006	0.5696	3111.1
GCA_008032255.1	Aspergillus oryzae	no	HispS	CP031435.1	+	5690969	5693905	11	282.0	4.34e-76	27.982	HispS|Armillaria_fuscipes	1774	1036	0.584	2841.0
GCA_008032255.1	Aspergillus oryzae	no	HispS	CP031435.1	+	5717318	5720071	12	322.0	2.67e-88	28.876	HispS|Armillaria_gallica	1771	960	0.5421	3173.8
GCA_008032255.1	Aspergillus oryzae	no	HispS	CP031441.1	+	534190	535033	15	91.7	1.01e-23	31.429	HispS|Mycena_citricolor	1678	335	0.1996	1059.5
GCA_008032255.1	Aspergillus oryzae	no	HispS	CP031441.1	+	645158	684354	15	328.0	4.63e-90	30.118	HispS|Armillaria_gallica	1771	1395	0.7877	3393.8
GCA_008032255.1	Aspergillus oryzae	no	HispS	CP031441.1	+	3783590	3784951	11	169.0	1.48e-41	30.879	HispS|Mycena_citricolor	1678	443	0.264	1659.0
GCA_008032255.1	Aspergillus oryzae	no	HispS	CP031441.1	-	688775	689854	1	47.0	0.000161	22.762	HispS|Guyanagaster_necrorhiza	1766	337	0.1908	47.0
GCA_008032255.1	Aspergillus oryzae	no	HispS	CP031441.1	-	3916875	3917255	1	44.7	0.000665	24.615	HispS|Mycena_chlorophos	1652	127	0.0769	44.7
GCA_008032255.1	Aspergillus oryzae	no	HispS	CP031441.1	-	3938446	3941444	23	171.0	3.29e-42	31.159	HispS|Armillaria_ostoyae	1770	957	0.5407	2781.7
GCA_008032255.1	Aspergillus oryzae	no	HispS	CP031441.1	-	3997058	4000018	39	119.0	7.19e-47	38.728	HispS|Armillaria_gallica	1771	882	0.498	3008.3
GCA_008032255.1	Aspergillus oryzae	no	HispS	CP031437.1	+	3085533	3088280	11	287.0	1.24e-77	28.753	HispS|Armillaria_ostoyae	1770	948	0.5356	2822.0
GCA_008032255.1	Aspergillus oryzae	no	HispS	CP031437.1	+	3344783	3347757	31	150.0	5.7e-36	24.682	HispS|Neonothopanus_gardneri	1691	841	0.4973	2585.9
GCA_008032255.1	Aspergillus oryzae	no	HispS	CP031437.1	+	4078751	4081783	12	315.0	4.08e-86	28.556	HispS|Mycena_citricolor	1678	989	0.5894	3205.9
GCA_008032255.1	Aspergillus oryzae	no	HispS	CP031437.1	+	4301914	4302372	1	45.8	0.00038	26.19	HispS|Armillaria_gallica	1771	165	0.0932	45.8
GCA_008032255.1	Aspergillus oryzae	no	HispS	CP031437.1	-	3590953	3591795	1	47.0	0.000163	24.0	HispS|Armillaria_fuscipes	1774	279	0.1573	47.0
GCA_008032255.1	Aspergillus oryzae	no	HispS	CP031438.1	+	1112708	1115260	11	260.0	2.42e-69	27.097	HispS|Neonothopanus_nambi	1678	858	0.5113	2479.0
GCA_008032255.1	Aspergillus oryzae	no	HispS	CP031438.1	+	5480212	5482749	12	317.0	1.12e-86	28.851	HispS|Guyanagaster_necrorhiza	1766	903	0.5113	3176.9
GCA_008032255.1	Aspergillus oryzae	no	HispS	CP031438.1	-	596203	599536	35	103.0	1.94e-40	32.161	HispS|Guyanagaster_necrorhiza	1766	1009	0.5713	2259.1
GCA_008032255.1	Aspergillus oryzae	no	HispS	CP031438.1	-	941671	944289	29	201.0	1.65e-51	24.173	HispS|Neonothopanus_nambi	1678	805	0.4797	2713.6
GCA_008032255.1	Aspergillus oryzae	no	HispS	CP031438.1	-	1099207	1102017	11	229.0	6.59e-60	27.11	HispS|Mycena_citricolor	1678	999	0.5954	2349.0
GCA_008032255.1	Aspergillus oryzae	no	HispS	CP031438.1	-	1873273	1876414	22	135.0	2.31e-63	28.989	HispS|Mycena_citricolor	1678	924	0.5507	2593.2
GCA_008032255.1	Aspergillus oryzae	no	HispS	CP031439.1	-	1430632	1433714	37	109.0	2.47e-23	35.749	HispS|Armillaria_fuscipes	1774	963	0.5428	3045.5
GCA_008032255.1	Aspergillus oryzae	no	HispS	CP031439.1	-	3343646	3346645	33	130.0	5.64e-87	40.284	HispS|Armillaria_gallica	1771	961	0.5426	3481.3
GCA_008032255.1	Aspergillus oryzae	no	HispS	CP031439.1	+	2268726	2272586	3	48.5	6.06e-05	26.866	HispS|Neonothopanus_gardneri	1691	229	0.1354	141.3
GCA_008032255.1	Aspergillus oryzae	no	HispS	CP031439.1	+	3372624	3375458	12	321.0	4.68e-88	29.611	HispS|Mycena_citricolor	1678	962	0.5733	3166.0
GCA_008032255.1	Aspergillus oryzae	no	HispS	CP031439.1	+	4067318	4068514	1	53.1	2.23e-06	24.891	HispS|Neonothopanus_gardneri	1691	430	0.2543	53.1
GCA_008032255.1	Aspergillus oryzae	no	HispS	CP031434.1	+	104770	107448	11	299.0	3.97e-81	29.391	HispS|Armillaria_mellea	1768	934	0.5283	2967.0
GCA_008032255.1	Aspergillus oryzae	no	HispS	CP031434.1	+	279348	282047	12	243.0	3.58e-64	27.133	HispS|Armillaria_fuscipes	1774	968	0.5457	2443.2
GCA_008032255.1	Aspergillus oryzae	no	HispS	CP031434.1	+	438002	438589	9	55.8	3.55e-07	31.884	HispS|Neonothopanus_nambi	1678	352	0.2098	441.4
GCA_008032255.1	Aspergillus oryzae	no	HispS	CP031434.1	+	885671	886402	1	51.2	8.38e-06	22.264	HispS|Neonothopanus_gardneri	1691	248	0.1467	51.2
GCA_008032255.1	Aspergillus oryzae	no	HispS	CP031434.1	+	3189847	3190662	5	55.5	4.07e-07	27.0	HispS|Armillaria_ostoyae	1770	269	0.152	258.4
GCA_008032255.1	Aspergillus oryzae	no	HispS	CP031434.1	+	3463980	3466985	33	150.0	3.2e-46	31.778	HispS|Armillaria_ostoyae	1770	978	0.5525	2623.2
GCA_008032255.1	Aspergillus oryzae	no	HispS	CP031434.1	-	252024	252680	8	50.8	1.02e-05	32.168	HispS|Panellus_stipticus	1504	361	0.24	387.5
GCA_008032255.1	Aspergillus oryzae	no	HispS	CP031434.1	-	832731	842995	43	229.0	4.58e-60	26.478	HispS|Neonothopanus_nambi	1678	1045	0.6228	4809.4
GCA_008032255.1	Aspergillus oryzae	no	HispS	CP031434.1	-	2954191	2954637	1	45.8	0.000396	30.303	HispS|Neonothopanus_gardneri	1691	146	0.0863	45.8
GCA_008032255.1	Aspergillus oryzae	no	HispS	CP031434.1	-	3037611	3040551	17	247.0	3.4e-65	27.034	HispS|Armillaria_fuscipes	1774	884	0.4983	2685.2
GCA_008032255.1	Aspergillus oryzae	no	HispS	CP031434.1	-	3798543	3799370	5	52.4	3.47e-06	23.077	HispS|Armillaria_mellea	1768	259	0.1465	239.9
GCA_008032255.1	Aspergillus oryzae	no	HispS	CP031436.1	-	12368	13550	25	75.1	3.25e-28	33.562	HispS|Armillaria_fuscipes	1774	464	0.2616	1436.3
GCA_008032255.1	Aspergillus oryzae	no	HispS	CP031436.1	-	1177075	1179823	23	193.0	2.11e-79	31.983	HispS|Armillaria_ostoyae	1770	954	0.539	3191.4
GCA_008032255.1	Aspergillus oryzae	no	HispS	CP031436.1	-	1439203	1440171	2	47.4	0.000112	20.242	HispS|Armillaria_gallica	1771	311	0.1756	92.5
GCA_008032255.1	Aspergillus oryzae	no	HispS	CP031436.1	-	2701755	2702699	7	67.0	1.56e-10	26.136	HispS|Armillaria_fuscipes	1774	288	0.1623	406.3
GCA_008032255.1	Aspergillus oryzae	no	HispS	CP031436.1	+	20751	21675	22	83.2	6.62e-21	32.749	HispS|Armillaria_ostoyae	1770	303	0.1712	1083.9
GCA_008032255.1	Aspergillus oryzae	no	HispS	CP031436.1	+	282202	282741	1	45.1	0.000597	27.143	HispS|Neonothopanus_gardneri	1691	197	0.1165	45.1
GCA_008032255.1	Aspergillus oryzae	no	HispS	CP031436.1	+	2341321	2344190	33	98.6	8.79e-36	34.158	HispS|Armillaria_fuscipes	1774	789	0.4448	2177.8
GCA_008032255.1	Aspergillus oryzae	no	HispS	CP031435.1	-	1059513	1060055	2	48.5	5.3e-05	26.38	HispS|Neonothopanus_gardneri	1691	167	0.0988	93.2
GCA_008032255.1	Aspergillus oryzae	no	HispS	CP031435.1	-	2472785	2473188	6	43.9	6.82e-07	29.787	HispS|Armillaria_mellea	1768	154	0.0871	217.1
GCA_008032255.1	Aspergillus oryzae	no	HispS	CP031435.1	-	4097835	4098473	1	45.1	0.000633	28.27	HispS|Neonothopanus_gardneri	1691	233	0.1378	45.1
GCA_008032255.1	Aspergillus oryzae	no	HispS	CP031435.1	-	5538859	5539386	3	45.8	0.000329	26.705	HispS|Neonothopanus_nambi	1678	173	0.1031	136.3
GCA_008032255.1	Aspergillus oryzae	no	HispS	CP031440.1	+	1659988	1660350	1	48.9	4.44e-05	26.4	HispS|Mycena_citricolor	1678	124	0.0739	48.9
GCA_008032255.1	Aspergillus oryzae	no	H3H	CP031436.1	-	147919	148221	8	47.0	2.18e-05	37.143	H3H|Armillaria_gallica	422	102	0.2417	359.3
GCA_008032255.1	Aspergillus oryzae	no	H3H	CP031436.1	-	965505	966647	14	176.0	5.16e-48	32.071	H3H|Armillaria_ostoyae	426	392	0.9202	2367.0
GCA_008032255.1	Aspergillus oryzae	no	H3H	CP031436.1	-	2468513	2470033	48	78.2	2.15e-19	25.329	H3H|Panellus_stipticus_2	428	413	0.965	2127.2
GCA_008032255.1	Aspergillus oryzae	no	H3H	CP031436.1	+	2006394	2007725	25	75.5	3.16e-14	35.507	H3H|Panellus_stipticus	428	309	0.722	1381.5
GCA_008032255.1	Aspergillus oryzae	no	H3H	CP031436.1	+	2351395	2352724	28	79.3	1.64e-15	25.294	H3H|Neonothopanus_gardneri	416	385	0.9255	1756.7
GCA_008032255.1	Aspergillus oryzae	no	H3H	CP031434.1	-	264530	265279	14	77.0	8.33e-15	30.672	H3H|Mycena_chlorophos	422	264	0.6256	953.5
GCA_008032255.1	Aspergillus oryzae	no	H3H	CP031434.1	-	4837111	4838127	14	80.9	5.77e-16	30.943	H3H|Armillaria_gallica	422	330	0.782	924.6
GCA_008032255.1	Aspergillus oryzae	no	H3H	CP031434.1	-	5301714	5302998	23	164.0	1.34e-48	29.199	H3H|Neonothopanus_gardneri	416	382	0.9183	2608.3
GCA_008032255.1	Aspergillus oryzae	no	H3H	CP031434.1	-	5528341	5529321	7	52.4	4.98e-07	25.562	H3H|Mycena_citricolor_2	420	357	0.85	344.2
GCA_008032255.1	Aspergillus oryzae	no	H3H	CP031434.1	-	5566644	5567615	14	74.3	6.33e-14	27.222	H3H|Armillaria_mellea	429	348	0.8112	922.7
GCA_008032255.1	Aspergillus oryzae	no	H3H	CP031434.1	+	845498	846238	14	91.3	2.38e-19	29.218	H3H|Armillaria_ostoyae	426	264	0.6197	1166.1
GCA_008032255.1	Aspergillus oryzae	no	H3H	CP031434.1	+	941254	942414	9	67.8	1.59e-11	23.308	H3H|Omphalotus_olearius	540	372	0.6889	481.8
GCA_008032255.1	Aspergillus oryzae	no	H3H	CP031434.1	+	1414108	1414833	2	43.9	0.000239	24.354	H3H|Panellus_stipticus	428	240	0.5607	87.0
GCA_008032255.1	Aspergillus oryzae	no	H3H	CP031434.1	+	4926392	4927697	16	119.0	6.64e-29	28.382	H3H|Panellus_stipticus	428	378	0.8832	1570.1
GCA_008032255.1	Aspergillus oryzae	no	H3H	CP031434.1	+	5163608	5165131	15	62.0	5.57e-10	28.571	H3H|Neonothopanus_gardneri	416	303	0.7284	821.4
GCA_008032255.1	Aspergillus oryzae	no	H3H	CP031434.1	+	5626453	5627892	16	125.0	8.32e-31	25.918	H3H|Neonothopanus_gardneri	416	395	0.9495	1559.4
GCA_008032255.1	Aspergillus oryzae	no	H3H	CP031438.1	-	155964	157007	7	63.2	2.03e-10	25.434	H3H|Neonothopanus_nambi	422	369	0.8744	353.6
GCA_008032255.1	Aspergillus oryzae	no	H3H	CP031438.1	-	1235750	1237143	28	89.4	9.92e-19	28.214	H3H|Neonothopanus_nambi	422	338	0.8009	1739.8
GCA_008032255.1	Aspergillus oryzae	no	H3H	CP031438.1	-	1483092	1483337	1	44.7	0.000141	32.927	H3H|Mycena_citricolor_2	420	80	0.1905	44.7
GCA_008032255.1	Aspergillus oryzae	no	H3H	CP031438.1	-	5372636	5373517	14	158.0	8.11e-42	32.68	H3H|Panellus_stipticus_2	428	303	0.7079	2035.0
GCA_008032255.1	Aspergillus oryzae	no	H3H	CP031438.1	-	5442406	5443799	18	62.4	3.8e-10	33.036	H3H|Neonothopanus_nambi	422	333	0.7891	932.1
GCA_008032255.1	Aspergillus oryzae	no	H3H	CP031438.1	-	5473433	5474032	14	75.1	4.05e-14	29.944	H3H|Armillaria_gallica	422	198	0.4692	928.6
GCA_008032255.1	Aspergillus oryzae	no	H3H	CP031438.1	+	1109536	1110405	14	71.6	5.27e-13	32.283	H3H|Panellus_stipticus	428	267	0.6238	905.6
GCA_008032255.1	Aspergillus oryzae	no	H3H	CP031438.1	+	1784896	1786050	13	78.6	2.9e-15	21.493	H3H|Neonothopanus_nambi	422	417	0.9882	731.6
GCA_008032255.1	Aspergillus oryzae	no	H3H	CP031438.1	+	5387653	5388777	14	103.0	3.04e-23	27.733	H3H|Neonothopanus_gardneri	416	398	0.9567	1323.8
GCA_008032255.1	Aspergillus oryzae	no	H3H	CP031437.1	+	1778954	1780347	43	65.5	8.78e-25	28.796	H3H|Armillaria_mellea	429	368	0.8578	1993.9
GCA_008032255.1	Aspergillus oryzae	no	H3H	CP031437.1	-	1558377	1558661	7	47.4	1.93e-05	31.579	H3H|Mycena_chlorophos	422	98	0.2322	310.3
GCA_008032255.1	Aspergillus oryzae	no	H3H	CP031437.1	-	3965659	3967229	54	57.8	7.8e-16	52.083	H3H|Mycena_chlorophos	422	328	0.7773	2630.5
GCA_008032255.1	Aspergillus oryzae	no	H3H	CP031437.1	-	4287771	4288250	14	54.7	1e-07	27.95	H3H|Panellus_stipticus	428	184	0.4299	674.1
GCA_008032255.1	Aspergillus oryzae	no	H3H	CP031437.1	-	4436393	4437826	36	88.2	1.41e-20	27.815	H3H|Neonothopanus_gardneri	416	400	0.9615	1685.5
GCA_008032255.1	Aspergillus oryzae	no	H3H	CP031435.1	-	132329	133580	22	63.5	2.79e-18	28.452	H3H|Neonothopanus_nambi	422	389	0.9218	1139.1
GCA_008032255.1	Aspergillus oryzae	no	H3H	CP031435.1	-	1891861	1892907	14	117.0	6.03e-28	31.173	H3H|Guyanagaster_necrorhiza	443	327	0.7381	1532.2
GCA_008032255.1	Aspergillus oryzae	no	H3H	CP031435.1	+	52186	52851	14	88.2	2.27e-18	33.493	H3H|Armillaria_fuscipes	426	221	0.5188	1082.1
GCA_008032255.1	Aspergillus oryzae	no	H3H	CP031435.1	+	2259525	2260895	21	61.2	1.63e-09	26.633	H3H|Omphalotus_olearius	540	311	0.5759	1098.0
GCA_008032255.1	Aspergillus oryzae	no	H3H	CP031440.1	+	1174198	1175220	14	97.1	3.25e-21	28.767	H3H|Armillaria_mellea	429	321	0.7483	1272.1
GCA_008032255.1	Aspergillus oryzae	no	H3H	CP031440.1	-	672104	673079	15	57.0	1.79e-08	37.795	H3H|Mycena_chlorophos	422	221	0.5237	721.3
GCA_008032255.1	Aspergillus oryzae	no	H3H	CP031440.1	-	1753901	1754395	1	43.9	0.000233	25.143	H3H|Armillaria_mellea	429	165	0.3846	43.9
GCA_008032255.1	Aspergillus oryzae	no	H3H	CP031441.1	-	1515888	1517398	41	73.6	2.66e-13	51.562	H3H|Omphalotus_olearius	540	377	0.6981	2413.8
GCA_008032255.1	Aspergillus oryzae	no	H3H	CP031441.1	-	2755266	2756519	14	95.1	1.49e-20	25.112	H3H|Neonothopanus_nambi	422	406	0.9621	1088.4
GCA_008032255.1	Aspergillus oryzae	no	H3H	CP031441.1	-	3852541	3853563	4	53.5	2.21e-07	24.734	H3H|Neonothopanus_gardneri	416	365	0.8774	191.4
GCA_008032255.1	Aspergillus oryzae	no	H3H	CP031441.1	+	991006	992436	9	47.4	2.05e-05	31.183	H3H|Neonothopanus_gardneri	416	170	0.4087	393.2
GCA_008032255.1	Aspergillus oryzae	no	H3H	CP031439.1	-	1006470	1007778	18	62.0	4.85e-10	41.176	H3H|Mycena_chlorophos	422	355	0.8412	961.3
GCA_008032255.1	Aspergillus oryzae	no	H3H	CP031439.1	+	680046	680351	3	48.9	7.07e-06	34.177	H3H|Armillaria_gallica	422	101	0.2393	142.1
GCA_008032255.1	Aspergillus oryzae	no	CPH	CP031435.1	-	1353337	1354287	6	197.0	7.96e-57	39.13	CPH|Armillaria_gallica	302	315	1.043	1154.0
GCA_008032255.1	Aspergillus oryzae	no	CPH	CP031435.1	+	555236	555560	10	71.2	1.62e-14	55.882	CPH|Armillaria_fuscipes	294	112	0.381	520.3
GCA_008032255.1	Aspergillus oryzae	no	CPH	CP031434.1	-	3304670	3305821	23	115.0	3.81e-53	53.704	CPH|Armillaria_fuscipes	294	320	1.0884	1586.7
GCA_008032255.1	Aspergillus oryzae	no	CPH	CP031434.1	+	1745538	1745855	5	63.9	5.15e-11	33.962	CPH|Neonothopanus_gardneri	321	130	0.405	291.1
GCA_008032255.1	Aspergillus oryzae	no	CPH	CP031434.1	+	4933288	4934212	16	128.0	1.36e-32	50.407	CPH|Neonothopanus_gardneri	321	280	0.8723	1141.1
GCA_008032255.1	Aspergillus oryzae	no	CPH	CP031441.1	+	4078307	4079400	17	139.0	5.71e-37	37.441	CPH|Neonothopanus_nambi	289	319	1.1038	1431.8
GCA_008032255.1	Aspergillus oryzae	no	CPH	CP031441.1	-	1884769	1885769	18	144.0	3.06e-43	51.88	CPH|Neonothopanus_gardneri	321	317	0.9875	1781.3
GCA_008032255.1	Aspergillus oryzae	no	CPH	CP031438.1	-	376446	377183	6	135.0	2.26e-35	36.82	CPH|Armillaria_gallica	302	268	0.8874	763.6
GCA_008032255.1	Aspergillus oryzae	no	CPH	CP031438.1	+	2091985	2093026	12	79.0	1.11e-24	37.6	CPH|Armillaria_gallica	302	288	0.9536	741.5
GCA_008032255.1	Aspergillus oryzae	no	Luz	CP031439.1	+	3071456	3072139	12	105.0	1.72e-25	33.04	Luz|Omphalotus_olearius	261	236	0.9042	1118.9
GCA_008032255.1	Aspergillus oryzae	no	Luz	CP031439.1	-	119450	119985	16	33.1	0.000107	57.692	Luz|Mycena_citricolor	246	153	0.622	494.8
GCA_008032255.1	Aspergillus oryzae	no	Luz	CP031435.1	-	4294263	4295238	24	60.5	1.08e-18	27.111	Luz|Mycena_citricolor	246	258	1.0488	1311.4
GCA_000003525.2	Blastomyces dermatitidis	yes	HispS	EQ999973.1	-	2357392	2358252	6	63.9	2.1e-09	24.893	HispS|Armillaria_fuscipes	1774	260	0.1466	345.0
GCA_000003525.2	Blastomyces dermatitidis	yes	HispS	EQ999973.1	-	5140305	5143691	32	134.0	3.02e-41	35.345	HispS|Mycena_citricolor	1678	865	0.5155	2720.2
GCA_000003525.2	Blastomyces dermatitidis	yes	HispS	EQ999977.1	-	696540	697340	7	56.2	4.2e-07	26.484	HispS|Armillaria_fuscipes	1774	254	0.1432	370.5
GCA_000003525.2	Blastomyces dermatitidis	yes	HispS	EQ999980.1	-	505064	506314	6	63.9	2.28e-09	23.529	HispS|Armillaria_gallica	1771	423	0.2388	329.7
GCA_000003525.2	Blastomyces dermatitidis	yes	HispS	EQ999983.1	-	1983026	1983655	4	49.7	4e-05	28.571	HispS|Neonothopanus_gardneri	1691	223	0.1319	187.2
GCA_000003525.2	Blastomyces dermatitidis	yes	HispS	EQ999973.1	+	921059	921337	1	47.0	0.000279	33.333	HispS|Mycena_citricolor	1678	89	0.053	47.0
GCA_000003525.2	Blastomyces dermatitidis	yes	HispS	EQ999973.1	+	9046027	9046902	1	53.5	3.18e-06	22.635	HispS|Guyanagaster_necrorhiza	1766	272	0.154	53.5
GCA_000003525.2	Blastomyces dermatitidis	yes	HispS	EQ999983.1	+	1298145	1299143	2	45.8	0.000613	21.307	HispS|Guyanagaster_necrorhiza	1766	321	0.1818	91.2
GCA_000003525.2	Blastomyces dermatitidis	yes	HispS	EQ999979.1	+	3105873	3106646	1	45.4	0.000783	24.373	HispS|Mycena_chlorophos	1652	264	0.1598	45.4
GCA_000003525.2	Blastomyces dermatitidis	yes	HispS	EQ999977.1	+	1416858	1417487	1	47.4	0.000202	21.56	HispS|Mycena_citricolor	1678	210	0.1251	47.4
GCA_000003525.2	Blastomyces dermatitidis	yes	H3H	EQ999981.1	-	2644187	2645264	28	96.3	5.26e-21	29.752	H3H|Armillaria_fuscipes	426	329	0.7723	1516.9
GCA_000003525.2	Blastomyces dermatitidis	yes	H3H	EQ999979.1	-	778756	779950	27	67.4	2.95e-17	43.902	H3H|Armillaria_gallica	422	381	0.9028	1463.7
GCA_000003525.2	Blastomyces dermatitidis	yes	H3H	EQ999986.1	+	341185	341847	13	66.2	4.05e-11	30.568	H3H|Armillaria_mellea	429	222	0.5175	776.4
GCA_000003525.2	Blastomyces dermatitidis	yes	H3H	EQ999974.1	-	65912	66903	20	60.8	2.3e-09	38.554	H3H|Panellus_stipticus	428	321	0.75	1077.0
GCA_000003525.2	Blastomyces dermatitidis	yes	H3H	EQ999974.1	-	7282324	7283394	5	55.5	1.07e-07	22.802	H3H|Neonothopanus_nambi	422	383	0.9076	251.2
GCA_000003525.2	Blastomyces dermatitidis	yes	H3H	EQ999980.1	-	1243748	1244272	13	50.4	3.43e-06	26.633	H3H|Panellus_stipticus_3	428	198	0.4626	596.1
GCA_000003525.2	Blastomyces dermatitidis	yes	H3H	EQ999987.1	-	888193	889142	7	46.2	7.07e-05	26.708	H3H|Mycena_citricolor_2	420	204	0.4857	310.3
GCA_000003525.2	Blastomyces dermatitidis	yes	H3H	EQ999986.1	-	1011687	1011920	2	46.6	5.98e-05	35.897	H3H|Mycena_citricolor	419	76	0.1814	90.9
GCA_000003525.2	Blastomyces dermatitidis	yes	H3H	EQ999976.1	+	1808638	1809612	1	45.8	0.000128	20.787	H3H|Omphalotus_olearius	540	319	0.5907	45.8
GCA_000003525.2	Blastomyces dermatitidis	yes	CPH	EQ999975.1	+	7145943	7146887	6	193.0	3.64e-55	37.461	CPH|Armillaria_mellea	297	316	1.064	1102.0
GCA_000003525.2	Blastomyces dermatitidis	yes	CPH	EQ999975.1	-	6658507	6659178	6	77.8	2.66e-15	26.18	CPH|Neonothopanus_gardneri	321	202	0.6293	423.2
GCA_000003525.2	Blastomyces dermatitidis	yes	Luz	EQ999983.1	+	1307747	1308490	12	113.0	4.98e-28	33.462	Luz|Omphalotus_olearius	261	265	1.0153	1213.1
GCA_043229245.1	Blastomyces dermatitidis	yes	HispS	JAVKUR010000034.1	-	72944	76330	32	133.0	3.99e-41	35.345	HispS|Mycena_citricolor	1678	865	0.5155	2716.9
GCA_043229245.1	Blastomyces dermatitidis	yes	HispS	JAVKUR010000220.1	-	56659	57519	6	63.9	2.03e-09	24.893	HispS|Armillaria_fuscipes	1774	260	0.1466	345.0
GCA_043229245.1	Blastomyces dermatitidis	yes	HispS	JAVKUR010000001.1	-	397261	398061	7	56.6	3.86e-07	26.484	HispS|Armillaria_fuscipes	1774	254	0.1432	372.2
GCA_043229245.1	Blastomyces dermatitidis	yes	HispS	JAVKUR010000046.1	-	74791	76041	6	63.9	2.21e-09	23.529	HispS|Armillaria_gallica	1771	423	0.2388	329.7
GCA_043229245.1	Blastomyces dermatitidis	yes	HispS	JAVKUR010000043.1	-	9517	10146	4	49.7	3.89e-05	28.571	HispS|Neonothopanus_gardneri	1691	223	0.1319	187.2
GCA_043229245.1	Blastomyces dermatitidis	yes	HispS	JAVKUR010000019.1	+	66776	67651	1	52.8	4.7e-06	22.635	HispS|Guyanagaster_necrorhiza	1766	272	0.154	52.8
GCA_043229245.1	Blastomyces dermatitidis	yes	HispS	JAVKUR010000090.1	+	72847	73845	2	45.8	0.000553	21.307	HispS|Guyanagaster_necrorhiza	1766	321	0.1818	91.2
GCA_043229245.1	Blastomyces dermatitidis	yes	HispS	JAVKUR010000008.1	-	52594	53367	1	45.4	0.000762	24.373	HispS|Mycena_chlorophos	1652	264	0.1598	45.4
GCA_043229245.1	Blastomyces dermatitidis	yes	HispS	JAVKUR010000127.1	-	18823	19242	1	47.4	0.000199	24.306	HispS|Mycena_citricolor	1678	143	0.0852	47.4
GCA_043229245.1	Blastomyces dermatitidis	yes	HispS	JAVKUR010000020.1	+	93828	94106	1	47.0	0.000272	33.333	HispS|Mycena_citricolor	1678	89	0.053	47.0
GCA_043229245.1	Blastomyces dermatitidis	yes	HispS	JAVKUR010000382.1	-	22027	22305	1	45.1	0.001	28.571	HispS|Neonothopanus_gardneri	1691	92	0.0544	45.1
GCA_043229245.1	Blastomyces dermatitidis	yes	H3H	JAVKUR010000409.1	+	30231	31308	28	96.3	5.46e-21	29.752	H3H|Armillaria_fuscipes	426	329	0.7723	1516.9
GCA_043229245.1	Blastomyces dermatitidis	yes	H3H	JAVKUR010000281.1	-	13970	15163	14	100.0	3.52e-22	25.758	H3H|Neonothopanus_nambi	422	381	0.9028	1210.7
GCA_043229245.1	Blastomyces dermatitidis	yes	H3H	JAVKUR010000037.1	+	146896	147558	13	66.6	3.37e-11	30.568	H3H|Armillaria_mellea	429	222	0.5175	775.6
GCA_043229245.1	Blastomyces dermatitidis	yes	H3H	JAVKUR010000108.1	+	77851	78983	20	60.5	2.45e-09	38.554	H3H|Panellus_stipticus	428	352	0.8224	1061.7
GCA_043229245.1	Blastomyces dermatitidis	yes	H3H	JAVKUR010000056.1	-	148495	149019	13	51.2	2.32e-06	25.628	H3H|Panellus_stipticus_3	428	198	0.4626	602.9
GCA_043229245.1	Blastomyces dermatitidis	yes	H3H	JAVKUR010000382.1	+	27649	28719	5	55.5	1.03e-07	22.802	H3H|Neonothopanus_nambi	422	383	0.9076	251.2
GCA_043229245.1	Blastomyces dermatitidis	yes	H3H	JAVKUR010000069.1	-	51363	52308	4	45.4	0.000118	26.708	H3H|Mycena_citricolor_2	420	204	0.4857	177.9
GCA_043229245.1	Blastomyces dermatitidis	yes	H3H	JAVKUR010000070.1	-	87058	87291	2	46.6	5.81e-05	35.897	H3H|Mycena_citricolor	419	76	0.1814	90.9
GCA_043229245.1	Blastomyces dermatitidis	yes	H3H	JAVKUR010000405.1	-	36751	37725	1	45.8	0.000131	20.787	H3H|Omphalotus_olearius	540	319	0.5907	45.8
GCA_043229245.1	Blastomyces dermatitidis	yes	CPH	JAVKUR010000007.1	+	303543	304487	6	193.0	3.25e-55	37.461	CPH|Armillaria_mellea	297	316	1.064	1101.0
GCA_043229245.1	Blastomyces dermatitidis	yes	CPH	JAVKUR010000006.1	+	174269	174940	6	77.8	2.59e-15	26.18	CPH|Neonothopanus_gardneri	321	202	0.6293	423.2
GCA_043229245.1	Blastomyces dermatitidis	yes	Luz	JAVKUR010000090.1	+	82458	83201	12	113.0	4.84e-28	33.462	Luz|Omphalotus_olearius	261	265	1.0153	1213.1
GCA_043170745.1	Blastomyces dermatitidis	yes	HispS	JAVKUP010000029.1	-	72902	76288	32	133.0	3.98e-41	35.345	HispS|Mycena_citricolor	1678	865	0.5155	2716.9
GCA_043170745.1	Blastomyces dermatitidis	yes	HispS	JAVKUP010000196.1	+	21418	22278	6	63.9	2.03e-09	24.893	HispS|Armillaria_fuscipes	1774	260	0.1466	345.0
GCA_043170745.1	Blastomyces dermatitidis	yes	HispS	JAVKUP010000002.1	+	51575	52375	7	56.6	3.85e-07	26.484	HispS|Armillaria_fuscipes	1774	254	0.1432	372.2
GCA_043170745.1	Blastomyces dermatitidis	yes	HispS	JAVKUP010000076.1	+	65858	67108	6	63.9	2.21e-09	23.529	HispS|Armillaria_gallica	1771	423	0.2388	329.7
GCA_043170745.1	Blastomyces dermatitidis	yes	HispS	JAVKUP010000023.1	+	179228	179857	4	49.7	3.88e-05	28.571	HispS|Neonothopanus_gardneri	1691	223	0.1319	187.2
GCA_043170745.1	Blastomyces dermatitidis	yes	HispS	JAVKUP010000001.1	+	66910	67785	1	52.8	4.7e-06	22.635	HispS|Guyanagaster_necrorhiza	1766	272	0.154	52.8
GCA_043170745.1	Blastomyces dermatitidis	yes	HispS	JAVKUP010000100.1	+	61366	62364	2	45.8	0.000552	21.307	HispS|Guyanagaster_necrorhiza	1766	321	0.1818	91.2
GCA_043170745.1	Blastomyces dermatitidis	yes	HispS	JAVKUP010000297.1	+	9390	10163	1	45.4	0.000756	24.373	HispS|Mycena_chlorophos	1652	264	0.1598	45.4
GCA_043170745.1	Blastomyces dermatitidis	yes	HispS	JAVKUP010000021.1	-	16915	17334	1	47.4	0.000199	24.306	HispS|Mycena_citricolor	1678	143	0.0852	47.4
GCA_043170745.1	Blastomyces dermatitidis	yes	HispS	JAVKUP010000109.1	-	24564	24842	1	47.0	0.000271	33.333	HispS|Mycena_citricolor	1678	89	0.053	47.0
GCA_043170745.1	Blastomyces dermatitidis	yes	HispS	JAVKUP010000443.1	+	25835	26113	1	45.1	0.001	28.571	HispS|Neonothopanus_gardneri	1691	92	0.0544	45.1
GCA_043170745.1	Blastomyces dermatitidis	yes	H3H	JAVKUP010000376.1	+	35773	36850	28	96.3	5.44e-21	29.752	H3H|Armillaria_fuscipes	426	329	0.7723	1516.9
GCA_043170745.1	Blastomyces dermatitidis	yes	H3H	JAVKUP010000651.1	+	12446	13639	14	100.0	3.43e-22	25.758	H3H|Neonothopanus_nambi	422	381	0.9028	1210.7
GCA_043170745.1	Blastomyces dermatitidis	yes	H3H	JAVKUP010000024.1	-	53621	54283	13	66.6	3.36e-11	30.568	H3H|Armillaria_mellea	429	222	0.5175	775.6
GCA_043170745.1	Blastomyces dermatitidis	yes	H3H	JAVKUP010000102.1	-	45816	46948	20	60.5	2.45e-09	38.554	H3H|Panellus_stipticus	428	352	0.8224	1061.7
GCA_043170745.1	Blastomyces dermatitidis	yes	H3H	JAVKUP010000007.1	-	180052	180576	13	51.2	2.32e-06	25.628	H3H|Panellus_stipticus_3	428	198	0.4626	602.9
GCA_043170745.1	Blastomyces dermatitidis	yes	H3H	JAVKUP010000443.1	-	19421	20491	5	55.5	1.03e-07	22.802	H3H|Neonothopanus_nambi	422	383	0.9076	251.2
GCA_043170745.1	Blastomyces dermatitidis	yes	H3H	JAVKUP010000046.1	+	97820	98765	4	45.4	0.000118	26.708	H3H|Mycena_citricolor_2	420	204	0.4857	177.9
GCA_043170745.1	Blastomyces dermatitidis	yes	H3H	JAVKUP010000222.1	-	4718	4951	2	46.6	5.78e-05	35.897	H3H|Mycena_citricolor	419	76	0.1814	90.9
GCA_043170745.1	Blastomyces dermatitidis	yes	H3H	JAVKUP010000269.1	+	8396	9370	1	45.8	0.000131	20.787	H3H|Omphalotus_olearius	540	319	0.5907	45.8
GCA_043170745.1	Blastomyces dermatitidis	yes	CPH	JAVKUP010000080.1	+	114401	115345	6	193.0	3.24e-55	37.461	CPH|Armillaria_mellea	297	316	1.064	1101.0
GCA_043170745.1	Blastomyces dermatitidis	yes	CPH	JAVKUP010000003.1	-	174637	175308	6	77.8	2.59e-15	26.18	CPH|Neonothopanus_gardneri	321	202	0.6293	423.2
GCA_043170745.1	Blastomyces dermatitidis	yes	Luz	JAVKUP010000100.1	+	70977	71720	12	113.0	4.83e-28	33.462	Luz|Omphalotus_olearius	261	265	1.0153	1213.1
GCA_000143535.4	Botrytis cinerea	yes	HispS	CP009809.1	+	2131252	2133831	11	323.0	1.4e-88	29.767	HispS|Armillaria_fuscipes	1774	940	0.5299	3115.0
GCA_000143535.4	Botrytis cinerea	yes	HispS	CP009809.1	-	2931145	2934663	54	125.0	7.68e-41	31.897	HispS|Armillaria_gallica	1771	1029	0.581	3006.7
GCA_000143535.4	Botrytis cinerea	yes	HispS	CP009815.1	+	485413	486489	2	63.9	1.13e-09	26.772	HispS|Neonothopanus_nambi	1678	373	0.2223	125.9
GCA_000143535.4	Botrytis cinerea	yes	HispS	CP009815.1	+	924655	927468	12	320.0	1.57e-87	31.103	HispS|Armillaria_fuscipes	1774	998	0.5626	3198.9
GCA_000143535.4	Botrytis cinerea	yes	HispS	CP009806.1	-	656994	659588	12	312.0	4.35e-85	30.925	HispS|Armillaria_fuscipes	1774	891	0.5023	3112.3
GCA_000143535.4	Botrytis cinerea	yes	HispS	CP009806.1	-	870329	870760	1	48.1	7.26e-05	28.571	HispS|Armillaria_fuscipes	1774	140	0.0789	48.1
GCA_000143535.4	Botrytis cinerea	yes	HispS	CP009806.1	-	3116795	3119764	12	313.0	1.9e-85	28.328	HispS|Armillaria_fuscipes	1774	1024	0.5772	3069.5
GCA_000143535.4	Botrytis cinerea	yes	HispS	CP009806.1	-	3148594	3151526	22	137.0	5.91e-32	32.075	HispS|Mycena_citricolor	1678	987	0.5882	2406.4
GCA_000143535.4	Botrytis cinerea	yes	HispS	CP009805.1	+	15924	18870	23	187.0	2.51e-84	28.683	HispS|Armillaria_fuscipes	1774	987	0.5564	3293.8
GCA_000143535.4	Botrytis cinerea	yes	HispS	CP009805.1	+	4061101	4064173	50	117.0	9.53e-64	26.003	HispS|Armillaria_ostoyae	1770	981	0.5542	3136.0
GCA_000143535.4	Botrytis cinerea	yes	HispS	CP009805.1	-	50017	52686	26	130.0	6.97e-30	36.052	HispS|Armillaria_gallica	1771	888	0.5014	2250.6
GCA_000143535.4	Botrytis cinerea	yes	HispS	CP009805.1	-	3571590	3572087	1	60.1	1.98e-08	30.178	HispS|Mycena_chlorophos	1652	161	0.0975	60.1
GCA_000143535.4	Botrytis cinerea	yes	HispS	CP009820.1	+	1852690	1855383	12	301.0	8.42e-82	30.612	HispS|Armillaria_fuscipes	1774	984	0.5547	3080.1
GCA_000143535.4	Botrytis cinerea	yes	HispS	CP009820.1	-	745715	749056	12	301.0	1.25e-81	26.693	HispS|Armillaria_fuscipes	1774	1147	0.6466	3049.8
GCA_000143535.4	Botrytis cinerea	yes	HispS	CP009820.1	-	937718	938728	11	87.8	6.97e-17	28.662	HispS|Mycena_citricolor	1678	398	0.2372	818.1
GCA_000143535.4	Botrytis cinerea	yes	HispS	CP009807.1	-	520559	521680	8	64.3	9.16e-10	26.087	HispS|Neonothopanus_gardneri	1691	394	0.233	455.6
GCA_000143535.4	Botrytis cinerea	yes	HispS	CP009807.1	-	1459461	1462499	31	172.0	1.14e-42	33.433	HispS|Mycena_citricolor	1678	939	0.5596	3250.3
GCA_000143535.4	Botrytis cinerea	yes	HispS	CP009807.1	-	2767660	2770314	11	311.0	6.2e-85	28.043	HispS|Armillaria_mellea	1768	950	0.5373	2980.0
GCA_000143535.4	Botrytis cinerea	yes	HispS	CP009807.1	+	669338	672600	22	177.0	3.2e-44	29.279	HispS|Mycena_citricolor	1678	883	0.5262	2494.6
GCA_000143535.4	Botrytis cinerea	yes	HispS	CP009818.1	-	582628	585354	11	288.0	6.96e-78	28.896	HispS|Armillaria_fuscipes	1774	917	0.5169	2764.0
GCA_000143535.4	Botrytis cinerea	yes	HispS	CP009818.1	+	238622	241976	42	82.8	4.32e-37	34.615	HispS|Armillaria_ostoyae	1770	858	0.4847	2479.7
GCA_000143535.4	Botrytis cinerea	yes	HispS	CP009818.1	+	599197	600144	1	51.2	9.51e-06	23.46	HispS|Neonothopanus_nambi	1678	311	0.1853	51.2
GCA_000143535.4	Botrytis cinerea	yes	HispS	CP009812.1	-	139911	142574	11	262.0	6.78e-70	26.932	HispS|Armillaria_fuscipes	1774	965	0.544	2543.0
GCA_000143535.4	Botrytis cinerea	yes	HispS	CP009814.1	+	8961	11753	48	117.0	3.06e-44	27.123	HispS|Panellus_stipticus	1504	825	0.5485	3470.8
GCA_000143535.4	Botrytis cinerea	yes	HispS	CP009811.1	+	1061254	1064607	43	102.0	2.3e-21	26.19	HispS|Neonothopanus_gardneri	1691	897	0.5305	3188.0
GCA_000143535.4	Botrytis cinerea	yes	HispS	CP009808.1	+	82401	83360	6	58.2	6.74e-08	23.83	HispS|Armillaria_fuscipes	1774	283	0.1595	316.2
GCA_000143535.4	Botrytis cinerea	yes	HispS	CP009808.1	+	239234	240493	11	162.0	1.65e-39	30.876	HispS|Mycena_citricolor	1678	471	0.2807	1552.0
GCA_000143535.4	Botrytis cinerea	yes	HispS	CP009808.1	+	530741	532201	8	73.6	1.39e-12	24.779	HispS|Neonothopanus_gardneri	1691	525	0.3105	414.7
GCA_000143535.4	Botrytis cinerea	yes	HispS	CP009817.1	+	555117	558173	40	117.0	7.04e-26	26.471	HispS|Guyanagaster_necrorhiza	1766	969	0.5487	3133.0
GCA_000143535.4	Botrytis cinerea	yes	HispS	CP009808.1	-	286522	286782	3	47.4	0.000128	36.0	HispS|Armillaria_gallica	1771	87	0.0491	139.1
GCA_000143535.4	Botrytis cinerea	yes	HispS	CP009813.1	+	753977	754696	1	55.1	5.72e-07	24.314	HispS|Mycena_chlorophos	1652	242	0.1465	55.1
GCA_000143535.4	Botrytis cinerea	yes	HispS	CP009816.1	+	1715403	1716263	1	48.9	4.63e-05	22.769	HispS|Mycena_chlorophos	1652	299	0.181	48.9
GCA_000143535.4	Botrytis cinerea	yes	HispS	CP009811.1	-	1497649	1497972	1	45.1	0.000593	26.087	HispS|Mycena_citricolor	1678	114	0.0679	45.1
GCA_000143535.4	Botrytis cinerea	yes	HispS	CP009819.1	-	1014223	1014687	1	45.1	0.000678	27.273	HispS|Neonothopanus_nambi	1678	146	0.087	45.1
GCA_000143535.4	Botrytis cinerea	yes	H3H	CP009817.1	-	701482	702273	11	53.1	2.98e-07	26.596	H3H|Mycena_citricolor	419	281	0.6706	538.2
GCA_000143535.4	Botrytis cinerea	yes	H3H	CP009817.1	-	1445581	1446885	14	186.0	4.07e-50	34.336	H3H|Omphalotus_olearius	540	423	0.7833	2311.0
GCA_000143535.4	Botrytis cinerea	yes	H3H	CP009816.1	+	837986	839168	25	51.2	1.11e-12	27.697	H3H|Armillaria_fuscipes	426	326	0.7653	1012.5
GCA_000143535.4	Botrytis cinerea	yes	H3H	CP009816.1	+	1959348	1960607	14	165.0	3.95e-44	32.353	H3H|Neonothopanus_nambi	422	424	1.0047	2058.0
GCA_000143535.4	Botrytis cinerea	yes	H3H	CP009816.1	-	1653640	1661059	32	118.0	2.83e-28	26.389	H3H|Mycena_citricolor	419	415	0.9905	2708.3
GCA_000143535.4	Botrytis cinerea	yes	H3H	CP009816.1	-	1682150	1683060	2	33.1	3.24e-05	23.636	H3H|Neonothopanus_nambi	422	271	0.6422	65.8
GCA_000143535.4	Botrytis cinerea	yes	H3H	CP009813.1	-	984934	986355	21	137.0	1.21e-34	30.405	H3H|Guyanagaster_necrorhiza	443	328	0.7404	2096.0
GCA_000143535.4	Botrytis cinerea	yes	H3H	CP009809.1	-	2867815	2868945	14	114.0	5.38e-27	25.722	H3H|Armillaria_fuscipes	426	374	0.8779	1425.9
GCA_000143535.4	Botrytis cinerea	yes	H3H	CP009809.1	+	1276908	1278409	17	95.1	1.53e-20	24.225	H3H|Neonothopanus_nambi	422	375	0.8886	1323.1
GCA_000143535.4	Botrytis cinerea	yes	H3H	CP009810.1	+	2528026	2529628	30	101.0	2.59e-28	25.776	H3H|Panellus_stipticus	428	409	0.9556	1856.9
GCA_000143535.4	Botrytis cinerea	yes	H3H	CP009810.1	-	1949008	1950211	16	79.3	2.2e-15	31.333	H3H|Panellus_stipticus_3	428	343	0.8014	1072.3
GCA_000143535.4	Botrytis cinerea	yes	H3H	CP009812.1	-	63525	64702	15	112.0	2.61e-26	29.73	H3H|Mycena_chlorophos	422	338	0.8009	1485.2
GCA_000143535.4	Botrytis cinerea	yes	H3H	CP009812.1	-	1160408	1161475	2	58.2	9.53e-09	24.403	H3H|Neonothopanus_gardneri	416	348	0.8365	106.3
GCA_000143535.4	Botrytis cinerea	yes	H3H	CP009812.1	-	2325175	2326635	30	75.1	4.1e-14	31.98	H3H|Armillaria_fuscipes	426	341	0.8005	1518.2
GCA_000143535.4	Botrytis cinerea	yes	H3H	CP009812.1	+	2279686	2280924	14	110.0	1.6e-25	27.97	H3H|Mycena_citricolor	419	391	0.9332	1399.0
GCA_000143535.4	Botrytis cinerea	yes	H3H	CP009805.1	+	2994246	2995618	29	99.8	9.53e-24	29.323	H3H|Panellus_stipticus_3	428	402	0.9393	1793.2
GCA_000143535.4	Botrytis cinerea	yes	H3H	CP009806.1	+	49463	50760	31	59.7	5.9e-15	24.259	H3H|Panellus_stipticus	428	387	0.9042	1429.5
GCA_000143535.4	Botrytis cinerea	yes	H3H	CP009806.1	-	150333	151532	14	70.1	1.62e-12	24.331	H3H|Guyanagaster_necrorhiza	443	423	0.9549	790.8
GCA_000143535.4	Botrytis cinerea	yes	H3H	CP009819.1	-	814112	814663	3	43.5	0.000346	25.926	H3H|Neonothopanus_gardneri	416	204	0.4904	128.6
GCA_000143535.4	Botrytis cinerea	yes	H3H	CP009819.1	-	1859080	1860227	26	69.3	3.37e-12	34.058	H3H|Panellus_stipticus	428	228	0.5327	1283.3
GCA_000143535.4	Botrytis cinerea	yes	H3H	CP009811.1	+	11603	12406	14	51.6	1.17e-06	25.207	H3H|Panellus_stipticus	428	279	0.6519	646.5
GCA_000143535.4	Botrytis cinerea	yes	H3H	CP009814.1	+	1939425	1940315	4	62.8	3.27e-10	27.966	H3H|Armillaria_mellea	429	285	0.6643	236.5
GCA_000143535.4	Botrytis cinerea	yes	H3H	CP009808.1	+	1337381	1338061	2	46.6	3.29e-05	24.691	H3H|Neonothopanus_gardneri	416	242	0.5817	89.7
GCA_000143535.4	Botrytis cinerea	yes	H3H	CP009805.1	-	587004	587426	7	48.1	1.2e-05	27.451	H3H|Panellus_stipticus	428	138	0.3224	324.7
GCA_000143535.4	Botrytis cinerea	yes	H3H	CP009818.1	-	2134460	2135674	7	48.1	1.25e-05	24.267	H3H|Mycena_chlorophos	422	418	0.9905	314.2
GCA_000143535.4	Botrytis cinerea	yes	H3H	CP009820.1	+	752293	752862	1	44.3	0.00016	26.178	H3H|Neonothopanus_gardneri	416	179	0.4303	44.3
GCA_000143535.4	Botrytis cinerea	yes	CPH	CP009817.1	-	1193708	1194731	18	113.0	5.09e-53	51.818	CPH|Armillaria_ostoyae	302	316	1.0464	1445.3
GCA_000143535.4	Botrytis cinerea	yes	CPH	CP009805.1	-	1936857	1937526	7	66.6	5.93e-12	31.852	CPH|Armillaria_fuscipes	294	205	0.6973	409.7
GCA_000143535.4	Botrytis cinerea	yes	CPH	CP009805.1	-	2086044	2087086	8	174.0	6.2e-49	39.726	CPH|Armillaria_fuscipes	294	315	1.0714	1030.9
GCA_000143535.4	Botrytis cinerea	yes	CPH	CP009807.1	+	1747301	1748127	12	73.9	2.53e-28	37.963	CPH|Armillaria_ostoyae	302	277	0.9172	815.9
GCA_000143535.4	Botrytis cinerea	yes	Luz	CP009815.1	-	1685565	1686368	12	105.0	2.36e-25	28.519	Luz|Neonothopanus_gardneri	264	257	0.9735	1197.0
GCA_000143535.4	Botrytis cinerea	yes	Luz	CP009817.1	+	1896612	1897402	20	92.0	5.14e-22	34.503	Luz|Mycena_chlorophos	251	257	1.0239	1339.1
GCA_022560135.1	Botrytis cinerea	no	HispS	CP080983.1	+	2129678	2132257	11	323.0	1.42e-88	29.767	HispS|Armillaria_fuscipes	1774	940	0.5299	3115.0
GCA_022560135.1	Botrytis cinerea	no	HispS	CP080983.1	-	2913654	2917172	54	125.0	7.78e-41	31.897	HispS|Armillaria_gallica	1771	1029	0.581	3006.5
GCA_022560135.1	Botrytis cinerea	no	HispS	CP080989.1	+	500785	501780	2	58.9	4.39e-08	27.313	HispS|Neonothopanus_nambi	1678	346	0.2062	115.5
GCA_022560135.1	Botrytis cinerea	no	HispS	CP080989.1	+	935704	938517	12	320.0	1.59e-87	31.103	HispS|Armillaria_fuscipes	1774	998	0.5626	3198.9
GCA_022560135.1	Botrytis cinerea	no	HispS	CP080980.1	-	622813	625407	12	311.0	5.09e-85	30.925	HispS|Armillaria_fuscipes	1774	891	0.5023	3125.3
GCA_022560135.1	Botrytis cinerea	no	HispS	CP080980.1	-	836077	836508	1	48.1	7.35e-05	28.571	HispS|Armillaria_fuscipes	1774	140	0.0789	48.1
GCA_022560135.1	Botrytis cinerea	no	HispS	CP080980.1	-	3126426	3129395	12	313.0	1.92e-85	28.328	HispS|Armillaria_fuscipes	1774	1024	0.5772	3069.5
GCA_022560135.1	Botrytis cinerea	no	HispS	CP080980.1	-	3158201	3161151	22	137.0	6.09e-32	32.075	HispS|Mycena_citricolor	1678	995	0.593	2404.0
GCA_022560135.1	Botrytis cinerea	no	HispS	CP080979.1	+	17070	20016	23	192.0	5.56e-86	28.189	HispS|Armillaria_gallica	1771	987	0.5573	3297.8
GCA_022560135.1	Botrytis cinerea	no	HispS	CP080979.1	+	4046218	4049290	50	118.0	1.11e-63	26.003	HispS|Armillaria_ostoyae	1770	981	0.5542	3137.7
GCA_022560135.1	Botrytis cinerea	no	HispS	CP080979.1	-	44415	47084	26	130.0	9.94e-51	36.052	HispS|Armillaria_gallica	1771	888	0.5014	2269.4
GCA_022560135.1	Botrytis cinerea	no	HispS	CP080979.1	-	3550596	3551093	1	60.1	2.01e-08	30.178	HispS|Mycena_chlorophos	1652	161	0.0975	60.1
GCA_022560135.1	Botrytis cinerea	no	HispS	CP080994.1	+	1850747	1853440	12	301.0	9.13e-82	30.612	HispS|Armillaria_fuscipes	1774	984	0.5547	3079.1
GCA_022560135.1	Botrytis cinerea	no	HispS	CP080994.1	-	760960	764301	12	306.0	2.52e-83	26.525	HispS|Armillaria_ostoyae	1770	1147	0.648	3059.2
GCA_022560135.1	Botrytis cinerea	no	HispS	CP080994.1	-	947613	948680	11	87.4	9.72e-17	28.662	HispS|Mycena_citricolor	1678	421	0.2509	805.0
GCA_022560135.1	Botrytis cinerea	no	HispS	CP080981.1	-	530851	531972	8	64.3	9.28e-10	26.087	HispS|Neonothopanus_gardneri	1691	394	0.233	455.6
GCA_022560135.1	Botrytis cinerea	no	HispS	CP080981.1	-	1517485	1520211	29	176.0	1.18e-43	33.731	HispS|Mycena_citricolor	1678	904	0.5387	3197.0
GCA_022560135.1	Botrytis cinerea	no	HispS	CP080981.1	-	2830516	2833170	11	312.0	4.03e-85	28.043	HispS|Armillaria_mellea	1768	950	0.5373	2981.0
GCA_022560135.1	Botrytis cinerea	no	HispS	CP080981.1	+	716646	719908	22	177.0	3.24e-44	29.279	HispS|Mycena_citricolor	1678	883	0.5262	2494.6
GCA_022560135.1	Botrytis cinerea	no	HispS	CP080992.1	-	635365	638091	11	288.0	9.18e-78	28.896	HispS|Armillaria_fuscipes	1774	917	0.5169	2768.0
GCA_022560135.1	Botrytis cinerea	no	HispS	CP080992.1	+	265606	268962	33	140.0	8.15e-37	32.986	HispS|Armillaria_fuscipes	1774	894	0.5039	2354.6
GCA_022560135.1	Botrytis cinerea	no	HispS	CP080992.1	+	657508	658455	1	51.2	9.63e-06	23.46	HispS|Neonothopanus_nambi	1678	311	0.1853	51.2
GCA_022560135.1	Botrytis cinerea	no	HispS	CP080986.1	-	95670	98333	11	262.0	8.34e-70	26.748	HispS|Armillaria_fuscipes	1774	965	0.544	2549.0
GCA_022560135.1	Botrytis cinerea	no	HispS	CP080985.1	+	1088549	1091902	43	102.0	2.33e-21	26.19	HispS|Neonothopanus_gardneri	1691	897	0.5305	3188.0
GCA_022560135.1	Botrytis cinerea	no	HispS	CP080988.1	+	102433	105225	42	113.0	1.1e-29	26.442	HispS|Panellus_stipticus	1504	821	0.5459	2696.7
GCA_022560135.1	Botrytis cinerea	no	HispS	CP080982.1	+	88546	89505	7	58.5	5.4e-08	23.83	HispS|Armillaria_fuscipes	1774	284	0.1601	360.1
GCA_022560135.1	Botrytis cinerea	no	HispS	CP080982.1	+	245518	246777	11	160.0	8.38e-39	30.645	HispS|Mycena_citricolor	1678	471	0.2807	1523.0
GCA_022560135.1	Botrytis cinerea	no	HispS	CP080982.1	+	554307	555767	8	73.6	1.41e-12	24.779	HispS|Neonothopanus_gardneri	1691	525	0.3105	414.7
GCA_022560135.1	Botrytis cinerea	no	HispS	CP080991.1	+	543323	546379	40	119.0	2.09e-26	26.471	HispS|Guyanagaster_necrorhiza	1766	969	0.5487	3140.7
GCA_022560135.1	Botrytis cinerea	no	HispS	CP080982.1	-	289336	289596	3	47.4	0.00013	36.0	HispS|Armillaria_gallica	1771	87	0.0491	139.1
GCA_022560135.1	Botrytis cinerea	no	HispS	CP080987.1	+	867983	868702	1	52.4	4.3e-06	24.314	HispS|Mycena_chlorophos	1652	242	0.1465	52.4
GCA_022560135.1	Botrytis cinerea	no	HispS	CP080990.1	+	1748258	1749118	1	48.9	4.69e-05	22.769	HispS|Mycena_chlorophos	1652	299	0.181	48.9
GCA_022560135.1	Botrytis cinerea	no	HispS	CP080985.1	-	1527133	1527456	1	45.1	0.000601	26.087	HispS|Mycena_citricolor	1678	114	0.0679	45.1
GCA_022560135.1	Botrytis cinerea	no	HispS	CP080993.1	-	1034109	1034573	1	45.4	0.000539	27.273	HispS|Neonothopanus_nambi	1678	146	0.087	45.4
GCA_022560135.1	Botrytis cinerea	no	H3H	CP080991.1	-	722153	722944	11	53.1	3.01e-07	26.596	H3H|Mycena_citricolor	419	281	0.6706	538.2
GCA_022560135.1	Botrytis cinerea	no	H3H	CP080991.1	-	1479938	1481242	14	187.0	2.18e-50	34.509	H3H|Omphalotus_olearius	540	423	0.7833	2314.0
GCA_022560135.1	Botrytis cinerea	no	H3H	CP080990.1	+	863630	864812	25	50.8	1.55e-12	27.405	H3H|Armillaria_fuscipes	426	326	0.7653	1010.3
GCA_022560135.1	Botrytis cinerea	no	H3H	CP080990.1	+	1992227	1993486	14	165.0	4.01e-44	32.353	H3H|Neonothopanus_nambi	422	424	1.0047	2058.0
GCA_022560135.1	Botrytis cinerea	no	H3H	CP080990.1	-	1686385	1693804	32	118.0	2.87e-28	26.389	H3H|Mycena_citricolor	419	415	0.9905	2708.3
GCA_022560135.1	Botrytis cinerea	no	H3H	CP080990.1	-	1714897	1715807	2	33.1	3.28e-05	23.636	H3H|Neonothopanus_nambi	422	271	0.6422	65.8
GCA_022560135.1	Botrytis cinerea	no	H3H	CP080987.1	-	1092674	1094095	21	137.0	1.22e-34	30.405	H3H|Guyanagaster_necrorhiza	443	328	0.7404	2096.0
GCA_022560135.1	Botrytis cinerea	no	H3H	CP080983.1	-	2843692	2844822	14	114.0	5.45e-27	25.722	H3H|Armillaria_fuscipes	426	374	0.8779	1425.9
GCA_022560135.1	Botrytis cinerea	no	H3H	CP080983.1	+	1266346	1267847	17	95.1	1.55e-20	24.225	H3H|Neonothopanus_nambi	422	375	0.8886	1323.1
GCA_022560135.1	Botrytis cinerea	no	H3H	CP080984.1	+	2528108	2529710	30	101.0	2.62e-28	25.776	H3H|Panellus_stipticus	428	409	0.9556	1856.9
GCA_022560135.1	Botrytis cinerea	no	H3H	CP080984.1	-	1967593	1968796	16	79.3	2.23e-15	31.333	H3H|Panellus_stipticus_3	428	343	0.8014	1072.3
GCA_022560135.1	Botrytis cinerea	no	H3H	CP080986.1	-	26713	27890	15	112.0	2.64e-26	29.73	H3H|Mycena_chlorophos	422	338	0.8009	1485.2
GCA_022560135.1	Botrytis cinerea	no	H3H	CP080986.1	-	1121952	1123019	2	58.2	9.65e-09	24.403	H3H|Neonothopanus_gardneri	416	348	0.8365	106.3
GCA_022560135.1	Botrytis cinerea	no	H3H	CP080986.1	-	2294184	2295644	30	75.1	4.15e-14	31.98	H3H|Armillaria_fuscipes	426	341	0.8005	1520.2
GCA_022560135.1	Botrytis cinerea	no	H3H	CP080986.1	+	2248718	2249947	14	110.0	9.71e-26	28.218	H3H|Mycena_citricolor	419	387	0.9236	1401.4
GCA_022560135.1	Botrytis cinerea	no	H3H	CP080979.1	+	2973394	2974766	29	99.8	9.65e-24	29.323	H3H|Panellus_stipticus_3	428	402	0.9393	1793.2
GCA_022560135.1	Botrytis cinerea	no	H3H	CP080980.1	-	109263	110462	14	70.1	1.65e-12	24.331	H3H|Guyanagaster_necrorhiza	443	423	0.9549	790.8
GCA_022560135.1	Botrytis cinerea	no	H3H	CP080993.1	-	834050	834601	3	43.1	0.000392	25.926	H3H|Neonothopanus_gardneri	416	209	0.5024	128.2
GCA_022560135.1	Botrytis cinerea	no	H3H	CP080993.1	-	1893074	1894221	26	69.3	3.41e-12	34.058	H3H|Panellus_stipticus	428	228	0.5327	1283.3
GCA_022560135.1	Botrytis cinerea	no	H3H	CP080985.1	+	17387	18190	14	51.6	1.19e-06	25.207	H3H|Panellus_stipticus	428	279	0.6519	646.5
GCA_022560135.1	Botrytis cinerea	no	H3H	CP080988.1	+	2023180	2024070	4	62.8	3.31e-10	27.966	H3H|Armillaria_mellea	429	285	0.6643	236.5
GCA_022560135.1	Botrytis cinerea	no	H3H	CP080979.1	-	617459	617881	7	48.1	1.26e-05	27.451	H3H|Panellus_stipticus	428	138	0.3224	325.1
GCA_022560135.1	Botrytis cinerea	no	H3H	CP080992.1	-	2206677	2207891	7	48.1	1.25e-05	24.267	H3H|Mycena_chlorophos	422	418	0.9905	314.6
GCA_022560135.1	Botrytis cinerea	no	H3H	CP080982.1	+	1362814	1363488	1	45.4	7.61e-05	24.28	H3H|Neonothopanus_gardneri	416	230	0.5529	45.4
GCA_022560135.1	Botrytis cinerea	no	H3H	CP080994.1	+	767533	768102	1	43.5	0.000328	25.263	H3H|Neonothopanus_gardneri	416	179	0.4303	43.5
GCA_022560135.1	Botrytis cinerea	no	CPH	CP080991.1	-	1228044	1229067	18	113.0	5.15e-53	51.818	CPH|Armillaria_ostoyae	302	316	1.0464	1445.3
GCA_022560135.1	Botrytis cinerea	no	CPH	CP080979.1	-	1921627	1922296	7	66.6	6.01e-12	31.852	CPH|Armillaria_fuscipes	294	205	0.6973	409.7
GCA_022560135.1	Botrytis cinerea	no	CPH	CP080979.1	-	2070817	2071859	8	174.0	6.28e-49	39.726	CPH|Armillaria_fuscipes	294	315	1.0714	1030.9
GCA_022560135.1	Botrytis cinerea	no	CPH	CP080981.1	+	1805142	1805968	12	73.9	2.56e-28	37.963	CPH|Armillaria_ostoyae	302	277	0.9172	815.9
GCA_022560135.1	Botrytis cinerea	no	Luz	CP080989.1	-	1677760	1678563	12	105.0	2.39e-25	28.519	Luz|Neonothopanus_gardneri	264	257	0.9735	1197.0
GCA_022560135.1	Botrytis cinerea	no	Luz	CP080991.1	+	1893187	1893977	20	92.0	5.2e-22	34.503	Luz|Mycena_chlorophos	251	257	1.0239	1339.1
GCA_039644125.1	Botrytis cinerea	no	HispS	CP080965.1	+	2158997	2161576	11	324.0	7.34e-89	29.837	HispS|Armillaria_ostoyae	1770	940	0.5311	3125.0
GCA_039644125.1	Botrytis cinerea	no	HispS	CP080965.1	-	2964290	2967808	54	125.0	8.08e-41	31.897	HispS|Armillaria_gallica	1771	1029	0.581	3006.1
GCA_039644125.1	Botrytis cinerea	no	HispS	CP080971.1	+	517230	518306	2	61.6	7.04e-09	24.679	HispS|Neonothopanus_gardneri	1691	373	0.2206	120.1
GCA_039644125.1	Botrytis cinerea	no	HispS	CP080971.1	+	952347	955160	12	320.0	1.65e-87	31.103	HispS|Armillaria_fuscipes	1774	998	0.5626	3198.9
GCA_039644125.1	Botrytis cinerea	no	HispS	CP080962.1	-	696543	699137	12	312.0	4.65e-85	30.925	HispS|Armillaria_fuscipes	1774	891	0.5023	3125.3
GCA_039644125.1	Botrytis cinerea	no	HispS	CP080962.1	-	911796	912227	1	48.1	7.64e-05	28.571	HispS|Armillaria_fuscipes	1774	140	0.0789	48.1
GCA_039644125.1	Botrytis cinerea	no	HispS	CP080962.1	-	3194680	3197649	12	311.0	7.07e-85	28.228	HispS|Armillaria_fuscipes	1774	1024	0.5772	3055.5
GCA_039644125.1	Botrytis cinerea	no	HispS	CP080962.1	-	3226452	3229402	22	137.0	6.33e-32	32.075	HispS|Mycena_citricolor	1678	995	0.593	2404.0
GCA_039644125.1	Botrytis cinerea	no	HispS	CP080961.1	+	42609	45555	23	187.0	3.32e-84	27.874	HispS|Armillaria_gallica	1771	987	0.5573	3282.8
GCA_039644125.1	Botrytis cinerea	no	HispS	CP080961.1	+	4161782	4164854	50	117.0	6.47e-64	26.307	HispS|Armillaria_fuscipes	1774	981	0.553	3138.9
GCA_039644125.1	Botrytis cinerea	no	HispS	CP080961.1	-	93989	96658	26	130.0	3.69e-50	36.052	HispS|Armillaria_gallica	1771	888	0.5014	2264.2
GCA_039644125.1	Botrytis cinerea	no	HispS	CP080961.1	-	3689008	3689505	1	60.1	2.09e-08	30.178	HispS|Mycena_chlorophos	1652	161	0.0975	60.1
GCA_039644125.1	Botrytis cinerea	no	HispS	CP080976.1	+	1843691	1846384	12	302.0	5.68e-82	29.916	HispS|Armillaria_ostoyae	1770	984	0.5559	3082.1
GCA_039644125.1	Botrytis cinerea	no	HispS	CP080976.1	-	732214	735555	12	302.0	5.3e-82	26.433	HispS|Armillaria_ostoyae	1770	1147	0.648	3034.2
GCA_039644125.1	Botrytis cinerea	no	HispS	CP080976.1	-	919029	920096	11	87.4	1.01e-16	28.662	HispS|Mycena_citricolor	1678	421	0.2509	805.0
GCA_039644125.1	Botrytis cinerea	no	HispS	CP080963.1	-	582545	583666	8	64.3	9.64e-10	26.087	HispS|Neonothopanus_gardneri	1691	394	0.233	455.6
GCA_039644125.1	Botrytis cinerea	no	HispS	CP080963.1	-	1590345	1593383	31	176.0	1.23e-43	33.731	HispS|Mycena_citricolor	1678	939	0.5596	3295.2
GCA_039644125.1	Botrytis cinerea	no	HispS	CP080963.1	-	2917619	2920273	11	312.0	4.19e-85	28.043	HispS|Armillaria_mellea	1768	950	0.5373	2981.0
GCA_039644125.1	Botrytis cinerea	no	HispS	CP080963.1	-	3547477	3550269	48	117.0	3.19e-44	27.123	HispS|Panellus_stipticus	1504	825	0.5485	3470.8
GCA_039644125.1	Botrytis cinerea	no	HispS	CP080963.1	+	779271	782533	22	177.0	3.37e-44	29.279	HispS|Mycena_citricolor	1678	883	0.5262	2494.6
GCA_039644125.1	Botrytis cinerea	no	HispS	CP080974.1	-	599660	602386	11	285.0	8.45e-77	28.896	HispS|Armillaria_fuscipes	1774	917	0.5169	2740.0
GCA_039644125.1	Botrytis cinerea	no	HispS	CP080974.1	+	283101	286460	42	84.7	4.81e-37	34.731	HispS|Armillaria_ostoyae	1770	858	0.4847	2492.1
GCA_039644125.1	Botrytis cinerea	no	HispS	CP080974.1	+	616227	617174	1	48.5	6.94e-05	22.874	HispS|Neonothopanus_nambi	1678	311	0.1853	48.5
GCA_039644125.1	Botrytis cinerea	no	HispS	CP080968.1	-	303568	306231	11	262.0	7.13e-70	26.932	HispS|Armillaria_fuscipes	1774	965	0.544	2543.0
GCA_039644125.1	Botrytis cinerea	no	HispS	CP080967.1	+	1078619	1081969	43	102.0	2.42e-21	26.19	HispS|Neonothopanus_gardneri	1691	897	0.5305	3191.5
GCA_039644125.1	Botrytis cinerea	no	HispS	CP080970.1	+	80463	83492	45	109.0	1.64e-23	24.359	HispS|Panellus_stipticus	1504	825	0.5485	3040.5
GCA_039644125.1	Botrytis cinerea	no	HispS	CP080964.1	+	85478	86437	6	58.2	7.1e-08	23.83	HispS|Armillaria_fuscipes	1774	283	0.1595	316.2
GCA_039644125.1	Botrytis cinerea	no	HispS	CP080964.1	+	248242	249456	11	157.0	6.23e-38	30.583	HispS|Mycena_citricolor	1678	471	0.2807	1496.0
GCA_039644125.1	Botrytis cinerea	no	HispS	CP080964.1	+	652025	653485	8	73.6	1.56e-12	24.779	HispS|Neonothopanus_gardneri	1691	525	0.3105	414.3
GCA_039644125.1	Botrytis cinerea	no	HispS	CP080973.1	+	551896	554952	40	117.0	8.69e-26	26.471	HispS|Guyanagaster_necrorhiza	1766	969	0.5487	3130.3
GCA_039644125.1	Botrytis cinerea	no	HispS	CP080964.1	-	319531	319791	3	47.4	0.000135	36.0	HispS|Armillaria_gallica	1771	87	0.0491	139.1
GCA_039644125.1	Botrytis cinerea	no	HispS	CP080969.1	+	845327	846046	1	53.5	1.82e-06	24.314	HispS|Mycena_chlorophos	1652	242	0.1465	53.5
GCA_039644125.1	Botrytis cinerea	no	HispS	CP080972.1	+	1721381	1722241	1	48.9	4.52e-05	22.769	HispS|Mycena_chlorophos	1652	299	0.181	48.9
GCA_039644125.1	Botrytis cinerea	no	HispS	CP080967.1	-	1523129	1523452	1	45.1	0.000624	26.087	HispS|Mycena_citricolor	1678	114	0.0679	45.1
GCA_039644125.1	Botrytis cinerea	no	H3H	CP080973.1	-	711976	712767	11	53.1	3.92e-07	26.596	H3H|Mycena_citricolor	419	281	0.6706	542.3
GCA_039644125.1	Botrytis cinerea	no	H3H	CP080973.1	-	1457201	1458505	14	186.0	3.76e-51	35.101	H3H|Neonothopanus_gardneri	416	423	1.0168	2313.0
GCA_039644125.1	Botrytis cinerea	no	H3H	CP080972.1	+	875723	876713	25	52.0	6.88e-13	26.042	H3H|Armillaria_fuscipes	426	294	0.6901	1011.1
GCA_039644125.1	Botrytis cinerea	no	H3H	CP080972.1	+	2007993	2009252	14	165.0	4.16e-44	32.353	H3H|Neonothopanus_nambi	422	424	1.0047	2058.0
GCA_039644125.1	Botrytis cinerea	no	H3H	CP080972.1	-	1659780	1667151	28	118.0	2.98e-28	26.389	H3H|Mycena_citricolor	419	415	0.9905	2598.8
GCA_039644125.1	Botrytis cinerea	no	H3H	CP080972.1	-	1688231	1689141	2	33.1	3.4e-05	23.636	H3H|Neonothopanus_nambi	422	271	0.6422	65.8
GCA_039644125.1	Botrytis cinerea	no	H3H	CP080969.1	-	1070115	1071536	21	138.0	1.17e-34	30.405	H3H|Guyanagaster_necrorhiza	443	328	0.7404	2102.0
GCA_039644125.1	Botrytis cinerea	no	H3H	CP080965.1	-	2884094	2885224	14	114.0	5.67e-27	25.722	H3H|Armillaria_fuscipes	426	374	0.8779	1425.9
GCA_039644125.1	Botrytis cinerea	no	H3H	CP080965.1	+	1269870	1271371	17	94.7	2.32e-20	24.225	H3H|Neonothopanus_nambi	422	375	0.8886	1318.4
GCA_039644125.1	Botrytis cinerea	no	H3H	CP080966.1	+	2654206	2655805	30	101.0	3.01e-28	25.776	H3H|Panellus_stipticus	428	403	0.9416	1858.9
GCA_039644125.1	Botrytis cinerea	no	H3H	CP080966.1	-	1980813	1982016	16	79.3	2.32e-15	31.333	H3H|Panellus_stipticus_3	428	343	0.8014	1072.3
GCA_039644125.1	Botrytis cinerea	no	H3H	CP080968.1	-	137848	139025	15	112.0	2.75e-26	29.73	H3H|Mycena_chlorophos	422	338	0.8009	1485.2
GCA_039644125.1	Botrytis cinerea	no	H3H	CP080968.1	-	1398786	1399847	1	58.9	5.23e-09	24.74	H3H|Neonothopanus_gardneri	416	333	0.8005	58.9
GCA_039644125.1	Botrytis cinerea	no	H3H	CP080968.1	-	2593499	2594959	30	75.1	4.32e-14	31.98	H3H|Armillaria_fuscipes	426	341	0.8005	1518.2
GCA_039644125.1	Botrytis cinerea	no	H3H	CP080968.1	+	2548310	2549464	14	110.0	1.77e-25	27.97	H3H|Mycena_citricolor	419	369	0.8807	1395.8
GCA_039644125.1	Botrytis cinerea	no	H3H	CP080961.1	+	3112261	3113633	26	99.8	5.75e-22	29.323	H3H|Panellus_stipticus_3	428	369	0.8621	1703.3
GCA_039644125.1	Botrytis cinerea	no	H3H	CP080962.1	+	96225	97522	31	59.7	1.18e-14	24.259	H3H|Panellus_stipticus	428	387	0.9042	1430.7
GCA_039644125.1	Botrytis cinerea	no	H3H	CP080962.1	-	167134	168333	14	70.5	1.4e-12	24.574	H3H|Guyanagaster_necrorhiza	443	423	0.9549	785.3
GCA_039644125.1	Botrytis cinerea	no	H3H	CP080975.1	-	809118	809669	3	43.1	0.000408	25.926	H3H|Neonothopanus_gardneri	416	209	0.5024	128.2
GCA_039644125.1	Botrytis cinerea	no	H3H	CP080975.1	-	1870810	1871957	26	69.3	3.54e-12	34.058	H3H|Panellus_stipticus	428	228	0.5327	1283.3
GCA_039644125.1	Botrytis cinerea	no	H3H	CP080967.1	+	32215	33018	14	51.6	1.23e-06	25.207	H3H|Panellus_stipticus	428	279	0.6519	646.5
GCA_039644125.1	Botrytis cinerea	no	H3H	CP080970.1	+	2075093	2075983	4	60.5	1.84e-09	28.139	H3H|Armillaria_mellea	429	285	0.6643	229.6
GCA_039644125.1	Botrytis cinerea	no	H3H	CP080964.1	+	1463680	1464360	3	46.6	3.56e-05	24.691	H3H|Neonothopanus_gardneri	416	242	0.5817	132.5
GCA_039644125.1	Botrytis cinerea	no	H3H	CP080961.1	-	675130	675552	7	48.1	1.31e-05	27.451	H3H|Panellus_stipticus	428	138	0.3224	325.1
GCA_039644125.1	Botrytis cinerea	no	CPH	CP080973.1	-	1198239	1199262	18	113.0	5.35e-53	51.818	CPH|Armillaria_ostoyae	302	316	1.0464	1445.3
GCA_039644125.1	Botrytis cinerea	no	CPH	CP080961.1	-	2041113	2041782	7	66.6	6.25e-12	31.852	CPH|Armillaria_fuscipes	294	205	0.6973	409.7
GCA_039644125.1	Botrytis cinerea	no	CPH	CP080961.1	-	2212703	2213745	8	174.0	8.87e-49	39.726	CPH|Armillaria_fuscipes	294	315	1.0714	1030.5
GCA_039644125.1	Botrytis cinerea	no	CPH	CP080963.1	+	1878298	1879124	12	73.9	2.39e-28	37.963	CPH|Armillaria_ostoyae	302	277	0.9172	816.8
GCA_039644125.1	Botrytis cinerea	no	Luz	CP080971.1	-	1701659	1702462	12	105.0	2.49e-25	28.519	Luz|Neonothopanus_gardneri	264	257	0.9735	1197.0
GCA_039644125.1	Botrytis cinerea	no	Luz	CP080973.1	+	1882188	1882978	20	92.0	5.41e-22	34.503	Luz|Mycena_chlorophos	251	257	1.0239	1339.1
GCA_041438225.1	Candida albicans	yes	HispS	CM084633.1	+	1091878	1093098	11	82.0	1.61e-15	25.344	HispS|Mycena_citricolor	1678	421	0.2509	742.0
GCA_041438225.1	Candida albicans	yes	HispS	CM084638.1	+	1195222	1196235	11	60.5	5.58e-09	25.723	HispS|Armillaria_mellea	1768	383	0.2166	582.7
GCA_041438225.1	Candida albicans	yes	HispS	CM084638.1	+	2235921	2236430	1	51.2	3.59e-06	24.084	HispS|Armillaria_fuscipes	1774	171	0.0964	51.2
GCA_041438225.1	Candida albicans	yes	HispS	CM084633.1	-	600342	600749	2	45.8	0.000133	25.175	HispS|Mycena_chlorophos	1652	135	0.0817	90.1
GCA_041438225.1	Candida albicans	yes	HispS	CM084633.1	-	1346765	1347175	4	56.2	9.17e-08	30.556	HispS|Mycena_citricolor	1678	153	0.0912	195.6
GCA_041438225.1	Candida albicans	yes	HispS	CM084635.1	-	41579	42154	1	43.5	0.000739	26.562	HispS|Armillaria_mellea	1768	144	0.0814	43.5
GCA_041438225.1	Candida albicans	yes	HispS	CM084632.1	+	1257103	1257450	1	43.9	0.000525	25.6	HispS|Mycena_citricolor	1678	123	0.0733	43.9
GCA_041438225.1	Candida albicans	yes	HispS	CM084632.1	-	2160788	2161531	1	43.9	0.000543	24.06	HispS|Neonothopanus_gardneri	1691	247	0.1461	43.9
GCA_041438225.1	Candida albicans	yes	H3H	CM084633.1	-	27034	28230	13	64.7	2.7e-11	23.112	H3H|Panellus_stipticus_3	428	424	0.9907	688.3
GCA_041438225.1	Candida albicans	yes	H3H	CM084631.1	-	735733	736473	5	42.4	0.00022	26.087	H3H|Neonothopanus_nambi	422	231	0.5474	207.2
GCA_041438225.1	Candida albicans	yes	H3H	CM084631.1	-	1872866	1873138	3	41.2	0.000589	31.395	H3H|Armillaria_mellea	429	87	0.2028	122.8
GCA_041438225.1	Candida albicans	yes	CPH	CM084632.1	+	1636170	1637081	6	233.0	8.26e-70	44.04	CPH|Armillaria_gallica	302	315	1.043	1293.0
GCA_041438225.1	Candida albicans	yes	CPH	CM084631.1	-	3156409	3157047	6	98.2	7.96e-23	31.718	CPH|Neonothopanus_gardneri	321	244	0.7601	559.2
GCA_032688725.1	Candida albicans	no	HispS	CP128826.1	+	1094525	1095745	11	85.1	1.76e-16	25.895	HispS|Mycena_citricolor	1678	421	0.2509	769.9
GCA_032688725.1	Candida albicans	no	HispS	CP128824.1	+	1225356	1226369	10	57.8	3.65e-08	26.045	HispS|Armillaria_mellea	1768	383	0.2166	529.9
GCA_032688725.1	Candida albicans	no	HispS	CP128824.1	+	2255913	2256422	1	51.2	3.62e-06	24.084	HispS|Armillaria_fuscipes	1774	171	0.0964	51.2
GCA_032688725.1	Candida albicans	no	HispS	CP128826.1	-	604183	604590	2	46.6	8.57e-05	25.874	HispS|Mycena_chlorophos	1652	135	0.0817	91.7
GCA_032688725.1	Candida albicans	no	HispS	CP128826.1	-	1349143	1349553	4	56.2	9.24e-08	30.556	HispS|Mycena_citricolor	1678	153	0.0912	195.6
GCA_032688725.1	Candida albicans	no	HispS	CP128828.1	-	37393	37968	1	43.5	0.000726	26.562	HispS|Armillaria_mellea	1768	144	0.0814	43.5
GCA_032688725.1	Candida albicans	no	HispS	CP128825.1	-	2158518	2159261	1	43.9	0.000547	24.06	HispS|Neonothopanus_gardneri	1691	247	0.1461	43.9
GCA_032688725.1	Candida albicans	no	H3H	CP128826.1	-	31302	32498	13	64.7	3.02e-11	23.112	H3H|Panellus_stipticus_3	428	424	0.9907	686.8
GCA_032688725.1	Candida albicans	no	H3H	CP128823.1	-	740428	741168	5	42.4	0.000222	26.087	H3H|Neonothopanus_nambi	422	231	0.5474	207.2
GCA_032688725.1	Candida albicans	no	H3H	CP128823.1	-	1906909	1907181	3	41.2	0.000594	31.395	H3H|Armillaria_mellea	429	87	0.2028	122.8
GCA_032688725.1	Candida albicans	no	CPH	CP128825.1	+	1645194	1646105	6	232.0	2.75e-69	43.709	CPH|Armillaria_gallica	302	315	1.043	1284.0
GCA_032688725.1	Candida albicans	no	CPH	CP128823.1	-	3187429	3187998	6	97.4	1.57e-22	31.633	CPH|Neonothopanus_gardneri	321	211	0.6573	559.6
GCA_041438215.1	Candida albicans	yes	HispS	CM084625.1	+	1086867	1088087	11	80.5	4.33e-15	25.069	HispS|Mycena_citricolor	1678	421	0.2509	714.5
GCA_041438215.1	Candida albicans	yes	HispS	CM084630.1	+	1207080	1208093	11	60.5	5.56e-09	25.723	HispS|Armillaria_mellea	1768	383	0.2166	582.7
GCA_041438215.1	Candida albicans	yes	HispS	JBEPJU010000003.1	+	343787	344296	1	51.2	3.58e-06	24.084	HispS|Armillaria_fuscipes	1774	171	0.0964	51.2
GCA_041438215.1	Candida albicans	yes	HispS	CM084625.1	-	598296	598703	2	46.6	8.47e-05	25.874	HispS|Mycena_chlorophos	1652	135	0.0817	91.7
GCA_041438215.1	Candida albicans	yes	HispS	CM084625.1	-	1341509	1341919	4	56.2	9.14e-08	30.556	HispS|Mycena_citricolor	1678	153	0.0912	195.6
GCA_041438215.1	Candida albicans	yes	HispS	CM084627.1	-	41582	42157	1	43.5	0.000736	26.562	HispS|Armillaria_mellea	1768	144	0.0814	43.5
GCA_041438215.1	Candida albicans	yes	HispS	CM084624.1	+	1256775	1257122	1	43.9	0.00051	25.6	HispS|Mycena_citricolor	1678	123	0.0733	43.9
GCA_041438215.1	Candida albicans	yes	HispS	CM084624.1	-	2154288	2155031	1	43.9	0.000541	24.06	HispS|Neonothopanus_gardneri	1691	247	0.1461	43.9
GCA_041438215.1	Candida albicans	yes	H3H	CM084625.1	-	25023	26219	13	64.7	2.69e-11	23.112	H3H|Panellus_stipticus_3	428	424	0.9907	688.3
GCA_041438215.1	Candida albicans	yes	H3H	CM084623.1	-	738069	738809	5	42.4	0.000219	26.087	H3H|Neonothopanus_nambi	422	231	0.5474	207.2
GCA_041438215.1	Candida albicans	yes	H3H	CM084629.1	-	776043	776315	3	41.2	0.000587	31.395	H3H|Armillaria_mellea	429	87	0.2028	122.8
GCA_041438215.1	Candida albicans	yes	CPH	CM084624.1	+	1639881	1640792	6	234.0	3.85e-70	44.04	CPH|Armillaria_gallica	302	315	1.043	1300.0
GCA_041438215.1	Candida albicans	yes	CPH	CM084629.1	-	2068575	2069213	6	98.2	7.93e-23	31.718	CPH|Neonothopanus_gardneri	321	244	0.7601	559.2
GCA_056320445.1	Chaetomium globosum	yes	HispS	JBHFOV010000005.1	+	2037436	2040102	12	313.0	1.39e-85	30.73	HispS|Guyanagaster_necrorhiza	1766	962	0.5447	3116.3
GCA_056320445.1	Chaetomium globosum	yes	HispS	JBHFOV010000005.1	+	3959035	3961786	15	293.0	2.11e-79	30.196	HispS|Armillaria_ostoyae	1770	826	0.4667	2946.9
GCA_056320445.1	Chaetomium globosum	yes	HispS	JBHFOV010000005.1	+	4121001	4121549	1	45.1	0.000498	26.087	HispS|Armillaria_ostoyae	1770	167	0.0944	45.1
GCA_056320445.1	Chaetomium globosum	yes	HispS	JBHFOV010000005.1	-	192396	195178	19	168.0	2.89e-41	32.647	HispS|Guyanagaster_necrorhiza	1766	858	0.4858	2037.4
GCA_056320445.1	Chaetomium globosum	yes	HispS	JBHFOV010000005.1	-	1282260	1283114	4	55.5	3.69e-07	28.022	HispS|Armillaria_mellea	1768	270	0.1527	205.7
GCA_056320445.1	Chaetomium globosum	yes	HispS	JBHFOV010000005.1	-	3681429	3684241	23	179.0	1.95e-75	29.032	HispS|Neonothopanus_nambi	1678	984	0.5864	3220.9
GCA_056320445.1	Chaetomium globosum	yes	HispS	JBHFOV010000001.1	-	202826	205660	12	279.0	4.04e-75	28.038	HispS|Armillaria_mellea	1768	967	0.5469	2908.7
GCA_056320445.1	Chaetomium globosum	yes	HispS	JBHFOV010000001.1	-	331557	334599	38	119.0	8.9e-39	33.333	HispS|Mycena_citricolor	1678	920	0.5483	2500.6
GCA_056320445.1	Chaetomium globosum	yes	HispS	JBHFOV010000001.1	-	515035	517527	12	290.0	2.04e-78	28.248	HispS|Armillaria_ostoyae	1770	875	0.4944	2845.1
GCA_056320445.1	Chaetomium globosum	yes	HispS	JBHFOV010000001.1	-	1436363	1439176	11	318.0	5.04e-87	28.965	HispS|Guyanagaster_necrorhiza	1766	983	0.5566	3065.0
GCA_056320445.1	Chaetomium globosum	yes	HispS	JBHFOV010000001.1	-	3104930	3107828	23	200.0	6.07e-71	31.51	HispS|Armillaria_fuscipes	1774	924	0.5209	2981.5
GCA_056320445.1	Chaetomium globosum	yes	HispS	JBHFOV010000001.1	+	832027	835022	23	237.0	5.77e-79	34.676	HispS|Armillaria_gallica	1771	955	0.5392	3216.0
GCA_056320445.1	Chaetomium globosum	yes	HispS	JBHFOV010000001.1	+	3222844	3225558	11	291.0	1.11e-78	28.149	HispS|Armillaria_fuscipes	1774	922	0.5197	2763.0
GCA_056320445.1	Chaetomium globosum	yes	HispS	JBHFOV010000003.1	+	687392	690390	22	231.0	1.22e-60	29.412	HispS|Armillaria_gallica	1771	1020	0.5759	3168.3
GCA_056320445.1	Chaetomium globosum	yes	HispS	JBHFOV010000003.1	+	2160171	2163565	31	152.0	4.96e-61	25.886	HispS|Guyanagaster_necrorhiza	1766	963	0.5453	2995.7
GCA_056320445.1	Chaetomium globosum	yes	HispS	JBHFOV010000003.1	+	2363659	2366876	41	145.0	2.17e-69	29.058	HispS|Armillaria_gallica	1771	968	0.5466	3136.7
GCA_056320445.1	Chaetomium globosum	yes	HispS	JBHFOV010000003.1	+	2491725	2494176	12	265.0	7.68e-71	29.182	HispS|Guyanagaster_necrorhiza	1766	788	0.4462	2605.2
GCA_056320445.1	Chaetomium globosum	yes	HispS	JBHFOV010000003.1	+	2515749	2518544	11	250.0	2.71e-66	28.313	HispS|Armillaria_fuscipes	1774	878	0.4949	2477.0
GCA_056320445.1	Chaetomium globosum	yes	HispS	JBHFOV010000003.1	+	4653550	4656199	23	211.0	5.04e-75	37.462	HispS|Armillaria_fuscipes	1774	883	0.4977	3078.0
GCA_056320445.1	Chaetomium globosum	yes	HispS	JBHFOV010000007.1	+	627149	630112	11	284.0	1.26e-76	27.887	HispS|Armillaria_mellea	1768	1008	0.5701	2858.0
GCA_056320445.1	Chaetomium globosum	yes	HispS	JBHFOV010000007.1	+	795230	798460	18	273.0	2.16e-73	29.301	HispS|Mycena_citricolor	1678	1237	0.7372	3000.4
GCA_056320445.1	Chaetomium globosum	yes	HispS	JBHFOV010000007.1	+	1259402	1262323	31	121.0	8.18e-60	26.16	HispS|Mycena_citricolor	1678	878	0.5232	2606.3
GCA_056320445.1	Chaetomium globosum	yes	HispS	JBHFOV010000007.1	+	1703136	1704092	6	54.3	8.73e-07	23.839	HispS|Guyanagaster_necrorhiza	1766	282	0.1597	308.4
GCA_056320445.1	Chaetomium globosum	yes	HispS	JBHFOV010000007.1	+	1794941	1797723	22	216.0	3.5e-68	29.333	HispS|Armillaria_ostoyae	1770	927	0.5237	2769.5
GCA_056320445.1	Chaetomium globosum	yes	HispS	JBHFOV010000007.1	-	1424588	1427643	22	191.0	9.13e-73	26.774	HispS|Guyanagaster_necrorhiza	1766	958	0.5425	2931.1
GCA_056320445.1	Chaetomium globosum	yes	HispS	JBHFOV010000007.1	-	1884932	1887703	11	243.0	4.58e-64	25.601	HispS|Armillaria_mellea	1768	955	0.5402	2440.0
GCA_056320445.1	Chaetomium globosum	yes	HispS	JBHFOV010000007.1	-	2234746	2238871	2	45.4	0.000462	30.282	HispS|Neonothopanus_nambi	1678	383	0.2282	90.5
GCA_056320445.1	Chaetomium globosum	yes	HispS	JBHFOV010000006.1	-	306546	309843	31	122.0	1.77e-27	32.759	HispS|Panellus_stipticus	1504	953	0.6336	2894.9
GCA_056320445.1	Chaetomium globosum	yes	HispS	JBHFOV010000006.1	-	1247004	1250339	33	116.0	6.05e-64	31.33	HispS|Armillaria_ostoyae	1770	997	0.5633	2850.3
GCA_056320445.1	Chaetomium globosum	yes	HispS	JBHFOV010000006.1	-	2185711	2186133	1	45.4	0.000381	28.105	HispS|Neonothopanus_nambi	1678	151	0.09	45.4
GCA_056320445.1	Chaetomium globosum	yes	HispS	JBHFOV010000006.1	+	2192764	2195835	27	182.0	7.16e-72	35.314	HispS|Mycena_citricolor	1678	913	0.5441	2954.2
GCA_056320445.1	Chaetomium globosum	yes	HispS	JBHFOV010000006.1	+	4327871	4330863	22	147.0	3.46e-59	35.647	HispS|Mycena_citricolor	1678	934	0.5566	2723.4
GCA_056320445.1	Chaetomium globosum	yes	HispS	JBHFOV010000004.1	-	243731	246954	22	184.0	7.09e-71	27.329	HispS|Guyanagaster_necrorhiza	1766	1002	0.5674	2862.9
GCA_056320445.1	Chaetomium globosum	yes	HispS	JBHFOV010000004.1	-	3455731	3457269	1	47.0	0.000139	22.552	HispS|Mycena_chlorophos	1652	517	0.313	47.0
GCA_056320445.1	Chaetomium globosum	yes	HispS	JBHFOV010000004.1	-	4576942	4581798	3	51.6	6.21e-06	23.004	HispS|Neonothopanus_nambi	1678	527	0.3141	145.5
GCA_056320445.1	Chaetomium globosum	yes	HispS	JBHFOV010000004.1	+	1345158	1345850	9	52.4	2.94e-06	26.18	HispS|Mycena_citricolor	1678	240	0.143	437.5
GCA_056320445.1	Chaetomium globosum	yes	HispS	JBHFOV010000004.1	+	4049093	4049860	1	45.8	0.000296	23.684	HispS|Mycena_chlorophos	1652	242	0.1465	45.8
GCA_056320445.1	Chaetomium globosum	yes	HispS	JBHFOV010000004.1	+	4398212	4399060	5	53.5	1.5e-06	24.742	HispS|Guyanagaster_necrorhiza	1766	266	0.1506	244.1
GCA_056320445.1	Chaetomium globosum	yes	HispS	JBHFOV010000004.1	+	4644388	4664897	59	172.0	1.22e-42	27.548	HispS|Armillaria_ostoyae	1770	969	0.5475	5081.4
GCA_056320445.1	Chaetomium globosum	yes	HispS	JBHFOV010000002.1	-	598419	601523	11	183.0	7.33e-46	24.365	HispS|Armillaria_fuscipes	1774	917	0.5169	1835.0
GCA_056320445.1	Chaetomium globosum	yes	HispS	JBHFOV010000002.1	-	1692838	1693164	2	49.7	2.39e-05	28.448	HispS|Mycena_citricolor	1678	115	0.0685	95.1
GCA_056320445.1	Chaetomium globosum	yes	HispS	JBHFOV010000002.1	-	4318606	4321270	23	176.0	4.1e-67	34.174	HispS|Mycena_citricolor	1678	881	0.525	2806.9
GCA_056320445.1	Chaetomium globosum	yes	HispS	JBHFOV010000002.1	-	4365679	4368947	41	110.0	8.24e-44	30.172	HispS|Mycena_citricolor	1678	995	0.593	3043.9
GCA_056320445.1	Chaetomium globosum	yes	HispS	JBHFOV010000008.1	-	534907	538108	32	172.0	3.87e-43	34.615	HispS|Armillaria_fuscipes	1774	922	0.5197	3080.7
GCA_056320445.1	Chaetomium globosum	yes	HispS	JBHFOV010000008.1	+	564559	567960	23	159.0	9.38e-39	31.014	HispS|Armillaria_mellea	1768	1023	0.5786	2797.4
GCA_056320445.1	Chaetomium globosum	yes	HispS	JBHFOV010000003.1	-	1086015	1086503	1	47.4	0.000117	24.309	HispS|Mycena_citricolor	1678	169	0.1007	47.4
GCA_056320445.1	Chaetomium globosum	yes	HispS	JBHFOV010000002.1	+	4696857	4697678	1	46.2	0.000221	26.37	HispS|Neonothopanus_nambi	1678	265	0.1579	46.2
GCA_056320445.1	Chaetomium globosum	yes	H3H	JBHFOV010000007.1	+	1248769	1250322	38	106.0	3.83e-30	32.444	H3H|Armillaria_fuscipes	426	347	0.8146	2386.3
GCA_056320445.1	Chaetomium globosum	yes	H3H	JBHFOV010000003.1	-	145996	147125	27	68.2	5.97e-12	31.746	H3H|Neonothopanus_nambi	422	332	0.7867	1591.4
GCA_056320445.1	Chaetomium globosum	yes	H3H	JBHFOV010000003.1	-	2351780	2352382	8	46.2	3.73e-05	28.108	H3H|Armillaria_ostoyae	426	194	0.4554	352.3
GCA_056320445.1	Chaetomium globosum	yes	H3H	JBHFOV010000003.1	-	4880274	4881551	14	110.0	8.57e-26	29.178	H3H|Armillaria_fuscipes	426	434	1.0188	1307.7
GCA_056320445.1	Chaetomium globosum	yes	H3H	JBHFOV010000003.1	+	662553	662885	2	43.9	0.000185	29.808	H3H|Neonothopanus_gardneri	416	104	0.25	85.9
GCA_056320445.1	Chaetomium globosum	yes	H3H	JBHFOV010000003.1	+	2512183	2513487	21	68.9	3.26e-12	30.247	H3H|Mycena_chlorophos	422	353	0.8365	1170.2
GCA_056320445.1	Chaetomium globosum	yes	H3H	JBHFOV010000003.1	+	2661258	2662689	19	54.3	1.07e-07	25.822	H3H|Panellus_stipticus	428	303	0.7079	866.1
GCA_056320445.1	Chaetomium globosum	yes	H3H	JBHFOV010000005.1	+	2901661	2901978	1	42.0	0.000826	31.193	H3H|Mycena_chlorophos	422	106	0.2512	42.0
GCA_056320445.1	Chaetomium globosum	yes	H3H	JBHFOV010000005.1	+	3882728	3884014	14	109.0	2.03e-25	27.487	H3H|Armillaria_ostoyae	426	439	1.0305	1298.2
GCA_056320445.1	Chaetomium globosum	yes	H3H	JBHFOV010000005.1	-	4444847	4445542	10	50.4	2.08e-06	33.654	H3H|Panellus_stipticus_3	428	237	0.5537	467.2
GCA_056320445.1	Chaetomium globosum	yes	H3H	JBHFOV010000002.1	+	581465	582930	15	68.9	3.29e-12	31.452	H3H|Mycena_chlorophos	422	427	1.0118	887.3
GCA_056320445.1	Chaetomium globosum	yes	H3H	JBHFOV010000002.1	+	628140	629334	9	52.8	3.91e-07	24.503	H3H|Panellus_stipticus_3	428	367	0.8575	407.4
GCA_056320445.1	Chaetomium globosum	yes	H3H	JBHFOV010000002.1	+	3362406	3363794	14	100.0	2.75e-22	26.087	H3H|Armillaria_mellea	429	425	0.9907	1234.6
GCA_056320445.1	Chaetomium globosum	yes	H3H	JBHFOV010000001.1	-	54950	55935	48	96.7	4.07e-27	31.298	H3H|Guyanagaster_necrorhiza	443	283	0.6388	2435.1
GCA_056320445.1	Chaetomium globosum	yes	H3H	JBHFOV010000001.1	-	4709755	4711115	42	69.3	2.64e-21	26.217	H3H|Mycena_chlorophos	422	375	0.8886	1958.7
GCA_056320445.1	Chaetomium globosum	yes	H3H	JBHFOV010000006.1	+	638430	639839	25	93.2	4.04e-20	26.097	H3H|Neonothopanus_gardneri	416	416	1.0	1463.3
GCA_056320445.1	Chaetomium globosum	yes	H3H	JBHFOV010000006.1	+	1578675	1579905	22	86.3	9.54e-18	24.691	H3H|Panellus_stipticus	428	380	0.8879	1443.1
GCA_056320445.1	Chaetomium globosum	yes	H3H	JBHFOV010000006.1	+	3174146	3174514	5	44.7	0.000126	33.071	H3H|Armillaria_gallica	422	104	0.2464	217.2
GCA_056320445.1	Chaetomium globosum	yes	H3H	JBHFOV010000006.1	-	139441	140826	14	82.0	1.76e-16	24.39	H3H|Mycena_citricolor	419	419	1.0	973.5
GCA_056320445.1	Chaetomium globosum	yes	H3H	JBHFOV010000004.1	+	1651808	1652899	6	50.8	1.56e-06	23.671	H3H|Neonothopanus_nambi	422	383	0.9076	285.3
GCA_056320445.1	Chaetomium globosum	yes	H3H	JBHFOV010000002.1	-	4727205	4728323	7	62.0	4.83e-10	24.051	H3H|Armillaria_mellea	429	380	0.8858	372.5
GCA_056320445.1	Chaetomium globosum	yes	CPH	JBHFOV010000006.1	+	1930354	1931493	7	183.0	4.13e-52	33.244	CPH|Armillaria_mellea	297	313	1.0539	1102.3
GCA_056320445.1	Chaetomium globosum	yes	CPH	JBHFOV010000001.1	-	80253	80849	6	174.0	1.09e-48	46.078	CPH|Armillaria_gallica	302	224	0.7417	971.0
GCA_056320445.1	Chaetomium globosum	yes	CPH	JBHFOV010000001.1	-	3296877	3297991	15	143.0	4.75e-38	50.649	CPH|Armillaria_ostoyae	302	288	0.9536	1248.9
GCA_056320445.1	Chaetomium globosum	yes	CPH	JBHFOV010000001.1	+	5621391	5621705	6	77.0	2.17e-15	41.509	CPH|Neonothopanus_gardneri	321	130	0.405	390.4
GCA_056320445.1	Chaetomium globosum	yes	Luz	JBHFOV010000001.1	-	4971276	4971893	12	88.6	9.2e-20	34.071	Luz|Omphalotus_olearius	261	235	0.9004	931.3
GCA_056320445.1	Chaetomium globosum	yes	Luz	JBHFOV010000004.1	-	444226	444882	12	57.0	2.97e-09	26.667	Luz|Mycena_citricolor	246	214	0.8699	631.9
GCA_000143365.1	Chaetomium globosum	yes	HispS	CH408032.1	-	2306933	2309680	29	182.0	3.47e-46	35.314	HispS|Mycena_citricolor	1678	876	0.5221	3030.4
GCA_000143365.1	Chaetomium globosum	yes	HispS	CH408032.1	-	3606521	3607084	3	52.4	3.34e-06	28.448	HispS|Mycena_citricolor	1678	201	0.1198	146.3
GCA_000143365.1	Chaetomium globosum	yes	HispS	CH408032.1	-	4289439	4294069	29	260.0	1.36e-100	29.303	HispS|Armillaria_ostoyae	1770	1378	0.7785	4371.7
GCA_000143365.1	Chaetomium globosum	yes	HispS	CH408032.1	+	1159915	1162933	38	116.0	1.73e-25	26.958	HispS|Armillaria_fuscipes	1774	920	0.5186	2876.1
GCA_000143365.1	Chaetomium globosum	yes	HispS	CH408032.1	+	4385997	4388870	31	122.0	2.43e-27	35.938	HispS|Panellus_stipticus_2	1601	876	0.5472	2742.0
GCA_000143365.1	Chaetomium globosum	yes	HispS	CH408035.1	-	15507	18009	39	79.0	1.26e-33	29.268	HispS|Armillaria_mellea	1768	714	0.4038	2342.2
GCA_000143365.1	Chaetomium globosum	yes	HispS	CH408035.1	-	1368572	1371541	30	108.0	1.24e-39	25.0	HispS|Panellus_stipticus	1504	985	0.6549	2268.6
GCA_000143365.1	Chaetomium globosum	yes	HispS	CH408035.1	-	1597474	1600410	11	328.0	4.56e-90	29.977	HispS|Guyanagaster_necrorhiza	1766	974	0.5515	3176.0
GCA_000143365.1	Chaetomium globosum	yes	HispS	CH408035.1	-	1708376	1711153	11	248.0	1.69e-65	26.907	HispS|Armillaria_fuscipes	1774	995	0.5609	2509.0
GCA_000143365.1	Chaetomium globosum	yes	HispS	CH408035.1	+	20712	23647	20	191.0	1.83e-61	28.549	HispS|Armillaria_gallica	1771	977	0.5517	2551.4
GCA_000143365.1	Chaetomium globosum	yes	HispS	CH408035.1	+	1730645	1731757	6	58.5	4.64e-08	23.278	HispS|Neonothopanus_nambi	1678	410	0.2443	297.3
GCA_000143365.1	Chaetomium globosum	yes	HispS	CH408035.1	+	2385075	2385929	4	58.2	5.84e-08	27.604	HispS|Armillaria_gallica	1771	270	0.1525	214.6
GCA_000143365.1	Chaetomium globosum	yes	HispS	CH408035.1	+	3388408	3391433	20	165.0	1.61e-40	32.353	HispS|Guyanagaster_necrorhiza	1766	908	0.5142	2073.5
GCA_000143365.1	Chaetomium globosum	yes	HispS	CH408029.1	-	1628286	1631081	11	331.0	4.85e-91	29.879	HispS|Armillaria_ostoyae	1770	1000	0.565	3144.0
GCA_000143365.1	Chaetomium globosum	yes	HispS	CH408029.1	-	3172289	3174867	25	186.0	1.24e-46	35.802	HispS|Guyanagaster_necrorhiza	1766	855	0.4841	2328.1
GCA_000143365.1	Chaetomium globosum	yes	HispS	CH408029.1	-	3847106	3849840	22	156.0	1.12e-37	31.765	HispS|Armillaria_fuscipes	1774	947	0.5338	2074.5
GCA_000143365.1	Chaetomium globosum	yes	HispS	CH408029.1	+	127761	130637	12	285.0	4.36e-77	29.266	HispS|Mycena_citricolor	1678	994	0.5924	2942.0
GCA_000143365.1	Chaetomium globosum	yes	HispS	CH408029.1	+	271484	272999	22	131.0	2.61e-41	32.824	HispS|Armillaria_gallica	1771	488	0.2756	1898.0
GCA_000143365.1	Chaetomium globosum	yes	HispS	CH408029.1	+	745828	747552	12	228.0	2.26e-59	29.828	HispS|Armillaria_fuscipes	1774	628	0.354	2268.0
GCA_000143365.1	Chaetomium globosum	yes	HispS	CH408031.1	-	73432	76119	12	294.0	1.43e-79	29.359	HispS|Armillaria_fuscipes	1774	888	0.5006	2932.6
GCA_000143365.1	Chaetomium globosum	yes	HispS	CH408031.1	-	279551	283043	40	119.0	3.43e-48	36.232	HispS|Armillaria_gallica	1771	1139	0.6431	3122.2
GCA_000143365.1	Chaetomium globosum	yes	HispS	CH408031.1	-	4572564	4573754	2	47.0	0.000142	27.152	HispS|Neonothopanus_nambi	1678	421	0.2509	93.2
GCA_000143365.1	Chaetomium globosum	yes	HispS	CH408031.1	+	1483549	1484273	12	57.0	1.39e-07	31.915	HispS|Mycena_citricolor	1678	314	0.1871	574.6
GCA_000143365.1	Chaetomium globosum	yes	HispS	CH408031.1	+	2832964	2833479	1	48.9	3.32e-05	26.816	HispS|Neonothopanus_gardneri	1691	166	0.0982	48.9
GCA_000143365.1	Chaetomium globosum	yes	HispS	CH408031.1	+	4383512	4384042	2	45.8	0.000351	27.222	HispS|Armillaria_gallica	1771	157	0.0887	91.2
GCA_000143365.1	Chaetomium globosum	yes	HispS	CH408033.1	+	2461874	2464449	12	257.0	2.58e-68	27.806	HispS|Guyanagaster_necrorhiza	1766	785	0.4445	2505.6
GCA_000143365.1	Chaetomium globosum	yes	HispS	CH408033.1	+	2492491	2494818	11	248.0	1.17e-65	29.244	HispS|Armillaria_fuscipes	1774	829	0.4673	2420.0
GCA_000143365.1	Chaetomium globosum	yes	HispS	CH408033.1	+	4006665	4009935	25	186.0	9.2e-47	33.52	HispS|Armillaria_mellea	1768	712	0.4027	2251.6
GCA_000143365.1	Chaetomium globosum	yes	HispS	CH408033.1	-	41572	46758	44	142.0	1.84e-33	34.0	HispS|Armillaria_fuscipes	1774	897	0.5056	3327.7
GCA_000143365.1	Chaetomium globosum	yes	HispS	CH408033.1	-	3981717	3984943	22	157.0	6.27e-38	29.959	HispS|Armillaria_mellea	1768	1015	0.5741	2810.9
GCA_000143365.1	Chaetomium globosum	yes	HispS	CH408030.1	-	3066734	3069879	42	102.0	2.13e-21	27.221	HispS|Neonothopanus_nambi	1678	893	0.5322	2985.9
GCA_000143365.1	Chaetomium globosum	yes	HispS	CH408030.1	-	4676046	4678866	22	158.0	6.87e-62	31.915	HispS|Armillaria_fuscipes	1774	969	0.5462	2599.9
GCA_000143365.1	Chaetomium globosum	yes	HispS	CH408030.1	+	777017	780219	49	108.0	3.56e-23	27.432	HispS|Armillaria_fuscipes	1774	1002	0.5648	3088.3
GCA_000143365.1	Chaetomium globosum	yes	HispS	CH408034.1	+	621790	626028	3	52.4	3.39e-06	25.575	HispS|Mycena_chlorophos	1652	484	0.293	143.2
GCA_000143365.1	Chaetomium globosum	yes	HispS	CH408034.1	+	1245435	1248508	48	100.0	5.84e-54	28.808	HispS|Guyanagaster_necrorhiza	1766	962	0.5447	3367.1
GCA_000143365.1	Chaetomium globosum	yes	HispS	CH408034.1	+	2800520	2800945	1	47.0	0.000138	24.161	HispS|Mycena_citricolor	1678	137	0.0816	47.0
GCA_000143365.1	Chaetomium globosum	yes	HispS	CH408034.1	-	960077	960859	6	54.3	8.13e-07	25.106	HispS|Armillaria_fuscipes	1774	221	0.1246	311.5
GCA_000143365.1	Chaetomium globosum	yes	HispS	CH408034.1	-	1409047	1411508	27	105.0	2.33e-22	32.536	HispS|Mycena_chlorophos	1652	643	0.3892	2083.3
GCA_000143365.1	Chaetomium globosum	yes	HispS	CH408034.1	-	2000590	2001197	22	73.9	1.34e-13	29.008	HispS|Panellus_stipticus	1504	335	0.2227	1030.1
GCA_000143365.1	Chaetomium globosum	yes	H3H	CH408029.1	+	159485	160454	42	76.6	2.84e-35	25.789	H3H|Armillaria_fuscipes	426	283	0.6643	2443.9
GCA_000143365.1	Chaetomium globosum	yes	H3H	CH408029.1	-	418800	419339	11	55.8	4.14e-08	36.709	H3H|Mycena_chlorophos	422	155	0.3673	520.5
GCA_000143365.1	Chaetomium globosum	yes	H3H	CH408029.1	-	4791232	4792639	53	70.5	4.27e-14	35.484	H3H|Panellus_stipticus_3	428	296	0.6916	2300.2
GCA_000143365.1	Chaetomium globosum	yes	H3H	CH408033.1	+	149192	150456	16	98.2	1.34e-21	28.71	H3H|Armillaria_fuscipes	426	429	1.007	1206.3
GCA_000143365.1	Chaetomium globosum	yes	H3H	CH408033.1	+	2488893	2490258	22	58.5	5.61e-09	29.605	H3H|Neonothopanus_gardneri	416	395	0.9495	1155.4
GCA_000143365.1	Chaetomium globosum	yes	H3H	CH408033.1	+	2606003	2606635	10	50.8	1.51e-06	28.947	H3H|Armillaria_mellea	429	199	0.4639	460.8
GCA_000143365.1	Chaetomium globosum	yes	H3H	CH408030.1	-	1747263	1748423	11	93.6	3.87e-20	26.895	H3H|Armillaria_mellea	429	379	0.8834	964.4
GCA_000143365.1	Chaetomium globosum	yes	H3H	CH408032.1	-	2902442	2903673	22	91.7	1.54e-19	26.625	H3H|Neonothopanus_gardneri	416	373	0.8966	1577.4
GCA_000143365.1	Chaetomium globosum	yes	H3H	CH408032.1	+	4569709	4570812	15	87.4	3.88e-18	25.84	H3H|Mycena_chlorophos	422	355	0.8412	1002.7
GCA_000143365.1	Chaetomium globosum	yes	H3H	CH408034.1	+	3729998	3731116	14	88.6	4.49e-18	27.374	H3H|Omphalotus_olearius	540	370	0.6852	1074.2
GCA_000143365.1	Chaetomium globosum	yes	H3H	CH408034.1	-	1424067	1425798	41	73.2	1.54e-13	37.864	H3H|Armillaria_mellea	429	277	0.6457	1771.5
GCA_000143365.1	Chaetomium globosum	yes	H3H	CH408036.1	-	761820	762659	14	75.1	3.9e-14	30.0	H3H|Armillaria_ostoyae	426	276	0.6479	886.2
GCA_000143365.1	Chaetomium globosum	yes	H3H	CH408035.1	+	1351495	1352813	18	55.1	7.21e-08	59.524	H3H|Panellus_stipticus	428	297	0.6939	872.6
GCA_000143365.1	Chaetomium globosum	yes	H3H	CH408035.1	-	657182	657583	2	44.7	0.000129	30.714	H3H|Armillaria_fuscipes	426	121	0.284	86.7
GCA_000143365.1	Chaetomium globosum	yes	H3H	CH408031.1	+	1779871	1780995	7	53.5	1.93e-07	24.217	H3H|Panellus_stipticus	428	389	0.9089	343.8
GCA_000143365.1	Chaetomium globosum	yes	H3H	CH408031.1	-	2394937	2395671	1	43.5	0.000286	21.754	H3H|Guyanagaster_necrorhiza	443	239	0.5395	43.5
GCA_000143365.1	Chaetomium globosum	yes	H3H	CH408030.1	+	388625	389829	12	51.2	9.16e-09	23.284	H3H|Neonothopanus_gardneri	416	359	0.863	515.7
GCA_000143365.1	Chaetomium globosum	yes	CPH	CH408029.1	-	43119	43817	6	187.0	2.02e-53	46.218	CPH|Armillaria_ostoyae	302	234	0.7748	1044.0
GCA_000143365.1	Chaetomium globosum	yes	CPH	CH408029.1	-	3312817	3313878	14	139.0	1.08e-36	48.235	CPH|Armillaria_gallica	302	285	0.9437	1163.5
GCA_000143365.1	Chaetomium globosum	yes	CPH	CH408029.1	+	5676903	5677475	6	89.0	2.36e-19	31.0	CPH|Neonothopanus_gardneri	321	200	0.6231	484.1
GCA_000143365.1	Chaetomium globosum	yes	CPH	CH408032.1	-	2570964	2571743	6	171.0	1.26e-47	39.773	CPH|Armillaria_mellea	297	240	0.8081	990.0
GCA_000143365.1	Chaetomium globosum	yes	Luz	CH408029.1	-	5044127	5044690	12	82.4	1.16e-17	32.843	Luz|Omphalotus_olearius	261	217	0.8314	921.3
GCA_000143365.1	Chaetomium globosum	yes	Luz	CH408031.1	-	467757	468308	12	53.9	3.46e-08	34.409	Luz|Mycena_chlorophos	251	162	0.6454	624.7
GCA_023628615.1	Chaetomium globosum	no	HispS	JAMAKI010000070.1	+	67916	72556	17	395.0	4.24e-111	28.188	HispS|Armillaria_gallica	1771	1560	0.8809	4249.2
GCA_023628615.1	Chaetomium globosum	no	HispS	JAMAKI010000007.1	+	179562	182357	11	331.0	4.77e-91	29.879	HispS|Armillaria_ostoyae	1770	1000	0.565	3146.0
GCA_023628615.1	Chaetomium globosum	no	HispS	JAMAKI010000188.1	-	21561	24497	11	323.0	1.25e-88	29.748	HispS|Guyanagaster_necrorhiza	1766	974	0.5515	3149.0
GCA_023628615.1	Chaetomium globosum	no	HispS	JAMAKI010000247.1	-	23758	26445	12	296.0	1.74e-80	29.538	HispS|Armillaria_fuscipes	1774	888	0.5006	2954.7
GCA_023628615.1	Chaetomium globosum	no	HispS	JAMAKI010000248.1	-	13421	16288	12	297.0	1.15e-80	28.095	HispS|Armillaria_ostoyae	1770	990	0.5593	2888.4
GCA_023628615.1	Chaetomium globosum	no	HispS	JAMAKI010000137.1	+	7647	10472	12	286.0	2.34e-77	29.266	HispS|Mycena_citricolor	1678	959	0.5715	2939.4
GCA_023628615.1	Chaetomium globosum	no	HispS	JAMAKI010000107.1	-	53234	56008	11	261.0	1.07e-69	27.292	HispS|Armillaria_fuscipes	1774	995	0.5609	2592.0
GCA_023628615.1	Chaetomium globosum	no	HispS	JAMAKI010000102.1	-	39587	42292	11	255.0	8.54e-68	28.438	HispS|Armillaria_fuscipes	1774	880	0.4961	2496.0
GCA_023628615.1	Chaetomium globosum	no	HispS	JAMAKI010000102.1	-	65925	68500	12	255.0	7.67e-68	27.806	HispS|Guyanagaster_necrorhiza	1766	784	0.4439	2494.6
GCA_023628615.1	Chaetomium globosum	no	HispS	JAMAKI010000057.1	+	105838	108568	22	159.0	1.8e-62	31.915	HispS|Armillaria_fuscipes	1774	966	0.5445	2605.9
GCA_023628615.1	Chaetomium globosum	no	HispS	JAMAKI010000206.1	-	26473	29684	23	234.0	2.34e-61	32.389	HispS|Armillaria_fuscipes	1774	1017	0.5733	2874.3
GCA_023628615.1	Chaetomium globosum	no	HispS	JAMAKI010000295.1	-	14756	17694	20	191.0	1.71e-61	28.526	HispS|Armillaria_gallica	1771	977	0.5517	2537.9
GCA_023628615.1	Chaetomium globosum	no	HispS	JAMAKI010000295.1	+	20399	23384	20	191.0	1.11e-54	26.523	HispS|Armillaria_fuscipes	1774	847	0.4775	2306.4
GCA_023628615.1	Chaetomium globosum	no	HispS	JAMAKI010000182.1	-	37778	40851	48	100.0	7.24e-54	28.808	HispS|Guyanagaster_necrorhiza	1766	962	0.5447	3351.1
GCA_023628615.1	Chaetomium globosum	no	HispS	JAMAKI010000376.1	+	6318	9235	27	153.0	4e-52	26.277	HispS|Armillaria_fuscipes	1774	897	0.5056	2428.8
GCA_023628615.1	Chaetomium globosum	no	HispS	JAMAKI010000150.1	+	47295	50784	40	119.0	3.22e-48	36.232	HispS|Armillaria_gallica	1771	1139	0.6431	3111.4
GCA_023628615.1	Chaetomium globosum	no	HispS	JAMAKI010000101.1	-	87765	91104	31	186.0	8.4e-47	33.52	HispS|Armillaria_mellea	1768	956	0.5407	2951.1
GCA_023628615.1	Chaetomium globosum	no	HispS	JAMAKI010000140.1	+	27771	30740	30	109.0	8.03e-40	25.145	HispS|Panellus_stipticus	1504	985	0.6549	2274.3
GCA_023628615.1	Chaetomium globosum	no	HispS	JAMAKI010000112.1	-	48649	51215	22	181.0	1.83e-45	35.494	HispS|Guyanagaster_necrorhiza	1766	871	0.4932	2621.6
GCA_023628615.1	Chaetomium globosum	no	HispS	JAMAKI010000108.1	-	69345	72092	30	182.0	2.11e-68	35.314	HispS|Mycena_citricolor	1678	876	0.5221	3013.1
GCA_023628615.1	Chaetomium globosum	no	HispS	JAMAKI010000103.1	-	66918	70056	35	132.0	5.81e-42	32.824	HispS|Armillaria_gallica	1771	919	0.5189	2745.5
GCA_023628615.1	Chaetomium globosum	no	HispS	JAMAKI010000203.1	-	37170	40195	20	165.0	1.49e-40	32.353	HispS|Guyanagaster_necrorhiza	1766	908	0.5142	2075.2
GCA_023628615.1	Chaetomium globosum	no	HispS	JAMAKI010000092.1	+	15580	18725	42	104.0	4e-22	27.221	HispS|Neonothopanus_nambi	1678	893	0.5322	2990.1
GCA_023628615.1	Chaetomium globosum	no	HispS	JAMAKI010000242.1	+	25370	28572	53	107.0	1.68e-36	27.237	HispS|Armillaria_fuscipes	1774	1002	0.5648	3216.3
GCA_023628615.1	Chaetomium globosum	no	HispS	JAMAKI010000185.1	+	18938	22164	22	157.0	5.64e-38	29.959	HispS|Armillaria_mellea	1768	1015	0.5741	2810.2
GCA_023628615.1	Chaetomium globosum	no	HispS	JAMAKI010000338.1	-	5351	8369	37	113.0	1.22e-24	26.679	HispS|Armillaria_fuscipes	1774	920	0.5186	2818.1
GCA_023628615.1	Chaetomium globosum	no	HispS	JAMAKI010000255.1	-	9356	12229	31	122.0	1.31e-27	36.458	HispS|Panellus_stipticus_2	1601	876	0.5472	2785.5
GCA_023628615.1	Chaetomium globosum	no	HispS	JAMAKI010000043.1	+	147805	148412	22	73.6	1.69e-13	29.008	HispS|Panellus_stipticus	1504	335	0.2227	1025.3
GCA_023628615.1	Chaetomium globosum	no	HispS	JAMAKI010000006.1	+	53874	54788	11	64.3	7.49e-10	26.49	HispS|Mycena_citricolor	1678	381	0.2271	620.9
GCA_023628615.1	Chaetomium globosum	no	HispS	JAMAKI010000063.1	-	113746	114789	7	56.2	2.31e-07	22.84	HispS|Armillaria_fuscipes	1774	298	0.168	355.0
GCA_023628615.1	Chaetomium globosum	no	HispS	JAMAKI010000107.1	+	75495	76607	6	60.1	1.38e-08	23.022	HispS|Neonothopanus_nambi	1678	410	0.2443	298.5
GCA_023628615.1	Chaetomium globosum	no	HispS	JAMAKI010000184.1	+	49772	50626	4	58.2	5.4e-08	27.604	HispS|Armillaria_gallica	1771	270	0.1525	214.6
GCA_023628615.1	Chaetomium globosum	no	HispS	JAMAKI010000087.1	+	101512	102042	2	45.8	0.000314	27.222	HispS|Armillaria_gallica	1771	157	0.0887	91.2
GCA_023628615.1	Chaetomium globosum	no	HispS	JAMAKI010000082.1	+	84261	97842	5	50.4	1.18e-05	25.575	HispS|Mycena_chlorophos	1652	621	0.3759	236.1
GCA_023628615.1	Chaetomium globosum	no	HispS	JAMAKI010000029.1	+	168676	169239	3	52.0	3.95e-06	28.448	HispS|Mycena_citricolor	1678	201	0.1198	145.5
GCA_023628615.1	Chaetomium globosum	no	HispS	JAMAKI010000039.1	+	161558	161983	1	47.0	0.000129	24.161	HispS|Mycena_citricolor	1678	137	0.0816	47.0
GCA_023628615.1	Chaetomium globosum	no	HispS	JAMAKI010000054.1	-	84202	84717	1	48.9	3.26e-05	26.816	HispS|Neonothopanus_gardneri	1691	166	0.0982	48.9
GCA_023628615.1	Chaetomium globosum	no	HispS	JAMAKI010000076.1	-	82848	96158	4	48.5	4.12e-05	22.826	HispS|Neonothopanus_nambi	1678	469	0.2795	185.2
GCA_023628615.1	Chaetomium globosum	no	H3H	JAMAKI010000137.1	+	39308	40277	42	77.8	1.61e-35	26.316	H3H|Armillaria_fuscipes	426	283	0.6643	2454.7
GCA_023628615.1	Chaetomium globosum	no	H3H	JAMAKI010000298.1	+	4431	5693	14	112.0	3.34e-26	27.689	H3H|Armillaria_fuscipes	426	434	1.0188	1313.2
GCA_023628615.1	Chaetomium globosum	no	H3H	JAMAKI010000136.1	+	59163	60377	14	106.0	1.75e-24	28.608	H3H|Armillaria_ostoyae	426	411	0.9648	1296.8
GCA_023628615.1	Chaetomium globosum	no	H3H	JAMAKI010000130.1	-	70730	72184	11	101.0	8.64e-23	25.344	H3H|Armillaria_mellea	429	423	0.986	1004.9
GCA_023628615.1	Chaetomium globosum	no	H3H	JAMAKI010000143.1	+	67345	69070	43	94.4	2.3e-20	29.339	H3H|Armillaria_fuscipes	426	363	0.8521	2114.5
GCA_023628615.1	Chaetomium globosum	no	H3H	JAMAKI010000067.1	+	122920	124151	24	91.7	1.43e-19	26.625	H3H|Neonothopanus_gardneri	416	384	0.9231	1668.0
GCA_023628615.1	Chaetomium globosum	no	H3H	JAMAKI010000172.1	+	29374	30561	15	89.7	5.49e-19	26.471	H3H|Neonothopanus_nambi	422	392	0.9289	1176.4
GCA_023628615.1	Chaetomium globosum	no	H3H	JAMAKI010000119.1	+	65616	66719	15	87.4	3.12e-18	25.84	H3H|Mycena_chlorophos	422	355	0.8412	1003.1
GCA_023628615.1	Chaetomium globosum	no	H3H	JAMAKI010000002.1	+	534611	536018	53	70.5	4.25e-14	35.484	H3H|Panellus_stipticus_3	428	296	0.6916	2300.2
GCA_023628615.1	Chaetomium globosum	no	H3H	JAMAKI010000336.1	-	14549	15967	15	75.1	3.16e-14	23.617	H3H|Panellus_stipticus	428	397	0.9276	925.6
GCA_023628615.1	Chaetomium globosum	no	H3H	JAMAKI010000102.1	-	44521	45862	22	59.7	2.23e-09	29.605	H3H|Neonothopanus_gardneri	416	341	0.8197	1176.4
GCA_023628615.1	Chaetomium globosum	no	H3H	JAMAKI010000140.1	-	46493	47811	18	55.1	7.44e-08	59.524	H3H|Panellus_stipticus	428	297	0.6939	866.8
GCA_023628615.1	Chaetomium globosum	no	H3H	JAMAKI010000275.1	-	8372	9004	13	52.8	3.88e-07	28.436	H3H|Armillaria_mellea	429	203	0.4732	623.3
GCA_023628615.1	Chaetomium globosum	no	H3H	JAMAKI010000309.1	-	13708	14706	7	53.5	2.23e-07	24.217	H3H|Panellus_stipticus	428	349	0.8154	343.8
GCA_023628615.1	Chaetomium globosum	no	H3H	JAMAKI010000329.1	-	2838	3239	3	44.7	0.000119	30.714	H3H|Armillaria_fuscipes	426	121	0.284	128.3
GCA_023628615.1	Chaetomium globosum	no	H3H	JAMAKI010000062.1	+	129018	129713	10	49.7	3.09e-06	32.692	H3H|Panellus_stipticus_3	428	237	0.5537	464.0
GCA_023628615.1	Chaetomium globosum	no	H3H	JAMAKI010000475.1	+	2291	3034	3	43.5	0.000236	21.404	H3H|Guyanagaster_necrorhiza	443	244	0.5508	127.5
GCA_023628615.1	Chaetomium globosum	no	H3H	JAMAKI010000369.1	-	13918	15122	10	51.2	1.09e-06	23.055	H3H|Panellus_stipticus_3	428	359	0.8388	457.9
GCA_023628615.1	Chaetomium globosum	no	H3H	JAMAKI010000009.1	+	249180	250139	4	48.9	5.44e-06	22.992	H3H|Mycena_citricolor	419	342	0.8162	182.1
GCA_023628615.1	Chaetomium globosum	no	CPH	JAMAKI010000434.1	-	16162	17067	6	199.0	1.91e-57	40.063	CPH|Armillaria_ostoyae	302	310	1.0265	1105.0
GCA_023628615.1	Chaetomium globosum	no	CPH	JAMAKI010000018.1	+	173791	174856	12	171.0	3.98e-51	39.773	CPH|Armillaria_mellea	297	313	1.0539	1283.5
GCA_023628615.1	Chaetomium globosum	no	CPH	JAMAKI010000027.1	-	102068	103132	13	143.0	4.11e-38	47.953	CPH|Armillaria_gallica	302	275	0.9106	1151.4
GCA_023628615.1	Chaetomium globosum	no	CPH	JAMAKI010000055.1	-	9354	9926	6	89.0	2.2e-19	31.0	CPH|Neonothopanus_gardneri	321	200	0.6231	484.1
GCA_023628615.1	Chaetomium globosum	no	Luz	JAMAKI010000002.1	+	281873	282436	12	82.4	1.13e-17	32.843	Luz|Omphalotus_olearius	261	217	0.8314	921.2
GCA_023628615.1	Chaetomium globosum	no	Luz	JAMAKI010000577.1	-	1553	1855	12	53.9	2.68e-08	34.409	Luz|Mycena_chlorophos	251	103	0.4104	621.2
GCA_000149335.2	Coccidioides immitis	yes	HispS	GG704913.1	-	956596	959574	11	310.0	1.12e-84	27.814	HispS|Armillaria_mellea	1768	986	0.5577	3038.0
GCA_000149335.2	Coccidioides immitis	yes	HispS	GG704914.1	+	1174026	1181338	16	261.0	1.59e-69	28.167	HispS|Armillaria_ostoyae	1770	1310	0.7401	2725.8
GCA_000149335.2	Coccidioides immitis	yes	HispS	GG704914.1	+	3684334	3687159	12	236.0	3.38e-62	25.34	HispS|Armillaria_gallica	1771	993	0.5607	2344.3
GCA_000149335.2	Coccidioides immitis	yes	HispS	GG704914.1	-	3676747	3679042	20	212.0	8.44e-55	27.941	HispS|Guyanagaster_necrorhiza	1766	784	0.4439	2711.0
GCA_000149335.2	Coccidioides immitis	yes	HispS	GG704912.1	+	320692	321999	2	47.8	6.38e-05	26.267	HispS|Guyanagaster_necrorhiza	1766	457	0.2588	92.5
GCA_000149335.2	Coccidioides immitis	yes	HispS	GG704912.1	+	2267217	2267942	6	56.2	1.88e-07	24.464	HispS|Armillaria_mellea	1768	238	0.1346	304.3
GCA_000149335.2	Coccidioides immitis	yes	HispS	GG704912.1	+	4249665	4251929	11	255.0	7.48e-68	27.51	HispS|Mycena_citricolor	1678	806	0.4803	2478.0
GCA_000149335.2	Coccidioides immitis	yes	HispS	GG704912.1	-	3102377	3105266	23	196.0	7.56e-50	35.185	HispS|Armillaria_gallica	1771	970	0.5477	3199.4
GCA_000149335.2	Coccidioides immitis	yes	HispS	GG704915.1	+	3358832	3361552	12	238.0	6.99e-63	26.386	HispS|Neonothopanus_gardneri	1691	958	0.5665	2465.4
GCA_000149335.2	Coccidioides immitis	yes	HispS	GG704916.1	-	250191	253297	31	146.0	4.62e-45	38.991	HispS|Mycena_citricolor	1678	880	0.5244	2903.0
GCA_000149335.2	Coccidioides immitis	yes	HispS	GG704916.1	-	617405	636318	24	218.0	8.92e-57	30.686	HispS|Mycena_citricolor	1678	1454	0.8665	2969.7
GCA_000149335.2	Coccidioides immitis	yes	HispS	GG704916.1	-	3006790	3007068	1	45.8	0.000238	31.633	HispS|Neonothopanus_gardneri	1691	92	0.0544	45.8
GCA_000149335.2	Coccidioides immitis	yes	HispS	GG704916.1	+	1762654	1763046	4	58.5	4.01e-08	33.333	HispS|Armillaria_fuscipes	1774	106	0.0598	223.4
GCA_000149335.2	Coccidioides immitis	yes	HispS	GG704911.1	-	1917554	1920804	22	166.0	5.22e-75	28.155	HispS|Armillaria_ostoyae	1770	997	0.5633	2873.2
GCA_000149335.2	Coccidioides immitis	yes	HispS	GG704911.1	-	4699166	4699669	2	45.8	0.000259	35.165	HispS|Neonothopanus_gardneri	1691	172	0.1017	89.7
GCA_000149335.2	Coccidioides immitis	yes	HispS	GG704911.1	-	6442069	6442644	2	53.9	1.04e-06	27.692	HispS|Mycena_citricolor	1678	207	0.1234	98.2
GCA_000149335.2	Coccidioides immitis	yes	HispS	GG704911.1	+	3555709	3560903	2	58.9	2.67e-08	22.511	HispS|Guyanagaster_necrorhiza	1766	659	0.3732	104.0
GCA_000149335.2	Coccidioides immitis	yes	HispS	GG704911.1	+	5990766	5994772	5	47.8	5.97e-05	24.291	HispS|Neonothopanus_nambi	1678	243	0.1448	233.0
GCA_000149335.2	Coccidioides immitis	yes	HispS	GG704913.1	+	978760	979164	3	48.1	4.68e-05	30.612	HispS|Neonothopanus_nambi	1678	141	0.084	140.1
GCA_000149335.2	Coccidioides immitis	yes	H3H	GG704912.1	-	4245555	4246961	14	73.6	8.14e-14	23.82	H3H|Mycena_chlorophos	422	429	1.0166	943.8
GCA_000149335.2	Coccidioides immitis	yes	H3H	GG704912.1	-	4581706	4582685	16	95.9	5.53e-21	26.871	H3H|Armillaria_gallica	422	327	0.7749	1357.9
GCA_000149335.2	Coccidioides immitis	yes	H3H	GG704912.1	+	3433418	3434727	26	76.6	8.63e-15	25.507	H3H|Panellus_stipticus	428	398	0.9299	1271.1
GCA_000149335.2	Coccidioides immitis	yes	H3H	GG704912.1	+	4984148	4984525	14	55.1	6.14e-08	44.286	H3H|Mycena_chlorophos	422	122	0.2891	659.9
GCA_000149335.2	Coccidioides immitis	yes	H3H	GG704911.1	+	2049890	2051089	24	93.6	3.6e-20	25.121	H3H|Panellus_stipticus	428	369	0.8621	1465.5
GCA_000149335.2	Coccidioides immitis	yes	H3H	GG704911.1	+	3631581	3632108	1	51.2	1.29e-06	26.064	H3H|Omphalotus_olearius	540	182	0.337	51.2
GCA_000149335.2	Coccidioides immitis	yes	H3H	GG704914.1	-	3680773	3681315	14	73.9	6.97e-14	32.051	H3H|Panellus_stipticus	428	168	0.3925	920.2
GCA_000149335.2	Coccidioides immitis	yes	H3H	GG704914.1	+	486752	488048	13	52.8	3.39e-07	28.455	H3H|Mycena_chlorophos	422	300	0.7109	588.1
GCA_000149335.2	Coccidioides immitis	yes	H3H	GG704913.1	-	2463326	2463649	6	47.0	2.07e-05	35.593	H3H|Panellus_stipticus	428	116	0.271	266.4
GCA_000149335.2	Coccidioides immitis	yes	H3H	GG704911.1	-	4663765	4663989	1	43.1	0.000271	32.911	H3H|Neonothopanus_gardneri	416	79	0.1899	43.1
GCA_000149335.2	Coccidioides immitis	yes	CPH	GG704912.1	-	4914671	4915564	6	223.0	5.14e-66	42.02	CPH|Armillaria_fuscipes	294	310	1.0544	1291.0
GCA_000149335.2	Coccidioides immitis	yes	CPH	GG704914.1	+	1651518	1652329	8	107.0	9.23e-26	41.135	CPH|Neonothopanus_gardneri	321	237	0.7383	657.2
GCA_000149335.2	Coccidioides immitis	yes	CPH	GG704913.1	-	3583109	3583831	6	72.8	5.16e-14	26.316	CPH|Neonothopanus_gardneri	321	202	0.6293	410.8
GCA_000149335.2	Coccidioides immitis	yes	Luz	GG704912.1	+	4052336	4053043	12	99.8	1.44e-23	29.839	Luz|Neonothopanus_gardneri	264	254	0.9621	1095.5
GCA_004115165.2	Coccidioides immitis	yes	HispS	RHJW02000002.1	-	2864826	2867715	23	196.0	7.25e-81	33.623	HispS|Armillaria_fuscipes	1774	970	0.5468	3206.8
GCA_004115165.2	Coccidioides immitis	yes	HispS	RHJW02000002.1	+	258882	260189	2	47.8	6.04e-05	26.267	HispS|Guyanagaster_necrorhiza	1766	457	0.2588	92.5
GCA_004115165.2	Coccidioides immitis	yes	HispS	RHJW02000002.1	+	2045931	2046656	6	56.2	1.78e-07	24.464	HispS|Armillaria_mellea	1768	238	0.1346	304.3
GCA_004115165.2	Coccidioides immitis	yes	HispS	RHJW02000002.1	+	4047963	4050458	11	266.0	2.31e-71	26.415	HispS|Mycena_citricolor	1678	884	0.5268	2564.0
GCA_004115165.2	Coccidioides immitis	yes	HispS	RHJW02000003.1	-	876891	879869	11	310.0	1.06e-84	27.814	HispS|Armillaria_mellea	1768	986	0.5577	3038.0
GCA_004115165.2	Coccidioides immitis	yes	HispS	RHJW02000004.1	+	1098276	1105588	16	261.0	1.5e-69	28.167	HispS|Armillaria_ostoyae	1770	1310	0.7401	2724.7
GCA_004115165.2	Coccidioides immitis	yes	HispS	RHJW02000004.1	+	3401478	3404309	12	237.0	1.86e-62	26.756	HispS|Mycena_citricolor	1678	975	0.581	2344.7
GCA_004115165.2	Coccidioides immitis	yes	HispS	RHJW02000004.1	-	3393892	3396187	20	212.0	7.99e-55	27.941	HispS|Guyanagaster_necrorhiza	1766	784	0.4439	2711.0
GCA_004115165.2	Coccidioides immitis	yes	HispS	RHJW02000005.1	+	3247837	3250629	12	251.0	1.36e-66	26.078	HispS|Neonothopanus_gardneri	1691	958	0.5665	2624.5
GCA_004115165.2	Coccidioides immitis	yes	HispS	RHJW02000006.1	-	220735	223841	31	146.0	4.38e-45	38.991	HispS|Mycena_citricolor	1678	880	0.5244	2903.0
GCA_004115165.2	Coccidioides immitis	yes	HispS	RHJW02000006.1	-	592906	611819	24	218.0	8.45e-57	30.686	HispS|Mycena_citricolor	1678	1454	0.8665	2968.5
GCA_004115165.2	Coccidioides immitis	yes	HispS	RHJW02000006.1	-	2873635	2873913	1	45.8	0.000264	31.633	HispS|Neonothopanus_gardneri	1691	92	0.0544	45.8
GCA_004115165.2	Coccidioides immitis	yes	HispS	RHJW02000006.1	+	1599617	1600075	5	58.5	3.8e-08	33.333	HispS|Armillaria_fuscipes	1774	122	0.0688	275.0
GCA_004115165.2	Coccidioides immitis	yes	HispS	RHJW02000001.1	-	1568321	1571424	22	166.0	5.19e-75	28.155	HispS|Armillaria_ostoyae	1770	988	0.5582	2869.2
GCA_004115165.2	Coccidioides immitis	yes	HispS	RHJW02000001.1	-	4461981	4462484	2	45.8	0.000245	35.165	HispS|Neonothopanus_gardneri	1691	172	0.1017	89.7
GCA_004115165.2	Coccidioides immitis	yes	HispS	RHJW02000001.1	-	6181989	6182564	2	53.9	9.85e-07	27.692	HispS|Mycena_citricolor	1678	207	0.1234	98.2
GCA_004115165.2	Coccidioides immitis	yes	HispS	RHJW02000001.1	+	3328988	3334182	2	58.9	2.53e-08	22.511	HispS|Guyanagaster_necrorhiza	1766	659	0.3732	104.0
GCA_004115165.2	Coccidioides immitis	yes	HispS	RHJW02000001.1	+	5761341	5765347	6	48.1	5.47e-05	24.291	HispS|Neonothopanus_nambi	1678	243	0.1448	282.3
GCA_004115165.2	Coccidioides immitis	yes	HispS	RHJW02000003.1	+	893592	894182	3	48.1	4.36e-05	26.818	HispS|Neonothopanus_nambi	1678	214	0.1275	140.1
GCA_004115165.2	Coccidioides immitis	yes	H3H	RHJW02000002.1	-	4043854	4045260	14	73.6	7.7e-14	23.82	H3H|Mycena_chlorophos	422	429	1.0166	943.8
GCA_004115165.2	Coccidioides immitis	yes	H3H	RHJW02000002.1	-	4374814	4375793	16	95.9	5.24e-21	26.871	H3H|Armillaria_gallica	422	327	0.7749	1357.9
GCA_004115165.2	Coccidioides immitis	yes	H3H	RHJW02000002.1	+	3204251	3205560	26	76.6	8.17e-15	25.507	H3H|Panellus_stipticus	428	398	0.9299	1271.1
GCA_004115165.2	Coccidioides immitis	yes	H3H	RHJW02000002.1	+	4791078	4791455	14	55.1	5.81e-08	44.286	H3H|Mycena_chlorophos	422	122	0.2891	659.9
GCA_004115165.2	Coccidioides immitis	yes	H3H	RHJW02000001.1	+	1701271	1702470	24	93.6	3.41e-20	25.121	H3H|Panellus_stipticus	428	369	0.8621	1465.5
GCA_004115165.2	Coccidioides immitis	yes	H3H	RHJW02000001.1	+	3405722	3406249	1	51.2	1.22e-06	26.064	H3H|Omphalotus_olearius	540	182	0.337	51.2
GCA_004115165.2	Coccidioides immitis	yes	H3H	RHJW02000004.1	-	3397917	3398459	14	74.7	3.38e-14	31.847	H3H|Panellus_stipticus	428	168	0.3925	920.9
GCA_004115165.2	Coccidioides immitis	yes	H3H	RHJW02000004.1	+	469503	470799	13	52.8	3.21e-07	28.455	H3H|Mycena_chlorophos	422	300	0.7109	588.1
GCA_004115165.2	Coccidioides immitis	yes	H3H	RHJW02000003.1	-	1979426	1979749	6	47.0	1.96e-05	35.593	H3H|Panellus_stipticus	428	116	0.271	266.4
GCA_004115165.2	Coccidioides immitis	yes	H3H	RHJW02000001.1	-	4426496	4426720	1	43.1	0.000256	32.911	H3H|Neonothopanus_gardneri	416	79	0.1899	43.1
GCA_004115165.2	Coccidioides immitis	yes	CPH	RHJW02000002.1	-	4721566	4722459	6	223.0	4.87e-66	42.02	CPH|Armillaria_fuscipes	294	310	1.0544	1291.0
GCA_004115165.2	Coccidioides immitis	yes	CPH	RHJW02000004.1	+	1544711	1545522	8	107.0	8.74e-26	41.135	CPH|Neonothopanus_gardneri	321	237	0.7383	657.2
GCA_004115165.2	Coccidioides immitis	yes	CPH	RHJW02000003.1	-	3189965	3190687	6	72.8	4.89e-14	26.316	CPH|Neonothopanus_gardneri	321	202	0.6293	410.8
GCA_004115165.2	Coccidioides immitis	yes	Luz	RHJW02000002.1	+	3851857	3852564	12	99.4	1.93e-23	29.839	Luz|Neonothopanus_gardneri	264	254	0.9621	1094.7
GCA_000149895.1	Coccidioides immitis	yes	HispS	DS028094.1	-	2993148	2996037	23	194.0	6.21e-81	33.623	HispS|Armillaria_fuscipes	1774	970	0.5468	3199.3
GCA_000149895.1	Coccidioides immitis	yes	HispS	DS028094.1	+	325517	326824	2	47.8	6.35e-05	26.267	HispS|Guyanagaster_necrorhiza	1766	457	0.2588	92.5
GCA_000149895.1	Coccidioides immitis	yes	HispS	DS028094.1	+	2183256	2183981	6	56.2	1.88e-07	24.464	HispS|Armillaria_mellea	1768	238	0.1346	304.3
GCA_000149895.1	Coccidioides immitis	yes	HispS	DS028094.1	+	4179858	4182341	11	264.0	9.93e-71	26.602	HispS|Mycena_citricolor	1678	885	0.5274	2556.0
GCA_000149895.1	Coccidioides immitis	yes	HispS	DS028096.1	+	2654036	2657014	11	310.0	1.11e-84	27.814	HispS|Armillaria_mellea	1768	986	0.5577	3038.0
GCA_000149895.1	Coccidioides immitis	yes	HispS	DS028095.1	+	1163146	1170458	16	261.0	1.58e-69	28.167	HispS|Armillaria_ostoyae	1770	1310	0.7401	2725.8
GCA_000149895.1	Coccidioides immitis	yes	HispS	DS028095.1	+	3622298	3625078	12	237.0	1.96e-62	26.48	HispS|Mycena_citricolor	1678	958	0.5709	2326.2
GCA_000149895.1	Coccidioides immitis	yes	HispS	DS028095.1	-	3614698	3616992	11	263.0	1.98e-70	28.406	HispS|Guyanagaster_necrorhiza	1766	784	0.4439	2563.0
GCA_000149895.1	Coccidioides immitis	yes	HispS	DS028105.1	-	140735	141703	11	88.2	4.14e-17	26.389	HispS|Mycena_chlorophos	1652	500	0.3027	854.2
GCA_000149895.1	Coccidioides immitis	yes	HispS	DS028105.1	-	193399	195972	12	235.0	9.3e-62	25.768	HispS|Guyanagaster_necrorhiza	1766	922	0.5221	2469.1
GCA_000149895.1	Coccidioides immitis	yes	HispS	DS028097.1	-	262023	265129	31	146.0	4.6e-45	38.991	HispS|Mycena_citricolor	1678	880	0.5244	2903.0
GCA_000149895.1	Coccidioides immitis	yes	HispS	DS028097.1	-	628917	647830	24	218.0	8.89e-57	30.686	HispS|Mycena_citricolor	1678	1454	0.8665	2950.2
GCA_000149895.1	Coccidioides immitis	yes	HispS	DS028097.1	-	3104333	3104611	1	45.8	0.000237	31.633	HispS|Neonothopanus_gardneri	1691	92	0.0544	45.8
GCA_000149895.1	Coccidioides immitis	yes	HispS	DS028097.1	+	1769387	1769779	4	58.5	4e-08	33.333	HispS|Armillaria_fuscipes	1774	106	0.0598	223.4
GCA_000149895.1	Coccidioides immitis	yes	HispS	DS028100.1	+	902432	905682	22	166.0	5.25e-75	28.155	HispS|Armillaria_ostoyae	1770	997	0.5633	2873.2
GCA_000149895.1	Coccidioides immitis	yes	HispS	DS028093.1	-	2527229	2531235	5	47.8	5.95e-05	24.291	HispS|Neonothopanus_nambi	1678	243	0.1448	233.0
GCA_000149895.1	Coccidioides immitis	yes	HispS	DS028093.1	-	4942628	4943770	1	45.1	0.000459	21.04	HispS|Guyanagaster_necrorhiza	1766	370	0.2095	45.1
GCA_000149895.1	Coccidioides immitis	yes	HispS	DS028096.1	-	2639720	2640124	3	48.1	5.29e-05	30.612	HispS|Neonothopanus_nambi	1678	141	0.084	140.1
GCA_000149895.1	Coccidioides immitis	yes	HispS	DS028111.1	+	668	4226	9	53.9	9.24e-07	34.857	HispS|Armillaria_mellea	1768	539	0.3049	453.3
GCA_000149895.1	Coccidioides immitis	yes	HispS	DS028093.1	+	2092483	2093058	2	53.9	1.04e-06	27.692	HispS|Mycena_citricolor	1678	207	0.1234	98.2
GCA_000149895.1	Coccidioides immitis	yes	HispS	DS028093.1	+	3794579	3795082	2	45.8	0.000258	35.165	HispS|Neonothopanus_gardneri	1691	172	0.1017	89.7
GCA_000149895.1	Coccidioides immitis	yes	H3H	DS028094.1	-	4175748	4177154	14	73.6	8.11e-14	23.82	H3H|Mycena_chlorophos	422	429	1.0166	943.8
GCA_000149895.1	Coccidioides immitis	yes	H3H	DS028094.1	-	4539956	4540935	17	95.9	5.51e-21	26.871	H3H|Armillaria_gallica	422	327	0.7749	1391.5
GCA_000149895.1	Coccidioides immitis	yes	H3H	DS028094.1	+	3323689	3324998	26	76.6	8.59e-15	25.507	H3H|Panellus_stipticus	428	398	0.9299	1271.1
GCA_000149895.1	Coccidioides immitis	yes	H3H	DS028100.1	-	772114	773313	24	93.6	3.59e-20	25.121	H3H|Panellus_stipticus	428	369	0.8621	1465.5
GCA_000149895.1	Coccidioides immitis	yes	H3H	DS028095.1	-	3618731	3619273	14	76.3	1.28e-14	31.847	H3H|Panellus_stipticus	428	168	0.3925	908.9
GCA_000149895.1	Coccidioides immitis	yes	H3H	DS028095.1	+	483062	484358	13	52.8	3.38e-07	28.455	H3H|Mycena_chlorophos	422	300	0.7109	588.1
GCA_000149895.1	Coccidioides immitis	yes	H3H	DS028103.1	+	267229	267606	14	55.1	6.11e-08	44.286	H3H|Mycena_chlorophos	422	122	0.2891	659.9
GCA_000149895.1	Coccidioides immitis	yes	H3H	DS028096.1	+	1570461	1570799	6	47.0	2.05e-05	34.959	H3H|Panellus_stipticus	428	121	0.2827	266.5
GCA_000149895.1	Coccidioides immitis	yes	H3H	DS028093.1	+	3830266	3830490	1	43.1	0.000269	32.911	H3H|Neonothopanus_gardneri	416	79	0.1899	43.1
GCA_000149895.1	Coccidioides immitis	yes	H3H	DS028093.1	-	4871925	4872452	1	51.2	1.29e-06	26.064	H3H|Omphalotus_olearius	540	182	0.337	51.2
GCA_000149895.1	Coccidioides immitis	yes	CPH	DS028103.1	-	189789	190682	6	223.0	5.12e-66	42.02	CPH|Armillaria_fuscipes	294	310	1.0544	1291.0
GCA_000149895.1	Coccidioides immitis	yes	CPH	DS028095.1	+	1634698	1635509	8	107.0	9.2e-26	41.135	CPH|Neonothopanus_gardneri	321	237	0.7383	657.2
GCA_000149895.1	Coccidioides immitis	yes	CPH	DS028096.1	+	415568	416290	6	72.8	5.14e-14	26.316	CPH|Neonothopanus_gardneri	321	202	0.6293	410.8
GCA_000149895.1	Coccidioides immitis	yes	Luz	DS028094.1	+	3980071	3980778	12	96.7	1.41e-22	29.435	Luz|Neonothopanus_gardneri	264	254	0.9621	1061.6
GCA_029226625.1	Colletotrichum graminicola	yes	HispS	CP117789.1	+	463018	463743	1	50.8	1.71e-05	25.397	HispS|Neonothopanus_nambi	1678	238	0.1418	50.8
GCA_029226625.1	Colletotrichum graminicola	yes	HispS	CP117789.1	+	1112978	1115604	22	256.0	2.58e-86	30.615	HispS|Armillaria_fuscipes	1774	893	0.5034	3501.0
GCA_029226625.1	Colletotrichum graminicola	yes	HispS	CP117789.1	+	3403641	3404669	6	60.8	1.51e-08	26.16	HispS|Armillaria_fuscipes	1774	309	0.1742	333.5
GCA_029226625.1	Colletotrichum graminicola	yes	HispS	CP117789.1	+	3651304	3654489	14	271.0	2.53e-72	28.203	HispS|Armillaria_ostoyae	1770	906	0.5119	2730.2
GCA_029226625.1	Colletotrichum graminicola	yes	HispS	CP117789.1	+	4309287	4311938	11	241.0	2.49e-63	28.187	HispS|Armillaria_gallica	1771	829	0.4681	2348.0
GCA_029226625.1	Colletotrichum graminicola	yes	HispS	CP117789.1	-	38243	41373	25	233.0	5.94e-61	26.617	HispS|Neonothopanus_gardneri	1691	958	0.5665	3032.0
GCA_029226625.1	Colletotrichum graminicola	yes	HispS	CP117789.1	-	1917823	1920606	11	327.0	1.08e-89	29.872	HispS|Armillaria_ostoyae	1770	978	0.5525	3154.0
GCA_029226625.1	Colletotrichum graminicola	yes	HispS	CP117789.1	-	3040567	3043291	27	173.0	1.03e-42	26.221	HispS|Guyanagaster_necrorhiza	1766	888	0.5028	3189.1
GCA_029226625.1	Colletotrichum graminicola	yes	HispS	CP117789.1	-	3630837	3647064	65	162.0	1.7e-39	33.828	HispS|Mycena_citricolor	1678	1175	0.7002	6177.8
GCA_029226625.1	Colletotrichum graminicola	yes	HispS	CP117789.1	-	4303564	4306440	22	126.0	2.18e-28	24.789	HispS|Neonothopanus_nambi	1678	892	0.5316	1810.3
GCA_029226625.1	Colletotrichum graminicola	yes	HispS	CP117789.1	-	4505232	4508780	40	99.4	1.38e-27	26.248	HispS|Neonothopanus_nambi	1678	982	0.5852	2648.1
GCA_029226625.1	Colletotrichum graminicola	yes	HispS	CP117789.1	-	4582887	4586087	31	159.0	1.75e-38	26.043	HispS|Armillaria_fuscipes	1774	963	0.5428	2986.6
GCA_029226625.1	Colletotrichum graminicola	yes	HispS	CP117784.1	+	104747	107725	11	317.0	1.57e-86	28.431	HispS|Armillaria_ostoyae	1770	984	0.5559	3052.0
GCA_029226625.1	Colletotrichum graminicola	yes	HispS	CP117784.1	+	241992	244735	13	259.0	1.18e-68	28.346	HispS|Armillaria_fuscipes	1774	876	0.4938	2713.8
GCA_029226625.1	Colletotrichum graminicola	yes	HispS	CP117784.1	+	7185992	7189315	11	283.0	5.71e-76	29.009	HispS|Armillaria_ostoyae	1770	1093	0.6175	2760.0
GCA_029226625.1	Colletotrichum graminicola	yes	HispS	CP117784.1	+	7479762	7483057	35	164.0	2.44e-56	33.628	HispS|Mycena_citricolor	1678	980	0.584	3176.9
GCA_029226625.1	Colletotrichum graminicola	yes	HispS	CP117784.1	-	92942	95815	11	299.0	6.2e-81	28.661	HispS|Guyanagaster_necrorhiza	1766	1000	0.5663	3002.0
GCA_029226625.1	Colletotrichum graminicola	yes	HispS	CP117784.1	-	273726	276572	11	284.0	2.23e-76	28.673	HispS|Armillaria_ostoyae	1770	990	0.5593	2821.0
GCA_029226625.1	Colletotrichum graminicola	yes	HispS	CP117784.1	-	7454113	7456893	22	167.0	8.42e-41	37.075	HispS|Armillaria_gallica	1771	909	0.5133	2674.4
GCA_029226625.1	Colletotrichum graminicola	yes	HispS	CP117791.1	+	301372	304260	12	303.0	3.99e-82	30.651	HispS|Armillaria_fuscipes	1774	932	0.5254	3003.2
GCA_029226625.1	Colletotrichum graminicola	yes	HispS	CP117791.1	+	2827650	2830378	22	231.0	4.32e-83	30.914	HispS|Armillaria_fuscipes	1774	893	0.5034	3255.1
GCA_029226625.1	Colletotrichum graminicola	yes	HispS	CP117787.1	-	738498	741411	19	259.0	1.45e-80	31.385	HispS|Armillaria_fuscipes	1774	898	0.5062	3027.7
GCA_029226625.1	Colletotrichum graminicola	yes	HispS	CP117787.1	-	1190313	1193009	12	264.0	2.53e-70	27.909	HispS|Guyanagaster_necrorhiza	1766	975	0.5521	2680.8
GCA_029226625.1	Colletotrichum graminicola	yes	HispS	CP117787.1	-	3452718	3455386	20	192.0	4.59e-63	27.114	HispS|Armillaria_gallica	1771	847	0.4783	2557.8
GCA_029226625.1	Colletotrichum graminicola	yes	HispS	CP117787.1	+	2056293	2059291	33	95.1	7.28e-19	39.161	HispS|Armillaria_gallica	1771	875	0.4941	2216.1
GCA_029226625.1	Colletotrichum graminicola	yes	HispS	CP117786.1	+	492096	494930	13	291.0	1.06e-78	28.422	HispS|Armillaria_fuscipes	1774	965	0.544	2894.6
GCA_029226625.1	Colletotrichum graminicola	yes	HispS	CP117786.1	+	661847	680608	6	62.0	6.6e-09	23.802	HispS|Mycena_citricolor	1678	629	0.3749	325.4
GCA_029226625.1	Colletotrichum graminicola	yes	HispS	CP117786.1	+	2680372	2683546	38	92.4	4.81e-18	33.152	HispS|Armillaria_fuscipes	1774	937	0.5282	2477.3
GCA_029226625.1	Colletotrichum graminicola	yes	HispS	CP117786.1	+	2841246	2843982	22	199.0	1.6e-65	26.72	HispS|Armillaria_fuscipes	1774	914	0.5152	2741.0
GCA_029226625.1	Colletotrichum graminicola	yes	HispS	CP117786.1	-	2509805	2512363	32	102.0	3.33e-38	34.454	HispS|Armillaria_mellea	1768	824	0.4661	2506.3
GCA_029226625.1	Colletotrichum graminicola	yes	HispS	CP117786.1	-	3688891	3690063	11	82.8	3.33e-15	24.876	HispS|Neonothopanus_nambi	1678	363	0.2163	802.9
GCA_029226625.1	Colletotrichum graminicola	yes	HispS	CP117786.1	-	4994334	4997126	11	281.0	1.7e-75	27.636	HispS|Guyanagaster_necrorhiza	1766	962	0.5447	2659.0
GCA_029226625.1	Colletotrichum graminicola	yes	HispS	CP117783.1	+	2702686	2703312	3	50.4	2.21e-05	27.861	HispS|Armillaria_mellea	1768	203	0.1148	146.3
GCA_029226625.1	Colletotrichum graminicola	yes	HispS	CP117783.1	+	4969472	4972415	23	157.0	2.52e-64	34.164	HispS|Mycena_citricolor	1678	892	0.5316	2885.1
GCA_029226625.1	Colletotrichum graminicola	yes	HispS	CP117783.1	+	5141552	5144579	28	119.0	7.18e-47	25.151	HispS|Neonothopanus_nambi	1678	863	0.5143	2451.1
GCA_029226625.1	Colletotrichum graminicola	yes	HispS	CP117783.1	+	5758615	5762394	2	53.1	2.93e-06	23.904	HispS|Neonothopanus_gardneri	1691	433	0.2561	100.1
GCA_029226625.1	Colletotrichum graminicola	yes	HispS	CP117783.1	-	4072741	4073127	9	60.5	1.59e-08	29.31	HispS|Panellus_stipticus	1504	202	0.1343	505.8
GCA_029226625.1	Colletotrichum graminicola	yes	HispS	CP117783.1	-	6943259	6943927	2	52.8	3.9e-06	24.454	HispS|Guyanagaster_necrorhiza	1766	209	0.1183	100.9
GCA_029226625.1	Colletotrichum graminicola	yes	HispS	CP117792.1	+	33348	36140	12	263.0	4.06e-70	29.51	HispS|Mycena_citricolor	1678	1017	0.6061	2619.0
GCA_029226625.1	Colletotrichum graminicola	yes	HispS	CP117792.1	+	581720	584506	13	228.0	1.84e-59	26.291	HispS|Armillaria_gallica	1771	865	0.4884	2262.4
GCA_029226625.1	Colletotrichum graminicola	yes	HispS	CP117792.1	-	2987212	2989890	12	245.0	1.89e-64	28.258	HispS|Armillaria_fuscipes	1774	903	0.509	2376.3
GCA_029226625.1	Colletotrichum graminicola	yes	HispS	CP117788.1	+	86693	89785	22	199.0	1.42e-50	27.003	HispS|Mycena_chlorophos	1652	866	0.5242	2622.9
GCA_029226625.1	Colletotrichum graminicola	yes	HispS	CP117788.1	+	126903	129881	11	250.0	5.25e-66	25.598	HispS|Armillaria_gallica	1771	975	0.5505	2471.0
GCA_029226625.1	Colletotrichum graminicola	yes	HispS	CP117788.1	+	4695925	4699151	22	198.0	2.1e-50	27.409	HispS|Panellus_stipticus	1504	1051	0.6988	2999.2
GCA_029226625.1	Colletotrichum graminicola	yes	HispS	CP117788.1	-	4662474	4664873	28	165.0	3.18e-50	27.174	HispS|Armillaria_fuscipes	1774	752	0.4239	2399.4
GCA_029226625.1	Colletotrichum graminicola	yes	HispS	CP117790.1	+	787571	790582	30	178.0	4.36e-44	30.123	HispS|Armillaria_gallica	1771	955	0.5392	2953.9
GCA_029226625.1	Colletotrichum graminicola	yes	HispS	CP117790.1	+	1286976	1290210	39	116.0	2.58e-44	32.661	HispS|Armillaria_mellea	1768	958	0.5419	3434.3
GCA_029226625.1	Colletotrichum graminicola	yes	HispS	CP117785.1	+	6675982	6678739	22	172.0	1.3e-60	34.014	HispS|Guyanagaster_necrorhiza	1766	912	0.5164	2603.1
GCA_029226625.1	Colletotrichum graminicola	yes	HispS	CP117785.1	-	834295	837655	34	129.0	2.83e-29	34.914	HispS|Mycena_citricolor	1678	894	0.5328	2764.9
GCA_029226625.1	Colletotrichum graminicola	yes	HispS	CP117790.1	-	555190	555822	1	49.7	3.15e-05	21.875	HispS|Mycena_citricolor	1678	210	0.1251	49.7
GCA_029226625.1	Colletotrichum graminicola	yes	H3H	CP117785.1	-	3772892	3774474	34	59.3	8.59e-13	28.495	H3H|Armillaria_mellea	429	424	0.9883	1389.8
GCA_029226625.1	Colletotrichum graminicola	yes	H3H	CP117785.1	-	4627658	4629203	70	85.1	3.42e-39	35.915	H3H|Mycena_citricolor_2	420	434	1.0333	3511.4
GCA_029226625.1	Colletotrichum graminicola	yes	H3H	CP117785.1	+	1040722	1041723	31	57.0	3.17e-08	45.07	H3H|Panellus_stipticus	428	174	0.4065	1359.9
GCA_029226625.1	Colletotrichum graminicola	yes	H3H	CP117785.1	+	5942178	5943387	16	93.2	8.63e-20	35.632	H3H|Panellus_stipticus	428	348	0.8131	1236.2
GCA_029226625.1	Colletotrichum graminicola	yes	H3H	CP117792.1	-	978767	980326	14	157.0	2.75e-41	28.936	H3H|Panellus_stipticus	428	429	1.0023	1995.0
GCA_029226625.1	Colletotrichum graminicola	yes	H3H	CP117792.1	-	2993380	2994675	14	94.7	2.65e-20	25.298	H3H|Panellus_stipticus_2	428	414	0.9673	1184.3
GCA_029226625.1	Colletotrichum graminicola	yes	H3H	CP117792.1	-	3158862	3159548	10	55.1	1.09e-07	26.667	H3H|Neonothopanus_gardneri	416	241	0.5793	502.1
GCA_029226625.1	Colletotrichum graminicola	yes	H3H	CP117792.1	+	2995601	2997108	27	129.0	1.34e-31	35.849	H3H|Panellus_stipticus_3	428	388	0.9065	2393.0
GCA_029226625.1	Colletotrichum graminicola	yes	H3H	CP117784.1	-	234715	236372	42	60.5	2.38e-09	26.768	H3H|Panellus_stipticus	428	375	0.8762	1926.0
GCA_029226625.1	Colletotrichum graminicola	yes	H3H	CP117784.1	-	2757885	2759169	25	81.3	6.05e-16	25.85	H3H|Neonothopanus_gardneri	416	401	0.9639	1462.0
GCA_029226625.1	Colletotrichum graminicola	yes	H3H	CP117784.1	-	6248988	6250037	14	116.0	1.66e-27	32.964	H3H|Armillaria_mellea	429	360	0.8392	1499.5
GCA_029226625.1	Colletotrichum graminicola	yes	H3H	CP117784.1	+	279836	281059	10	56.6	4.36e-08	23.389	H3H|Armillaria_ostoyae	426	390	0.9155	526.5
GCA_029226625.1	Colletotrichum graminicola	yes	H3H	CP117784.1	+	3714653	3715979	15	89.0	4.32e-21	25.907	H3H|Neonothopanus_gardneri	416	404	0.9712	1006.8
GCA_029226625.1	Colletotrichum graminicola	yes	H3H	CP117784.1	+	7461731	7463208	35	77.4	9.71e-15	35.915	H3H|Panellus_stipticus	428	326	0.7617	1844.2
GCA_029226625.1	Colletotrichum graminicola	yes	H3H	CP117784.1	+	7475168	7476622	29	93.2	7.29e-20	35.196	H3H|Neonothopanus_gardneri	416	347	0.8341	2000.1
GCA_029226625.1	Colletotrichum graminicola	yes	H3H	CP117786.1	-	1268879	1270195	38	64.7	7.54e-27	31.915	H3H|Armillaria_ostoyae	426	390	0.9155	1909.1
GCA_029226625.1	Colletotrichum graminicola	yes	H3H	CP117786.1	-	5518944	5519747	7	53.5	4.29e-07	26.222	H3H|Guyanagaster_necrorhiza	443	240	0.5418	337.1
GCA_029226625.1	Colletotrichum graminicola	yes	H3H	CP117783.1	+	1497404	1497619	2	44.7	0.000174	42.029	H3H|Neonothopanus_nambi	422	69	0.1635	87.4
GCA_029226625.1	Colletotrichum graminicola	yes	H3H	CP117783.1	+	6139671	6140492	14	74.7	6.79e-14	26.761	H3H|Armillaria_gallica	422	263	0.6232	879.9
GCA_029226625.1	Colletotrichum graminicola	yes	H3H	CP117783.1	+	6401636	6402954	17	90.1	8.94e-19	36.29	H3H|Panellus_stipticus	428	426	0.9953	1243.5
GCA_029226625.1	Colletotrichum graminicola	yes	H3H	CP117791.1	+	2186144	2187142	6	53.5	3.04e-07	25.664	H3H|Neonothopanus_nambi	422	345	0.8175	302.6
GCA_029226625.1	Colletotrichum graminicola	yes	H3H	CP117791.1	+	2386353	2387736	47	89.0	1.88e-18	39.416	H3H|Panellus_stipticus	428	377	0.8808	2309.0
GCA_029226625.1	Colletotrichum graminicola	yes	H3H	CP117791.1	-	2340243	2340602	14	51.2	1.89e-06	32.727	H3H|Panellus_stipticus_3	428	113	0.264	650.8
GCA_029226625.1	Colletotrichum graminicola	yes	H3H	CP117791.1	-	2506618	2507977	14	53.9	3.96e-07	42.254	H3H|Omphalotus_olearius	540	361	0.6685	679.4
GCA_029226625.1	Colletotrichum graminicola	yes	H3H	CP117789.1	-	1045821	1046385	18	70.1	2.47e-12	37.097	H3H|Armillaria_fuscipes	426	169	0.3967	977.2
GCA_029226625.1	Colletotrichum graminicola	yes	H3H	CP117787.1	-	4815683	4816813	12	68.9	8.7e-12	26.718	H3H|Omphalotus_olearius	540	366	0.6778	724.2
GCA_029226625.1	Colletotrichum graminicola	yes	H3H	CP117790.1	+	2459231	2460483	29	67.8	1.79e-15	33.529	H3H|Omphalotus_olearius	540	379	0.7019	1477.3
GCA_029226625.1	Colletotrichum graminicola	yes	H3H	CP117790.1	-	1190954	1191079	1	45.4	0.000115	52.381	H3H|Mycena_chlorophos	422	42	0.0995	45.4
GCA_029226625.1	Colletotrichum graminicola	yes	H3H	CP117790.1	-	2481855	2482241	14	64.3	1.35e-10	31.25	H3H|Panellus_stipticus_3	428	123	0.2874	778.7
GCA_029226625.1	Colletotrichum graminicola	yes	CPH	CP117788.1	+	3211736	3212611	6	258.0	5.07e-78	49.618	CPH|Armillaria_fuscipes	294	316	1.0748	1479.0
GCA_029226625.1	Colletotrichum graminicola	yes	CPH	CP117790.1	+	2456291	2457399	18	96.3	1.88e-45	43.411	CPH|Armillaria_mellea	297	312	1.0505	1321.3
GCA_029226625.1	Colletotrichum graminicola	yes	CPH	CP117785.1	+	3826302	3826889	6	89.0	4.07e-19	30.288	CPH|Neonothopanus_gardneri	321	198	0.6168	461.8
GCA_029226625.1	Colletotrichum graminicola	yes	CPH	CP117785.1	+	4869081	4870133	8	147.0	1.63e-39	33.138	CPH|Armillaria_fuscipes	294	314	1.068	923.4
GCA_029226625.1	Colletotrichum graminicola	yes	CPH	CP117787.1	+	4812978	4813743	12	68.9	5.91e-24	37.778	CPH|Armillaria_gallica	302	251	0.8311	729.8
GCA_029226625.1	Colletotrichum graminicola	yes	CPH	CP117791.1	+	2340531	2340713	5	50.4	1.7e-06	51.111	CPH|Neonothopanus_gardneri	321	101	0.3146	238.0
GCA_029226625.1	Colletotrichum graminicola	yes	Luz	CP117785.1	-	4502238	4502915	12	84.0	3.87e-18	35.849	Luz|Mycena_citricolor	246	236	0.9593	920.6
GCA_029226625.1	Colletotrichum graminicola	yes	Luz	CP117786.1	+	1248928	1249779	12	75.1	6.96e-15	24.382	Luz|Neonothopanus_nambi	267	250	0.9363	801.6
GCA_000149035.1	Colletotrichum graminicola	yes	HispS	GG697361.1	+	127631	130257	22	256.0	2.33e-86	30.615	HispS|Armillaria_fuscipes	1774	893	0.5034	3501.0
GCA_000149035.1	Colletotrichum graminicola	yes	HispS	GG697343.1	-	433549	436332	11	327.0	9.71e-90	29.872	HispS|Armillaria_ostoyae	1770	978	0.5525	3154.0
GCA_000149035.1	Colletotrichum graminicola	yes	HispS	GG697381.1	+	229669	232397	22	231.0	3.91e-83	30.914	HispS|Armillaria_fuscipes	1774	893	0.5034	3255.1
GCA_000149035.1	Colletotrichum graminicola	yes	HispS	GG697367.1	-	152928	155816	12	303.0	3.55e-82	30.651	HispS|Armillaria_fuscipes	1774	932	0.5254	3003.2
GCA_000149035.1	Colletotrichum graminicola	yes	HispS	GG697383.1	+	35333	38246	19	259.0	1.32e-80	31.385	HispS|Armillaria_fuscipes	1774	898	0.5062	3027.7
GCA_000149035.1	Colletotrichum graminicola	yes	HispS	GG697471.1	-	8910	11579	11	307.0	1.15e-83	29.304	HispS|Armillaria_ostoyae	1770	890	0.5028	2945.0
GCA_000149035.1	Colletotrichum graminicola	yes	HispS	GG697471.1	+	20511	23384	11	299.0	4.86e-81	28.661	HispS|Guyanagaster_necrorhiza	1766	1000	0.5663	3002.0
GCA_000149035.1	Colletotrichum graminicola	yes	HispS	GG697392.1	-	118032	120866	13	291.0	9.38e-79	28.422	HispS|Armillaria_fuscipes	1774	965	0.544	2894.6
GCA_000149035.1	Colletotrichum graminicola	yes	HispS	GG697372.1	+	364808	367654	11	284.0	1.98e-76	28.673	HispS|Armillaria_ostoyae	1770	990	0.5593	2821.0
GCA_000149035.1	Colletotrichum graminicola	yes	HispS	GG697372.1	-	396645	399388	13	259.0	1.05e-68	28.346	HispS|Armillaria_fuscipes	1774	876	0.4938	2713.8
GCA_000149035.1	Colletotrichum graminicola	yes	HispS	GG697561.1	-	7115	10438	11	283.0	3.85e-76	29.009	HispS|Armillaria_ostoyae	1770	1093	0.6175	2760.0
GCA_000149035.1	Colletotrichum graminicola	yes	HispS	GG697404.1	+	64939	67731	11	281.0	1.5e-75	27.636	HispS|Guyanagaster_necrorhiza	1766	962	0.5447	2659.0
GCA_000149035.1	Colletotrichum graminicola	yes	HispS	GG697389.1	-	72299	75326	28	119.0	6.61e-47	25.151	HispS|Neonothopanus_nambi	1678	863	0.5143	2451.1
GCA_000149035.1	Colletotrichum graminicola	yes	HispS	GG697389.1	-	244967	247910	23	157.0	2.31e-64	34.164	HispS|Mycena_citricolor	1678	892	0.5316	2885.1
GCA_000149035.1	Colletotrichum graminicola	yes	HispS	GG697340.1	+	586621	587652	7	60.8	1.36e-08	26.16	HispS|Armillaria_fuscipes	1774	314	0.177	378.2
GCA_000149035.1	Colletotrichum graminicola	yes	HispS	GG697340.1	+	834960	838145	14	271.0	2.27e-72	28.203	HispS|Armillaria_ostoyae	1770	906	0.5119	2730.2
GCA_000149035.1	Colletotrichum graminicola	yes	HispS	GG697340.1	-	222818	225542	27	173.0	9.26e-43	26.221	HispS|Guyanagaster_necrorhiza	1766	888	0.5028	3189.1
GCA_000149035.1	Colletotrichum graminicola	yes	HispS	GG697340.1	-	814493	830720	65	162.0	1.52e-39	33.828	HispS|Mycena_citricolor	1678	1175	0.7002	6177.8
GCA_000149035.1	Colletotrichum graminicola	yes	HispS	GG697456.1	-	13796	16588	12	263.0	3.31e-70	29.51	HispS|Mycena_citricolor	1678	1017	0.6061	2619.0
GCA_000149035.1	Colletotrichum graminicola	yes	HispS	GG697369.1	-	331628	334364	22	199.0	1.46e-65	26.72	HispS|Armillaria_fuscipes	1774	914	0.5152	2741.0
GCA_000149035.1	Colletotrichum graminicola	yes	HispS	GG697359.1	+	103915	106611	12	264.0	2.26e-70	27.909	HispS|Guyanagaster_necrorhiza	1766	975	0.5521	2680.8
GCA_000149035.1	Colletotrichum graminicola	yes	HispS	GG697480.1	-	6314	8992	12	245.0	1.49e-64	28.258	HispS|Armillaria_fuscipes	1774	903	0.509	2376.3
GCA_000149035.1	Colletotrichum graminicola	yes	HispS	GG697335.1	+	818788	821456	20	192.0	4.16e-63	27.114	HispS|Armillaria_gallica	1771	847	0.4783	2557.8
GCA_000149035.1	Colletotrichum graminicola	yes	HispS	GG697422.1	+	27562	30654	22	199.0	1.23e-50	27.003	HispS|Mycena_chlorophos	1652	866	0.5242	2622.9
GCA_000149035.1	Colletotrichum graminicola	yes	HispS	GG697422.1	+	67772	70750	11	250.0	4.53e-66	25.598	HispS|Armillaria_gallica	1771	975	0.5505	2471.0
GCA_000149035.1	Colletotrichum graminicola	yes	HispS	GG697376.1	+	348034	350685	11	241.0	2.22e-63	28.187	HispS|Armillaria_gallica	1771	829	0.4681	2348.0
GCA_000149035.1	Colletotrichum graminicola	yes	HispS	GG697376.1	-	342313	345189	22	126.0	1.95e-28	24.789	HispS|Neonothopanus_nambi	1678	892	0.5316	1810.3
GCA_000149035.1	Colletotrichum graminicola	yes	HispS	GG697333.1	+	14039	16825	13	228.0	1.65e-59	26.291	HispS|Armillaria_gallica	1771	865	0.4884	2262.4
GCA_000149035.1	Colletotrichum graminicola	yes	HispS	GG697417.1	-	14685	17084	29	165.0	2.93e-50	27.174	HispS|Armillaria_fuscipes	1774	821	0.4628	2443.3
GCA_000149035.1	Colletotrichum graminicola	yes	HispS	GG697417.1	+	47949	51175	22	198.0	1.84e-50	27.409	HispS|Panellus_stipticus	1504	1051	0.6988	2999.2
GCA_000149035.1	Colletotrichum graminicola	yes	HispS	GG697492.1	-	7922	11052	25	233.0	4.66e-61	26.617	HispS|Neonothopanus_gardneri	1691	958	0.5665	3032.0
GCA_000149035.1	Colletotrichum graminicola	yes	HispS	GG697350.1	+	111817	115051	39	116.0	2.34e-44	32.661	HispS|Armillaria_mellea	1768	958	0.5419	3434.3
GCA_000149035.1	Colletotrichum graminicola	yes	HispS	GG697375.1	+	51954	54965	30	178.0	3.9e-44	30.123	HispS|Armillaria_gallica	1771	955	0.5392	2953.9
GCA_000149035.1	Colletotrichum graminicola	yes	HispS	GG697470.1	+	15723	18480	22	172.0	1.21e-60	34.014	HispS|Guyanagaster_necrorhiza	1766	912	0.5164	2603.1
GCA_000149035.1	Colletotrichum graminicola	yes	HispS	GG697447.1	+	35629	38409	22	167.0	7.19e-41	37.075	HispS|Armillaria_gallica	1771	909	0.5133	2674.4
GCA_000149035.1	Colletotrichum graminicola	yes	HispS	GG697447.1	-	9465	12760	35	164.0	2.34e-56	33.628	HispS|Mycena_citricolor	1678	980	0.584	3176.9
GCA_000149035.1	Colletotrichum graminicola	yes	HispS	GG697427.1	-	26950	30150	31	159.0	1.53e-38	26.043	HispS|Armillaria_fuscipes	1774	963	0.5428	2986.6
GCA_000149035.1	Colletotrichum graminicola	yes	HispS	GG697505.1	-	10387	12945	32	102.0	3.16e-38	34.454	HispS|Armillaria_mellea	1768	824	0.4661	2506.3
GCA_000149035.1	Colletotrichum graminicola	yes	HispS	GG697337.1	-	664901	668261	34	129.0	2.54e-29	34.914	HispS|Mycena_citricolor	1678	894	0.5328	2764.9
GCA_000149035.1	Colletotrichum graminicola	yes	HispS	GG697502.1	+	8713	11887	38	92.4	4.1e-18	33.152	HispS|Armillaria_fuscipes	1774	937	0.5282	2477.3
GCA_000149035.1	Colletotrichum graminicola	yes	HispS	GG697420.1	-	59807	63355	40	99.4	1.3e-27	26.248	HispS|Neonothopanus_nambi	1678	982	0.5852	2648.1
GCA_000149035.1	Colletotrichum graminicola	yes	HispS	GG697352.1	-	445302	448300	33	95.1	6.53e-19	39.161	HispS|Armillaria_gallica	1771	875	0.4941	2216.1
GCA_000149035.1	Colletotrichum graminicola	yes	HispS	GG697341.1	+	642701	643873	11	82.8	2.99e-15	24.876	HispS|Neonothopanus_nambi	1678	363	0.2163	802.9
GCA_000149035.1	Colletotrichum graminicola	yes	HispS	GG697370.1	+	16281	16667	9	60.5	1.42e-08	29.31	HispS|Panellus_stipticus	1504	202	0.1343	505.8
GCA_000149035.1	Colletotrichum graminicola	yes	HispS	GG697366.1	-	194713	195339	3	50.4	1.99e-05	27.861	HispS|Armillaria_mellea	1768	203	0.1148	146.3
GCA_000149035.1	Colletotrichum graminicola	yes	HispS	GG697388.1	+	28102	28770	2	52.8	3.49e-06	24.454	HispS|Guyanagaster_necrorhiza	1766	209	0.1183	100.9
GCA_000149035.1	Colletotrichum graminicola	yes	HispS	GG697331.1	-	1783478	1802239	6	62.0	5.93e-09	23.802	HispS|Mycena_citricolor	1678	629	0.3749	325.4
GCA_000149035.1	Colletotrichum graminicola	yes	HispS	GG697373.1	-	334325	334957	1	49.7	2.82e-05	21.875	HispS|Mycena_citricolor	1678	210	0.1251	49.7
GCA_000149035.1	Colletotrichum graminicola	yes	HispS	GG697356.1	-	113533	117312	2	53.1	2.63e-06	23.904	HispS|Neonothopanus_gardneri	1691	433	0.2561	100.1
GCA_000149035.1	Colletotrichum graminicola	yes	HispS	GG697355.1	+	137117	137842	1	50.8	1.53e-05	25.397	HispS|Neonothopanus_nambi	1678	238	0.1418	50.8
GCA_000149035.1	Colletotrichum graminicola	yes	H3H	GG697334.1	-	347576	349158	34	59.3	8.06e-13	28.495	H3H|Armillaria_mellea	429	424	0.9883	1389.8
GCA_000149035.1	Colletotrichum graminicola	yes	H3H	GG697334.1	-	1203172	1204717	70	85.1	3.25e-39	35.915	H3H|Mycena_citricolor_2	420	434	1.0333	3511.4
GCA_000149035.1	Colletotrichum graminicola	yes	H3H	GG697333.1	-	411054	412613	14	157.0	2.47e-41	28.936	H3H|Panellus_stipticus	428	429	1.0023	1995.0
GCA_000149035.1	Colletotrichum graminicola	yes	H3H	GG697480.1	+	14703	16210	27	129.0	1.16e-31	35.849	H3H|Panellus_stipticus_3	428	388	0.9065	2393.0
GCA_000149035.1	Colletotrichum graminicola	yes	H3H	GG697480.1	-	12482	13777	14	94.7	2.3e-20	25.298	H3H|Panellus_stipticus_2	428	414	0.9673	1184.3
GCA_000149035.1	Colletotrichum graminicola	yes	H3H	GG697411.1	+	56787	57836	14	116.0	1.48e-27	32.964	H3H|Armillaria_mellea	429	360	0.8392	1499.5
GCA_000149035.1	Colletotrichum graminicola	yes	H3H	GG697331.1	+	1192010	1193326	38	64.7	7e-27	31.915	H3H|Armillaria_ostoyae	426	390	0.9155	1909.1
GCA_000149035.1	Colletotrichum graminicola	yes	H3H	GG697384.1	-	221170	222488	17	90.1	8.01e-19	36.29	H3H|Panellus_stipticus	428	426	0.9953	1243.5
GCA_000149035.1	Colletotrichum graminicola	yes	H3H	GG697338.1	+	727746	729030	25	81.3	5.43e-16	25.85	H3H|Neonothopanus_gardneri	416	401	0.9639	1462.0
GCA_000149035.1	Colletotrichum graminicola	yes	H3H	GG697398.1	+	12469	13335	14	93.2	7.71e-20	35.632	H3H|Panellus_stipticus	428	280	0.6542	1175.0
GCA_000149035.1	Colletotrichum graminicola	yes	H3H	GG697379.1	+	165993	167376	47	89.0	1.69e-18	39.416	H3H|Panellus_stipticus	428	377	0.8808	2309.0
GCA_000149035.1	Colletotrichum graminicola	yes	H3H	GG697379.1	-	119886	120245	14	51.2	1.7e-06	32.727	H3H|Panellus_stipticus_3	428	113	0.264	650.8
GCA_000149035.1	Colletotrichum graminicola	yes	H3H	GG697379.1	-	286869	288228	14	53.9	3.55e-07	42.254	H3H|Omphalotus_olearius	540	361	0.6685	679.4
GCA_000149035.1	Colletotrichum graminicola	yes	H3H	GG697339.1	-	1001543	1002869	15	89.0	4.01e-21	25.907	H3H|Neonothopanus_gardneri	416	404	0.9712	1006.8
GCA_000149035.1	Colletotrichum graminicola	yes	H3H	GG697447.1	-	15900	17354	29	93.2	6.42e-20	35.196	H3H|Neonothopanus_gardneri	416	347	0.8341	2000.1
GCA_000149035.1	Colletotrichum graminicola	yes	H3H	GG697447.1	-	29314	30791	35	77.4	8.57e-15	35.915	H3H|Panellus_stipticus	428	326	0.7617	1844.2
GCA_000149035.1	Colletotrichum graminicola	yes	H3H	GG697372.1	+	405008	406665	42	60.5	2.14e-09	26.768	H3H|Panellus_stipticus	428	375	0.8762	1926.0
GCA_000149035.1	Colletotrichum graminicola	yes	H3H	GG697372.1	-	360321	361544	10	56.6	3.91e-08	23.389	H3H|Armillaria_ostoyae	426	390	0.9155	526.5
GCA_000149035.1	Colletotrichum graminicola	yes	H3H	GG697399.1	-	94682	95503	14	74.7	6.07e-14	26.761	H3H|Armillaria_gallica	422	263	0.6232	879.9
GCA_000149035.1	Colletotrichum graminicola	yes	H3H	GG697361.1	-	61727	62291	18	70.1	2.21e-12	37.097	H3H|Armillaria_fuscipes	426	169	0.3967	977.2
GCA_000149035.1	Colletotrichum graminicola	yes	H3H	GG697364.1	+	420807	421937	12	68.9	7.8e-12	26.718	H3H|Omphalotus_olearius	540	366	0.6778	724.2
GCA_000149035.1	Colletotrichum graminicola	yes	H3H	GG697351.1	+	570156	571408	29	67.8	1.68e-15	33.529	H3H|Omphalotus_olearius	540	379	0.7019	1477.3
GCA_000149035.1	Colletotrichum graminicola	yes	H3H	GG697351.1	-	592780	593166	14	64.3	1.22e-10	31.25	H3H|Panellus_stipticus_3	428	123	0.2874	778.7
GCA_000149035.1	Colletotrichum graminicola	yes	H3H	GG697337.1	+	872435	873436	31	57.0	2.85e-08	45.07	H3H|Panellus_stipticus	428	174	0.4065	1359.9
GCA_000149035.1	Colletotrichum graminicola	yes	H3H	GG697421.1	+	55385	56383	6	53.5	2.71e-07	25.664	H3H|Neonothopanus_nambi	422	345	0.8175	302.6
GCA_000149035.1	Colletotrichum graminicola	yes	H3H	GG697365.1	-	265988	266791	7	53.5	3.85e-07	26.222	H3H|Guyanagaster_necrorhiza	443	240	0.5418	337.1
GCA_000149035.1	Colletotrichum graminicola	yes	H3H	GG697416.1	-	99915	100601	10	55.1	9.75e-08	26.667	H3H|Neonothopanus_gardneri	416	241	0.5793	502.1
GCA_000149035.1	Colletotrichum graminicola	yes	H3H	GG697401.1	-	13025	13240	2	44.7	0.000156	42.029	H3H|Neonothopanus_nambi	422	69	0.1635	87.4
GCA_000149035.1	Colletotrichum graminicola	yes	H3H	GG697350.1	-	15389	15514	1	45.4	0.000103	52.381	H3H|Mycena_chlorophos	422	42	0.0995	45.4
GCA_000149035.1	Colletotrichum graminicola	yes	CPH	GG697354.1	+	264216	265091	6	258.0	4.55e-78	49.618	CPH|Armillaria_fuscipes	294	316	1.0748	1479.0
GCA_000149035.1	Colletotrichum graminicola	yes	CPH	GG697351.1	+	567216	568324	18	96.3	1.74e-45	43.411	CPH|Armillaria_mellea	297	312	1.0505	1321.3
GCA_000149035.1	Colletotrichum graminicola	yes	CPH	GG697390.1	+	37648	38700	8	147.0	1.46e-39	33.138	CPH|Armillaria_fuscipes	294	314	1.068	923.4
GCA_000149035.1	Colletotrichum graminicola	yes	CPH	GG697364.1	-	423877	424642	12	68.9	5.54e-24	37.778	CPH|Armillaria_gallica	302	251	0.8311	729.8
GCA_000149035.1	Colletotrichum graminicola	yes	CPH	GG697334.1	+	400978	401565	6	89.0	3.66e-19	30.288	CPH|Neonothopanus_gardneri	321	198	0.6168	461.8
GCA_000149035.1	Colletotrichum graminicola	yes	CPH	GG697379.1	+	120174	120356	5	50.4	1.52e-06	51.111	CPH|Neonothopanus_gardneri	321	101	0.3146	238.0
GCA_000149035.1	Colletotrichum graminicola	yes	Luz	GG697334.1	-	1077757	1078434	12	84.0	3.47e-18	35.849	Luz|Mycena_citricolor	246	236	0.9593	920.6
GCA_000149035.1	Colletotrichum graminicola	yes	Luz	GG697331.1	-	1212426	1213277	12	75.1	6.25e-15	24.382	Luz|Neonothopanus_nambi	267	250	0.9363	801.6
GCA_030463195.1	Colletotrichum graminicola	no	HispS	JANYMO010000008.1	-	1350243	1352869	22	256.0	2.74e-86	30.615	HispS|Armillaria_fuscipes	1774	893	0.5034	3501.0
GCA_030463195.1	Colletotrichum graminicola	no	HispS	JANYMO010000008.1	+	491327	494110	11	327.0	1.14e-89	29.872	HispS|Armillaria_ostoyae	1770	978	0.5525	3154.0
GCA_030463195.1	Colletotrichum graminicola	no	HispS	JANYMO010000013.1	-	749122	751850	22	231.0	4.58e-83	30.914	HispS|Armillaria_fuscipes	1774	893	0.5034	3255.1
GCA_030463195.1	Colletotrichum graminicola	no	HispS	JANYMO010000031.1	-	294428	297171	13	259.0	1.03e-68	28.346	HispS|Armillaria_fuscipes	1774	876	0.4938	2716.4
GCA_030463195.1	Colletotrichum graminicola	no	HispS	JANYMO010000031.1	-	466716	469694	11	313.0	2.84e-85	28.979	HispS|Armillaria_ostoyae	1770	984	0.5559	3033.0
GCA_030463195.1	Colletotrichum graminicola	no	HispS	JANYMO010000031.1	+	262515	265457	11	284.0	2.18e-76	28.826	HispS|Armillaria_ostoyae	1770	990	0.5593	2826.0
GCA_030463195.1	Colletotrichum graminicola	no	HispS	JANYMO010000031.1	+	478392	481499	11	295.0	1.06e-79	27.325	HispS|Neonothopanus_nambi	1678	1000	0.5959	2973.0
GCA_030463195.1	Colletotrichum graminicola	no	HispS	JANYMO010000027.1	+	129206	130234	6	60.8	1.59e-08	26.16	HispS|Armillaria_fuscipes	1774	309	0.1742	333.5
GCA_030463195.1	Colletotrichum graminicola	no	HispS	JANYMO010000027.1	+	563910	566798	12	303.0	4.19e-82	30.651	HispS|Armillaria_fuscipes	1774	932	0.5254	3003.2
GCA_030463195.1	Colletotrichum graminicola	no	HispS	JANYMO010000006.1	+	1921368	1924064	12	264.0	2.39e-70	27.489	HispS|Guyanagaster_necrorhiza	1766	975	0.5521	2693.2
GCA_030463195.1	Colletotrichum graminicola	no	HispS	JANYMO010000006.1	+	2372467	2375380	19	257.0	5.52e-80	31.385	HispS|Armillaria_fuscipes	1774	898	0.5062	3014.7
GCA_030463195.1	Colletotrichum graminicola	no	HispS	JANYMO010000006.1	-	1072669	1075675	33	95.1	7.68e-19	39.161	HispS|Armillaria_gallica	1771	875	0.4941	2180.0
GCA_030463195.1	Colletotrichum graminicola	no	HispS	JANYMO010000025.1	+	268070	270794	27	173.0	1.09e-42	26.221	HispS|Guyanagaster_necrorhiza	1766	888	0.5028	3191.7
GCA_030463195.1	Colletotrichum graminicola	no	HispS	JANYMO010000007.1	+	1562878	1563510	1	49.7	3.32e-05	21.875	HispS|Mycena_citricolor	1678	210	0.1251	49.7
GCA_030463195.1	Colletotrichum graminicola	no	HispS	JANYMO010000007.1	+	1999198	2002266	12	289.0	8.51e-78	30.902	HispS|Armillaria_fuscipes	1774	1001	0.5643	2902.1
GCA_030463195.1	Colletotrichum graminicola	no	HispS	JANYMO010000007.1	-	1308538	1311216	12	244.0	4.49e-64	28.258	HispS|Armillaria_fuscipes	1774	903	0.509	2380.3
GCA_030463195.1	Colletotrichum graminicola	no	HispS	JANYMO010000004.1	+	85199	88033	13	286.0	3.63e-77	28.674	HispS|Guyanagaster_necrorhiza	1766	965	0.5464	2888.7
GCA_030463195.1	Colletotrichum graminicola	no	HispS	JANYMO010000004.1	+	260915	279676	6	62.0	6.97e-09	23.802	HispS|Mycena_citricolor	1678	629	0.3749	323.8
GCA_030463195.1	Colletotrichum graminicola	no	HispS	JANYMO010000004.1	+	2273799	2276973	38	92.4	5.08e-18	33.152	HispS|Armillaria_fuscipes	1774	937	0.5282	2477.3
GCA_030463195.1	Colletotrichum graminicola	no	HispS	JANYMO010000004.1	+	2449388	2452232	22	199.0	3.16e-65	26.587	HispS|Armillaria_fuscipes	1774	914	0.5152	2734.8
GCA_030463195.1	Colletotrichum graminicola	no	HispS	JANYMO010000004.1	-	2141860	2144418	32	102.0	3.29e-38	34.454	HispS|Armillaria_mellea	1768	824	0.4661	2507.1
GCA_030463195.1	Colletotrichum graminicola	no	HispS	JANYMO010000004.1	-	3307914	3309086	11	82.8	3.51e-15	24.876	HispS|Neonothopanus_nambi	1678	363	0.2163	802.9
GCA_030463195.1	Colletotrichum graminicola	no	HispS	JANYMO010000038.1	-	58714	62009	35	164.0	2.68e-56	33.628	HispS|Mycena_citricolor	1678	980	0.584	3187.1
GCA_030463195.1	Colletotrichum graminicola	no	HispS	JANYMO010000038.1	-	359263	362586	11	283.0	4.51e-76	29.009	HispS|Armillaria_ostoyae	1770	1093	0.6175	2759.0
GCA_030463195.1	Colletotrichum graminicola	no	HispS	JANYMO010000038.1	+	84879	87659	22	167.0	8.84e-41	37.075	HispS|Armillaria_gallica	1771	909	0.5133	2674.4
GCA_030463195.1	Colletotrichum graminicola	no	HispS	JANYMO010000043.1	+	287773	290565	11	280.0	2.86e-75	27.636	HispS|Guyanagaster_necrorhiza	1766	962	0.5447	2651.0
GCA_030463195.1	Colletotrichum graminicola	no	HispS	JANYMO010000002.1	+	157519	158145	3	51.6	9.85e-06	27.65	HispS|Armillaria_mellea	1768	203	0.1148	148.3
GCA_030463195.1	Colletotrichum graminicola	no	HispS	JANYMO010000002.1	+	2422007	2424950	23	157.0	2.67e-64	34.164	HispS|Mycena_citricolor	1678	892	0.5316	2885.1
GCA_030463195.1	Colletotrichum graminicola	no	HispS	JANYMO010000002.1	+	2594134	2596888	28	120.0	8.87e-27	24.668	HispS|Neonothopanus_nambi	1678	797	0.475	2455.0
GCA_030463195.1	Colletotrichum graminicola	no	HispS	JANYMO010000002.1	+	3162719	3166498	2	53.1	3.1e-06	23.904	HispS|Neonothopanus_gardneri	1691	433	0.2561	100.1
GCA_030463195.1	Colletotrichum graminicola	no	HispS	JANYMO010000002.1	-	1502975	1503361	9	60.5	1.67e-08	29.31	HispS|Panellus_stipticus	1504	202	0.1343	505.8
GCA_030463195.1	Colletotrichum graminicola	no	HispS	JANYMO010000002.1	-	4718282	4718950	2	52.8	4.12e-06	24.454	HispS|Guyanagaster_necrorhiza	1766	209	0.1183	100.9
GCA_030463195.1	Colletotrichum graminicola	no	HispS	JANYMO010000022.1	+	127505	130690	14	270.0	3.32e-72	28.203	HispS|Armillaria_ostoyae	1770	906	0.5119	2732.2
GCA_030463195.1	Colletotrichum graminicola	no	HispS	JANYMO010000022.1	+	907961	910612	11	241.0	2.58e-63	28.286	HispS|Armillaria_gallica	1771	829	0.4681	2346.0
GCA_030463195.1	Colletotrichum graminicola	no	HispS	JANYMO010000022.1	-	107038	123265	65	162.0	1.79e-39	33.828	HispS|Mycena_citricolor	1678	1175	0.7002	6156.5
GCA_030463195.1	Colletotrichum graminicola	no	HispS	JANYMO010000022.1	-	899370	901940	24	106.0	2.45e-22	25.249	HispS|Guyanagaster_necrorhiza	1766	769	0.4354	1745.6
GCA_030463195.1	Colletotrichum graminicola	no	HispS	JANYMO010000005.1	-	336282	339074	12	264.0	3.5e-70	26.911	HispS|Armillaria_ostoyae	1770	1017	0.5746	2633.5
GCA_030463195.1	Colletotrichum graminicola	no	HispS	JANYMO010000005.1	-	2337556	2340534	11	250.0	5.55e-66	25.598	HispS|Armillaria_gallica	1771	975	0.5505	2471.0
GCA_030463195.1	Colletotrichum graminicola	no	HispS	JANYMO010000005.1	-	2377650	2380739	21	199.0	1.5e-50	27.003	HispS|Mycena_chlorophos	1652	866	0.5242	2577.8
GCA_030463195.1	Colletotrichum graminicola	no	HispS	JANYMO010000046.1	+	291106	293784	12	244.0	4.45e-64	28.258	HispS|Armillaria_fuscipes	1774	903	0.509	2380.3
GCA_030463195.1	Colletotrichum graminicola	no	HispS	JANYMO010000011.1	-	306400	309068	20	192.0	4.89e-63	27.114	HispS|Armillaria_gallica	1771	847	0.4783	2557.8
GCA_030463195.1	Colletotrichum graminicola	no	HispS	JANYMO010000021.1	-	562309	565095	13	228.0	1.94e-59	26.291	HispS|Armillaria_gallica	1771	865	0.4884	2262.4
GCA_030463195.1	Colletotrichum graminicola	no	HispS	JANYMO010000028.1	-	416375	418774	28	165.0	3.4e-50	27.174	HispS|Armillaria_fuscipes	1774	752	0.4239	2399.4
GCA_030463195.1	Colletotrichum graminicola	no	HispS	JANYMO010000028.1	+	449818	453045	15	266.0	8.28e-71	27.485	HispS|Guyanagaster_necrorhiza	1766	1051	0.5951	2778.2
GCA_030463195.1	Colletotrichum graminicola	no	HispS	JANYMO010000052.1	-	65168	68298	25	233.0	6.14e-61	26.617	HispS|Neonothopanus_gardneri	1691	958	0.5665	3031.0
GCA_030463195.1	Colletotrichum graminicola	no	HispS	JANYMO010000017.1	+	124979	128219	39	115.0	3.78e-44	32.258	HispS|Armillaria_fuscipes	1774	963	0.5428	3440.3
GCA_030463195.1	Colletotrichum graminicola	no	HispS	JANYMO010000032.1	-	388558	391566	30	179.0	2.33e-44	30.561	HispS|Mycena_citricolor	1678	973	0.5799	2976.9
GCA_030463195.1	Colletotrichum graminicola	no	HispS	JANYMO010000036.1	-	188895	192443	39	100.0	1.17e-27	26.248	HispS|Neonothopanus_nambi	1678	982	0.5852	2617.8
GCA_030463195.1	Colletotrichum graminicola	no	HispS	JANYMO010000036.1	-	330857	334055	42	100.0	4.09e-28	35.233	HispS|Armillaria_gallica	1771	963	0.5438	3199.7
GCA_030463195.1	Colletotrichum graminicola	no	HispS	JANYMO010000003.1	-	859638	862998	34	129.0	2.61e-29	34.914	HispS|Mycena_citricolor	1678	894	0.5328	2712.3
GCA_030463195.1	Colletotrichum graminicola	no	HispS	JANYMO010000063.1	-	6206	18329	8	51.6	9.61e-06	21.854	HispS|Guyanagaster_necrorhiza	1766	500	0.2831	380.1
GCA_030463195.1	Colletotrichum graminicola	no	HispS	JANYMO010000026.1	-	362912	363637	1	50.4	2.24e-05	25.397	HispS|Neonothopanus_nambi	1678	238	0.1418	50.4
GCA_030463195.1	Colletotrichum graminicola	no	H3H	JANYMO010000001.1	-	2405179	2406761	40	60.1	4.08e-13	28.495	H3H|Armillaria_mellea	429	424	0.9883	1578.4
GCA_030463195.1	Colletotrichum graminicola	no	H3H	JANYMO010000001.1	-	3266641	3268186	70	85.1	3.64e-39	35.915	H3H|Mycena_citricolor_2	420	434	1.0333	3511.4
GCA_030463195.1	Colletotrichum graminicola	no	H3H	JANYMO010000021.1	+	117605	119164	14	156.0	7.43e-41	28.936	H3H|Panellus_stipticus	428	429	1.0023	1978.0
GCA_030463195.1	Colletotrichum graminicola	no	H3H	JANYMO010000046.1	-	283888	285395	27	129.0	1.41e-31	35.849	H3H|Panellus_stipticus_3	428	388	0.9065	2407.3
GCA_030463195.1	Colletotrichum graminicola	no	H3H	JANYMO010000046.1	+	123495	124181	10	54.3	1.87e-07	26.667	H3H|Neonothopanus_gardneri	416	241	0.5793	495.6
GCA_030463195.1	Colletotrichum graminicola	no	H3H	JANYMO010000046.1	+	286321	287616	14	94.7	2.79e-20	25.298	H3H|Panellus_stipticus_2	428	414	0.9673	1184.3
GCA_030463195.1	Colletotrichum graminicola	no	H3H	JANYMO010000007.1	+	1316927	1318434	27	129.0	1.41e-31	35.849	H3H|Panellus_stipticus_3	428	388	0.9065	2407.3
GCA_030463195.1	Colletotrichum graminicola	no	H3H	JANYMO010000007.1	-	1314706	1316001	14	94.7	2.8e-20	25.298	H3H|Panellus_stipticus_2	428	414	0.9673	1184.3
GCA_030463195.1	Colletotrichum graminicola	no	H3H	JANYMO010000004.1	-	852258	853574	38	64.7	8.09e-27	31.915	H3H|Armillaria_ostoyae	426	390	0.9155	1909.1
GCA_030463195.1	Colletotrichum graminicola	no	H3H	JANYMO010000020.1	-	116709	117758	14	114.0	1.58e-26	32.687	H3H|Armillaria_mellea	429	360	0.8392	1459.4
GCA_030463195.1	Colletotrichum graminicola	no	H3H	JANYMO010000002.1	+	3584710	3585531	14	74.7	7.17e-14	26.761	H3H|Armillaria_gallica	422	263	0.6232	879.9
GCA_030463195.1	Colletotrichum graminicola	no	H3H	JANYMO010000002.1	+	4003831	4005149	17	90.1	9.44e-19	36.29	H3H|Panellus_stipticus	428	426	0.9953	1243.5
GCA_030463195.1	Colletotrichum graminicola	no	H3H	JANYMO010000003.1	+	1136288	1137289	31	57.0	3.35e-08	45.07	H3H|Panellus_stipticus	428	174	0.4065	1359.9
GCA_030463195.1	Colletotrichum graminicola	no	H3H	JANYMO010000003.1	+	2490534	2491827	25	80.5	9.88e-16	26.19	H3H|Neonothopanus_gardneri	416	404	0.9712	1454.6
GCA_030463195.1	Colletotrichum graminicola	no	H3H	JANYMO010000037.1	-	372028	372735	14	93.2	1.01e-19	35.632	H3H|Panellus_stipticus_2	428	203	0.4743	1171.6
GCA_030463195.1	Colletotrichum graminicola	no	H3H	JANYMO010000012.1	-	1413677	1415003	15	89.0	4.69e-21	25.907	H3H|Neonothopanus_gardneri	416	404	0.9712	1006.8
GCA_030463195.1	Colletotrichum graminicola	no	H3H	JANYMO010000013.1	-	1155680	1157063	45	87.4	6.48e-18	38.686	H3H|Panellus_stipticus	428	377	0.8808	2220.8
GCA_030463195.1	Colletotrichum graminicola	no	H3H	JANYMO010000013.1	-	1327101	1328099	6	53.5	3.21e-07	25.664	H3H|Neonothopanus_nambi	422	345	0.8175	302.6
GCA_030463195.1	Colletotrichum graminicola	no	H3H	JANYMO010000013.1	+	1041943	1043302	14	53.9	4.17e-07	42.254	H3H|Omphalotus_olearius	540	361	0.6685	679.4
GCA_030463195.1	Colletotrichum graminicola	no	H3H	JANYMO010000013.1	+	1202804	1203214	14	57.0	3.15e-08	34.653	H3H|Panellus_stipticus_3	428	138	0.3224	711.9
GCA_030463195.1	Colletotrichum graminicola	no	H3H	JANYMO010000038.1	-	65149	66603	29	93.2	7.08e-20	35.196	H3H|Neonothopanus_gardneri	416	347	0.8341	2001.3
GCA_030463195.1	Colletotrichum graminicola	no	H3H	JANYMO010000038.1	-	78563	80040	34	77.4	1.02e-14	35.915	H3H|Panellus_stipticus	428	326	0.7617	1801.8
GCA_030463195.1	Colletotrichum graminicola	no	H3H	JANYMO010000010.1	+	115672	116936	33	68.9	4.6e-16	32.432	H3H|Omphalotus_olearius	540	381	0.7056	1631.5
GCA_030463195.1	Colletotrichum graminicola	no	H3H	JANYMO010000010.1	-	138241	138627	14	64.3	1.43e-10	31.25	H3H|Panellus_stipticus_3	428	123	0.2874	778.7
GCA_030463195.1	Colletotrichum graminicola	no	H3H	JANYMO010000031.1	+	302791	304448	51	60.1	3.23e-09	26.768	H3H|Panellus_stipticus	428	375	0.8762	2276.8
GCA_030463195.1	Colletotrichum graminicola	no	H3H	JANYMO010000031.1	-	258184	259347	10	57.0	3.23e-08	23.628	H3H|Armillaria_ostoyae	426	372	0.8732	528.2
GCA_030463195.1	Colletotrichum graminicola	no	H3H	JANYMO010000008.1	+	1494988	1495552	18	70.1	2.61e-12	37.097	H3H|Armillaria_fuscipes	426	169	0.3967	977.2
GCA_030463195.1	Colletotrichum graminicola	no	H3H	JANYMO010000041.1	+	297969	299099	12	68.9	9.16e-12	26.718	H3H|Omphalotus_olearius	540	366	0.6778	724.2
GCA_030463195.1	Colletotrichum graminicola	no	H3H	JANYMO010000023.1	+	717896	718699	7	53.5	4.05e-07	26.222	H3H|Guyanagaster_necrorhiza	443	240	0.5418	337.1
GCA_030463195.1	Colletotrichum graminicola	no	H3H	JANYMO010000016.1	+	326100	326315	2	44.7	0.000183	42.029	H3H|Neonothopanus_nambi	422	69	0.1635	87.4
GCA_030463195.1	Colletotrichum graminicola	no	CPH	JANYMO010000019.1	+	409350	410225	6	258.0	5.35e-78	49.618	CPH|Armillaria_fuscipes	294	316	1.0748	1479.0
GCA_030463195.1	Colletotrichum graminicola	no	CPH	JANYMO010000010.1	+	112450	113558	18	96.3	1.15e-45	43.411	CPH|Armillaria_mellea	297	312	1.0505	1325.7
GCA_030463195.1	Colletotrichum graminicola	no	CPH	JANYMO010000001.1	+	2458550	2459137	6	89.0	4.3e-19	30.288	CPH|Neonothopanus_gardneri	321	198	0.6168	461.8
GCA_030463195.1	Colletotrichum graminicola	no	CPH	JANYMO010000001.1	+	3507312	3508364	8	147.0	1.72e-39	33.138	CPH|Armillaria_fuscipes	294	314	1.068	923.4
GCA_030463195.1	Colletotrichum graminicola	no	CPH	JANYMO010000041.1	-	301039	301804	12	68.6	7.71e-24	37.778	CPH|Armillaria_gallica	302	251	0.8311	728.7
GCA_030463195.1	Colletotrichum graminicola	no	CPH	JANYMO010000013.1	-	1202693	1202875	5	50.4	1.79e-06	51.111	CPH|Neonothopanus_gardneri	321	101	0.3146	238.0
GCA_030463195.1	Colletotrichum graminicola	no	Luz	JANYMO010000001.1	-	3141216	3141893	12	84.0	4.08e-18	35.849	Luz|Mycena_citricolor	246	236	0.9593	920.6
GCA_030463195.1	Colletotrichum graminicola	no	Luz	JANYMO010000004.1	+	832263	833114	12	74.7	9.19e-15	24.382	Luz|Neonothopanus_nambi	267	250	0.9363	797.3
GCA_037213105.1	Fusarium graminearum	yes	HispS	CP147678.1	+	708692	716986	2	46.6	0.000198	24.28	HispS|Neonothopanus_nambi	1678	352	0.2098	91.3
GCA_037213105.1	Fusarium graminearum	yes	HispS	CP147678.1	+	2694350	2696531	30	160.0	2.98e-59	27.469	HispS|Armillaria_fuscipes	1774	749	0.4222	2585.7
GCA_037213105.1	Fusarium graminearum	yes	HispS	CP147678.1	+	3811336	3812163	3	53.9	1.11e-06	24.561	HispS|Mycena_chlorophos	1652	289	0.1749	147.1
GCA_037213105.1	Fusarium graminearum	yes	HispS	CP147678.1	+	4655153	4656022	1	51.2	8.37e-06	22.874	HispS|Neonothopanus_nambi	1678	327	0.1949	51.2
GCA_037213105.1	Fusarium graminearum	yes	HispS	CP147678.1	+	4877228	4880201	36	144.0	4.45e-44	30.267	HispS|Armillaria_fuscipes	1774	880	0.4961	2514.2
GCA_037213105.1	Fusarium graminearum	yes	HispS	CP147678.1	+	5528991	5529605	1	47.4	0.000137	29.075	HispS|Armillaria_ostoyae	1770	213	0.1203	47.4
GCA_037213105.1	Fusarium graminearum	yes	HispS	CP147678.1	+	6515217	6518370	39	194.0	4.82e-82	30.876	HispS|Mycena_citricolor	1678	1043	0.6216	3728.9
GCA_037213105.1	Fusarium graminearum	yes	HispS	CP147678.1	-	701122	704117	16	296.0	3.47e-80	30.549	HispS|Armillaria_fuscipes	1774	946	0.5333	3014.8
GCA_037213105.1	Fusarium graminearum	yes	HispS	CP147678.1	-	4938048	4938749	1	51.6	5.99e-06	25.63	HispS|Mycena_citricolor	1678	226	0.1347	51.6
GCA_037213105.1	Fusarium graminearum	yes	HispS	CP147678.1	-	8481358	8483988	11	263.0	5.26e-70	28.132	HispS|Armillaria_fuscipes	1774	890	0.5017	2468.0
GCA_037213105.1	Fusarium graminearum	yes	HispS	CP147680.1	-	2788003	2788947	11	81.6	5.2e-15	25.46	HispS|Mycena_citricolor	1678	364	0.2169	769.0
GCA_037213105.1	Fusarium graminearum	yes	HispS	CP147680.1	-	4508831	4518487	26	176.0	8.71e-84	29.895	HispS|Armillaria_ostoyae	1770	1064	0.6011	3523.7
GCA_037213105.1	Fusarium graminearum	yes	HispS	CP147680.1	+	7359673	7362541	22	150.0	4.54e-72	25.632	HispS|Armillaria_mellea	1768	951	0.5379	2846.6
GCA_037213105.1	Fusarium graminearum	yes	HispS	CP147677.1	-	200203	200610	5	52.8	2.8e-06	32.394	HispS|Armillaria_gallica	1771	141	0.0796	248.8
GCA_037213105.1	Fusarium graminearum	yes	HispS	CP147677.1	-	230394	247424	10	59.7	2.23e-08	23.15	HispS|Neonothopanus_nambi	1678	640	0.3814	497.0
GCA_037213105.1	Fusarium graminearum	yes	HispS	CP147677.1	-	7493322	7498511	9	61.6	5.28e-09	23.202	HispS|Guyanagaster_necrorhiza	1766	656	0.3715	498.0
GCA_037213105.1	Fusarium graminearum	yes	HispS	CP147677.1	-	7538821	7541688	11	285.0	7.52e-77	28.884	HispS|Armillaria_gallica	1771	977	0.5517	2776.0
GCA_037213105.1	Fusarium graminearum	yes	HispS	CP147677.1	-	7725087	7740167	24	184.0	5.02e-46	30.549	HispS|Armillaria_mellea	1768	1312	0.7421	3221.0
GCA_037213105.1	Fusarium graminearum	yes	HispS	CP147677.1	-	11666170	11667150	9	75.1	5.14e-13	26.364	HispS|Armillaria_ostoyae	1770	358	0.2023	567.2
GCA_037213105.1	Fusarium graminearum	yes	HispS	CP147677.1	+	4727348	4728532	6	56.6	2.08e-07	28.972	HispS|Armillaria_gallica	1771	382	0.2157	313.5
GCA_037213105.1	Fusarium graminearum	yes	HispS	CP147677.1	+	5623678	5624175	1	46.6	0.000186	28.108	HispS|Neonothopanus_gardneri	1691	177	0.1047	46.6
GCA_037213105.1	Fusarium graminearum	yes	HispS	CP147677.1	+	5909984	5912685	22	235.0	2.48e-74	27.831	HispS|Armillaria_fuscipes	1774	967	0.5451	3003.9
GCA_037213105.1	Fusarium graminearum	yes	HispS	CP147677.1	+	7742367	7745341	22	147.0	3.78e-62	30.376	HispS|Armillaria_gallica	1771	989	0.5584	2645.6
GCA_037213105.1	Fusarium graminearum	yes	HispS	CP147677.1	+	9364341	9365321	11	68.2	6.85e-11	25.231	HispS|Armillaria_fuscipes	1774	465	0.2621	649.6
GCA_037213105.1	Fusarium graminearum	yes	HispS	CP147677.1	+	10959360	10972209	36	127.0	5.59e-59	27.641	HispS|Armillaria_mellea	1768	1273	0.72	3484.5
GCA_037213105.1	Fusarium graminearum	yes	HispS	CP147677.1	+	11254152	11255225	1	51.6	5.74e-06	22.249	HispS|Neonothopanus_gardneri	1691	410	0.2425	51.6
GCA_037213105.1	Fusarium graminearum	yes	HispS	CP147677.1	+	11288230	11291332	24	160.0	8.53e-69	29.443	HispS|Armillaria_gallica	1771	957	0.5404	2872.4
GCA_037213105.1	Fusarium graminearum	yes	HispS	CP147679.1	-	84688	85272	11	77.8	6.66e-14	30.052	HispS|Neonothopanus_nambi	1678	362	0.2157	784.4
GCA_037213105.1	Fusarium graminearum	yes	HispS	CP147679.1	-	3544801	3547777	44	114.0	1.32e-46	32.377	HispS|Mycena_citricolor	1678	911	0.5429	3469.9
GCA_037213105.1	Fusarium graminearum	yes	HispS	CP147679.1	-	6434822	6461380	5	48.9	4.26e-05	30.058	HispS|Neonothopanus_gardneri	1691	177	0.1047	234.1
GCA_037213105.1	Fusarium graminearum	yes	HispS	CP147679.1	-	7619528	7623172	2	54.7	6.49e-07	22.507	HispS|Neonothopanus_gardneri	1691	319	0.1886	99.8
GCA_037213105.1	Fusarium graminearum	yes	HispS	CP147679.1	+	160839	164214	27	147.0	7.06e-35	27.473	HispS|Mycena_citricolor	1678	992	0.5912	2234.5
GCA_037213105.1	Fusarium graminearum	yes	HispS	CP147679.1	+	2177720	2178346	1	47.4	0.000109	24.473	HispS|Mycena_citricolor	1678	232	0.1383	47.4
GCA_037213105.1	Fusarium graminearum	yes	H3H	CP147679.1	-	268629	269795	14	172.0	1.61e-46	34.358	H3H|Panellus_stipticus	428	407	0.9509	2197.0
GCA_037213105.1	Fusarium graminearum	yes	H3H	CP147679.1	-	903062	904076	42	70.1	1.31e-12	49.231	H3H|Panellus_stipticus	428	298	0.6963	2247.6
GCA_037213105.1	Fusarium graminearum	yes	H3H	CP147679.1	+	253098	253936	18	56.6	3.82e-16	31.973	H3H|Mycena_citricolor	419	259	0.6181	877.7
GCA_037213105.1	Fusarium graminearum	yes	H3H	CP147679.1	+	399703	401081	29	122.0	5.65e-34	27.166	H3H|Armillaria_mellea	429	428	0.9977	2037.3
GCA_037213105.1	Fusarium graminearum	yes	H3H	CP147679.1	+	1167871	1169094	15	109.0	3.01e-25	26.455	H3H|Armillaria_fuscipes	426	398	0.9343	1537.4
GCA_037213105.1	Fusarium graminearum	yes	H3H	CP147679.1	+	7043040	7044074	3	49.3	4.26e-06	22.454	H3H|Mycena_citricolor_2	420	343	0.8167	145.2
GCA_037213105.1	Fusarium graminearum	yes	H3H	CP147678.1	+	769819	770669	6	36.2	5.84e-06	25.0	H3H|Neonothopanus_nambi	422	266	0.6303	200.3
GCA_037213105.1	Fusarium graminearum	yes	H3H	CP147678.1	+	5903255	5904346	14	157.0	1.15e-41	30.607	H3H|Mycena_citricolor_2	420	384	0.9143	2048.0
GCA_037213105.1	Fusarium graminearum	yes	H3H	CP147678.1	+	7803445	7804149	12	64.7	7.16e-11	27.615	H3H|Neonothopanus_nambi	422	251	0.5948	604.9
GCA_037213105.1	Fusarium graminearum	yes	H3H	CP147678.1	-	428882	430114	14	94.0	3.07e-20	26.044	H3H|Mycena_citricolor	419	413	0.9857	1143.9
GCA_037213105.1	Fusarium graminearum	yes	H3H	CP147678.1	-	5710706	5711962	25	66.2	2.22e-11	27.128	H3H|Mycena_citricolor	419	278	0.6635	1397.7
GCA_037213105.1	Fusarium graminearum	yes	H3H	CP147678.1	-	5821103	5822289	24	84.0	4.89e-17	29.289	H3H|Panellus_stipticus_3	428	376	0.8785	1515.0
GCA_037213105.1	Fusarium graminearum	yes	H3H	CP147680.1	+	3865765	3866388	12	60.5	1.53e-09	31.731	H3H|Mycena_citricolor	419	193	0.4606	593.7
GCA_037213105.1	Fusarium graminearum	yes	H3H	CP147680.1	+	3899406	3899993	13	51.6	9.18e-07	25.882	H3H|Guyanagaster_necrorhiza	443	192	0.4334	594.8
GCA_037213105.1	Fusarium graminearum	yes	H3H	CP147680.1	+	4032822	4033877	14	134.0	1.12e-33	30.618	H3H|Mycena_chlorophos	422	333	0.7891	1638.0
GCA_037213105.1	Fusarium graminearum	yes	H3H	CP147680.1	+	6882268	6883299	9	62.4	4.22e-10	24.339	H3H|Armillaria_fuscipes	426	372	0.8732	469.9
GCA_037213105.1	Fusarium graminearum	yes	H3H	CP147680.1	+	7354729	7356096	19	82.8	1.06e-16	26.969	H3H|Neonothopanus_gardneri	416	427	1.0264	1165.6
GCA_037213105.1	Fusarium graminearum	yes	H3H	CP147680.1	+	7675167	7676324	14	144.0	3.94e-37	29.808	H3H|Panellus_stipticus	428	410	0.9579	1778.0
GCA_037213105.1	Fusarium graminearum	yes	H3H	CP147677.1	+	379766	380623	14	83.2	9.03e-17	29.885	H3H|Armillaria_ostoyae	426	295	0.6925	1013.3
GCA_037213105.1	Fusarium graminearum	yes	H3H	CP147677.1	+	11497639	11498852	28	112.0	3.77e-26	30.53	H3H|Guyanagaster_necrorhiza	443	394	0.8894	2156.3
GCA_037213105.1	Fusarium graminearum	yes	H3H	CP147677.1	+	11589765	11591049	27	113.0	1.25e-26	29.358	H3H|Neonothopanus_gardneri	416	390	0.9375	1977.9
GCA_037213105.1	Fusarium graminearum	yes	H3H	CP147677.1	-	5981602	5982145	2	34.7	6.61e-05	26.804	H3H|Armillaria_ostoyae	426	164	0.385	64.7
GCA_037213105.1	Fusarium graminearum	yes	H3H	CP147677.1	-	10561542	10565059	40	95.1	1.33e-20	28.049	H3H|Neonothopanus_gardneri	416	408	0.9808	2594.8
GCA_037213105.1	Fusarium graminearum	yes	CPH	CP147679.1	-	401637	402677	6	194.0	6.58e-56	37.571	CPH|Armillaria_fuscipes	294	315	1.0714	1109.0
GCA_037213105.1	Fusarium graminearum	yes	CPH	CP147679.1	-	7004156	7005239	24	71.2	1.31e-13	38.043	CPH|Armillaria_fuscipes	294	313	1.0646	1213.9
GCA_037213105.1	Fusarium graminearum	yes	CPH	CP147677.1	+	11587259	11588312	18	114.0	2.24e-39	48.855	CPH|Neonothopanus_gardneri	321	316	0.9844	1400.1
GCA_037213105.1	Fusarium graminearum	yes	CPH	CP147680.1	-	3100039	3101148	18	99.8	1.75e-38	56.842	CPH|Armillaria_fuscipes	294	314	1.068	1361.3
GCA_037213105.1	Fusarium graminearum	yes	CPH	CP147680.1	+	2171674	2171988	6	66.6	7.7e-12	33.019	CPH|Neonothopanus_gardneri	321	130	0.405	364.3
GCA_037213105.1	Fusarium graminearum	yes	CPH	CP147678.1	+	5575855	5576824	12	134.0	9.63e-39	44.966	CPH|Neonothopanus_gardneri	321	303	0.9439	1045.5
GCA_037213105.1	Fusarium graminearum	yes	CPH	CP147678.1	-	6454405	6455482	13	129.0	6.12e-33	39.189	CPH|Neonothopanus_gardneri	321	315	0.9813	1155.2
GCA_037213105.1	Fusarium graminearum	yes	Luz	CP147680.1	-	3288234	3289001	12	110.0	4.42e-27	30.827	Luz|Omphalotus_olearius	261	256	0.9808	1154.7
GCA_037213105.1	Fusarium graminearum	yes	Luz	CP147677.1	-	3368739	3369326	12	80.1	8.72e-17	30.093	Luz|Omphalotus_olearius	261	222	0.8506	900.4
GCA_037213105.1	Fusarium graminearum	yes	Luz	CP147679.1	+	7005649	7006517	14	71.6	4.09e-14	31.061	Luz|Mycena_citricolor	246	263	1.0691	839.9
GCA_037255895.1	Fusarium graminearum	yes	HispS	CP147673.1	+	751091	751792	1	48.1	6e-05	24.691	HispS|Neonothopanus_nambi	1678	230	0.1371	48.1
GCA_037255895.1	Fusarium graminearum	yes	HispS	CP147673.1	+	2735478	2737659	30	160.0	2.79e-59	27.469	HispS|Armillaria_fuscipes	1774	749	0.4222	2583.7
GCA_037255895.1	Fusarium graminearum	yes	HispS	CP147673.1	+	3860935	3861762	3	53.9	1.1e-06	24.561	HispS|Mycena_chlorophos	1652	289	0.1749	147.1
GCA_037255895.1	Fusarium graminearum	yes	HispS	CP147673.1	+	4708667	4709536	1	51.6	5.32e-06	22.874	HispS|Neonothopanus_nambi	1678	327	0.1949	51.6
GCA_037255895.1	Fusarium graminearum	yes	HispS	CP147673.1	+	4930542	4933515	36	144.0	3.18e-44	30.267	HispS|Armillaria_fuscipes	1774	880	0.4961	2520.8
GCA_037255895.1	Fusarium graminearum	yes	HispS	CP147673.1	+	5584555	5585169	1	47.4	0.000137	29.075	HispS|Armillaria_ostoyae	1770	213	0.1203	47.4
GCA_037255895.1	Fusarium graminearum	yes	HispS	CP147673.1	+	6568378	6571532	41	191.0	1.46e-79	30.876	HispS|Mycena_citricolor	1678	1043	0.6216	3712.4
GCA_037255895.1	Fusarium graminearum	yes	HispS	CP147673.1	-	4991356	4992057	1	51.6	5.28e-06	25.63	HispS|Mycena_citricolor	1678	226	0.1347	51.6
GCA_037255895.1	Fusarium graminearum	yes	HispS	CP147673.1	-	8527368	8529998	11	261.0	1.28e-69	28.076	HispS|Armillaria_gallica	1771	890	0.5025	2478.0
GCA_037255895.1	Fusarium graminearum	yes	HispS	CP147674.1	-	2797582	2798526	11	81.6	5.15e-15	25.46	HispS|Mycena_citricolor	1678	364	0.2169	769.0
GCA_037255895.1	Fusarium graminearum	yes	HispS	CP147674.1	-	4503089	4512745	26	177.0	4.63e-84	29.895	HispS|Armillaria_ostoyae	1770	1064	0.6011	3538.1
GCA_037255895.1	Fusarium graminearum	yes	HispS	CP147674.1	+	7328409	7331253	22	145.0	4.03e-70	25.464	HispS|Armillaria_mellea	1768	951	0.5379	2786.1
GCA_037255895.1	Fusarium graminearum	yes	HispS	CP147672.1	-	179466	179873	5	52.8	2.77e-06	32.394	HispS|Armillaria_gallica	1771	141	0.0796	248.8
GCA_037255895.1	Fusarium graminearum	yes	HispS	CP147672.1	-	210303	217985	9	53.9	1.2e-06	23.644	HispS|Armillaria_ostoyae	1770	444	0.2508	439.0
GCA_037255895.1	Fusarium graminearum	yes	HispS	CP147672.1	-	7531660	7536849	9	58.2	6.63e-08	22.97	HispS|Guyanagaster_necrorhiza	1766	656	0.3715	477.6
GCA_037255895.1	Fusarium graminearum	yes	HispS	CP147672.1	-	7577154	7580021	11	287.0	1.6e-77	29.154	HispS|Armillaria_fuscipes	1774	977	0.5507	2768.0
GCA_037255895.1	Fusarium graminearum	yes	HispS	CP147672.1	-	7751904	7767077	24	183.0	6.67e-46	30.549	HispS|Armillaria_mellea	1768	1312	0.7421	3235.6
GCA_037255895.1	Fusarium graminearum	yes	HispS	CP147672.1	-	11527807	11528361	1	45.4	0.000453	28.643	HispS|Neonothopanus_nambi	1678	179	0.1067	45.4
GCA_037255895.1	Fusarium graminearum	yes	HispS	CP147672.1	-	11735783	11736586	5	62.4	3.08e-09	26.937	HispS|Mycena_citricolor	1678	266	0.1585	264.6
GCA_037255895.1	Fusarium graminearum	yes	HispS	CP147672.1	+	4745611	4746795	6	56.6	2.06e-07	28.972	HispS|Armillaria_gallica	1771	382	0.2157	313.5
GCA_037255895.1	Fusarium graminearum	yes	HispS	CP147672.1	+	5651793	5652290	1	44.7	0.000835	27.568	HispS|Neonothopanus_gardneri	1691	177	0.1047	44.7
GCA_037255895.1	Fusarium graminearum	yes	HispS	CP147672.1	+	5945318	5948019	22	236.0	1.2e-74	27.967	HispS|Armillaria_fuscipes	1774	967	0.5451	3018.9
GCA_037255895.1	Fusarium graminearum	yes	HispS	CP147672.1	+	7769190	7772164	22	147.0	3.74e-62	30.376	HispS|Armillaria_gallica	1771	989	0.5584	2645.6
GCA_037255895.1	Fusarium graminearum	yes	HispS	CP147672.1	+	9399988	9400968	11	68.2	6.78e-11	25.231	HispS|Armillaria_fuscipes	1774	465	0.2621	649.2
GCA_037255895.1	Fusarium graminearum	yes	HispS	CP147672.1	+	10990076	11002922	36	126.0	1.26e-56	34.146	HispS|Armillaria_gallica	1771	1273	0.7188	3479.3
GCA_037255895.1	Fusarium graminearum	yes	HispS	CP147672.1	+	11284994	11286067	1	49.3	2.73e-05	22.249	HispS|Neonothopanus_gardneri	1691	410	0.2425	49.3
GCA_037255895.1	Fusarium graminearum	yes	HispS	CP147672.1	+	11319086	11322161	24	157.0	8.03e-38	28.232	HispS|Guyanagaster_necrorhiza	1766	957	0.5419	2835.3
GCA_037255895.1	Fusarium graminearum	yes	HispS	CP147675.1	-	3421422	3424398	44	111.0	1.27e-45	31.967	HispS|Mycena_citricolor	1678	911	0.5429	3458.7
GCA_037255895.1	Fusarium graminearum	yes	HispS	CP147675.1	-	6312388	6329463	4	48.9	4.22e-05	30.058	HispS|Neonothopanus_gardneri	1691	177	0.1047	189.0
GCA_037255895.1	Fusarium graminearum	yes	HispS	CP147675.1	-	7475495	7479139	2	52.4	3.47e-06	22.191	HispS|Neonothopanus_gardneri	1691	319	0.1886	97.5
GCA_037255895.1	Fusarium graminearum	yes	HispS	CP147675.1	+	37326	40701	27	147.0	7e-35	27.473	HispS|Mycena_citricolor	1678	992	0.5912	2231.3
GCA_037255895.1	Fusarium graminearum	yes	HispS	CP147675.1	+	2054029	2054643	1	46.2	0.000278	24.464	HispS|Mycena_citricolor	1678	228	0.1359	46.2
GCA_037255895.1	Fusarium graminearum	yes	H3H	CP147675.1	-	135916	137082	14	173.0	8.09e-47	34.358	H3H|Panellus_stipticus	428	407	0.9509	2220.0
GCA_037255895.1	Fusarium graminearum	yes	H3H	CP147675.1	-	778945	779959	42	70.1	1.3e-12	49.231	H3H|Panellus_stipticus	428	298	0.6963	2260.2
GCA_037255895.1	Fusarium graminearum	yes	H3H	CP147675.1	+	265049	266441	42	88.6	3.39e-34	28.235	H3H|Guyanagaster_necrorhiza	443	425	0.9594	2409.6
GCA_037255895.1	Fusarium graminearum	yes	H3H	CP147675.1	+	1043782	1045005	15	109.0	2.9e-25	26.455	H3H|Armillaria_fuscipes	426	398	0.9343	1537.4
GCA_037255895.1	Fusarium graminearum	yes	H3H	CP147675.1	+	6887459	6888466	2	48.1	1.04e-05	22.454	H3H|Mycena_citricolor_2	420	334	0.7952	94.7
GCA_037255895.1	Fusarium graminearum	yes	H3H	CP147673.1	+	806406	807256	6	36.2	6.21e-06	25.0	H3H|Neonothopanus_nambi	422	266	0.6303	200.3
GCA_037255895.1	Fusarium graminearum	yes	H3H	CP147673.1	+	5958155	5959246	14	157.0	2.21e-41	30.607	H3H|Mycena_citricolor_2	420	384	0.9143	2043.0
GCA_037255895.1	Fusarium graminearum	yes	H3H	CP147673.1	+	7856994	7857698	8	61.6	5.99e-10	27.197	H3H|Neonothopanus_nambi	422	251	0.5948	401.2
GCA_037255895.1	Fusarium graminearum	yes	H3H	CP147673.1	-	484722	485951	15	88.6	1.74e-18	25.553	H3H|Mycena_citricolor	419	413	0.9857	1053.6
GCA_037255895.1	Fusarium graminearum	yes	H3H	CP147673.1	-	5765923	5767179	25	66.2	2.2e-11	27.128	H3H|Mycena_citricolor	419	278	0.6635	1397.7
GCA_037255895.1	Fusarium graminearum	yes	H3H	CP147673.1	-	5876293	5877478	21	84.3	1.11e-22	29.289	H3H|Panellus_stipticus_3	428	376	0.8785	1376.6
GCA_037255895.1	Fusarium graminearum	yes	H3H	CP147674.1	+	3875251	3875874	9	58.5	6.08e-09	31.25	H3H|Mycena_citricolor	419	191	0.4558	456.7
GCA_037255895.1	Fusarium graminearum	yes	H3H	CP147674.1	+	3908850	3909404	13	51.2	1.1e-06	25.882	H3H|Guyanagaster_necrorhiza	443	156	0.3521	593.2
GCA_037255895.1	Fusarium graminearum	yes	H3H	CP147674.1	+	4042315	4043370	14	134.0	1.05e-33	30.618	H3H|Mycena_chlorophos	422	333	0.7891	1640.0
GCA_037255895.1	Fusarium graminearum	yes	H3H	CP147674.1	+	6854230	6855261	8	60.5	1.72e-09	24.603	H3H|Armillaria_fuscipes	426	372	0.8732	413.4
GCA_037255895.1	Fusarium graminearum	yes	H3H	CP147674.1	+	7323454	7324815	19	82.0	1.8e-16	26.969	H3H|Neonothopanus_gardneri	416	416	1.0	1132.3
GCA_037255895.1	Fusarium graminearum	yes	H3H	CP147674.1	+	7642553	7643710	14	145.0	2.64e-37	29.808	H3H|Panellus_stipticus	428	410	0.9579	1778.0
GCA_037255895.1	Fusarium graminearum	yes	H3H	CP147672.1	+	398035	398892	14	82.8	1.37e-16	29.885	H3H|Armillaria_ostoyae	426	295	0.6925	1010.1
GCA_037255895.1	Fusarium graminearum	yes	H3H	CP147672.1	+	11518091	11519304	28	114.0	1.02e-26	30.841	H3H|Guyanagaster_necrorhiza	443	389	0.8781	2171.8
GCA_037255895.1	Fusarium graminearum	yes	H3H	CP147672.1	+	11602936	11604220	28	113.0	1.05e-26	29.358	H3H|Neonothopanus_gardneri	416	390	0.9375	2008.5
GCA_037255895.1	Fusarium graminearum	yes	H3H	CP147672.1	-	6017066	6017609	2	34.7	6.5e-05	26.804	H3H|Armillaria_ostoyae	426	164	0.385	64.7
GCA_037255895.1	Fusarium graminearum	yes	H3H	CP147672.1	-	10599333	10602850	40	94.7	1.48e-20	28.049	H3H|Neonothopanus_gardneri	416	408	0.9808	2580.1
GCA_037255895.1	Fusarium graminearum	yes	CPH	CP147675.1	-	266997	268037	6	196.0	1.89e-56	38.286	CPH|Armillaria_fuscipes	294	315	1.0714	1117.0
GCA_037255895.1	Fusarium graminearum	yes	CPH	CP147675.1	-	6847765	6848848	24	71.2	3.11e-23	41.304	CPH|Neonothopanus_gardneri	321	313	0.9751	1185.4
GCA_037255895.1	Fusarium graminearum	yes	CPH	CP147672.1	+	11600428	11601481	18	114.0	1.63e-39	48.855	CPH|Neonothopanus_gardneri	321	316	0.9844	1396.5
GCA_037255895.1	Fusarium graminearum	yes	CPH	CP147674.1	-	3109573	3110682	18	99.8	1.73e-38	56.842	CPH|Armillaria_fuscipes	294	314	1.068	1361.7
GCA_037255895.1	Fusarium graminearum	yes	CPH	CP147674.1	+	2177020	2177334	6	63.9	4.8e-11	32.075	CPH|Neonothopanus_gardneri	321	130	0.405	351.5
GCA_037255895.1	Fusarium graminearum	yes	CPH	CP147673.1	+	5631388	5632357	12	134.0	9.54e-39	44.966	CPH|Neonothopanus_gardneri	321	303	0.9439	1045.5
GCA_037255895.1	Fusarium graminearum	yes	CPH	CP147673.1	-	6507446	6508523	12	129.0	6.06e-33	39.189	CPH|Neonothopanus_gardneri	321	315	0.9813	1062.7
GCA_037255895.1	Fusarium graminearum	yes	Luz	CP147674.1	-	3297761	3298528	12	110.0	4.38e-27	30.827	Luz|Omphalotus_olearius	261	256	0.9808	1154.7
GCA_037255895.1	Fusarium graminearum	yes	Luz	CP147672.1	-	3382895	3383482	12	80.1	8.64e-17	30.093	Luz|Omphalotus_olearius	261	222	0.8506	900.4
GCA_037255895.1	Fusarium graminearum	yes	Luz	CP147675.1	+	6849296	6849607	1	40.8	0.000635	33.019	Luz|Mycena_citricolor	246	102	0.4146	40.8
GCA_061310925.1	Fusarium graminearum	yes	HispS	CM196005.1	-	2519347	2522501	39	194.0	1.05e-81	30.876	HispS|Mycena_citricolor	1678	1043	0.6216	3724.0
GCA_061310925.1	Fusarium graminearum	yes	HispS	CM196005.1	-	3506889	3507503	1	47.4	0.000136	29.075	HispS|Armillaria_ostoyae	1770	213	0.1203	47.4
GCA_061310925.1	Fusarium graminearum	yes	HispS	CM196005.1	-	4154425	4157398	37	145.0	3.38e-44	30.267	HispS|Armillaria_fuscipes	1774	880	0.4961	2548.1
GCA_061310925.1	Fusarium graminearum	yes	HispS	CM196005.1	-	4378543	4379412	1	51.2	8.32e-06	22.874	HispS|Neonothopanus_nambi	1678	327	0.1949	51.2
GCA_061310925.1	Fusarium graminearum	yes	HispS	CM196005.1	-	5224119	5224946	3	53.9	1.1e-06	24.561	HispS|Mycena_chlorophos	1652	289	0.1749	147.1
GCA_061310925.1	Fusarium graminearum	yes	HispS	CM196005.1	-	6336947	6339128	30	160.0	2.71e-59	27.469	HispS|Armillaria_fuscipes	1774	749	0.4222	2582.1
GCA_061310925.1	Fusarium graminearum	yes	HispS	CM196005.1	-	8317857	8326151	2	48.9	3.4e-05	24.691	HispS|Neonothopanus_nambi	1678	352	0.2098	93.6
GCA_061310925.1	Fusarium graminearum	yes	HispS	CM196005.1	+	556505	559135	11	263.0	5.23e-70	28.132	HispS|Armillaria_fuscipes	1774	890	0.5017	2468.0
GCA_061310925.1	Fusarium graminearum	yes	HispS	CM196005.1	+	4095897	4096598	1	51.6	5.29e-06	25.63	HispS|Mycena_citricolor	1678	226	0.1347	51.6
GCA_061310925.1	Fusarium graminearum	yes	HispS	CM196005.1	+	8330726	8333721	16	296.0	3.04e-80	30.549	HispS|Armillaria_fuscipes	1774	946	0.5333	3018.8
GCA_061310925.1	Fusarium graminearum	yes	HispS	CM196005.1	+	8382001	8385035	19	206.0	7.64e-53	27.352	HispS|Neonothopanus_gardneri	1691	823	0.4867	2491.7
GCA_061310925.1	Fusarium graminearum	yes	HispS	CM196007.1	-	2802987	2803931	11	81.6	5.16e-15	25.46	HispS|Mycena_citricolor	1678	364	0.2169	769.0
GCA_061310925.1	Fusarium graminearum	yes	HispS	CM196007.1	-	4521653	4531309	26	178.0	2.73e-84	30.42	HispS|Armillaria_ostoyae	1770	1064	0.6011	3513.5
GCA_061310925.1	Fusarium graminearum	yes	HispS	CM196007.1	+	7348822	7351690	22	150.0	1.24e-71	25.632	HispS|Armillaria_mellea	1768	951	0.5379	2824.7
GCA_061310925.1	Fusarium graminearum	yes	HispS	CM196004.1	+	127496	128407	11	103.0	1.41e-21	32.218	HispS|Armillaria_ostoyae	1770	371	0.2096	969.7
GCA_061310925.1	Fusarium graminearum	yes	HispS	CM196004.1	+	4065423	4080590	24	184.0	5.2e-46	30.549	HispS|Armillaria_mellea	1768	1312	0.7421	3227.3
GCA_061310925.1	Fusarium graminearum	yes	HispS	CM196004.1	+	4265315	4268185	12	285.0	7.74e-77	28.378	HispS|Armillaria_mellea	1768	983	0.556	2823.4
GCA_061310925.1	Fusarium graminearum	yes	HispS	CM196004.1	+	4308468	4313657	9	61.2	6.75e-09	23.202	HispS|Guyanagaster_necrorhiza	1766	656	0.3715	497.3
GCA_061310925.1	Fusarium graminearum	yes	HispS	CM196004.1	+	11652186	11660426	9	61.6	5.94e-09	23.15	HispS|Neonothopanus_nambi	1678	613	0.3653	455.9
GCA_061310925.1	Fusarium graminearum	yes	HispS	CM196004.1	+	11690210	11690617	5	52.8	2.78e-06	32.394	HispS|Armillaria_gallica	1771	141	0.0796	248.8
GCA_061310925.1	Fusarium graminearum	yes	HispS	CM196004.1	-	505656	508758	24	160.0	8.47e-69	29.443	HispS|Armillaria_gallica	1771	957	0.5404	2872.4
GCA_061310925.1	Fusarium graminearum	yes	HispS	CM196004.1	-	541763	542836	1	47.4	0.000106	22.249	HispS|Neonothopanus_gardneri	1691	410	0.2425	47.4
GCA_061310925.1	Fusarium graminearum	yes	HispS	CM196004.1	-	824750	837599	36	127.0	5.55e-59	27.641	HispS|Armillaria_mellea	1768	1273	0.72	3484.9
GCA_061310925.1	Fusarium graminearum	yes	HispS	CM196004.1	-	2423892	2424872	11	68.2	6.8e-11	25.231	HispS|Armillaria_fuscipes	1774	465	0.2621	649.6
GCA_061310925.1	Fusarium graminearum	yes	HispS	CM196004.1	-	4060336	4063310	22	147.0	5.78e-62	30.376	HispS|Armillaria_gallica	1771	989	0.5584	2633.1
GCA_061310925.1	Fusarium graminearum	yes	HispS	CM196004.1	-	5911375	5914076	22	234.0	4.09e-74	27.831	HispS|Armillaria_fuscipes	1774	967	0.5451	3010.9
GCA_061310925.1	Fusarium graminearum	yes	HispS	CM196004.1	-	6194515	6195012	1	46.6	0.000185	28.108	HispS|Neonothopanus_gardneri	1691	177	0.1047	46.6
GCA_061310925.1	Fusarium graminearum	yes	HispS	CM196004.1	-	7090139	7091323	6	56.6	2.07e-07	28.972	HispS|Armillaria_gallica	1771	382	0.2157	313.5
GCA_061310925.1	Fusarium graminearum	yes	HispS	CM196006.1	-	3463989	3466968	44	114.0	3.98e-25	32.377	HispS|Mycena_citricolor	1678	912	0.5435	3476.8
GCA_061310925.1	Fusarium graminearum	yes	HispS	CM196006.1	-	6343157	6369715	5	48.9	4.23e-05	30.058	HispS|Neonothopanus_gardneri	1691	177	0.1047	233.8
GCA_061310925.1	Fusarium graminearum	yes	HispS	CM196006.1	-	7546127	7549792	3	53.9	1.33e-06	22.191	HispS|Neonothopanus_gardneri	1691	322	0.1904	144.4
GCA_061310925.1	Fusarium graminearum	yes	HispS	CM196006.1	+	77249	80624	27	147.0	7.02e-35	27.473	HispS|Mycena_citricolor	1678	992	0.5912	2231.7
GCA_061310925.1	Fusarium graminearum	yes	HispS	CM196006.1	+	2096781	2097407	1	47.4	0.000108	24.473	HispS|Mycena_citricolor	1678	232	0.1383	47.4
GCA_061310925.1	Fusarium graminearum	yes	H3H	CM196006.1	-	183833	184999	14	172.0	2.01e-46	34.358	H3H|Panellus_stipticus	428	407	0.9509	2206.0
GCA_061310925.1	Fusarium graminearum	yes	H3H	CM196006.1	-	820095	821109	42	70.1	1.31e-12	49.231	H3H|Panellus_stipticus	428	298	0.6963	2247.6
GCA_061310925.1	Fusarium graminearum	yes	H3H	CM196006.1	+	168303	169141	18	56.6	3.79e-16	31.973	H3H|Mycena_citricolor	419	259	0.6181	877.7
GCA_061310925.1	Fusarium graminearum	yes	H3H	CM196006.1	+	314888	316266	29	122.0	5.62e-34	27.166	H3H|Armillaria_mellea	429	428	0.9977	2037.3
GCA_061310925.1	Fusarium graminearum	yes	H3H	CM196006.1	+	1084914	1086137	15	109.0	2.99e-25	26.455	H3H|Armillaria_fuscipes	426	398	0.9343	1537.4
GCA_061310925.1	Fusarium graminearum	yes	H3H	CM196006.1	+	6940127	6941134	2	49.7	3.75e-06	22.454	H3H|Mycena_citricolor_2	420	334	0.7952	97.5
GCA_061310925.1	Fusarium graminearum	yes	H3H	CM196005.1	-	1235627	1236331	12	64.7	7.11e-11	27.615	H3H|Neonothopanus_nambi	422	251	0.5948	604.9
GCA_061310925.1	Fusarium graminearum	yes	H3H	CM196005.1	-	3132139	3133230	14	157.0	1.14e-41	30.607	H3H|Mycena_citricolor_2	420	384	0.9143	2048.0
GCA_061310925.1	Fusarium graminearum	yes	H3H	CM196005.1	-	8264738	8265588	6	34.3	1.48e-05	24.082	H3H|Mycena_chlorophos	422	266	0.6303	196.5
GCA_061310925.1	Fusarium graminearum	yes	H3H	CM196005.1	+	3214187	3215373	24	84.0	4.86e-17	29.289	H3H|Panellus_stipticus_3	428	376	0.8785	1515.0
GCA_061310925.1	Fusarium graminearum	yes	H3H	CM196005.1	+	3324533	3325789	25	66.2	2.2e-11	27.128	H3H|Mycena_citricolor	419	278	0.6635	1397.7
GCA_061310925.1	Fusarium graminearum	yes	H3H	CM196005.1	+	8620676	8621908	14	94.0	3.05e-20	26.044	H3H|Mycena_citricolor	419	413	0.9857	1143.9
GCA_061310925.1	Fusarium graminearum	yes	H3H	CM196007.1	+	3881042	3881665	12	60.5	1.52e-09	31.731	H3H|Mycena_citricolor	419	193	0.4606	593.7
GCA_061310925.1	Fusarium graminearum	yes	H3H	CM196007.1	+	3914680	3915291	13	51.6	9.13e-07	25.882	H3H|Guyanagaster_necrorhiza	443	188	0.4244	594.3
GCA_061310925.1	Fusarium graminearum	yes	H3H	CM196007.1	+	4048146	4049201	14	133.0	1.94e-33	30.337	H3H|Mycena_chlorophos	422	333	0.7891	1629.0
GCA_061310925.1	Fusarium graminearum	yes	H3H	CM196007.1	+	6874798	6875829	9	62.4	4.19e-10	24.339	H3H|Armillaria_fuscipes	426	372	0.8732	469.9
GCA_061310925.1	Fusarium graminearum	yes	H3H	CM196007.1	+	7343878	7345245	19	82.8	1.06e-16	26.969	H3H|Neonothopanus_gardneri	416	427	1.0264	1165.6
GCA_061310925.1	Fusarium graminearum	yes	H3H	CM196007.1	+	7718284	7719441	14	145.0	2.65e-37	29.808	H3H|Panellus_stipticus	428	410	0.9579	1778.0
GCA_061310925.1	Fusarium graminearum	yes	H3H	CM196004.1	-	204473	205757	27	113.0	1.24e-26	29.358	H3H|Neonothopanus_gardneri	416	390	0.9375	1979.4
GCA_061310925.1	Fusarium graminearum	yes	H3H	CM196004.1	-	296680	297893	28	112.0	3.75e-26	30.53	H3H|Guyanagaster_necrorhiza	443	394	0.8894	2156.3
GCA_061310925.1	Fusarium graminearum	yes	H3H	CM196004.1	-	11445617	11446456	14	82.0	2.13e-16	29.502	H3H|Armillaria_ostoyae	426	286	0.6714	998.3
GCA_061310925.1	Fusarium graminearum	yes	H3H	CM196004.1	+	1223906	1227423	40	95.1	1.32e-20	28.049	H3H|Neonothopanus_gardneri	416	408	0.9808	2594.8
GCA_061310925.1	Fusarium graminearum	yes	H3H	CM196004.1	+	5841917	5842460	2	34.7	5.49e-05	26.804	H3H|Armillaria_ostoyae	426	164	0.385	65.1
GCA_061310925.1	Fusarium graminearum	yes	CPH	CM196006.1	-	316822	317862	6	194.0	6.54e-56	37.571	CPH|Armillaria_fuscipes	294	315	1.0714	1109.0
GCA_061310925.1	Fusarium graminearum	yes	CPH	CM196006.1	-	6901154	6902237	24	74.3	1.38e-25	42.391	CPH|Neonothopanus_gardneri	321	313	0.9751	1229.3
GCA_061310925.1	Fusarium graminearum	yes	CPH	CM196004.1	+	4692788	4693742	12	179.0	2.32e-54	49.0	CPH|Armillaria_gallica	302	312	1.0331	1324.5
GCA_061310925.1	Fusarium graminearum	yes	CPH	CM196004.1	-	207210	208263	18	114.0	5.86e-52	50.435	CPH|Armillaria_gallica	302	316	1.0464	1400.1
GCA_061310925.1	Fusarium graminearum	yes	CPH	CM196007.1	-	3114992	3116101	18	99.8	1.73e-38	56.842	CPH|Armillaria_fuscipes	294	314	1.068	1361.3
GCA_061310925.1	Fusarium graminearum	yes	CPH	CM196007.1	+	2186838	2187152	6	66.6	7.65e-12	33.019	CPH|Neonothopanus_gardneri	321	130	0.405	364.3
GCA_061310925.1	Fusarium graminearum	yes	CPH	CM196005.1	-	3459697	3460666	12	134.0	9.57e-39	44.966	CPH|Neonothopanus_gardneri	321	303	0.9439	1045.5
GCA_061310925.1	Fusarium graminearum	yes	CPH	CM196005.1	+	2582183	2583260	12	126.0	4.37e-32	39.189	CPH|Neonothopanus_gardneri	321	315	0.9813	1063.0
GCA_061310925.1	Fusarium graminearum	yes	Luz	CM196007.1	-	3303203	3303970	12	109.0	7.86e-27	29.699	Luz|Omphalotus_olearius	261	256	0.9808	1145.7
GCA_061310925.1	Fusarium graminearum	yes	Luz	CM196004.1	+	8449362	8449949	12	80.1	8.67e-17	30.093	Luz|Omphalotus_olearius	261	222	0.8506	900.4
GCA_061310925.1	Fusarium graminearum	yes	Luz	CM196006.1	+	6902647	6903515	14	71.6	4.06e-14	31.061	Luz|Mycena_citricolor	246	263	1.0691	839.9
GCA_013085055.1	Fusarium oxysporum	yes	HispS	CP052045.1	+	3538445	3539341	3	64.7	7.86e-10	29.963	HispS|Neonothopanus_nambi	1678	304	0.1812	179.8
GCA_013085055.1	Fusarium oxysporum	yes	HispS	CP052045.1	+	3660170	3663022	12	379.0	6.01e-106	30.892	HispS|Armillaria_ostoyae	1770	960	0.5424	3775.4
GCA_013085055.1	Fusarium oxysporum	yes	HispS	CP052045.1	-	3432967	3445818	9	51.6	8.52e-06	23.318	HispS|Neonothopanus_gardneri	1691	692	0.4092	429.3
GCA_013085055.1	Fusarium oxysporum	yes	HispS	CP052042.1	+	231887	234817	11	298.0	8.72e-81	29.66	HispS|Armillaria_fuscipes	1774	960	0.5411	2847.0
GCA_013085055.1	Fusarium oxysporum	yes	HispS	CP052042.1	+	4342627	4343436	3	57.0	1.71e-07	26.937	HispS|Mycena_citricolor	1678	268	0.1597	151.3
GCA_013085055.1	Fusarium oxysporum	yes	HispS	CP052042.1	+	4387899	4390853	33	128.0	1.19e-44	29.412	HispS|Mycena_citricolor	1678	884	0.5268	3038.7
GCA_013085055.1	Fusarium oxysporum	yes	HispS	CP052042.1	-	2416667	2417680	10	70.5	1.88e-11	23.75	HispS|Armillaria_fuscipes	1774	465	0.2621	605.9
GCA_013085055.1	Fusarium oxysporum	yes	HispS	CP052041.1	+	4031333	4034164	11	283.0	5.4e-76	27.966	HispS|Armillaria_fuscipes	1774	973	0.5485	2681.0
GCA_013085055.1	Fusarium oxysporum	yes	HispS	CP052048.1	-	2061219	2064038	12	295.0	6.53e-80	28.587	HispS|Armillaria_ostoyae	1770	971	0.5486	2941.2
GCA_013085055.1	Fusarium oxysporum	yes	HispS	CP052043.1	-	3103609	3106371	31	119.0	2.35e-48	34.848	HispS|Armillaria_fuscipes	1774	882	0.4972	2624.8
GCA_013085055.1	Fusarium oxysporum	yes	HispS	CP052043.1	-	3984629	3987349	26	177.0	1.3e-71	36.897	HispS|Armillaria_gallica	1771	829	0.4681	3024.4
GCA_013085055.1	Fusarium oxysporum	yes	HispS	CP052040.1	+	618762	619274	1	47.0	0.00023	28.261	HispS|Neonothopanus_gardneri	1691	162	0.0958	47.0
GCA_013085055.1	Fusarium oxysporum	yes	HispS	CP052040.1	+	4566132	4569135	29	130.0	1.18e-59	37.788	HispS|Armillaria_gallica	1771	971	0.5483	2898.7
GCA_013085055.1	Fusarium oxysporum	yes	HispS	CP052040.1	+	4720626	4723489	22	189.0	9.09e-70	27.244	HispS|Mycena_citricolor	1678	964	0.5745	2830.6
GCA_013085055.1	Fusarium oxysporum	yes	HispS	CP052040.1	+	4847495	4848364	1	46.6	0.000286	24.691	HispS|Mycena_chlorophos	1652	308	0.1864	46.6
GCA_013085055.1	Fusarium oxysporum	yes	HispS	CP052040.1	-	1420369	1421310	11	80.5	1.65e-14	26.154	HispS|Mycena_citricolor	1678	374	0.2229	771.8
GCA_013085055.1	Fusarium oxysporum	yes	HispS	CP052049.1	+	2228476	2231530	51	117.0	2.28e-42	25.368	HispS|Panellus_stipticus_2	1601	954	0.5959	3337.2
GCA_013085055.1	Fusarium oxysporum	yes	HispS	CP052049.1	-	857911	858609	1	55.8	4.09e-07	26.582	HispS|Mycena_citricolor	1678	225	0.1341	55.8
GCA_013085055.1	Fusarium oxysporum	yes	HispS	CP052049.1	-	1452939	1453769	3	55.5	4.75e-07	24.151	HispS|Mycena_chlorophos	1652	280	0.1695	157.9
GCA_013085055.1	Fusarium oxysporum	yes	HispS	CP052049.1	-	2024601	2030534	2	47.0	0.00021	30.769	HispS|Neonothopanus_gardneri	1691	330	0.1952	92.8
GCA_013085055.1	Fusarium oxysporum	yes	HispS	CP052049.1	-	2069641	2072456	34	97.4	6.55e-39	33.166	HispS|Armillaria_mellea	1768	887	0.5017	2426.7
GCA_013085055.1	Fusarium oxysporum	yes	HispS	CP052039.1	+	2218182	2221378	48	169.0	1.9e-55	29.022	HispS|Guyanagaster_necrorhiza	1766	883	0.5	3376.4
GCA_013085055.1	Fusarium oxysporum	yes	HispS	CP052038.1	+	367744	369040	19	86.7	2.3e-23	31.034	HispS|Neonothopanus_nambi	1678	357	0.2128	1258.2
GCA_013085055.1	Fusarium oxysporum	yes	HispS	CP052038.1	+	4891765	4892949	6	55.8	5.11e-07	28.972	HispS|Armillaria_gallica	1771	382	0.2157	307.3
GCA_013085055.1	Fusarium oxysporum	yes	HispS	CP052038.1	+	6073801	6074598	1	45.4	0.000649	24.913	HispS|Guyanagaster_necrorhiza	1766	272	0.154	45.4
GCA_013085055.1	Fusarium oxysporum	yes	HispS	CP052047.1	-	2345717	2346607	1	56.6	2.58e-07	24.169	HispS|Mycena_citricolor	1678	319	0.1901	56.6
GCA_013085055.1	Fusarium oxysporum	yes	HispS	CP052047.1	-	2705711	2706151	3	48.5	6.48e-05	26.923	HispS|Neonothopanus_nambi	1678	155	0.0924	141.0
GCA_013085055.1	Fusarium oxysporum	yes	HispS	CP052041.1	-	2093286	2100641	2	48.1	9.14e-05	25.322	HispS|Mycena_citricolor	1678	361	0.2151	95.1
GCA_013085055.1	Fusarium oxysporum	yes	HispS	CP052038.1	-	788958	789659	3	61.6	6.84e-09	31.361	HispS|Neonothopanus_nambi	1678	251	0.1496	167.1
GCA_013085055.1	Fusarium oxysporum	yes	H3H	CP052048.1	-	1411491	1412645	14	172.0	2.33e-46	32.172	H3H|Panellus_stipticus	428	396	0.9252	2184.0
GCA_013085055.1	Fusarium oxysporum	yes	H3H	CP052047.1	-	1275813	1276931	14	157.0	2.25e-41	29.235	H3H|Armillaria_fuscipes	426	394	0.9249	2036.0
GCA_013085055.1	Fusarium oxysporum	yes	H3H	CP052047.1	-	1344044	1345261	19	75.1	5.38e-14	33.846	H3H|Panellus_stipticus	428	366	0.8551	1158.1
GCA_013085055.1	Fusarium oxysporum	yes	H3H	CP052047.1	-	1404342	1405635	24	57.8	1.6e-08	26.23	H3H|Mycena_citricolor	419	286	0.6826	1195.4
GCA_013085055.1	Fusarium oxysporum	yes	H3H	CP052047.1	-	2532189	2533509	17	66.6	2.19e-11	41.176	H3H|Panellus_stipticus	428	357	0.8341	948.6
GCA_013085055.1	Fusarium oxysporum	yes	H3H	CP052042.1	+	142223	143587	42	90.5	1.51e-35	28.235	H3H|Armillaria_mellea	429	429	1.0	2456.9
GCA_013085055.1	Fusarium oxysporum	yes	H3H	CP052042.1	-	434561	435781	14	131.0	1.39e-32	27.735	H3H|Armillaria_mellea	429	403	0.9394	1627.0
GCA_013085055.1	Fusarium oxysporum	yes	H3H	CP052039.1	+	206737	206979	3	45.8	7.46e-05	35.135	H3H|Armillaria_fuscipes	426	75	0.1761	132.9
GCA_013085055.1	Fusarium oxysporum	yes	H3H	CP052039.1	+	562665	563977	28	99.0	2.13e-37	26.641	H3H|Panellus_stipticus	428	401	0.9369	2313.5
GCA_013085055.1	Fusarium oxysporum	yes	H3H	CP052039.1	+	5335379	5336233	14	68.6	5.41e-12	28.253	H3H|Mycena_chlorophos	422	276	0.654	745.2
GCA_013085055.1	Fusarium oxysporum	yes	H3H	CP052039.1	-	241673	242617	6	53.5	3.02e-07	23.235	H3H|Armillaria_mellea	429	336	0.7832	308.0
GCA_013085055.1	Fusarium oxysporum	yes	H3H	CP052039.1	-	5169103	5170069	15	117.0	1.03e-27	30.672	H3H|Armillaria_fuscipes	426	314	0.7371	1558.9
GCA_013085055.1	Fusarium oxysporum	yes	H3H	CP052045.1	-	456177	457385	14	144.0	9.81e-37	29.829	H3H|Panellus_stipticus	428	412	0.9626	1757.0
GCA_013085055.1	Fusarium oxysporum	yes	H3H	CP052045.1	-	1023276	1024718	42	75.1	1.22e-33	26.554	H3H|Mycena_chlorophos	422	395	0.936	2412.4
GCA_013085055.1	Fusarium oxysporum	yes	H3H	CP052045.1	+	469150	470295	14	82.8	1.62e-16	26.842	H3H|Neonothopanus_gardneri	416	389	0.9351	896.1
GCA_013085055.1	Fusarium oxysporum	yes	H3H	CP052046.1	-	239219	240373	14	134.0	2.32e-33	32.908	H3H|Armillaria_mellea	429	392	0.9138	1687.0
GCA_013085055.1	Fusarium oxysporum	yes	H3H	CP052046.1	-	334768	335918	28	103.0	3.66e-23	28.082	H3H|Neonothopanus_gardneri	416	346	0.8317	1968.3
GCA_013085055.1	Fusarium oxysporum	yes	H3H	CP052046.1	-	2817365	2818656	20	80.9	8.21e-16	28.614	H3H|Armillaria_mellea	429	398	0.9277	1216.6
GCA_013085055.1	Fusarium oxysporum	yes	H3H	CP052046.1	+	1178437	1179102	14	62.4	5.11e-10	27.57	H3H|Neonothopanus_nambi	422	233	0.5521	741.5
GCA_013085055.1	Fusarium oxysporum	yes	H3H	CP052046.1	+	3056061	3056231	1	42.7	0.000664	43.86	H3H|Panellus_stipticus	428	57	0.1332	42.7
GCA_013085055.1	Fusarium oxysporum	yes	H3H	CP052046.1	+	3235949	3236425	14	61.6	8.54e-10	34.351	H3H|Panellus_stipticus	428	160	0.3738	736.2
GCA_013085055.1	Fusarium oxysporum	yes	H3H	CP052041.1	+	655043	656207	15	95.9	9.43e-21	28.041	H3H|Armillaria_gallica	422	365	0.8649	1286.1
GCA_013085055.1	Fusarium oxysporum	yes	H3H	CP052041.1	+	1937259	1938428	2	55.1	1.12e-07	24.277	H3H|Neonothopanus_nambi	422	407	0.9645	109.4
GCA_013085055.1	Fusarium oxysporum	yes	H3H	CP052041.1	+	4026487	4027850	28	67.0	1.96e-11	29.146	H3H|Neonothopanus_gardneri	416	343	0.8245	1495.6
GCA_013085055.1	Fusarium oxysporum	yes	H3H	CP052041.1	+	4530901	4532305	43	119.0	1.55e-28	34.737	H3H|Neonothopanus_gardneri	416	395	0.9495	2848.7
GCA_013085055.1	Fusarium oxysporum	yes	H3H	CP052041.1	-	3827356	3827910	2	64.7	8.76e-11	29.947	H3H|Neonothopanus_gardneri	416	180	0.4327	120.2
GCA_013085055.1	Fusarium oxysporum	yes	H3H	CP052041.1	-	3840038	3841087	6	65.1	6.37e-11	23.641	H3H|Armillaria_gallica	422	382	0.9052	347.7
GCA_013085055.1	Fusarium oxysporum	yes	H3H	CP052040.1	+	139584	140896	40	85.9	8.61e-20	28.148	H3H|Panellus_stipticus_3	428	396	0.9252	2189.6
GCA_013085055.1	Fusarium oxysporum	yes	H3H	CP052040.1	+	4398443	4398652	2	42.7	0.000596	34.286	H3H|Armillaria_mellea	429	67	0.1562	85.1
GCA_013085055.1	Fusarium oxysporum	yes	H3H	CP052040.1	+	4530000	4530434	14	56.6	3.05e-08	37.143	H3H|Armillaria_fuscipes	426	132	0.3099	714.0
GCA_013085055.1	Fusarium oxysporum	yes	H3H	CP052040.1	+	5129300	5129974	10	52.0	8.98e-07	26.471	H3H|Neonothopanus_nambi	422	229	0.5427	464.0
GCA_013085055.1	Fusarium oxysporum	yes	H3H	CP052040.1	-	4322466	4323254	8	54.7	1.4e-07	24.567	H3H|Neonothopanus_gardneri	416	290	0.6971	406.2
GCA_013085055.1	Fusarium oxysporum	yes	H3H	CP052049.1	+	967662	968324	6	50.4	3.05e-06	32.692	H3H|Panellus_stipticus	428	222	0.5187	278.8
GCA_013085055.1	Fusarium oxysporum	yes	H3H	CP052049.1	+	1758529	1759797	36	89.0	2.04e-27	24.468	H3H|Neonothopanus_gardneri	416	374	0.899	1960.3
GCA_013085055.1	Fusarium oxysporum	yes	H3H	CP052049.1	-	439785	440846	14	80.9	6.45e-16	29.084	H3H|Panellus_stipticus	428	366	0.8551	1013.3
GCA_013085055.1	Fusarium oxysporum	yes	H3H	CP052049.1	-	823150	824325	14	112.0	2.38e-26	26.392	H3H|Neonothopanus_nambi	422	404	0.9573	1241.7
GCA_013085055.1	Fusarium oxysporum	yes	H3H	CP052044.1	-	331440	332707	19	68.6	6.23e-12	29.13	H3H|Neonothopanus_gardneri	416	386	0.9279	1033.2
GCA_013085055.1	Fusarium oxysporum	yes	H3H	CP052044.1	-	1588533	1589856	25	61.6	9.07e-10	25.728	H3H|Neonothopanus_nambi	422	366	0.8673	1385.7
GCA_013085055.1	Fusarium oxysporum	yes	H3H	CP052043.1	+	613552	614418	14	60.5	2e-09	24.92	H3H|Mycena_citricolor	419	300	0.716	757.3
GCA_013085055.1	Fusarium oxysporum	yes	H3H	CP052043.1	+	3754228	3755466	15	84.3	5.23e-17	24.51	H3H|Mycena_citricolor	419	416	0.9928	1060.6
GCA_013085055.1	Fusarium oxysporum	yes	H3H	CP052038.1	-	193532	194167	6	49.3	6.28e-06	23.605	H3H|Neonothopanus_gardneri	416	241	0.5793	274.6
GCA_013085055.1	Fusarium oxysporum	yes	H3H	CP052038.1	-	470100	470381	14	58.2	1.04e-08	34.444	H3H|Mycena_chlorophos	422	101	0.2393	735.9
GCA_013085055.1	Fusarium oxysporum	yes	CPH	CP052046.1	-	337436	338536	6	197.0	7.1e-57	36.283	CPH|Armillaria_fuscipes	294	315	1.0714	1125.0
GCA_013085055.1	Fusarium oxysporum	yes	CPH	CP052046.1	-	2799202	2800273	12	156.0	3.47e-42	42.727	CPH|Neonothopanus_gardneri	321	318	0.9907	1252.2
GCA_013085055.1	Fusarium oxysporum	yes	CPH	CP052046.1	-	3053630	3054660	12	151.0	5.49e-57	39.485	CPH|Neonothopanus_gardneri	321	316	0.9844	1417.7
GCA_013085055.1	Fusarium oxysporum	yes	CPH	CP052040.1	-	3476747	3477818	12	129.0	2.67e-44	33.704	CPH|Armillaria_gallica	302	314	1.0397	1162.7
GCA_013085055.1	Fusarium oxysporum	yes	CPH	CP052040.1	-	5086019	5086935	12	162.0	3.49e-50	40.183	CPH|Armillaria_fuscipes	294	299	1.017	1220.5
GCA_013085055.1	Fusarium oxysporum	yes	CPH	CP052040.1	+	282806	283877	18	81.3	3.88e-28	32.222	CPH|Neonothopanus_gardneri	321	317	0.9875	1003.9
GCA_013085055.1	Fusarium oxysporum	yes	CPH	CP052040.1	+	2889231	2889533	5	63.9	7.11e-11	34.314	CPH|Neonothopanus_gardneri	321	108	0.3364	313.8
GCA_013085055.1	Fusarium oxysporum	yes	CPH	CP052047.1	-	243778	244626	6	94.7	4.14e-21	34.091	CPH|Neonothopanus_gardneri	321	252	0.785	538.4
GCA_013085055.1	Fusarium oxysporum	yes	CPH	CP052047.1	-	465924	467022	19	127.0	3.85e-32	37.021	CPH|Neonothopanus_gardneri	321	313	0.9751	1310.8
GCA_013085055.1	Fusarium oxysporum	yes	CPH	CP052047.1	-	1640352	1641323	6	176.0	3.17e-49	36.31	CPH|Armillaria_gallica	302	303	1.0033	1010.0
GCA_013085055.1	Fusarium oxysporum	yes	CPH	CP052047.1	+	115374	116389	16	93.6	9.67e-41	31.799	CPH|Neonothopanus_gardneri	321	310	0.9657	1116.1
GCA_013085055.1	Fusarium oxysporum	yes	CPH	CP052042.1	+	55223	55804	6	130.0	1.24e-33	35.678	CPH|Armillaria_mellea	297	223	0.7508	736.7
GCA_013085055.1	Fusarium oxysporum	yes	CPH	CP052042.1	+	204606	205514	6	155.0	4.95e-42	34.868	CPH|Armillaria_fuscipes	294	283	0.9626	864.0
GCA_013085055.1	Fusarium oxysporum	yes	CPH	CP052048.1	-	2786086	2786610	6	120.0	1.19e-29	40.606	CPH|Neonothopanus_gardneri	321	199	0.6199	663.9
GCA_013085055.1	Fusarium oxysporum	yes	CPH	CP052044.1	+	1671507	1672319	18	73.9	6.54e-27	37.313	CPH|Armillaria_ostoyae	302	256	0.8477	897.1
GCA_013085055.1	Fusarium oxysporum	yes	CPH	CP052038.1	-	6327003	6327704	6	105.0	7.62e-25	32.456	CPH|Neonothopanus_gardneri	321	223	0.6947	582.7
GCA_013085055.1	Fusarium oxysporum	yes	CPH	CP052049.1	-	2424632	2425486	10	78.6	8.27e-16	27.273	CPH|Armillaria_ostoyae	302	270	0.894	573.4
GCA_013085055.1	Fusarium oxysporum	yes	CPH	CP052045.1	+	400728	401045	5	53.9	9.21e-08	31.818	CPH|Armillaria_fuscipes	294	135	0.4592	262.3
GCA_013085055.1	Fusarium oxysporum	yes	Luz	CP052040.1	+	3721814	3722520	13	80.5	5.83e-17	43.82	Luz|Mycena_chlorophos	251	215	0.8566	955.4
GCA_013085055.1	Fusarium oxysporum	yes	Luz	CP052040.1	-	281623	282422	18	67.4	1.49e-12	33.333	Luz|Mycena_chlorophos	251	249	0.992	959.7
GCA_013085055.1	Fusarium oxysporum	yes	Luz	CP052038.1	-	3484970	3485599	12	83.6	5.52e-18	32.609	Luz|Mycena_chlorophos	251	232	0.9243	942.1
GCA_030719095.1	Fusarium oxysporum	yes	HispS	CP130308.1	-	2087186	2089923	22	266.0	3.59e-98	31.424	HispS|Armillaria_fuscipes	1774	960	0.5411	3828.6
GCA_030719095.1	Fusarium oxysporum	yes	HispS	CP130308.1	+	1281042	1284014	37	115.0	4.21e-25	32.051	HispS|Armillaria_gallica	1771	959	0.5415	2387.4
GCA_030719095.1	Fusarium oxysporum	yes	HispS	CP130300.1	-	429339	432352	23	175.0	5.16e-70	26.677	HispS|Neonothopanus_nambi	1678	884	0.5268	2911.9
GCA_030719095.1	Fusarium oxysporum	yes	HispS	CP130300.1	-	4571444	4574581	11	298.0	7.23e-81	29.412	HispS|Armillaria_fuscipes	1774	1094	0.6167	2840.0
GCA_030719095.1	Fusarium oxysporum	yes	HispS	CP130300.1	+	2414154	2415335	10	70.5	1.51e-11	23.75	HispS|Armillaria_fuscipes	1774	514	0.2897	606.2
GCA_030719095.1	Fusarium oxysporum	yes	HispS	CP130306.1	-	1987585	1990434	12	298.0	6.79e-81	28.962	HispS|Armillaria_ostoyae	1770	971	0.5486	2963.8
GCA_030719095.1	Fusarium oxysporum	yes	HispS	CP130301.1	+	4157293	4160127	11	282.0	9.2e-76	28.178	HispS|Armillaria_fuscipes	1774	973	0.5485	2666.0
GCA_030719095.1	Fusarium oxysporum	yes	HispS	CP130299.1	+	577029	577541	1	46.6	0.000243	28.261	HispS|Neonothopanus_gardneri	1691	162	0.0958	46.6
GCA_030719095.1	Fusarium oxysporum	yes	HispS	CP130299.1	+	4533949	4536951	29	130.0	8.89e-60	37.788	HispS|Armillaria_gallica	1771	971	0.5483	2911.8
GCA_030719095.1	Fusarium oxysporum	yes	HispS	CP130299.1	+	4695793	4698656	21	192.0	5.06e-71	27.157	HispS|Mycena_citricolor	1678	959	0.5715	2811.4
GCA_030719095.1	Fusarium oxysporum	yes	HispS	CP130299.1	-	1379605	1380906	11	78.6	6.22e-14	26.154	HispS|Mycena_citricolor	1678	399	0.2378	768.8
GCA_030719095.1	Fusarium oxysporum	yes	HispS	CP130298.1	-	3207321	3210517	48	175.0	4.5e-57	29.187	HispS|Guyanagaster_necrorhiza	1766	883	0.5	3389.4
GCA_030719095.1	Fusarium oxysporum	yes	HispS	CP130302.1	+	415772	418493	35	124.0	8.45e-51	43.137	HispS|Mycena_citricolor	1678	829	0.494	3106.7
GCA_030719095.1	Fusarium oxysporum	yes	HispS	CP130302.1	+	1279001	1281763	30	119.0	3.59e-49	34.848	HispS|Armillaria_fuscipes	1774	882	0.4972	2571.9
GCA_030719095.1	Fusarium oxysporum	yes	HispS	CP130307.1	+	449864	452670	34	97.8	4.6e-39	33.166	HispS|Armillaria_mellea	1768	887	0.5017	2452.5
GCA_030719095.1	Fusarium oxysporum	yes	HispS	CP130307.1	+	497342	509091	2	45.8	0.000496	30.769	HispS|Mycena_citricolor	1678	98	0.0584	91.2
GCA_030719095.1	Fusarium oxysporum	yes	HispS	CP130307.1	+	1064669	1065499	3	62.0	6.13e-09	24.917	HispS|Neonothopanus_nambi	1678	280	0.1669	180.2
GCA_030719095.1	Fusarium oxysporum	yes	HispS	CP130297.1	-	337587	338384	1	45.1	0.000716	25.0	HispS|Guyanagaster_necrorhiza	1766	272	0.154	45.1
GCA_030719095.1	Fusarium oxysporum	yes	HispS	CP130297.1	-	1495317	1496501	6	56.6	2.63e-07	28.972	HispS|Armillaria_gallica	1771	382	0.2157	309.5
GCA_030719095.1	Fusarium oxysporum	yes	HispS	CP130297.1	-	6048496	6051884	36	92.8	4.86e-28	33.333	HispS|Neonothopanus_nambi	1678	924	0.5507	2266.3
GCA_030719095.1	Fusarium oxysporum	yes	HispS	CP130303.1	-	3224492	3229498	5	50.1	2.36e-05	22.284	HispS|Armillaria_fuscipes	1774	607	0.3422	242.3
GCA_030719095.1	Fusarium oxysporum	yes	HispS	CP130305.1	-	872221	873303	1	46.2	0.000364	23.022	HispS|Mycena_citricolor	1678	382	0.2277	46.2
GCA_030719095.1	Fusarium oxysporum	yes	HispS	CP130305.1	-	2458290	2459252	6	53.9	1.78e-06	23.867	HispS|Armillaria_gallica	1771	342	0.1931	310.3
GCA_030719095.1	Fusarium oxysporum	yes	HispS	CP130301.1	-	2245453	2252808	2	48.1	8.53e-05	25.214	HispS|Mycena_citricolor	1678	362	0.2157	94.7
GCA_030719095.1	Fusarium oxysporum	yes	HispS	CP130297.1	+	5605802	5606476	3	54.7	1e-06	30.539	HispS|Neonothopanus_nambi	1678	220	0.1311	148.6
GCA_030719095.1	Fusarium oxysporum	yes	HispS	CP130303.1	+	3341502	3341942	2	53.9	1.46e-06	31.613	HispS|Neonothopanus_nambi	1678	151	0.09	101.7
GCA_030719095.1	Fusarium oxysporum	yes	H3H	CP130301.1	+	805435	806600	15	94.0	3.93e-20	28.041	H3H|Armillaria_gallica	422	365	0.8649	1267.0
GCA_030719095.1	Fusarium oxysporum	yes	H3H	CP130301.1	+	2084650	2085819	2	53.1	3.63e-07	23.988	H3H|Neonothopanus_nambi	422	407	0.9645	105.9
GCA_030719095.1	Fusarium oxysporum	yes	H3H	CP130301.1	+	4152410	4153770	28	66.2	2.93e-11	29.016	H3H|Neonothopanus_gardneri	416	347	0.8341	1481.0
GCA_030719095.1	Fusarium oxysporum	yes	H3H	CP130301.1	+	4642132	4643535	42	134.0	2.49e-45	31.834	H3H|Neonothopanus_gardneri	416	390	0.9375	2937.8
GCA_030719095.1	Fusarium oxysporum	yes	H3H	CP130301.1	-	3952534	3953088	2	64.7	8.68e-11	29.947	H3H|Neonothopanus_gardneri	416	180	0.4327	120.2
GCA_030719095.1	Fusarium oxysporum	yes	H3H	CP130301.1	-	3964132	3965184	7	67.4	1.4e-11	23.641	H3H|Armillaria_gallica	422	382	0.9052	413.4
GCA_030719095.1	Fusarium oxysporum	yes	H3H	CP130306.1	-	217542	217859	1	45.8	7.99e-05	30.189	H3H|Mycena_chlorophos	422	101	0.2393	45.8
GCA_030719095.1	Fusarium oxysporum	yes	H3H	CP130306.1	-	1284707	1285840	14	172.0	2.16e-46	32.172	H3H|Panellus_stipticus	428	396	0.9252	2198.0
GCA_030719095.1	Fusarium oxysporum	yes	H3H	CP130305.1	-	1383435	1384565	14	157.0	1.7e-41	29.189	H3H|Armillaria_fuscipes	426	396	0.9296	2041.0
GCA_030719095.1	Fusarium oxysporum	yes	H3H	CP130305.1	-	1459128	1460345	26	74.7	6.58e-14	33.846	H3H|Panellus_stipticus	428	349	0.8154	1405.1
GCA_030719095.1	Fusarium oxysporum	yes	H3H	CP130305.1	-	1522398	1523691	24	57.8	1.28e-08	26.776	H3H|Mycena_citricolor	419	286	0.6826	1187.0
GCA_030719095.1	Fusarium oxysporum	yes	H3H	CP130305.1	-	2628633	2629959	17	67.0	1.85e-11	36.22	H3H|Panellus_stipticus	428	369	0.8621	961.2
GCA_030719095.1	Fusarium oxysporum	yes	H3H	CP130300.1	-	4659186	4660550	42	94.4	5.41e-37	28.627	H3H|Armillaria_mellea	429	429	1.0	2500.9
GCA_030719095.1	Fusarium oxysporum	yes	H3H	CP130300.1	-	4830296	4830628	5	44.7	0.000189	33.333	H3H|Armillaria_gallica	422	115	0.2725	216.7
GCA_030719095.1	Fusarium oxysporum	yes	H3H	CP130300.1	+	4404816	4406036	14	140.0	1.45e-35	27.711	H3H|Armillaria_mellea	429	403	0.9394	1775.0
GCA_030719095.1	Fusarium oxysporum	yes	H3H	CP130304.1	-	264913	266067	14	133.0	3.84e-33	32.398	H3H|Armillaria_mellea	429	392	0.9138	1680.0
GCA_030719095.1	Fusarium oxysporum	yes	H3H	CP130304.1	-	361728	362878	28	100.0	3.01e-22	27.397	H3H|Neonothopanus_gardneri	416	346	0.8317	1984.1
GCA_030719095.1	Fusarium oxysporum	yes	H3H	CP130304.1	-	2852903	2854206	20	80.9	6.75e-16	28.614	H3H|Armillaria_mellea	429	399	0.9301	1220.3
GCA_030719095.1	Fusarium oxysporum	yes	H3H	CP130304.1	+	1243310	1243975	14	63.9	1.72e-10	27.907	H3H|Neonothopanus_nambi	422	233	0.5521	753.1
GCA_030719095.1	Fusarium oxysporum	yes	H3H	CP130304.1	+	3096543	3096713	1	42.7	0.00068	43.86	H3H|Panellus_stipticus	428	57	0.1332	42.7
GCA_030719095.1	Fusarium oxysporum	yes	H3H	CP130298.1	+	274972	276172	16	127.0	3.67e-31	29.155	H3H|Armillaria_fuscipes	426	366	0.8592	1759.4
GCA_030719095.1	Fusarium oxysporum	yes	H3H	CP130298.1	+	400609	401659	38	91.3	8.14e-19	35.762	H3H|Omphalotus_olearius	540	331	0.613	2162.0
GCA_030719095.1	Fusarium oxysporum	yes	H3H	CP130298.1	+	5128519	5129439	10	59.7	3.18e-09	23.615	H3H|Armillaria_fuscipes	426	330	0.7746	539.1
GCA_030719095.1	Fusarium oxysporum	yes	H3H	CP130298.1	-	88822	89676	14	71.2	8.27e-13	28.625	H3H|Mycena_chlorophos	422	276	0.654	743.9
GCA_030719095.1	Fusarium oxysporum	yes	H3H	CP130298.1	-	4861672	4862744	28	95.1	1.88e-31	34.911	H3H|Mycena_chlorophos	422	329	0.7796	2033.9
GCA_030719095.1	Fusarium oxysporum	yes	H3H	CP130298.1	-	5156676	5157353	5	46.2	5.84e-05	25.523	H3H|Mycena_citricolor	419	224	0.5346	225.3
GCA_030719095.1	Fusarium oxysporum	yes	H3H	CP130303.1	-	317678	318886	14	147.0	4.41e-38	30.534	H3H|Panellus_stipticus	428	412	0.9626	1783.0
GCA_030719095.1	Fusarium oxysporum	yes	H3H	CP130303.1	-	853198	854199	47	65.1	7.28e-11	43.056	H3H|Panellus_stipticus	428	295	0.6893	2077.9
GCA_030719095.1	Fusarium oxysporum	yes	H3H	CP130303.1	+	330620	331765	14	83.2	1.3e-16	26.842	H3H|Neonothopanus_gardneri	416	389	0.9351	902.7
GCA_030719095.1	Fusarium oxysporum	yes	H3H	CP130303.1	+	3357285	3358475	10	71.6	6.76e-13	24.384	H3H|Neonothopanus_nambi	422	385	0.9123	624.1
GCA_030719095.1	Fusarium oxysporum	yes	H3H	CP130307.1	-	765599	766867	36	90.9	4.65e-28	25.0	H3H|Neonothopanus_gardneri	416	374	0.899	1969.8
GCA_030719095.1	Fusarium oxysporum	yes	H3H	CP130307.1	-	1556590	1557249	7	50.1	3.53e-06	32.692	H3H|Panellus_stipticus_3	428	223	0.521	320.9
GCA_030719095.1	Fusarium oxysporum	yes	H3H	CP130307.1	+	1733865	1735040	14	106.0	3.11e-24	25.648	H3H|Neonothopanus_nambi	422	398	0.9431	1146.7
GCA_030719095.1	Fusarium oxysporum	yes	H3H	CP130307.1	+	2059233	2060324	14	88.6	2.44e-18	25.333	H3H|Panellus_stipticus	428	375	0.8762	1048.7
GCA_030719095.1	Fusarium oxysporum	yes	H3H	CP130299.1	+	133551	134854	38	84.7	1.14e-26	28.148	H3H|Panellus_stipticus_3	428	392	0.9159	1956.2
GCA_030719095.1	Fusarium oxysporum	yes	H3H	CP130299.1	+	4368911	4369222	4	44.3	0.000201	35.211	H3H|Armillaria_mellea	429	98	0.2284	173.7
GCA_030719095.1	Fusarium oxysporum	yes	H3H	CP130299.1	+	4500664	4501014	14	58.2	1.07e-08	37.209	H3H|Mycena_chlorophos	422	121	0.2867	721.0
GCA_030719095.1	Fusarium oxysporum	yes	H3H	CP130299.1	-	263159	263485	14	57.0	2.5e-08	38.889	H3H|Neonothopanus_gardneri	416	119	0.2861	727.0
GCA_030719095.1	Fusarium oxysporum	yes	H3H	CP130299.1	-	4292626	4293414	4	55.8	6.08e-08	24.834	H3H|Armillaria_fuscipes	426	281	0.6596	198.7
GCA_030719095.1	Fusarium oxysporum	yes	H3H	CP130299.1	-	4651955	4652212	7	45.4	9.39e-05	39.189	H3H|Panellus_stipticus	428	90	0.2103	309.3
GCA_030719095.1	Fusarium oxysporum	yes	H3H	CP130302.1	-	638077	639315	14	82.4	2.52e-16	27.083	H3H|Neonothopanus_nambi	422	416	0.9858	1009.5
GCA_030719095.1	Fusarium oxysporum	yes	H3H	CP130302.1	-	3756639	3757886	13	70.5	1.56e-12	25.691	H3H|Mycena_citricolor_2	420	421	1.0024	759.1
GCA_030719095.1	Fusarium oxysporum	yes	H3H	CP130297.1	+	5930026	5930295	14	58.2	1.21e-08	34.444	H3H|Mycena_chlorophos	422	99	0.2346	747.2
GCA_030719095.1	Fusarium oxysporum	yes	H3H	CP130305.1	+	341394	341624	2	42.4	0.000898	32.468	H3H|Armillaria_gallica	422	73	0.173	84.8
GCA_030719095.1	Fusarium oxysporum	yes	CPH	CP130300.1	-	4363950	4364932	18	161.0	1.1e-62	50.943	CPH|Armillaria_gallica	302	320	1.0596	1630.7
GCA_030719095.1	Fusarium oxysporum	yes	CPH	CP130300.1	-	4600483	4601391	6	160.0	2.07e-43	35.39	CPH|Neonothopanus_gardneri	321	283	0.8816	873.0
GCA_030719095.1	Fusarium oxysporum	yes	CPH	CP130300.1	-	4757203	4757916	6	147.0	1.86e-39	34.694	CPH|Armillaria_mellea	297	251	0.8451	836.0
GCA_030719095.1	Fusarium oxysporum	yes	CPH	CP130305.1	-	342962	343810	6	95.9	1.54e-21	34.27	CPH|Neonothopanus_gardneri	321	254	0.7913	546.5
GCA_030719095.1	Fusarium oxysporum	yes	CPH	CP130305.1	-	1765096	1766067	6	176.0	3.08e-49	36.905	CPH|Armillaria_gallica	302	303	1.0033	1011.0
GCA_030719095.1	Fusarium oxysporum	yes	CPH	CP130305.1	+	184198	185213	12	94.7	5.03e-41	32.5	CPH|Neonothopanus_gardneri	321	310	0.9657	979.0
GCA_030719095.1	Fusarium oxysporum	yes	CPH	CP130304.1	-	364404	365508	12	161.0	2.69e-44	39.583	CPH|Armillaria_mellea	297	315	1.0606	1229.1
GCA_030719095.1	Fusarium oxysporum	yes	CPH	CP130304.1	-	2834671	2835742	12	155.0	8.5e-42	42.727	CPH|Neonothopanus_gardneri	321	318	0.9907	1246.3
GCA_030719095.1	Fusarium oxysporum	yes	CPH	CP130304.1	-	3094089	3095120	8	155.0	5.12e-42	34.593	CPH|Armillaria_mellea	297	315	1.0606	950.5
GCA_030719095.1	Fusarium oxysporum	yes	CPH	CP130299.1	-	3439648	3440719	12	129.0	2.47e-44	33.704	CPH|Armillaria_gallica	302	314	1.0397	1162.7
GCA_030719095.1	Fusarium oxysporum	yes	CPH	CP130299.1	+	2848697	2848999	5	63.9	7.04e-11	34.314	CPH|Neonothopanus_gardneri	321	108	0.3364	313.8
GCA_030719095.1	Fusarium oxysporum	yes	CPH	CP130299.1	+	4650454	4650879	6	122.0	1.78e-30	43.662	CPH|Neonothopanus_gardneri	321	166	0.5171	667.3
GCA_030719095.1	Fusarium oxysporum	yes	CPH	CP130306.1	+	212488	212958	6	107.0	1.53e-25	39.623	CPH|Armillaria_fuscipes	294	181	0.6156	590.9
GCA_030719095.1	Fusarium oxysporum	yes	CPH	CP130306.1	-	361149	361626	9	79.3	5.99e-16	34.167	CPH|Neonothopanus_gardneri	321	161	0.5016	521.0
GCA_030719095.1	Fusarium oxysporum	yes	CPH	CP130307.1	+	110403	111256	12	73.2	4.35e-14	31.053	CPH|Armillaria_gallica	302	270	0.894	708.9
GCA_030719095.1	Fusarium oxysporum	yes	Luz	CP130297.1	+	2894236	2894865	12	83.6	5.36e-18	32.609	Luz|Mycena_chlorophos	251	232	0.9243	939.3
GCA_030719095.1	Fusarium oxysporum	yes	Luz	CP130299.1	+	3685684	3686500	26	48.9	2.09e-11	34.426	Luz|Mycena_chlorophos	251	258	1.0279	1048.7
GCA_027920445.1	Fusarium oxysporum	no	HispS	CP115882.1	-	3180082	3192936	8	54.3	1.32e-06	21.884	HispS|Armillaria_ostoyae	1770	605	0.3418	399.1
GCA_027920445.1	Fusarium oxysporum	no	HispS	CP115882.1	-	3344006	3346837	12	386.0	2.91e-108	31.027	HispS|Armillaria_ostoyae	1770	960	0.5424	3812.3
GCA_027920445.1	Fusarium oxysporum	no	HispS	CP115880.1	+	234977	238114	11	304.0	9.51e-83	29.682	HispS|Armillaria_fuscipes	1774	1094	0.6167	2877.0
GCA_027920445.1	Fusarium oxysporum	no	HispS	CP115886.1	-	1471994	1474119	24	117.0	1.22e-39	35.366	HispS|Armillaria_fuscipes	1774	787	0.4436	1843.1
GCA_027920445.1	Fusarium oxysporum	no	HispS	CP115886.1	-	1853438	1856281	12	304.0	1.03e-82	29.011	HispS|Armillaria_ostoyae	1770	978	0.5525	3007.2
GCA_027920445.1	Fusarium oxysporum	no	HispS	CP115876.1	-	965810	968656	11	280.0	3.97e-75	28.42	HispS|Armillaria_fuscipes	1774	970	0.5468	2639.0
GCA_027920445.1	Fusarium oxysporum	no	HispS	CP115881.1	+	352192	355161	25	177.0	1.25e-74	36.897	HispS|Armillaria_gallica	1771	904	0.5104	3017.9
GCA_027920445.1	Fusarium oxysporum	no	HispS	CP115881.1	+	732408	734972	24	185.0	2.69e-46	33.141	HispS|Armillaria_fuscipes	1774	802	0.4521	2707.3
GCA_027920445.1	Fusarium oxysporum	no	HispS	CP115881.1	+	1240372	1242849	27	119.0	4.54e-49	34.848	HispS|Armillaria_fuscipes	1774	825	0.4651	2399.6
GCA_027920445.1	Fusarium oxysporum	no	HispS	CP115878.1	-	249894	250763	1	46.6	0.000261	24.224	HispS|Mycena_chlorophos	1652	308	0.1864	46.6
GCA_027920445.1	Fusarium oxysporum	no	HispS	CP115878.1	-	393476	396339	22	189.0	1.75e-68	26.194	HispS|Armillaria_ostoyae	1770	964	0.5446	2873.9
GCA_027920445.1	Fusarium oxysporum	no	HispS	CP115878.1	-	557070	560028	35	130.0	4.06e-59	37.9	HispS|Armillaria_fuscipes	1774	970	0.5468	3112.8
GCA_027920445.1	Fusarium oxysporum	no	HispS	CP115878.1	-	4548485	4548997	1	47.0	0.00021	28.261	HispS|Neonothopanus_gardneri	1691	162	0.0958	47.0
GCA_027920445.1	Fusarium oxysporum	no	HispS	CP115878.1	+	3742186	3743127	11	81.6	5.71e-15	26.462	HispS|Mycena_citricolor	1678	374	0.2229	778.0
GCA_027920445.1	Fusarium oxysporum	no	HispS	CP115877.1	-	3276234	3279431	48	170.0	3.18e-55	28.525	HispS|Armillaria_ostoyae	1770	883	0.4989	3364.4
GCA_027920445.1	Fusarium oxysporum	no	HispS	CP115877.1	+	6762337	6763485	10	70.5	1.44e-11	23.75	HispS|Armillaria_fuscipes	1774	514	0.2897	603.9
GCA_027920445.1	Fusarium oxysporum	no	HispS	CP115884.1	+	531452	534345	34	97.4	5.67e-38	33.166	HispS|Armillaria_mellea	1768	887	0.5017	2408.3
GCA_027920445.1	Fusarium oxysporum	no	HispS	CP115884.1	+	596478	596789	1	45.8	0.000428	30.769	HispS|Mycena_citricolor	1678	87	0.0518	45.8
GCA_027920445.1	Fusarium oxysporum	no	HispS	CP115884.1	+	1846970	1847668	1	56.2	2.81e-07	26.582	HispS|Mycena_citricolor	1678	225	0.1341	56.2
GCA_027920445.1	Fusarium oxysporum	no	HispS	CP115875.1	-	1343856	1345040	6	56.6	2.43e-07	28.972	HispS|Armillaria_gallica	1771	382	0.2157	309.5
GCA_027920445.1	Fusarium oxysporum	no	HispS	CP115875.1	-	5980498	5983892	38	90.9	3.46e-25	33.333	HispS|Neonothopanus_nambi	1678	839	0.5	2222.6
GCA_027920445.1	Fusarium oxysporum	no	HispS	CP115885.1	+	484837	485883	6	55.1	5.83e-07	24.695	HispS|Mycena_citricolor	1678	351	0.2092	309.2
GCA_027920445.1	Fusarium oxysporum	no	HispS	CP115885.1	+	1819009	1819902	1	52.0	4.86e-06	25.672	HispS|Mycena_chlorophos	1652	318	0.1925	52.0
GCA_027920445.1	Fusarium oxysporum	no	HispS	CP115885.1	+	2083294	2084376	1	45.4	0.000569	23.445	HispS|Mycena_citricolor	1678	382	0.2277	45.4
GCA_027920445.1	Fusarium oxysporum	no	HispS	CP115884.1	-	1114980	1115810	3	56.6	2.06e-07	24.151	HispS|Mycena_chlorophos	1652	280	0.1695	157.9
GCA_027920445.1	Fusarium oxysporum	no	HispS	CP115882.1	+	3297528	3298316	3	67.0	1.48e-10	29.963	HispS|Neonothopanus_nambi	1678	264	0.1573	187.2
GCA_027920445.1	Fusarium oxysporum	no	HispS	CP115876.1	+	2918156	2925511	2	48.5	6.71e-05	25.214	HispS|Mycena_citricolor	1678	335	0.1996	94.7
GCA_027920445.1	Fusarium oxysporum	no	HispS	CP115875.1	+	5517052	5517639	3	55.5	4.89e-07	30.539	HispS|Neonothopanus_nambi	1678	202	0.1204	152.2
GCA_027920445.1	Fusarium oxysporum	no	H3H	CP115884.1	+	1884680	1885855	15	115.0	4.31e-27	26.718	H3H|Neonothopanus_nambi	422	404	0.9573	1279.3
GCA_027920445.1	Fusarium oxysporum	no	H3H	CP115884.1	+	2211532	2212623	14	91.3	3.02e-19	25.6	H3H|Panellus_stipticus	428	375	0.8762	1062.6
GCA_027920445.1	Fusarium oxysporum	no	H3H	CP115884.1	+	2519130	2520296	14	190.0	1.5e-52	33.421	H3H|Panellus_stipticus	428	386	0.9019	2523.0
GCA_027920445.1	Fusarium oxysporum	no	H3H	CP115884.1	-	850321	851738	38	88.6	2.2e-27	24.468	H3H|Neonothopanus_gardneri	416	406	0.976	2296.5
GCA_027920445.1	Fusarium oxysporum	no	H3H	CP115884.1	-	1699208	1699849	5	50.1	3.28e-06	32.692	H3H|Panellus_stipticus_3	428	219	0.5117	233.7
GCA_027920445.1	Fusarium oxysporum	no	H3H	CP115886.1	-	1145252	1146385	14	172.0	2.23e-46	32.172	H3H|Panellus_stipticus	428	396	0.9252	2193.0
GCA_027920445.1	Fusarium oxysporum	no	H3H	CP115885.1	+	278878	280204	18	70.5	1.36e-12	31.868	H3H|Panellus_stipticus	428	372	0.8692	1042.3
GCA_027920445.1	Fusarium oxysporum	no	H3H	CP115885.1	+	1446634	1447855	25	58.2	9.67e-09	26.776	H3H|Mycena_citricolor	419	260	0.6205	1251.0
GCA_027920445.1	Fusarium oxysporum	no	H3H	CP115885.1	+	1505583	1506800	26	70.9	9.79e-13	34.167	H3H|Armillaria_fuscipes	426	349	0.8192	1398.3
GCA_027920445.1	Fusarium oxysporum	no	H3H	CP115885.1	+	1574016	1575146	14	157.0	2.42e-41	28.919	H3H|Armillaria_fuscipes	426	396	0.9296	2033.0
GCA_027920445.1	Fusarium oxysporum	no	H3H	CP115880.1	+	147179	148543	42	92.0	4.92e-36	27.953	H3H|Armillaria_mellea	429	429	1.0	2480.0
GCA_027920445.1	Fusarium oxysporum	no	H3H	CP115880.1	-	406230	407345	14	131.0	1.61e-32	27.735	H3H|Armillaria_mellea	429	371	0.8648	1641.0
GCA_027920445.1	Fusarium oxysporum	no	H3H	CP115877.1	-	117145	117999	14	71.2	7.24e-13	28.522	H3H|Mycena_chlorophos	422	276	0.654	732.8
GCA_027920445.1	Fusarium oxysporum	no	H3H	CP115877.1	-	5011429	5012741	28	102.0	9.04e-41	30.159	H3H|Mycena_chlorophos	422	401	0.9502	2344.1
GCA_027920445.1	Fusarium oxysporum	no	H3H	CP115877.1	-	5432880	5433551	5	45.8	6.51e-05	25.726	H3H|Mycena_citricolor	419	212	0.506	225.6
GCA_027920445.1	Fusarium oxysporum	no	H3H	CP115877.1	+	300815	301984	16	117.0	6.99e-28	30.252	H3H|Armillaria_fuscipes	426	362	0.8498	1605.0
GCA_027920445.1	Fusarium oxysporum	no	H3H	CP115877.1	+	446981	448031	36	91.7	5.93e-19	35.762	H3H|Omphalotus_olearius	540	331	0.613	2093.5
GCA_027920445.1	Fusarium oxysporum	no	H3H	CP115877.1	+	5404282	5404938	10	53.9	2.5e-07	26.549	H3H|Guyanagaster_necrorhiza	443	213	0.4808	504.3
GCA_027920445.1	Fusarium oxysporum	no	H3H	CP115882.1	-	293288	294496	14	146.0	9.64e-38	30.612	H3H|Panellus_stipticus	428	412	0.9626	1774.0
GCA_027920445.1	Fusarium oxysporum	no	H3H	CP115882.1	-	810900	812474	42	74.7	3.8e-33	26.554	H3H|Mycena_chlorophos	422	417	0.9882	2394.7
GCA_027920445.1	Fusarium oxysporum	no	H3H	CP115882.1	+	305924	307165	14	83.2	1.05e-16	26.455	H3H|Neonothopanus_gardneri	416	411	0.988	925.7
GCA_027920445.1	Fusarium oxysporum	no	H3H	CP115883.1	-	315248	316402	14	132.0	1.09e-32	32.143	H3H|Armillaria_mellea	429	392	0.9138	1658.0
GCA_027920445.1	Fusarium oxysporum	no	H3H	CP115883.1	-	416548	417698	28	102.0	4.74e-23	28.082	H3H|Neonothopanus_gardneri	416	370	0.8894	1975.6
GCA_027920445.1	Fusarium oxysporum	no	H3H	CP115883.1	-	2957064	2958325	20	79.7	1.8e-15	28.313	H3H|Armillaria_mellea	429	382	0.8904	1206.3
GCA_027920445.1	Fusarium oxysporum	no	H3H	CP115883.1	+	1272975	1273640	14	63.5	1.97e-10	28.037	H3H|Neonothopanus_nambi	422	233	0.5521	748.4
GCA_027920445.1	Fusarium oxysporum	no	H3H	CP115883.1	+	3226855	3227025	2	42.7	0.000661	43.86	H3H|Panellus_stipticus	428	57	0.1332	84.7
GCA_027920445.1	Fusarium oxysporum	no	H3H	CP115876.1	-	412993	414397	43	120.0	5.42e-29	34.737	H3H|Neonothopanus_gardneri	416	395	0.9495	2865.8
GCA_027920445.1	Fusarium oxysporum	no	H3H	CP115876.1	-	972133	973496	28	65.1	7.69e-11	28.856	H3H|Armillaria_fuscipes	426	358	0.8404	1459.1
GCA_027920445.1	Fusarium oxysporum	no	H3H	CP115876.1	-	3097340	3098509	3	53.5	2.83e-07	23.218	H3H|Neonothopanus_gardneri	416	407	0.9784	152.4
GCA_027920445.1	Fusarium oxysporum	no	H3H	CP115876.1	-	4386763	4387927	15	94.7	2.29e-20	28.041	H3H|Armillaria_gallica	422	365	0.8649	1274.7
GCA_027920445.1	Fusarium oxysporum	no	H3H	CP115876.1	+	1159466	1160515	9	61.2	1.2e-09	23.161	H3H|Armillaria_gallica	422	382	0.9052	476.0
GCA_027920445.1	Fusarium oxysporum	no	H3H	CP115876.1	+	1169195	1169755	7	65.9	4.25e-11	31.492	H3H|Neonothopanus_nambi	422	183	0.4336	394.8
GCA_027920445.1	Fusarium oxysporum	no	H3H	CP115878.1	-	592831	593181	14	57.0	2.56e-08	37.143	H3H|Armillaria_fuscipes	426	121	0.284	712.9
GCA_027920445.1	Fusarium oxysporum	no	H3H	CP115878.1	-	735536	735970	4	43.9	0.000292	30.435	H3H|Neonothopanus_gardneri	416	168	0.4038	171.8
GCA_027920445.1	Fusarium oxysporum	no	H3H	CP115878.1	-	5044524	5045815	40	86.3	5.24e-27	28.148	H3H|Panellus_stipticus_3	428	392	0.9159	2022.8
GCA_027920445.1	Fusarium oxysporum	no	H3H	CP115878.1	+	806795	807583	8	57.4	1.64e-08	25.17	H3H|Neonothopanus_nambi	422	284	0.673	424.5
GCA_027920445.1	Fusarium oxysporum	no	H3H	CP115881.1	-	590576	591775	14	84.3	4.39e-17	27.979	H3H|Neonothopanus_nambi	422	403	0.955	1031.1
GCA_027920445.1	Fusarium oxysporum	no	H3H	CP115881.1	-	3792834	3794081	14	79.3	1.86e-15	25.0	H3H|Neonothopanus_nambi	422	421	0.9976	853.4
GCA_027920445.1	Fusarium oxysporum	no	H3H	CP115875.1	-	5904407	5904688	14	58.2	1.04e-08	34.444	H3H|Mycena_chlorophos	422	101	0.2393	735.5
GCA_027920445.1	Fusarium oxysporum	no	H3H	CP115885.1	-	2577319	2577549	2	42.4	0.000872	32.468	H3H|Armillaria_gallica	422	73	0.173	84.4
GCA_027920445.1	Fusarium oxysporum	no	CPH	CP115883.1	-	419234	420262	6	196.0	1.76e-56	36.176	CPH|Armillaria_fuscipes	294	312	1.0612	1119.0
GCA_027920445.1	Fusarium oxysporum	no	CPH	CP115883.1	-	2938768	2939838	18	108.0	8.12e-26	44.697	CPH|Armillaria_gallica	302	318	1.053	1363.6
GCA_027920445.1	Fusarium oxysporum	no	CPH	CP115883.1	-	3224399	3225429	12	150.0	2.51e-40	37.647	CPH|Neonothopanus_gardneri	321	316	0.9844	1440.0
GCA_027920445.1	Fusarium oxysporum	no	CPH	CP115885.1	+	1196050	1197021	6	176.0	2.9e-49	36.31	CPH|Armillaria_gallica	302	303	1.0033	1009.0
GCA_027920445.1	Fusarium oxysporum	no	CPH	CP115885.1	+	2575227	2576074	7	96.7	8.04e-22	32.895	CPH|Neonothopanus_gardneri	321	242	0.7539	549.6
GCA_027920445.1	Fusarium oxysporum	no	CPH	CP115885.1	-	2694418	2695433	12	94.4	1.68e-40	32.5	CPH|Neonothopanus_gardneri	321	310	0.9657	973.7
GCA_027920445.1	Fusarium oxysporum	no	CPH	CP115878.1	+	1666693	1667764	12	129.0	1.65e-44	34.074	CPH|Armillaria_gallica	302	314	1.0397	1165.7
GCA_027920445.1	Fusarium oxysporum	no	CPH	CP115878.1	-	2254045	2254347	5	63.9	4.72e-11	38.75	CPH|Armillaria_fuscipes	294	108	0.3673	313.8
GCA_027920445.1	Fusarium oxysporum	no	CPH	CP115878.1	-	4875719	4876757	12	101.0	1.85e-38	38.667	CPH|Armillaria_gallica	302	314	1.0397	1018.4
GCA_027920445.1	Fusarium oxysporum	no	CPH	CP115880.1	+	56681	57394	6	140.0	4.55e-37	33.469	CPH|Armillaria_mellea	297	251	0.8451	796.0
GCA_027920445.1	Fusarium oxysporum	no	CPH	CP115880.1	+	208183	209091	6	160.0	1.21e-43	35.065	CPH|Neonothopanus_gardneri	321	283	0.8816	879.0
GCA_027920445.1	Fusarium oxysporum	no	CPH	CP115876.1	-	192668	193381	6	140.0	4.55e-37	33.469	CPH|Armillaria_mellea	297	251	0.8451	796.0
GCA_027920445.1	Fusarium oxysporum	no	CPH	CP115884.1	+	2613251	2614307	18	112.0	1.6e-27	44.361	CPH|Armillaria_fuscipes	294	320	1.0884	1551.0
GCA_027920445.1	Fusarium oxysporum	no	CPH	CP115884.1	-	2347349	2348229	7	108.0	6.28e-26	34.211	CPH|Neonothopanus_gardneri	321	253	0.7882	631.1
GCA_027920445.1	Fusarium oxysporum	no	CPH	CP115882.1	+	235665	236057	6	53.9	8.12e-08	30.909	CPH|Armillaria_fuscipes	294	138	0.4694	305.4
GCA_027920445.1	Fusarium oxysporum	no	Luz	CP115878.1	+	4877209	4878027	12	85.1	1.58e-18	27.843	Luz|Mycena_chlorophos	251	260	1.0359	962.5
GCA_027920445.1	Fusarium oxysporum	no	Luz	CP115878.1	-	1418931	1419748	14	79.7	9.38e-17	42.697	Luz|Mycena_chlorophos	251	258	1.0279	983.9
GCA_027920445.1	Fusarium oxysporum	no	Luz	CP115875.1	+	2763393	2764022	12	84.0	4.09e-18	32.479	Luz|Panellus_stipticus_2	249	232	0.9317	949.6
GCA_017355575.1	Histoplasma capsulatum	yes	HispS	CP069119.1	+	184837	187742	22	209.0	6.94e-71	28.087	HispS|Guyanagaster_necrorhiza	1766	1025	0.5804	2928.7
GCA_017355575.1	Histoplasma capsulatum	yes	HispS	CP069120.1	+	2293056	2296174	32	147.0	9.6e-69	27.575	HispS|Guyanagaster_necrorhiza	1766	1078	0.6104	2932.9
GCA_017355575.1	Histoplasma capsulatum	yes	HispS	CP069120.1	-	2884073	2885026	7	54.3	7.34e-07	22.946	HispS|Guyanagaster_necrorhiza	1766	320	0.1812	336.6
GCA_017355575.1	Histoplasma capsulatum	yes	HispS	CP069118.1	-	2421230	2421508	1	47.0	0.000114	31.633	HispS|Neonothopanus_gardneri	1691	92	0.0544	47.0
GCA_017355575.1	Histoplasma capsulatum	yes	HispS	CP069118.1	-	2723053	2724015	9	67.4	9.15e-11	26.336	HispS|Armillaria_fuscipes	1774	409	0.2306	485.5
GCA_017355575.1	Histoplasma capsulatum	yes	HispS	CP069118.1	-	3675173	3675772	3	49.3	2.52e-05	31.132	HispS|Mycena_citricolor	1678	272	0.1621	142.5
GCA_017355575.1	Histoplasma capsulatum	yes	HispS	CP069118.1	-	6214948	6217935	35	142.0	1.28e-33	34.483	HispS|Mycena_chlorophos	1652	821	0.497	2856.6
GCA_017355575.1	Histoplasma capsulatum	yes	HispS	CP069118.1	-	6898113	6898742	4	49.7	1.76e-05	27.922	HispS|Neonothopanus_gardneri	1691	223	0.1319	188.7
GCA_017355575.1	Histoplasma capsulatum	yes	HispS	CP069117.1	-	3594087	3594659	10	88.6	3.1e-17	32.278	HispS|Mycena_citricolor	1678	228	0.1359	787.6
GCA_017355575.1	Histoplasma capsulatum	yes	HispS	CP069117.1	+	3631660	3632658	8	53.1	1.89e-06	23.099	HispS|Guyanagaster_necrorhiza	1766	326	0.1846	386.2
GCA_017355575.1	Histoplasma capsulatum	yes	HispS	CP069117.1	+	4776469	4777341	1	52.4	3.13e-06	25.839	HispS|Guyanagaster_necrorhiza	1766	272	0.154	52.4
GCA_017355575.1	Histoplasma capsulatum	yes	HispS	CP069117.1	+	5348179	5348913	1	47.4	9.25e-05	24.615	HispS|Mycena_chlorophos	1652	244	0.1477	47.4
GCA_017355575.1	Histoplasma capsulatum	yes	HispS	CP069118.1	+	4810110	4810511	1	44.3	0.000786	25.18	HispS|Armillaria_gallica	1771	136	0.0768	44.3
GCA_017355575.1	Histoplasma capsulatum	yes	HispS	CP069121.1	+	1931183	1931776	1	47.4	0.000102	26.54	HispS|Guyanagaster_necrorhiza	1766	199	0.1127	47.4
GCA_017355575.1	Histoplasma capsulatum	yes	HispS	CP069119.1	-	162192	170735	2	48.5	4.04e-05	24.55	HispS|Neonothopanus_nambi	1678	432	0.2574	96.3
GCA_017355575.1	Histoplasma capsulatum	yes	H3H	CP069118.1	+	259394	260350	14	105.0	5.33e-24	29.206	H3H|Armillaria_fuscipes	426	303	0.7113	1319.4
GCA_017355575.1	Histoplasma capsulatum	yes	H3H	CP069121.1	-	1487008	1488069	14	87.0	4.47e-18	25.613	H3H|Panellus_stipticus	428	370	0.8645	1128.1
GCA_017355575.1	Histoplasma capsulatum	yes	H3H	CP069121.1	-	2888669	2889253	13	47.0	2.15e-05	29.71	H3H|Mycena_chlorophos	422	195	0.4621	583.3
GCA_017355575.1	Histoplasma capsulatum	yes	H3H	CP069121.1	+	815180	815503	1	42.4	0.000508	30.275	H3H|Panellus_stipticus	428	94	0.2196	42.4
GCA_017355575.1	Histoplasma capsulatum	yes	H3H	CP069121.1	+	1465548	1466108	1	42.0	0.000755	26.131	H3H|Guyanagaster_necrorhiza	443	165	0.3725	42.0
GCA_017355575.1	Histoplasma capsulatum	yes	H3H	CP069121.1	+	2453248	2454348	14	70.5	8.32e-13	27.869	H3H|Armillaria_fuscipes	426	335	0.7864	831.5
GCA_017355575.1	Histoplasma capsulatum	yes	H3H	CP069120.1	-	149304	150600	23	62.0	3.86e-10	40.244	H3H|Armillaria_gallica	422	290	0.6872	1218.4
GCA_017355575.1	Histoplasma capsulatum	yes	H3H	CP069120.1	-	1085397	1085630	1	42.7	0.000403	35.897	H3H|Mycena_citricolor	419	76	0.1814	42.7
GCA_017355575.1	Histoplasma capsulatum	yes	H3H	CP069122.1	+	315914	316957	2	60.1	1.87e-09	24.688	H3H|Neonothopanus_nambi	422	389	0.9218	110.2
GCA_017355575.1	Histoplasma capsulatum	yes	H3H	CP069122.1	+	1468188	1469416	28	65.9	2.28e-11	25.329	H3H|Neonothopanus_gardneri	416	384	0.9231	1569.0
GCA_017355575.1	Histoplasma capsulatum	yes	H3H	CP069122.1	-	3991171	3992160	4	54.7	1.22e-07	21.389	H3H|Omphalotus_olearius	540	332	0.6148	189.4
GCA_017355575.1	Histoplasma capsulatum	yes	H3H	CP069118.1	-	1808806	1809465	1	47.0	1.89e-05	23.77	H3H|Mycena_chlorophos	422	214	0.5071	47.0
GCA_017355575.1	Histoplasma capsulatum	yes	CPH	CP069119.1	-	249945	250928	6	181.0	2.07e-51	34.808	CPH|Armillaria_mellea	297	317	1.0673	1034.0
GCA_017355575.1	Histoplasma capsulatum	yes	CPH	CP069119.1	-	1065173	1065796	6	82.0	4.5e-17	28.571	CPH|Neonothopanus_gardneri	321	202	0.6293	449.0
GCA_017355575.1	Histoplasma capsulatum	yes	Luz	CP069117.1	+	3641765	3642454	12	110.0	2.83e-27	34.156	Luz|Omphalotus_olearius	261	255	0.977	1209.8
GCA_017310615.1	Histoplasma capsulatum	yes	HispS	CP069105.1	-	1588451	1591389	33	148.0	7.85e-69	27.815	HispS|Guyanagaster_necrorhiza	1766	969	0.5487	2979.0
GCA_017310615.1	Histoplasma capsulatum	yes	HispS	CP069105.1	+	849386	850339	7	53.9	1.37e-06	22.663	HispS|Guyanagaster_necrorhiza	1766	320	0.1812	336.3
GCA_017310615.1	Histoplasma capsulatum	yes	HispS	CP069107.1	+	386099	388896	22	206.0	3.03e-65	27.917	HispS|Neonothopanus_nambi	1678	990	0.59	2904.4
GCA_017310615.1	Histoplasma capsulatum	yes	HispS	CP069103.1	-	2947858	2948133	1	44.7	0.000758	30.928	HispS|Neonothopanus_gardneri	1691	91	0.0538	44.7
GCA_017310615.1	Histoplasma capsulatum	yes	HispS	CP069103.1	-	3240327	3241289	9	65.5	3.9e-10	26.316	HispS|Armillaria_fuscipes	1774	394	0.2221	477.3
GCA_017310615.1	Histoplasma capsulatum	yes	HispS	CP069103.1	-	4559998	4560756	5	48.9	4.38e-05	31.132	HispS|Mycena_citricolor	1678	345	0.2056	230.7
GCA_017310615.1	Histoplasma capsulatum	yes	HispS	CP069103.1	-	7823340	7826327	32	142.0	1.29e-33	34.483	HispS|Mycena_chlorophos	1652	821	0.497	2721.6
GCA_017310615.1	Histoplasma capsulatum	yes	HispS	CP069103.1	-	8527753	8528382	4	50.8	1.01e-05	28.571	HispS|Neonothopanus_gardneri	1691	223	0.1319	193.7
GCA_017310615.1	Histoplasma capsulatum	yes	HispS	CP069102.1	-	3988881	3989525	9	76.6	1.64e-13	28.571	HispS|Armillaria_fuscipes	1774	286	0.1612	591.2
GCA_017310615.1	Histoplasma capsulatum	yes	HispS	CP069102.1	+	4038062	4039060	8	55.1	6.35e-07	23.684	HispS|Guyanagaster_necrorhiza	1766	326	0.1846	394.8
GCA_017310615.1	Histoplasma capsulatum	yes	HispS	CP069102.1	+	5518377	5519249	1	49.7	2.22e-05	24.662	HispS|Guyanagaster_necrorhiza	1766	272	0.154	49.7
GCA_017310615.1	Histoplasma capsulatum	yes	HispS	CP069102.1	+	6193547	6194281	1	46.2	0.000263	24.615	HispS|Mycena_chlorophos	1652	244	0.1477	46.2
GCA_017310615.1	Histoplasma capsulatum	yes	HispS	CP069102.1	+	6990095	6990817	1	50.1	2.06e-05	26.07	HispS|Guyanagaster_necrorhiza	1766	247	0.1399	50.1
GCA_017310615.1	Histoplasma capsulatum	yes	HispS	CP069107.1	-	363806	372349	2	51.6	5.24e-06	28.409	HispS|Panellus_stipticus_2	1601	449	0.2804	97.0
GCA_017310615.1	Histoplasma capsulatum	yes	H3H	CP069107.1	-	2117292	2118248	14	105.0	5.52e-24	29.206	H3H|Armillaria_fuscipes	426	303	0.7113	1324.4
GCA_017310615.1	Histoplasma capsulatum	yes	H3H	CP069105.1	+	5033954	5035165	14	101.0	1.15e-22	26.73	H3H|Armillaria_fuscipes	426	389	0.9131	1245.3
GCA_017310615.1	Histoplasma capsulatum	yes	H3H	CP069104.1	-	4963211	4964440	14	99.0	6.1e-22	23.404	H3H|Neonothopanus_nambi	422	384	0.91	1243.7
GCA_017310615.1	Histoplasma capsulatum	yes	H3H	CP069104.1	-	6604708	6605751	2	56.2	3.33e-08	24.19	H3H|Neonothopanus_nambi	422	389	0.9218	103.6
GCA_017310615.1	Histoplasma capsulatum	yes	H3H	CP069106.1	+	484655	485716	14	87.0	6.64e-18	25.341	H3H|Panellus_stipticus	428	370	0.8645	1132.2
GCA_017310615.1	Histoplasma capsulatum	yes	H3H	CP069102.1	+	1460118	1460441	1	42.7	0.000456	30.275	H3H|Panellus_stipticus	428	94	0.2196	42.7
GCA_017310615.1	Histoplasma capsulatum	yes	H3H	CP069102.1	+	7688358	7689473	14	70.5	1.23e-12	27.586	H3H|Armillaria_fuscipes	426	335	0.7864	846.8
GCA_017310615.1	Histoplasma capsulatum	yes	H3H	CP069102.1	-	8274105	8274689	13	47.4	1.86e-05	25.0	H3H|Panellus_stipticus	428	203	0.4743	582.7
GCA_017310615.1	Histoplasma capsulatum	yes	H3H	CP069104.1	+	2497120	2498109	4	54.3	1.81e-07	21.389	H3H|Omphalotus_olearius	540	332	0.6148	188.3
GCA_017310615.1	Histoplasma capsulatum	yes	H3H	CP069103.1	-	2398536	2399195	1	48.5	7.88e-06	23.77	H3H|Mycena_chlorophos	422	214	0.5071	48.5
GCA_017310615.1	Histoplasma capsulatum	yes	CPH	CP069107.1	-	455638	456621	6	182.0	1.34e-51	35.103	CPH|Armillaria_mellea	297	317	1.0673	1041.0
GCA_017310615.1	Histoplasma capsulatum	yes	CPH	CP069106.1	+	1640090	1640770	6	83.2	2.46e-17	29.032	CPH|Neonothopanus_gardneri	321	202	0.6293	443.3
GCA_017310615.1	Histoplasma capsulatum	yes	Luz	CP069102.1	+	4048083	4048772	12	108.0	1.4e-26	33.745	Luz|Omphalotus_olearius	261	255	0.977	1205.4
GCA_017310585.1	Histoplasma capsulatum	yes	HispS	CP069114.1	-	2628071	2628349	1	46.6	0.000159	31.633	HispS|Neonothopanus_gardneri	1691	92	0.0544	46.6
GCA_017310585.1	Histoplasma capsulatum	yes	HispS	CP069114.1	-	3055827	3056789	9	67.8	6.56e-11	26.718	HispS|Armillaria_fuscipes	1774	394	0.2221	488.1
GCA_017310585.1	Histoplasma capsulatum	yes	HispS	CP069114.1	-	4040467	4041225	4	49.3	2.64e-05	31.132	HispS|Mycena_citricolor	1678	284	0.1692	188.3
GCA_017310585.1	Histoplasma capsulatum	yes	HispS	CP069114.1	-	6399115	6402102	33	143.0	9.71e-34	34.483	HispS|Mycena_chlorophos	1652	821	0.497	2786.9
GCA_017310585.1	Histoplasma capsulatum	yes	HispS	CP069114.1	-	7256872	7257741	3	49.7	2.29e-05	25.21	HispS|Armillaria_ostoyae	1770	308	0.174	144.8
GCA_017310585.1	Histoplasma capsulatum	yes	HispS	CP069110.1	+	2137798	2138513	11	87.0	1.07e-16	33.14	HispS|Armillaria_fuscipes	1774	244	0.1375	799.5
GCA_017310585.1	Histoplasma capsulatum	yes	HispS	CP069110.1	-	150405	150920	1	47.0	0.000143	28.409	HispS|Mycena_chlorophos	1652	162	0.0981	47.0
GCA_017310585.1	Histoplasma capsulatum	yes	HispS	CP069110.1	-	2091730	2092713	9	53.9	1e-06	23.442	HispS|Guyanagaster_necrorhiza	1766	321	0.1818	439.8
GCA_017310585.1	Histoplasma capsulatum	yes	HispS	CP069115.1	+	920627	921580	7	50.4	1.11e-05	22.663	HispS|Guyanagaster_necrorhiza	1766	320	0.1812	330.3
GCA_017310585.1	Histoplasma capsulatum	yes	HispS	CP069114.1	+	5263723	5264124	1	45.4	0.000396	23.571	HispS|Armillaria_gallica	1771	136	0.0768	45.4
GCA_017310585.1	Histoplasma capsulatum	yes	HispS	CP069112.1	+	298481	299170	2	52.8	2.65e-06	26.531	HispS|Guyanagaster_necrorhiza	1766	247	0.1399	101.3
GCA_017310585.1	Histoplasma capsulatum	yes	HispS	CP069111.1	+	4180621	4190424	6	53.5	1.26e-06	28.409	HispS|Panellus_stipticus_2	1601	620	0.3873	285.0
GCA_017310585.1	Histoplasma capsulatum	yes	H3H	CP069115.1	-	4920075	4921031	14	105.0	4.52e-24	29.712	H3H|Armillaria_fuscipes	426	303	0.7113	1330.0
GCA_017310585.1	Histoplasma capsulatum	yes	H3H	CP069110.1	+	4510320	4511475	15	87.4	3.56e-18	30.0	H3H|Armillaria_ostoyae	426	302	0.7089	1114.7
GCA_017310585.1	Histoplasma capsulatum	yes	H3H	CP069116.1	-	1823013	1824074	14	86.3	8.27e-18	25.946	H3H|Panellus_stipticus	428	370	0.8645	1129.7
GCA_017310585.1	Histoplasma capsulatum	yes	H3H	CP069112.1	+	612166	613645	18	67.4	1.03e-11	33.173	H3H|Armillaria_fuscipes	426	353	0.8286	938.3
GCA_017310585.1	Histoplasma capsulatum	yes	H3H	CP069112.1	-	1071896	1072480	8	47.4	1.65e-05	28.758	H3H|Mycena_chlorophos	422	204	0.4834	354.8
GCA_017310585.1	Histoplasma capsulatum	yes	H3H	CP069109.1	-	4543580	4544906	28	70.1	1.17e-12	32.692	H3H|Neonothopanus_gardneri	416	430	1.0337	1631.5
GCA_017310585.1	Histoplasma capsulatum	yes	H3H	CP069109.1	-	6058070	6059143	4	60.8	9.87e-10	24.088	H3H|Neonothopanus_nambi	422	398	0.9431	199.4
GCA_017310585.1	Histoplasma capsulatum	yes	H3H	CP069109.1	+	2430468	2431457	3	59.3	5.7e-09	22.888	H3H|Omphalotus_olearius	540	332	0.6148	161.0
GCA_017310585.1	Histoplasma capsulatum	yes	H3H	CP069114.1	-	2069308	2069967	1	50.1	2.46e-06	23.77	H3H|Mycena_chlorophos	422	214	0.5071	50.1
GCA_017310585.1	Histoplasma capsulatum	yes	H3H	CP069115.1	+	3063412	3063645	1	42.0	0.000761	34.615	H3H|Mycena_citricolor	419	76	0.1814	42.0
GCA_017310585.1	Histoplasma capsulatum	yes	H3H	CP069116.1	+	1046143	1046466	3	44.3	0.000163	31.481	H3H|Panellus_stipticus	428	94	0.2196	130.1
GCA_017310585.1	Histoplasma capsulatum	yes	CPH	CP069111.1	+	4109592	4110575	6	186.0	6.94e-53	36.615	CPH|Armillaria_fuscipes	294	317	1.0782	1056.0
GCA_017310585.1	Histoplasma capsulatum	yes	CPH	CP069111.1	-	3555423	3555821	6	75.1	8.98e-15	36.449	CPH|Neonothopanus_gardneri	321	138	0.4299	388.6
GCA_017310585.1	Histoplasma capsulatum	yes	Luz	CP069110.1	-	2082008	2082727	12	107.0	2.45e-26	33.778	Luz|Omphalotus_olearius	261	264	1.0115	1189.4
GCA_000182925.2	Neurospora crassa	yes	HispS	CM002240.1	-	1717898	1720867	11	319.0	3.22e-87	28.933	HispS|Armillaria_fuscipes	1774	1028	0.5795	3112.0
GCA_000182925.2	Neurospora crassa	yes	HispS	CM002236.1	+	2479497	2480309	3	47.8	0.000116	27.717	HispS|Armillaria_gallica	1771	271	0.153	141.8
GCA_000182925.2	Neurospora crassa	yes	HispS	CM002236.1	+	7855432	7855713	1	47.0	0.000159	33.684	HispS|Neonothopanus_gardneri	1691	86	0.0509	47.0
GCA_000182925.2	Neurospora crassa	yes	HispS	CM002236.1	+	8692737	8695358	12	305.0	7.15e-83	30.336	HispS|Armillaria_ostoyae	1770	937	0.5294	2966.6
GCA_000182925.2	Neurospora crassa	yes	HispS	CM002241.1	+	2435811	2437037	7	59.3	3.32e-08	26.284	HispS|Armillaria_fuscipes	1774	355	0.2001	363.9
GCA_000182925.2	Neurospora crassa	yes	HispS	CM002241.1	+	4085819	4088212	11	301.0	1.19e-81	29.939	HispS|Armillaria_mellea	1768	858	0.4853	2943.0
GCA_000182925.2	Neurospora crassa	yes	HispS	CM002241.1	+	4135848	4136564	1	46.2	0.000285	25.0	HispS|Armillaria_ostoyae	1770	251	0.1418	46.2
GCA_000182925.2	Neurospora crassa	yes	HispS	CM002241.1	-	3084429	3087662	43	85.9	3.13e-16	37.838	HispS|Armillaria_fuscipes	1774	946	0.5333	2676.2
GCA_000182925.2	Neurospora crassa	yes	HispS	CM002239.1	+	11175	13914	22	200.0	5.13e-51	26.88	HispS|Armillaria_ostoyae	1770	920	0.5198	2623.9
GCA_000182925.2	Neurospora crassa	yes	HispS	CM002239.1	+	525422	528141	12	241.0	2.77e-63	27.964	HispS|Guyanagaster_necrorhiza	1766	879	0.4977	2421.1
GCA_000182925.2	Neurospora crassa	yes	HispS	CM002239.1	+	3560689	3561177	2	47.8	0.000107	29.31	HispS|Mycena_citricolor	1678	157	0.0936	93.6
GCA_000182925.2	Neurospora crassa	yes	HispS	CM002242.1	+	1083601	1086696	32	209.0	1.39e-53	37.538	HispS|Armillaria_fuscipes	1774	1014	0.5716	3264.7
GCA_000182925.2	Neurospora crassa	yes	HispS	CM002238.1	+	2458195	2458875	11	75.1	4.73e-13	30.045	HispS|Neonothopanus_nambi	1678	319	0.1901	746.5
GCA_000182925.2	Neurospora crassa	yes	HispS	CM002237.1	-	2798512	2799291	5	58.2	6.43e-08	26.446	HispS|Armillaria_gallica	1771	249	0.1406	256.5
GCA_000182925.2	Neurospora crassa	yes	HispS	CM002240.1	+	4180113	4180868	1	45.8	0.000326	24.809	HispS|Mycena_chlorophos	1652	243	0.1471	45.8
GCA_000182925.2	Neurospora crassa	yes	H3H	CM002240.1	-	485306	486639	28	130.0	2.15e-40	32.295	H3H|Armillaria_mellea	429	387	0.9021	2548.4
GCA_000182925.2	Neurospora crassa	yes	H3H	CM002240.1	-	6202117	6203334	15	102.0	5.18e-23	27.317	H3H|Armillaria_fuscipes	426	383	0.8991	1174.3
GCA_000182925.2	Neurospora crassa	yes	H3H	CM002241.1	-	185614	187035	9	56.2	3.19e-08	31.298	H3H|Mycena_chlorophos	422	226	0.5355	408.5
GCA_000182925.2	Neurospora crassa	yes	H3H	CM002241.1	-	339701	340932	19	77.4	8.07e-15	28.0	H3H|Armillaria_ostoyae	426	376	0.8826	1159.2
GCA_000182925.2	Neurospora crassa	yes	H3H	CM002241.1	-	1224435	1226359	17	48.1	1.08e-05	30.769	H3H|Armillaria_fuscipes	426	244	0.5728	678.1
GCA_000182925.2	Neurospora crassa	yes	H3H	CM002239.1	+	195839	197047	14	89.0	3.97e-18	26.772	H3H|Omphalotus_olearius	540	385	0.713	1015.1
GCA_000182925.2	Neurospora crassa	yes	H3H	CM002239.1	+	1365637	1366110	1	45.8	6.34e-05	30.12	H3H|Guyanagaster_necrorhiza	443	145	0.3273	45.8
GCA_000182925.2	Neurospora crassa	yes	H3H	CM002239.1	+	2439801	2441181	23	93.6	1.42e-19	27.922	H3H|Omphalotus_olearius	540	392	0.7259	1524.8
GCA_000182925.2	Neurospora crassa	yes	H3H	CM002236.1	+	100437	102077	24	80.9	7.01e-16	21.747	H3H|Guyanagaster_necrorhiza	443	432	0.9752	1392.1
GCA_000182925.2	Neurospora crassa	yes	H3H	CM002242.1	+	780728	781051	3	43.1	0.000458	34.0	H3H|Mycena_chlorophos	422	105	0.2488	127.5
GCA_000182925.2	Neurospora crassa	yes	H3H	CM002242.1	+	1114381	1115748	8	57.8	1.47e-08	22.366	H3H|Guyanagaster_necrorhiza	443	379	0.8555	391.3
GCA_000182925.2	Neurospora crassa	yes	H3H	CM002238.1	-	586737	587729	1	52.0	6.48e-07	25.676	H3H|Neonothopanus_gardneri	416	338	0.8125	52.0
GCA_000182925.2	Neurospora crassa	yes	H3H	CM002242.1	-	3627500	3627637	1	42.0	0.001	50.0	H3H|Neonothopanus_gardneri	416	46	0.1106	42.0
GCA_000182925.2	Neurospora crassa	yes	CPH	CM002236.1	+	368254	369000	6	213.0	2.87e-62	47.826	CPH|Armillaria_gallica	302	275	0.9106	1203.0
GCA_000182925.2	Neurospora crassa	yes	CPH	CM002236.1	-	5172385	5172699	6	70.9	2.81e-13	36.792	CPH|Neonothopanus_gardneri	321	130	0.405	350.8
GCA_000182925.2	Neurospora crassa	yes	CPH	CM002239.1	-	3926885	3927986	18	129.0	1e-44	40.116	CPH|Armillaria_fuscipes	294	318	1.0816	1478.6
GCA_000182925.2	Neurospora crassa	yes	Luz	CM002236.1	+	5704030	5704716	12	73.6	1.4e-14	27.404	Luz|Omphalotus_olearius	261	216	0.8276	779.7
GCA_000786625.1	Neurospora crassa	yes	HispS	KN389851.1	+	24183	27152	11	319.0	2.11e-87	28.945	HispS|Guyanagaster_necrorhiza	1766	1028	0.5821	3112.0
GCA_000786625.1	Neurospora crassa	yes	HispS	KN389629.1	+	316841	319462	12	305.0	6.97e-83	30.336	HispS|Armillaria_ostoyae	1770	937	0.5294	2966.6
GCA_000786625.1	Neurospora crassa	yes	HispS	KN389754.1	+	67438	69831	11	301.0	1.13e-81	29.939	HispS|Armillaria_mellea	1768	858	0.4853	2943.0
GCA_000786625.1	Neurospora crassa	yes	HispS	KN389717.1	+	64361	67080	12	241.0	2.67e-63	27.964	HispS|Guyanagaster_necrorhiza	1766	879	0.4977	2421.1
GCA_000786625.1	Neurospora crassa	yes	HispS	KN389817.1	+	21714	24809	32	209.0	1.3e-53	37.538	HispS|Armillaria_fuscipes	1774	1014	0.5716	3264.7
GCA_000786625.1	Neurospora crassa	yes	HispS	KN389870.1	+	14955	17694	22	201.0	3.04e-51	26.984	HispS|Armillaria_ostoyae	1770	921	0.5203	2622.2
GCA_000786625.1	Neurospora crassa	yes	HispS	KN389728.1	+	10238	13471	43	85.9	3.06e-16	37.838	HispS|Armillaria_fuscipes	1774	946	0.5333	2676.2
GCA_000786625.1	Neurospora crassa	yes	HispS	KN389787.1	-	13211	13891	11	75.1	4.6e-13	30.045	HispS|Neonothopanus_nambi	1678	319	0.1901	746.5
GCA_000786625.1	Neurospora crassa	yes	HispS	KN389653.1	-	81307	82533	7	59.3	3.26e-08	26.284	HispS|Armillaria_fuscipes	1774	355	0.2001	363.9
GCA_000786625.1	Neurospora crassa	yes	HispS	KN389702.1	+	50053	50832	5	58.2	6.3e-08	26.446	HispS|Armillaria_gallica	1771	249	0.1406	256.5
GCA_000786625.1	Neurospora crassa	yes	HispS	KN389625.1	+	39488	40300	3	47.8	0.000114	27.717	HispS|Armillaria_gallica	1771	271	0.153	141.4
GCA_000786625.1	Neurospora crassa	yes	HispS	KN389846.1	+	5646	6362	1	46.2	0.000277	25.0	HispS|Armillaria_ostoyae	1770	251	0.1418	46.2
GCA_000786625.1	Neurospora crassa	yes	HispS	KN389634.1	-	19648	20136	2	47.8	0.000105	29.31	HispS|Mycena_citricolor	1678	157	0.0936	93.6
GCA_000786625.1	Neurospora crassa	yes	HispS	KN389647.1	+	195335	196090	1	45.8	0.00032	24.809	HispS|Mycena_chlorophos	1652	243	0.1471	45.8
GCA_000786625.1	Neurospora crassa	yes	HispS	KN389626.1	+	534878	535159	1	47.0	0.000156	33.684	HispS|Neonothopanus_gardneri	1691	86	0.0509	47.0
GCA_000786625.1	Neurospora crassa	yes	H3H	KN389666.1	+	96416	97749	28	130.0	2.18e-40	32.295	H3H|Armillaria_mellea	429	387	0.9021	2548.4
GCA_000786625.1	Neurospora crassa	yes	H3H	KN389658.1	-	90932	92149	15	102.0	5.08e-23	27.317	H3H|Armillaria_fuscipes	426	383	0.8991	1174.3
GCA_000786625.1	Neurospora crassa	yes	H3H	KN389648.1	-	184881	186302	9	56.2	3.13e-08	31.298	H3H|Mycena_chlorophos	422	226	0.5355	408.5
GCA_000786625.1	Neurospora crassa	yes	H3H	KN389648.1	-	327421	328652	19	77.4	7.92e-15	28.0	H3H|Armillaria_ostoyae	426	376	0.8826	1159.2
GCA_000786625.1	Neurospora crassa	yes	H3H	KN389677.1	+	76803	78038	14	96.7	1.46e-20	26.392	H3H|Omphalotus_olearius	540	387	0.7167	1075.0
GCA_000786625.1	Neurospora crassa	yes	H3H	KN389701.1	+	95383	96763	23	93.6	1.39e-19	27.922	H3H|Omphalotus_olearius	540	392	0.7259	1524.8
GCA_000786625.1	Neurospora crassa	yes	H3H	KN389748.1	+	12713	14353	24	80.9	6.84e-16	21.747	H3H|Guyanagaster_necrorhiza	443	432	0.9752	1392.1
GCA_000786625.1	Neurospora crassa	yes	H3H	KN389817.1	+	52508	53875	8	57.8	1.43e-08	22.366	H3H|Guyanagaster_necrorhiza	443	379	0.8555	391.3
GCA_000786625.1	Neurospora crassa	yes	H3H	KN389750.1	-	29539	31462	13	54.7	1.14e-07	30.233	H3H|Panellus_stipticus	428	272	0.6355	636.2
GCA_000786625.1	Neurospora crassa	yes	H3H	KN389657.1	-	128567	129040	1	45.8	6.23e-05	30.12	H3H|Guyanagaster_necrorhiza	443	145	0.3273	45.8
GCA_000786625.1	Neurospora crassa	yes	H3H	KN389638.1	+	295314	295637	3	43.1	0.00045	34.0	H3H|Mycena_chlorophos	422	105	0.2488	127.5
GCA_000786625.1	Neurospora crassa	yes	H3H	KN389684.1	+	36532	37524	1	51.2	1.28e-06	25.201	H3H|Neonothopanus_gardneri	416	338	0.8125	51.2
GCA_000786625.1	Neurospora crassa	yes	H3H	KN389753.1	+	50971	51108	1	42.0	0.001	50.0	H3H|Neonothopanus_gardneri	416	46	0.1106	42.0
GCA_000786625.1	Neurospora crassa	yes	CPH	KN389672.1	-	111639	112454	6	214.0	1.48e-62	48.221	CPH|Armillaria_gallica	302	277	0.9172	1215.0
GCA_000786625.1	Neurospora crassa	yes	CPH	KN389673.1	+	105380	106481	18	129.0	1.01e-44	40.116	CPH|Armillaria_fuscipes	294	318	1.0816	1478.6
GCA_000786625.1	Neurospora crassa	yes	CPH	KN389850.1	-	15159	15473	6	70.9	2.72e-13	36.792	CPH|Neonothopanus_gardneri	321	130	0.405	350.8
GCA_000786625.1	Neurospora crassa	yes	Luz	KN389635.1	-	218430	219116	12	73.6	1.38e-14	27.404	Luz|Omphalotus_olearius	261	216	0.8276	779.7
GCA_009805915.1	Neurospora crassa	no	HispS	RAOU01000092.1	-	99747	102716	11	319.0	3.2e-87	28.933	HispS|Armillaria_fuscipes	1774	1028	0.5795	3112.0
GCA_009805915.1	Neurospora crassa	no	HispS	RAOU01000028.1	+	201476	204097	12	305.0	7.17e-83	30.336	HispS|Armillaria_ostoyae	1770	937	0.5294	2966.6
GCA_009805915.1	Neurospora crassa	no	HispS	RAOU01000101.1	+	120020	122413	11	301.0	1.18e-81	29.939	HispS|Armillaria_mellea	1768	858	0.4853	2943.0
GCA_009805915.1	Neurospora crassa	no	HispS	RAOU01000084.1	+	60874	63593	12	241.0	2.74e-63	27.964	HispS|Guyanagaster_necrorhiza	1766	879	0.4977	2421.1
GCA_009805915.1	Neurospora crassa	no	HispS	RAOU01000063.1	+	12551	15646	32	209.0	1.39e-53	37.538	HispS|Armillaria_fuscipes	1774	1014	0.5716	3264.7
GCA_009805915.1	Neurospora crassa	no	HispS	RAOU01000146.1	-	29758	32497	22	200.0	4.88e-51	26.88	HispS|Armillaria_ostoyae	1770	920	0.5198	2623.9
GCA_009805915.1	Neurospora crassa	no	HispS	RAOU01000052.1	-	137757	140990	43	85.9	3.16e-16	37.838	HispS|Armillaria_fuscipes	1774	946	0.5333	2676.2
GCA_009805915.1	Neurospora crassa	no	HispS	RAOU01000069.1	-	94788	95468	11	75.1	4.78e-13	30.045	HispS|Neonothopanus_nambi	1678	319	0.1901	746.5
GCA_009805915.1	Neurospora crassa	no	HispS	RAOU01000009.1	+	210031	211257	7	59.3	3.37e-08	26.284	HispS|Armillaria_fuscipes	1774	355	0.2001	363.9
GCA_009805915.1	Neurospora crassa	no	HispS	RAOU01000080.1	+	36214	36993	5	58.2	6.51e-08	26.446	HispS|Armillaria_gallica	1771	249	0.1406	256.5
GCA_009805915.1	Neurospora crassa	no	HispS	RAOU01000001.1	-	655804	656616	3	47.8	0.000117	27.717	HispS|Armillaria_gallica	1771	271	0.153	141.8
GCA_009805915.1	Neurospora crassa	no	HispS	RAOU01000107.1	+	5730	6446	1	46.2	0.000288	25.0	HispS|Armillaria_ostoyae	1770	251	0.1418	46.2
GCA_009805915.1	Neurospora crassa	no	HispS	RAOU01000004.1	+	444460	444948	2	47.8	0.000108	29.31	HispS|Mycena_citricolor	1678	157	0.0936	93.6
GCA_009805915.1	Neurospora crassa	no	HispS	RAOU01000033.1	+	56067	56822	1	45.8	0.00033	24.809	HispS|Mycena_chlorophos	1652	243	0.1471	45.8
GCA_009805915.1	Neurospora crassa	no	HispS	RAOU01000011.1	-	272731	273012	1	47.0	0.000161	33.684	HispS|Neonothopanus_gardneri	1691	86	0.0509	47.0
GCA_009805915.1	Neurospora crassa	no	H3H	RAOU01000087.1	-	56212	57545	28	130.0	2.27e-40	32.295	H3H|Armillaria_mellea	429	387	0.9021	2548.4
GCA_009805915.1	Neurospora crassa	no	H3H	RAOU01000023.1	+	232999	234216	15	102.0	5.25e-23	27.317	H3H|Armillaria_fuscipes	426	383	0.8991	1174.3
GCA_009805915.1	Neurospora crassa	no	H3H	RAOU01000048.1	-	185629	187050	9	56.2	3.23e-08	31.298	H3H|Mycena_chlorophos	422	226	0.5355	408.5
GCA_009805915.1	Neurospora crassa	no	H3H	RAOU01000048.1	-	339893	341124	19	77.4	8.17e-15	28.0	H3H|Armillaria_ostoyae	426	376	0.8826	1159.2
GCA_009805915.1	Neurospora crassa	no	H3H	RAOU01000007.1	+	593070	594450	23	93.6	1.44e-19	27.922	H3H|Omphalotus_olearius	540	392	0.7259	1524.8
GCA_009805915.1	Neurospora crassa	no	H3H	RAOU01000045.1	+	154656	155864	14	89.0	4.02e-18	26.772	H3H|Omphalotus_olearius	540	385	0.713	1015.1
GCA_009805915.1	Neurospora crassa	no	H3H	RAOU01000020.1	+	100474	102114	24	80.9	7.11e-16	21.747	H3H|Guyanagaster_necrorhiza	443	432	0.9752	1392.1
GCA_009805915.1	Neurospora crassa	no	H3H	RAOU01000063.1	+	43165	44532	7	57.8	1.48e-08	22.366	H3H|Guyanagaster_necrorhiza	443	379	0.8555	338.9
GCA_009805915.1	Neurospora crassa	no	H3H	RAOU01000034.1	-	395910	397833	13	54.7	1.19e-07	30.233	H3H|Panellus_stipticus	428	272	0.6355	636.2
GCA_009805915.1	Neurospora crassa	no	H3H	RAOU01000047.1	-	120088	120561	1	45.8	6.43e-05	30.12	H3H|Guyanagaster_necrorhiza	443	145	0.3273	45.8
GCA_009805915.1	Neurospora crassa	no	H3H	RAOU01000066.1	+	349324	349647	2	43.1	0.000464	34.0	H3H|Mycena_chlorophos	422	105	0.2488	85.5
GCA_009805915.1	Neurospora crassa	no	H3H	RAOU01000008.1	+	374773	375765	1	52.0	6.57e-07	25.676	H3H|Neonothopanus_gardneri	416	338	0.8125	52.0
GCA_009805915.1	Neurospora crassa	no	H3H	RAOU01000005.1	-	107053	107190	1	42.0	0.001	50.0	H3H|Neonothopanus_gardneri	416	46	0.1106	42.0
GCA_009805915.1	Neurospora crassa	no	CPH	RAOU01000097.1	+	25565	26311	6	213.0	2.89e-62	47.826	CPH|Armillaria_gallica	302	275	0.9106	1203.0
GCA_009805915.1	Neurospora crassa	no	CPH	RAOU01000004.1	-	813448	814549	18	129.0	1.03e-44	40.116	CPH|Armillaria_fuscipes	294	318	1.0816	1478.6
GCA_009805915.1	Neurospora crassa	no	CPH	RAOU01000126.1	-	15152	15466	6	70.9	2.83e-13	36.792	CPH|Neonothopanus_gardneri	321	130	0.405	350.8
GCA_009805915.1	Neurospora crassa	no	Luz	RAOU01000014.1	+	225701	226387	12	73.6	1.42e-14	27.404	Luz|Omphalotus_olearius	261	216	0.8276	779.7
GCA_044231865.1	Penicillium chrysogenum	no	HispS	CM094676.1	-	432957	433376	1	46.2	0.000238	27.027	HispS|Armillaria_mellea	1768	129	0.073	46.2
GCA_044231865.1	Penicillium chrysogenum	no	HispS	CM094676.1	-	3668573	3671321	37	114.0	5.49e-25	30.272	HispS|Armillaria_fuscipes	1774	871	0.491	2553.1
GCA_044231865.1	Penicillium chrysogenum	no	HispS	CM094676.1	-	3862829	3865863	33	85.1	4.49e-16	33.81	HispS|Armillaria_ostoyae	1770	948	0.5356	2297.0
GCA_044231865.1	Penicillium chrysogenum	no	HispS	CM094676.1	-	6878550	6879371	6	52.0	4.67e-06	28.108	HispS|Armillaria_ostoyae	1770	286	0.1616	292.4
GCA_044231865.1	Penicillium chrysogenum	no	HispS	CM094676.1	-	7011514	7012297	2	45.4	1.73e-07	26.446	HispS|Mycena_citricolor	1678	230	0.1371	75.8
GCA_044231865.1	Penicillium chrysogenum	no	HispS	CM094676.1	-	7224900	7227377	12	355.0	1.03e-98	33.213	HispS|Armillaria_fuscipes	1774	886	0.4994	3562.7
GCA_044231865.1	Penicillium chrysogenum	no	HispS	CM094676.1	+	1811073	1814041	37	110.0	7.4e-24	36.943	HispS|Mycena_chlorophos	1652	973	0.589	3300.4
GCA_044231865.1	Penicillium chrysogenum	no	HispS	CM094676.1	+	2841421	2844742	35	132.0	6.75e-50	35.586	HispS|Armillaria_fuscipes	1774	906	0.5107	3117.6
GCA_044231865.1	Penicillium chrysogenum	no	HispS	CM094676.1	+	4557576	4557959	1	48.5	4.63e-05	26.119	HispS|Mycena_citricolor	1678	128	0.0763	48.5
GCA_044231865.1	Penicillium chrysogenum	no	HispS	CM094676.1	+	5175310	5176089	10	76.3	2.02e-13	28.625	HispS|Neonothopanus_nambi	1678	436	0.2598	623.1
GCA_044231865.1	Penicillium chrysogenum	no	HispS	CM094678.1	-	140590	143166	12	310.0	1.65e-84	30.094	HispS|Armillaria_gallica	1771	905	0.511	3205.9
GCA_044231865.1	Penicillium chrysogenum	no	HispS	CM094678.1	-	1431148	1434008	34	140.0	8.81e-46	32.056	HispS|Mycena_citricolor	1678	912	0.5435	2798.5
GCA_044231865.1	Penicillium chrysogenum	no	HispS	CM094678.1	-	1487720	1492546	5	50.8	8.88e-06	22.792	HispS|Neonothopanus_nambi	1678	531	0.3164	236.9
GCA_044231865.1	Penicillium chrysogenum	no	HispS	CM094678.1	-	1862865	1865678	22	238.0	1.25e-70	28.258	HispS|Mycena_citricolor	1678	876	0.5221	2774.4
GCA_044231865.1	Penicillium chrysogenum	no	HispS	CM094678.1	-	2593773	2595587	4	56.6	1.57e-07	23.1	HispS|Armillaria_fuscipes	1774	644	0.363	208.0
GCA_044231865.1	Penicillium chrysogenum	no	HispS	CM094678.1	-	3012111	3015383	40	166.0	1.29e-48	35.889	HispS|Armillaria_fuscipes	1774	926	0.522	2982.6
GCA_044231865.1	Penicillium chrysogenum	no	HispS	CM094678.1	-	3955214	3955624	1	47.4	0.000111	30.405	HispS|Neonothopanus_nambi	1678	147	0.0876	47.4
GCA_044231865.1	Penicillium chrysogenum	no	HispS	CM094678.1	+	1798253	1800776	32	115.0	2.75e-55	34.335	HispS|Armillaria_gallica	1771	799	0.4512	2546.1
GCA_044231865.1	Penicillium chrysogenum	no	HispS	CM094678.1	+	2843131	2845863	12	303.0	1.32e-82	27.899	HispS|Armillaria_fuscipes	1774	982	0.5536	3046.9
GCA_044231865.1	Penicillium chrysogenum	no	HispS	CM094677.1	+	51816	54824	12	307.0	9.98e-84	29.553	HispS|Armillaria_gallica	1771	992	0.5601	3060.1
GCA_044231865.1	Penicillium chrysogenum	no	HispS	CM094677.1	+	446466	447473	4	55.1	5.18e-07	24.638	HispS|Guyanagaster_necrorhiza	1766	368	0.2084	205.7
GCA_044231865.1	Penicillium chrysogenum	no	HispS	CM094677.1	+	3257699	3258055	1	45.1	0.000568	25.694	HispS|Neonothopanus_gardneri	1691	121	0.0716	45.1
GCA_044231865.1	Penicillium chrysogenum	no	HispS	CM094677.1	-	5086084	5089091	23	218.0	8.73e-77	33.479	HispS|Armillaria_gallica	1771	971	0.5483	3089.0
GCA_044231865.1	Penicillium chrysogenum	no	HispS	CM094677.1	-	5110345	5111082	7	55.8	2.89e-07	24.0	HispS|Armillaria_gallica	1771	259	0.1462	356.6
GCA_044231865.1	Penicillium chrysogenum	no	HispS	CM094677.1	-	5664501	5666808	22	219.0	1.1e-68	30.832	HispS|Armillaria_gallica	1771	810	0.4574	2778.5
GCA_044231865.1	Penicillium chrysogenum	no	HispS	CM094675.1	+	2220376	2222676	11	255.0	9.73e-68	29.658	HispS|Guyanagaster_necrorhiza	1766	784	0.4439	2465.0
GCA_044231865.1	Penicillium chrysogenum	no	HispS	CM094675.1	+	4011864	4015595	2	48.5	4.02e-05	30.636	HispS|Neonothopanus_gardneri	1691	459	0.2714	95.1
GCA_044231865.1	Penicillium chrysogenum	no	HispS	CM094675.1	+	4758401	4761157	12	293.0	1.77e-79	27.935	HispS|Armillaria_fuscipes	1774	980	0.5524	2910.4
GCA_044231865.1	Penicillium chrysogenum	no	HispS	CM094675.1	+	8028853	8030136	4	50.1	1.77e-05	24.0	HispS|Armillaria_gallica	1771	461	0.2603	197.2
GCA_044231865.1	Penicillium chrysogenum	no	HispS	CM094675.1	+	8271178	8271585	1	47.4	8.84e-05	28.0	HispS|Neonothopanus_gardneri	1691	135	0.0798	47.4
GCA_044231865.1	Penicillium chrysogenum	no	HispS	CM094675.1	-	861174	864719	2	48.9	3.7e-05	28.07	HispS|Neonothopanus_nambi	1678	142	0.0846	96.7
GCA_044231865.1	Penicillium chrysogenum	no	HispS	CM094675.1	-	2162440	2165431	22	211.0	1.31e-54	26.928	HispS|Panellus_stipticus	1504	958	0.637	3287.2
GCA_044231865.1	Penicillium chrysogenum	no	HispS	CM094675.1	-	2214455	2217394	11	256.0	2.78e-68	25.241	HispS|Armillaria_fuscipes	1774	978	0.5513	2449.0
GCA_044231865.1	Penicillium chrysogenum	no	HispS	CM094675.1	-	3567270	3568979	2	57.8	7.05e-08	23.427	HispS|Neonothopanus_gardneri	1691	592	0.3501	108.6
GCA_044231865.1	Penicillium chrysogenum	no	HispS	CM094675.1	-	4559930	4563054	34	159.0	1.01e-38	31.818	HispS|Armillaria_gallica	1771	1001	0.5652	2973.3
GCA_044231865.1	Penicillium chrysogenum	no	HispS	CM094675.1	-	5713468	5716289	35	175.0	1.02e-46	35.0	HispS|Armillaria_ostoyae	1770	980	0.5537	3211.8
GCA_044231865.1	Penicillium chrysogenum	no	HispS	CM094675.1	-	5877204	5878220	9	72.4	2.87e-12	26.804	HispS|Armillaria_ostoyae	1770	489	0.2763	543.0
GCA_044231865.1	Penicillium chrysogenum	no	HispS	CM094675.1	-	6297544	6298332	3	53.1	1.85e-06	23.125	HispS|Guyanagaster_necrorhiza	1766	312	0.1767	152.1
GCA_044231865.1	Penicillium chrysogenum	no	H3H	CM094677.1	-	3060047	3061235	28	150.0	5.12e-50	29.703	H3H|Neonothopanus_gardneri	416	387	0.9303	2818.3
GCA_044231865.1	Penicillium chrysogenum	no	H3H	CM094677.1	-	3124331	3125350	7	58.2	6.45e-09	23.641	H3H|Armillaria_mellea	429	360	0.8392	358.9
GCA_044231865.1	Penicillium chrysogenum	no	H3H	CM094676.1	-	5057608	5058951	25	127.0	1.52e-30	27.273	H3H|Omphalotus_olearius	540	382	0.7074	1961.9
GCA_044231865.1	Penicillium chrysogenum	no	H3H	CM094676.1	+	297008	298155	17	87.4	8.34e-18	28.782	H3H|Omphalotus_olearius	540	351	0.65	1183.2
GCA_044231865.1	Penicillium chrysogenum	no	H3H	CM094676.1	+	3371279	3372490	7	48.5	7.95e-06	24.207	H3H|Guyanagaster_necrorhiza	443	389	0.8781	316.9
GCA_044231865.1	Penicillium chrysogenum	no	H3H	CM094676.1	+	4900160	4901499	24	67.0	2.04e-17	24.217	H3H|Neonothopanus_nambi	422	413	0.9787	1177.3
GCA_044231865.1	Penicillium chrysogenum	no	H3H	CM094675.1	+	3415698	3416761	27	51.6	6.22e-14	24.096	H3H|Armillaria_mellea	429	324	0.7552	1109.0
GCA_044231865.1	Penicillium chrysogenum	no	H3H	CM094675.1	+	4086486	4087900	15	91.7	1.71e-19	27.479	H3H|Armillaria_mellea	429	403	0.9394	1114.6
GCA_044231865.1	Penicillium chrysogenum	no	H3H	CM094675.1	+	4302789	4304260	42	70.9	4.97e-29	29.386	H3H|Neonothopanus_gardneri	416	391	0.9399	2169.8
GCA_044231865.1	Penicillium chrysogenum	no	H3H	CM094675.1	+	6206818	6208090	17	53.5	2.03e-07	36.036	H3H|Guyanagaster_necrorhiza	443	284	0.6411	808.2
GCA_044231865.1	Penicillium chrysogenum	no	H3H	CM094675.1	-	2208523	2209740	14	99.8	3.29e-22	27.529	H3H|Panellus_stipticus_3	428	385	0.8995	1178.5
GCA_044231865.1	Penicillium chrysogenum	no	H3H	CM094675.1	-	4644699	4645817	15	76.6	1.11e-14	27.0	H3H|Guyanagaster_necrorhiza	443	374	0.8442	1052.4
GCA_044231865.1	Penicillium chrysogenum	no	H3H	CM094675.1	-	6885498	6886749	25	102.0	6.01e-29	30.284	H3H|Omphalotus_olearius	540	387	0.7167	1742.4
GCA_044231865.1	Penicillium chrysogenum	no	H3H	CM094675.1	-	7267869	7269223	28	105.0	5.48e-24	32.673	H3H|Armillaria_fuscipes	426	249	0.5845	1991.2
GCA_044231865.1	Penicillium chrysogenum	no	H3H	CM094678.1	-	1213294	1213959	2	49.3	4.39e-06	25.882	H3H|Mycena_chlorophos	422	213	0.5047	94.4
GCA_044231865.1	Penicillium chrysogenum	no	H3H	CM094678.1	-	2581030	2582280	14	105.0	3.51e-24	28.061	H3H|Panellus_stipticus	428	417	0.9743	1372.0
GCA_044231865.1	Penicillium chrysogenum	no	H3H	CM094678.1	-	4268653	4269825	15	130.0	2.4e-32	29.973	H3H|Panellus_stipticus	428	391	0.9136	1721.4
GCA_044231865.1	Penicillium chrysogenum	no	H3H	CM094678.1	-	4383236	4384297	11	60.8	1.11e-09	24.422	H3H|Armillaria_gallica	422	373	0.8839	582.9
GCA_044231865.1	Penicillium chrysogenum	no	H3H	CM094678.1	+	1219388	1220844	36	77.4	1.32e-14	33.01	H3H|Omphalotus_olearius	540	356	0.6593	1869.8
GCA_044231865.1	Penicillium chrysogenum	no	H3H	CM094678.1	+	3945167	3946532	17	78.2	4.18e-20	26.441	H3H|Neonothopanus_gardneri	416	411	0.988	1103.4
GCA_044231865.1	Penicillium chrysogenum	no	H3H	CM094678.1	+	4522398	4522721	14	62.4	3.19e-10	41.379	H3H|Mycena_chlorophos	422	129	0.3057	804.1
GCA_044231865.1	Penicillium chrysogenum	no	H3H	CM094677.1	+	1121960	1122424	6	43.5	0.000246	32.71	H3H|Panellus_stipticus	428	136	0.3178	256.9
GCA_044231865.1	Penicillium chrysogenum	no	H3H	CM094677.1	+	4677613	4677912	3	42.4	0.000642	29.752	H3H|Panellus_stipticus	428	120	0.2804	127.2
GCA_044231865.1	Penicillium chrysogenum	no	CPH	CM094677.1	-	330280	331194	6	215.0	2.88e-63	43.366	CPH|Armillaria_fuscipes	294	314	1.068	1221.0
GCA_044231865.1	Penicillium chrysogenum	no	CPH	CM094677.1	+	721886	722865	18	88.6	1.85e-44	38.261	CPH|Armillaria_ostoyae	302	310	1.0265	1255.2
GCA_044231865.1	Penicillium chrysogenum	no	CPH	CM094676.1	-	4081461	4082507	23	112.0	1.73e-27	42.675	CPH|Neonothopanus_nambi	289	312	1.0796	1554.6
GCA_044231865.1	Penicillium chrysogenum	no	CPH	CM094676.1	-	5055866	5057035	6	178.0	2.28e-50	36.486	CPH|Armillaria_fuscipes	294	315	1.0714	982.0
GCA_044231865.1	Penicillium chrysogenum	no	CPH	CM094676.1	+	3088581	3089436	17	127.0	1.21e-32	41.975	CPH|Armillaria_gallica	302	263	0.8709	1369.4
GCA_044231865.1	Penicillium chrysogenum	no	CPH	CM094675.1	+	6348131	6349185	13	139.0	6.58e-37	46.328	CPH|Armillaria_fuscipes	294	312	1.0612	1107.9
GCA_044231865.1	Penicillium chrysogenum	no	CPH	CM094675.1	-	7299761	7300075	6	68.2	1.92e-12	37.736	CPH|Neonothopanus_gardneri	321	130	0.405	328.2
GCA_044231865.1	Penicillium chrysogenum	no	Luz	CM094678.1	+	4685832	4686664	16	72.0	3.48e-14	31.655	Luz|Mycena_chlorophos	251	239	0.9522	932.4
GCA_044231865.1	Penicillium chrysogenum	no	Luz	CM094675.1	+	10636105	10636545	9	59.3	5.74e-10	31.293	Luz|Mycena_chlorophos	251	146	0.5817	450.9
GCA_000710275.1	Penicillium chrysogenum	yes	HispS	CM002800.1	-	3259025	3259808	2	45.4	1.77e-07	26.446	HispS|Mycena_citricolor	1678	230	0.1371	75.8
GCA_000710275.1	Penicillium chrysogenum	yes	HispS	CM002800.1	-	3465054	3467531	12	351.0	2.74e-97	33.253	HispS|Armillaria_fuscipes	1774	886	0.4994	3505.9
GCA_000710275.1	Penicillium chrysogenum	yes	HispS	CM002800.1	+	659432	662267	22	243.0	3.97e-75	29.802	HispS|Armillaria_gallica	1771	969	0.5471	2984.4
GCA_000710275.1	Penicillium chrysogenum	yes	HispS	CM002800.1	+	1292603	1293340	7	56.2	2.4e-07	24.0	HispS|Armillaria_gallica	1771	259	0.1462	357.8
GCA_000710275.1	Penicillium chrysogenum	yes	HispS	CM002800.1	+	1315259	1318269	23	216.0	1.03e-75	33.26	HispS|Armillaria_gallica	1771	971	0.5483	3063.8
GCA_000710275.1	Penicillium chrysogenum	yes	HispS	CM002799.1	+	3141876	3142664	3	55.5	4.09e-07	23.438	HispS|Guyanagaster_necrorhiza	1766	312	0.1767	158.7
GCA_000710275.1	Penicillium chrysogenum	yes	HispS	CM002799.1	+	3563421	3564437	9	73.9	1.08e-12	28.352	HispS|Armillaria_gallica	1771	489	0.2761	553.4
GCA_000710275.1	Penicillium chrysogenum	yes	HispS	CM002799.1	+	4946046	4948868	32	186.0	6.35e-47	32.576	HispS|Armillaria_ostoyae	1770	980	0.5537	3191.8
GCA_000710275.1	Penicillium chrysogenum	yes	HispS	CM002799.1	+	5926018	5928318	11	255.0	9.71e-68	29.658	HispS|Guyanagaster_necrorhiza	1766	784	0.4439	2465.0
GCA_000710275.1	Penicillium chrysogenum	yes	HispS	CM002799.1	+	7678731	7681658	12	323.0	1.13e-88	27.568	HispS|Armillaria_ostoyae	1770	1046	0.591	3162.3
GCA_000710275.1	Penicillium chrysogenum	yes	HispS	CM002799.1	+	7721197	7724934	2	53.5	1.27e-06	21.137	HispS|Neonothopanus_gardneri	1691	645	0.3814	98.9
GCA_000710275.1	Penicillium chrysogenum	yes	HispS	CM002799.1	+	8494810	8497566	12	293.0	2.24e-79	27.826	HispS|Armillaria_fuscipes	1774	980	0.5524	2911.4
GCA_000710275.1	Penicillium chrysogenum	yes	HispS	CM002799.1	+	9757998	9761543	2	48.5	4.48e-05	28.07	HispS|Neonothopanus_nambi	1678	142	0.0846	96.3
GCA_000710275.1	Penicillium chrysogenum	yes	HispS	CM002799.1	+	9863219	9866764	2	48.5	4.48e-05	28.07	HispS|Neonothopanus_nambi	1678	142	0.0846	96.3
GCA_000710275.1	Penicillium chrysogenum	yes	HispS	CM002799.1	-	1148832	1149239	1	47.4	0.000112	27.972	HispS|Neonothopanus_gardneri	1691	135	0.0798	47.4
GCA_000710275.1	Penicillium chrysogenum	yes	HispS	CM002799.1	-	1401414	1402697	4	54.3	8.95e-07	24.0	HispS|Armillaria_gallica	1771	461	0.2603	209.0
GCA_000710275.1	Penicillium chrysogenum	yes	HispS	CM002799.1	-	5658656	5680486	45	210.0	5.27e-54	27.043	HispS|Guyanagaster_necrorhiza	1766	886	0.5017	5567.1
GCA_000710275.1	Penicillium chrysogenum	yes	HispS	CM002799.1	-	5867693	5870684	22	211.0	1.9e-54	26.793	HispS|Panellus_stipticus	1504	958	0.637	3333.2
GCA_000710275.1	Penicillium chrysogenum	yes	HispS	CM002799.1	-	5920096	5923035	11	257.0	2.64e-68	25.241	HispS|Armillaria_fuscipes	1774	978	0.5513	2448.0
GCA_000710275.1	Penicillium chrysogenum	yes	HispS	CM002799.1	-	7260591	7272428	3	59.3	2.47e-08	23.427	HispS|Neonothopanus_gardneri	1691	603	0.3566	154.1
GCA_000710275.1	Penicillium chrysogenum	yes	HispS	CM002799.1	-	7673941	7676805	12	311.0	5.26e-85	29.319	HispS|Armillaria_fuscipes	1774	983	0.5541	3115.7
GCA_000710275.1	Penicillium chrysogenum	yes	HispS	CM002799.1	-	8284077	8287201	34	160.0	8.15e-39	32.295	HispS|Armillaria_gallica	1771	1001	0.5652	2978.8
GCA_000710275.1	Penicillium chrysogenum	yes	HispS	CM002799.1	-	10037053	10037535	1	44.7	0.00066	29.885	HispS|Neonothopanus_gardneri	1691	169	0.0999	44.7
GCA_000710275.1	Penicillium chrysogenum	yes	HispS	CM002798.1	-	1342101	1344922	37	114.0	5.96e-25	30.272	HispS|Armillaria_fuscipes	1774	871	0.491	2561.9
GCA_000710275.1	Penicillium chrysogenum	yes	HispS	CM002798.1	-	1537246	1540271	33	85.5	3.05e-16	33.81	HispS|Armillaria_ostoyae	1770	916	0.5175	2337.7
GCA_000710275.1	Penicillium chrysogenum	yes	HispS	CM002798.1	-	4692459	4693280	6	50.1	1.42e-05	27.568	HispS|Armillaria_ostoyae	1770	286	0.1616	289.6
GCA_000710275.1	Penicillium chrysogenum	yes	HispS	CM002798.1	-	4718505	4718861	1	44.7	0.000612	27.612	HispS|Neonothopanus_gardneri	1691	121	0.0716	44.7
GCA_000710275.1	Penicillium chrysogenum	yes	HispS	CM002798.1	-	8175928	8179203	34	132.0	3.57e-54	35.586	HispS|Armillaria_fuscipes	1774	966	0.5445	3193.9
GCA_000710275.1	Penicillium chrysogenum	yes	HispS	CM002798.1	-	9203487	9206458	37	110.0	1.67e-44	34.848	HispS|Panellus_stipticus_2	1601	977	0.6102	3311.3
GCA_000710275.1	Penicillium chrysogenum	yes	HispS	CM002798.1	-	10139318	10141975	12	312.0	2.5e-85	29.129	HispS|Armillaria_fuscipes	1774	925	0.5214	3107.8
GCA_000710275.1	Penicillium chrysogenum	yes	HispS	CM002798.1	-	10871865	10874598	23	176.0	3.95e-71	31.552	HispS|Mycena_citricolor	1678	982	0.5852	3184.5
GCA_000710275.1	Penicillium chrysogenum	yes	HispS	CM002798.1	+	15399	18407	12	307.0	7.34e-84	29.553	HispS|Armillaria_gallica	1771	992	0.5601	3060.1
GCA_000710275.1	Penicillium chrysogenum	yes	HispS	CM002798.1	+	419590	420597	4	54.7	5.77e-07	24.638	HispS|Guyanagaster_necrorhiza	1766	368	0.2084	205.3
GCA_000710275.1	Penicillium chrysogenum	yes	HispS	CM002798.1	+	2236120	2236503	1	48.5	4.67e-05	26.119	HispS|Mycena_citricolor	1678	128	0.0763	48.5
GCA_000710275.1	Penicillium chrysogenum	yes	HispS	CM002798.1	+	2871531	2872310	10	79.3	2.13e-14	28.996	HispS|Neonothopanus_nambi	1678	436	0.2598	608.9
GCA_000710275.1	Penicillium chrysogenum	yes	HispS	CM002798.1	+	10706960	10710232	41	164.0	2.92e-48	35.889	HispS|Armillaria_fuscipes	1774	926	0.522	2993.5
GCA_000710275.1	Penicillium chrysogenum	yes	HispS	CM002798.1	+	11079665	11081479	4	54.3	8.65e-07	23.451	HispS|Armillaria_gallica	1771	644	0.3636	202.5
GCA_000710275.1	Penicillium chrysogenum	yes	HispS	CM002801.1	-	97072	99648	12	309.0	2.99e-84	30.094	HispS|Armillaria_gallica	1771	905	0.511	3209.5
GCA_000710275.1	Penicillium chrysogenum	yes	HispS	CM002801.1	-	1254863	1257741	34	140.0	8.69e-46	32.056	HispS|Mycena_citricolor	1678	912	0.5435	2799.3
GCA_000710275.1	Penicillium chrysogenum	yes	HispS	CM002801.1	-	1311479	1316305	7	50.8	9.73e-06	22.792	HispS|Neonothopanus_nambi	1678	531	0.3164	330.1
GCA_000710275.1	Penicillium chrysogenum	yes	HispS	CM002801.1	-	1546542	1549064	32	114.0	4.92e-55	33.476	HispS|Armillaria_gallica	1771	799	0.4512	2544.0
GCA_000710275.1	Penicillium chrysogenum	yes	HispS	CM002801.1	+	2635744	2636910	2	51.6	5.55e-06	23.62	HispS|Neonothopanus_gardneri	1691	430	0.2543	97.4
GCA_000710275.1	Penicillium chrysogenum	yes	H3H	CM002798.1	+	1062122	1063351	9	59.7	2.07e-09	24.148	H3H|Neonothopanus_gardneri	416	397	0.9543	440.3
GCA_000710275.1	Penicillium chrysogenum	yes	H3H	CM002798.1	+	2583027	2584346	14	87.0	4.49e-18	24.823	H3H|Neonothopanus_nambi	422	408	0.9668	1049.1
GCA_000710275.1	Penicillium chrysogenum	yes	H3H	CM002798.1	+	4850954	4851973	7	57.0	1.76e-08	23.641	H3H|Armillaria_mellea	429	360	0.8392	355.4
GCA_000710275.1	Penicillium chrysogenum	yes	H3H	CM002798.1	+	4915041	4916229	28	148.0	1.82e-38	29.373	H3H|Neonothopanus_gardneri	416	387	0.9303	2777.9
GCA_000710275.1	Penicillium chrysogenum	yes	H3H	CM002798.1	+	11092974	11094224	14	106.0	2.48e-24	28.093	H3H|Panellus_stipticus	428	417	0.9743	1363.5
GCA_000710275.1	Penicillium chrysogenum	yes	H3H	CM002798.1	+	13378895	13379170	14	62.0	3.89e-10	41.379	H3H|Mycena_chlorophos	422	105	0.2488	799.9
GCA_000710275.1	Penicillium chrysogenum	yes	H3H	CM002798.1	-	2752660	2753997	25	125.0	5.67e-30	26.705	H3H|Omphalotus_olearius	540	381	0.7056	1953.2
GCA_000710275.1	Penicillium chrysogenum	yes	H3H	CM002798.1	-	6865838	6866302	6	44.7	0.000114	33.645	H3H|Panellus_stipticus	428	132	0.3084	260.1
GCA_000710275.1	Penicillium chrysogenum	yes	H3H	CM002798.1	-	13019273	13020445	15	130.0	2.75e-32	29.973	H3H|Panellus_stipticus	428	391	0.9136	1720.6
GCA_000710275.1	Penicillium chrysogenum	yes	H3H	CM002798.1	-	13136042	13137103	8	56.6	2.4e-08	23.65	H3H|Armillaria_gallica	422	373	0.8839	413.7
GCA_000710275.1	Penicillium chrysogenum	yes	H3H	CM002799.1	+	2159157	2160513	28	99.8	3.73e-22	33.951	H3H|Armillaria_fuscipes	426	290	0.6808	2001.1
GCA_000710275.1	Penicillium chrysogenum	yes	H3H	CM002799.1	+	2553492	2554743	25	102.0	4.22e-29	30.0	H3H|Omphalotus_olearius	540	398	0.737	1742.8
GCA_000710275.1	Penicillium chrysogenum	yes	H3H	CM002799.1	+	7114421	7115484	27	51.6	6.24e-14	24.096	H3H|Armillaria_mellea	429	324	0.7552	1109.0
GCA_000710275.1	Penicillium chrysogenum	yes	H3H	CM002799.1	+	7795921	7796976	16	87.8	3.04e-18	27.123	H3H|Armillaria_mellea	429	336	0.7832	1074.5
GCA_000710275.1	Penicillium chrysogenum	yes	H3H	CM002799.1	+	8021676	8029041	54	54.3	3.36e-24	31.356	H3H|Neonothopanus_gardneri	416	388	0.9327	2406.5
GCA_000710275.1	Penicillium chrysogenum	yes	H3H	CM002799.1	-	3232537	3233809	17	52.8	3.58e-07	36.937	H3H|Guyanagaster_necrorhiza	443	284	0.6411	800.9
GCA_000710275.1	Penicillium chrysogenum	yes	H3H	CM002799.1	-	5689331	5689883	3	44.7	0.000106	37.838	H3H|Armillaria_mellea	429	165	0.3846	118.3
GCA_000710275.1	Penicillium chrysogenum	yes	H3H	CM002799.1	-	5914163	5915375	18	82.8	1.27e-16	29.741	H3H|Panellus_stipticus_3	428	324	0.757	1151.7
GCA_000710275.1	Penicillium chrysogenum	yes	H3H	CM002799.1	-	8369168	8370286	14	72.8	2.18e-13	26.667	H3H|Guyanagaster_necrorhiza	443	374	0.8442	926.8
GCA_000710275.1	Penicillium chrysogenum	yes	H3H	CM002801.1	-	1033326	1033991	2	50.4	1.89e-06	25.882	H3H|Mycena_chlorophos	422	213	0.5047	95.8
GCA_000710275.1	Penicillium chrysogenum	yes	H3H	CM002801.1	-	2764741	2765888	17	87.8	7.9e-18	28.782	H3H|Omphalotus_olearius	540	351	0.65	1177.1
GCA_000710275.1	Penicillium chrysogenum	yes	H3H	CM002801.1	+	1039403	1040859	36	75.1	7.41e-14	33.01	H3H|Omphalotus_olearius	540	356	0.6593	1852.2
GCA_000710275.1	Penicillium chrysogenum	yes	H3H	CM002800.1	-	1731974	1732300	5	43.1	0.000312	28.571	H3H|Panellus_stipticus	428	134	0.3131	214.7
GCA_000710275.1	Penicillium chrysogenum	yes	CPH	CM002798.1	-	296396	297310	6	215.0	2.87e-63	43.366	CPH|Armillaria_fuscipes	294	314	1.068	1221.0
GCA_000710275.1	Penicillium chrysogenum	yes	CPH	CM002798.1	-	1757863	1758905	17	154.0	6.34e-42	41.546	CPH|Armillaria_gallica	302	312	1.0331	1452.5
GCA_000710275.1	Penicillium chrysogenum	yes	CPH	CM002798.1	-	2750911	2752079	12	141.0	1.11e-37	42.342	CPH|Armillaria_fuscipes	294	316	1.0748	1117.3
GCA_000710275.1	Penicillium chrysogenum	yes	CPH	CM002798.1	-	7622958	7623922	18	88.6	8.25e-45	38.261	CPH|Armillaria_ostoyae	302	310	1.0265	1259.0
GCA_000710275.1	Penicillium chrysogenum	yes	CPH	CM002798.1	-	7925511	7926597	17	144.0	1.82e-38	36.402	CPH|Armillaria_gallica	302	319	1.0563	1462.2
GCA_000710275.1	Penicillium chrysogenum	yes	CPH	CM002800.1	+	3628487	3629422	6	210.0	6.35e-61	39.13	CPH|Neonothopanus_gardneri	321	319	0.9938	1207.0
GCA_000710275.1	Penicillium chrysogenum	yes	CPH	CM002799.1	-	3085066	3086120	15	139.0	7.23e-37	46.328	CPH|Armillaria_fuscipes	294	312	1.0612	1135.3
GCA_000710275.1	Penicillium chrysogenum	yes	CPH	CM002799.1	+	2128142	2128504	6	69.7	5.33e-13	35.246	CPH|Neonothopanus_gardneri	321	130	0.405	329.7
GCA_000710275.1	Penicillium chrysogenum	yes	Luz	CM002798.1	+	13530928	13531758	12	86.3	4.42e-19	27.778	Luz|Mycena_chlorophos	251	239	0.9522	974.6
GCA_000710275.1	Penicillium chrysogenum	yes	Luz	CM002799.1	-	4634058	4634497	18	44.7	1.26e-08	34.94	Luz|Mycena_chlorophos	251	145	0.5777	605.3
GCA_044231845.1	Penicillium chrysogenum	no	HispS	CM094671.1	-	432957	433376	1	46.2	0.000238	27.027	HispS|Armillaria_mellea	1768	129	0.073	46.2
GCA_044231845.1	Penicillium chrysogenum	no	HispS	CM094671.1	-	3668566	3671314	37	114.0	5.5e-25	30.272	HispS|Armillaria_fuscipes	1774	871	0.491	2553.1
GCA_044231845.1	Penicillium chrysogenum	no	HispS	CM094671.1	-	3862823	3865857	33	85.1	4.5e-16	33.81	HispS|Armillaria_ostoyae	1770	948	0.5356	2297.0
GCA_044231845.1	Penicillium chrysogenum	no	HispS	CM094671.1	-	6878528	6879349	6	52.0	4.68e-06	28.108	HispS|Armillaria_ostoyae	1770	286	0.1616	292.4
GCA_044231845.1	Penicillium chrysogenum	no	HispS	CM094671.1	-	7011492	7012275	2	45.4	1.74e-07	26.446	HispS|Mycena_citricolor	1678	230	0.1371	75.8
GCA_044231845.1	Penicillium chrysogenum	no	HispS	CM094671.1	-	7224875	7227352	12	355.0	1.04e-98	33.213	HispS|Armillaria_fuscipes	1774	886	0.4994	3562.7
GCA_044231845.1	Penicillium chrysogenum	no	HispS	CM094671.1	+	1811077	1814045	37	110.0	7.41e-24	36.943	HispS|Mycena_chlorophos	1652	973	0.589	3300.4
GCA_044231845.1	Penicillium chrysogenum	no	HispS	CM094671.1	+	2841416	2844737	35	132.0	6.76e-50	35.586	HispS|Armillaria_fuscipes	1774	906	0.5107	3117.6
GCA_044231845.1	Penicillium chrysogenum	no	HispS	CM094671.1	+	4557581	4557964	1	48.5	4.64e-05	26.119	HispS|Mycena_citricolor	1678	128	0.0763	48.5
GCA_044231845.1	Penicillium chrysogenum	no	HispS	CM094671.1	+	5175312	5176091	10	76.3	2.02e-13	28.625	HispS|Neonothopanus_nambi	1678	436	0.2598	623.1
GCA_044231845.1	Penicillium chrysogenum	no	HispS	CM094673.1	-	151411	153987	12	310.0	1.65e-84	30.094	HispS|Armillaria_gallica	1771	905	0.511	3205.9
GCA_044231845.1	Penicillium chrysogenum	no	HispS	CM094673.1	-	1441957	1444817	34	140.0	8.83e-46	32.056	HispS|Mycena_citricolor	1678	912	0.5435	2798.5
GCA_044231845.1	Penicillium chrysogenum	no	HispS	CM094673.1	-	1498529	1503355	5	50.8	8.9e-06	22.792	HispS|Neonothopanus_nambi	1678	531	0.3164	236.9
GCA_044231845.1	Penicillium chrysogenum	no	HispS	CM094673.1	-	1873678	1876491	22	238.0	1.25e-70	28.258	HispS|Mycena_citricolor	1678	876	0.5221	2774.4
GCA_044231845.1	Penicillium chrysogenum	no	HispS	CM094673.1	-	2604566	2606380	4	56.6	1.57e-07	23.1	HispS|Armillaria_fuscipes	1774	644	0.363	208.0
GCA_044231845.1	Penicillium chrysogenum	no	HispS	CM094673.1	-	3022904	3026176	40	166.0	1.29e-48	35.889	HispS|Armillaria_fuscipes	1774	926	0.522	2982.6
GCA_044231845.1	Penicillium chrysogenum	no	HispS	CM094673.1	-	3966006	3966416	1	47.4	0.000111	30.405	HispS|Neonothopanus_nambi	1678	147	0.0876	47.4
GCA_044231845.1	Penicillium chrysogenum	no	HispS	CM094673.1	+	1809066	1811589	32	115.0	2.76e-55	34.335	HispS|Armillaria_gallica	1771	799	0.4512	2546.1
GCA_044231845.1	Penicillium chrysogenum	no	HispS	CM094673.1	+	2853924	2856656	12	303.0	1.32e-82	27.899	HispS|Armillaria_fuscipes	1774	982	0.5536	3046.9
GCA_044231845.1	Penicillium chrysogenum	no	HispS	CM094672.1	+	53331	56339	12	307.0	1e-83	29.553	HispS|Armillaria_gallica	1771	992	0.5601	3060.1
GCA_044231845.1	Penicillium chrysogenum	no	HispS	CM094672.1	+	447981	448988	4	55.1	5.19e-07	24.638	HispS|Guyanagaster_necrorhiza	1766	368	0.2084	205.7
GCA_044231845.1	Penicillium chrysogenum	no	HispS	CM094672.1	+	3259268	3259624	1	45.1	0.000569	25.694	HispS|Neonothopanus_gardneri	1691	121	0.0716	45.1
GCA_044231845.1	Penicillium chrysogenum	no	HispS	CM094672.1	-	5087628	5090635	23	218.0	8.75e-77	33.479	HispS|Armillaria_gallica	1771	971	0.5483	3089.0
GCA_044231845.1	Penicillium chrysogenum	no	HispS	CM094672.1	-	5111889	5112626	7	55.8	2.9e-07	24.0	HispS|Armillaria_gallica	1771	259	0.1462	356.6
GCA_044231845.1	Penicillium chrysogenum	no	HispS	CM094672.1	-	5666042	5668349	22	219.0	1.1e-68	30.832	HispS|Armillaria_gallica	1771	810	0.4574	2778.5
GCA_044231845.1	Penicillium chrysogenum	no	HispS	CM094670.1	+	2221973	2224273	11	255.0	9.74e-68	29.658	HispS|Guyanagaster_necrorhiza	1766	784	0.4439	2465.0
GCA_044231845.1	Penicillium chrysogenum	no	HispS	CM094670.1	+	4013452	4017183	2	48.5	4.03e-05	30.636	HispS|Neonothopanus_gardneri	1691	459	0.2714	95.1
GCA_044231845.1	Penicillium chrysogenum	no	HispS	CM094670.1	+	4759987	4762743	12	293.0	1.77e-79	27.935	HispS|Armillaria_fuscipes	1774	980	0.5524	2910.4
GCA_044231845.1	Penicillium chrysogenum	no	HispS	CM094670.1	+	8035656	8036939	4	50.1	1.77e-05	24.0	HispS|Armillaria_gallica	1771	461	0.2603	197.2
GCA_044231845.1	Penicillium chrysogenum	no	HispS	CM094670.1	+	8277979	8278386	1	47.4	8.86e-05	28.0	HispS|Neonothopanus_gardneri	1691	135	0.0798	47.4
GCA_044231845.1	Penicillium chrysogenum	no	HispS	CM094670.1	-	862770	866315	2	48.9	3.7e-05	28.07	HispS|Neonothopanus_nambi	1678	142	0.0846	96.7
GCA_044231845.1	Penicillium chrysogenum	no	HispS	CM094670.1	-	2164037	2167028	22	211.0	1.32e-54	26.928	HispS|Panellus_stipticus	1504	958	0.637	3287.2
GCA_044231845.1	Penicillium chrysogenum	no	HispS	CM094670.1	-	2216052	2218991	11	256.0	2.78e-68	25.241	HispS|Armillaria_fuscipes	1774	978	0.5513	2449.0
GCA_044231845.1	Penicillium chrysogenum	no	HispS	CM094670.1	-	3568865	3570574	2	57.8	7.06e-08	23.427	HispS|Neonothopanus_gardneri	1691	592	0.3501	108.6
GCA_044231845.1	Penicillium chrysogenum	no	HispS	CM094670.1	-	4561517	4564641	34	159.0	1.02e-38	31.818	HispS|Armillaria_gallica	1771	1001	0.5652	2973.3
GCA_044231845.1	Penicillium chrysogenum	no	HispS	CM094670.1	-	5720287	5723108	35	175.0	1.02e-46	35.0	HispS|Armillaria_ostoyae	1770	980	0.5537	3211.8
GCA_044231845.1	Penicillium chrysogenum	no	HispS	CM094670.1	-	5884022	5885038	9	72.4	3.1e-12	26.804	HispS|Armillaria_ostoyae	1770	489	0.2763	540.6
GCA_044231845.1	Penicillium chrysogenum	no	HispS	CM094670.1	-	6304349	6305137	3	53.1	1.86e-06	23.125	HispS|Guyanagaster_necrorhiza	1766	312	0.1767	152.1
GCA_044231845.1	Penicillium chrysogenum	no	H3H	CM094672.1	-	3061627	3062815	28	150.0	5.12e-50	29.703	H3H|Neonothopanus_gardneri	416	387	0.9303	2818.3
GCA_044231845.1	Penicillium chrysogenum	no	H3H	CM094672.1	-	3125911	3126930	6	58.2	6.46e-09	23.641	H3H|Armillaria_mellea	429	359	0.8368	308.5
GCA_044231845.1	Penicillium chrysogenum	no	H3H	CM094671.1	-	5057611	5058954	25	127.0	1.52e-30	27.273	H3H|Omphalotus_olearius	540	382	0.7074	1961.9
GCA_044231845.1	Penicillium chrysogenum	no	H3H	CM094671.1	+	297014	298161	17	87.4	8.36e-18	28.782	H3H|Omphalotus_olearius	540	351	0.65	1183.2
GCA_044231845.1	Penicillium chrysogenum	no	H3H	CM094671.1	+	3371272	3372483	7	48.5	7.97e-06	24.207	H3H|Guyanagaster_necrorhiza	443	389	0.8781	316.9
GCA_044231845.1	Penicillium chrysogenum	no	H3H	CM094671.1	+	4900164	4901503	24	67.0	2.04e-17	24.217	H3H|Neonothopanus_nambi	422	413	0.9787	1177.3
GCA_044231845.1	Penicillium chrysogenum	no	H3H	CM094670.1	+	3417294	3418357	27	51.6	6.23e-14	24.096	H3H|Armillaria_mellea	429	324	0.7552	1109.0
GCA_044231845.1	Penicillium chrysogenum	no	H3H	CM094670.1	+	4088074	4089488	15	91.7	1.72e-19	27.479	H3H|Armillaria_mellea	429	403	0.9394	1114.6
GCA_044231845.1	Penicillium chrysogenum	no	H3H	CM094670.1	+	4304377	4305848	42	70.9	4.98e-29	29.386	H3H|Neonothopanus_gardneri	416	391	0.9399	2169.8
GCA_044231845.1	Penicillium chrysogenum	no	H3H	CM094670.1	+	6213623	6214895	17	53.5	2.03e-07	36.036	H3H|Guyanagaster_necrorhiza	443	284	0.6411	808.2
GCA_044231845.1	Penicillium chrysogenum	no	H3H	CM094670.1	-	2210120	2211337	14	99.8	3.3e-22	27.529	H3H|Panellus_stipticus_3	428	385	0.8995	1178.5
GCA_044231845.1	Penicillium chrysogenum	no	H3H	CM094670.1	-	4646285	4647403	15	76.6	1.12e-14	27.0	H3H|Guyanagaster_necrorhiza	443	374	0.8442	1052.4
GCA_044231845.1	Penicillium chrysogenum	no	H3H	CM094670.1	-	6892309	6893560	25	102.0	6.02e-29	30.284	H3H|Omphalotus_olearius	540	387	0.7167	1742.4
GCA_044231845.1	Penicillium chrysogenum	no	H3H	CM094670.1	-	7274679	7276033	28	105.0	5.49e-24	32.673	H3H|Armillaria_fuscipes	426	249	0.5845	1991.2
GCA_044231845.1	Penicillium chrysogenum	no	H3H	CM094673.1	-	1224102	1224767	2	49.3	4.4e-06	25.882	H3H|Mycena_chlorophos	422	213	0.5047	94.4
GCA_044231845.1	Penicillium chrysogenum	no	H3H	CM094673.1	-	2591823	2593073	14	105.0	3.52e-24	28.061	H3H|Panellus_stipticus	428	417	0.9743	1372.0
GCA_044231845.1	Penicillium chrysogenum	no	H3H	CM094673.1	-	4279438	4280610	15	130.0	2.4e-32	29.973	H3H|Panellus_stipticus	428	391	0.9136	1721.4
GCA_044231845.1	Penicillium chrysogenum	no	H3H	CM094673.1	-	4394021	4395082	11	60.8	1.11e-09	24.422	H3H|Armillaria_gallica	422	373	0.8839	582.9
GCA_044231845.1	Penicillium chrysogenum	no	H3H	CM094673.1	+	1230196	1231652	36	77.4	1.33e-14	33.01	H3H|Omphalotus_olearius	540	356	0.6593	1869.8
GCA_044231845.1	Penicillium chrysogenum	no	H3H	CM094673.1	+	3955959	3957324	17	78.2	4.18e-20	26.441	H3H|Neonothopanus_gardneri	416	411	0.988	1103.4
GCA_044231845.1	Penicillium chrysogenum	no	H3H	CM094673.1	+	4533183	4533506	14	62.4	3.2e-10	41.379	H3H|Mycena_chlorophos	422	129	0.3057	804.1
GCA_044231845.1	Penicillium chrysogenum	no	H3H	CM094672.1	+	1123495	1123959	6	43.5	0.000246	32.71	H3H|Panellus_stipticus	428	136	0.3178	256.9
GCA_044231845.1	Penicillium chrysogenum	no	H3H	CM094672.1	+	4679174	4679473	3	42.4	0.000643	29.752	H3H|Panellus_stipticus	428	120	0.2804	127.2
GCA_044231845.1	Penicillium chrysogenum	no	CPH	CM094672.1	-	331795	332709	6	215.0	2.88e-63	43.366	CPH|Armillaria_fuscipes	294	314	1.068	1221.0
GCA_044231845.1	Penicillium chrysogenum	no	CPH	CM094672.1	+	723421	724400	18	88.6	1.86e-44	38.261	CPH|Armillaria_ostoyae	302	310	1.0265	1255.2
GCA_044231845.1	Penicillium chrysogenum	no	CPH	CM094671.1	-	4081455	4082501	23	112.0	1.73e-27	42.675	CPH|Neonothopanus_nambi	289	312	1.0796	1554.6
GCA_044231845.1	Penicillium chrysogenum	no	CPH	CM094671.1	-	5055869	5057038	6	178.0	2.28e-50	36.486	CPH|Armillaria_fuscipes	294	315	1.0714	982.0
GCA_044231845.1	Penicillium chrysogenum	no	CPH	CM094671.1	+	3088575	3089430	17	127.0	1.21e-32	41.975	CPH|Armillaria_gallica	302	263	0.8709	1369.4
GCA_044231845.1	Penicillium chrysogenum	no	CPH	CM094670.1	+	6354936	6355990	13	139.0	6.6e-37	46.328	CPH|Armillaria_fuscipes	294	312	1.0612	1107.9
GCA_044231845.1	Penicillium chrysogenum	no	CPH	CM094670.1	-	7306571	7306885	6	68.2	1.92e-12	37.736	CPH|Neonothopanus_gardneri	321	130	0.405	328.2
GCA_044231845.1	Penicillium chrysogenum	no	Luz	CM094673.1	+	4696611	4697443	16	72.0	3.49e-14	31.655	Luz|Mycena_chlorophos	251	239	0.9522	932.4
GCA_044231845.1	Penicillium chrysogenum	no	Luz	CM094670.1	+	10643145	10643585	9	59.3	5.75e-10	31.293	Luz|Mycena_chlorophos	251	146	0.5817	450.9
GCA_028751425.1	Penicillium rubens	yes	HispS	JAQSHQ010000021.1	+	1975848	1978259	12	351.0	2.93e-97	33.253	HispS|Armillaria_fuscipes	1774	886	0.4994	3504.9
GCA_028751425.1	Penicillium rubens	yes	HispS	JAQSHQ010000021.1	+	2183497	2184280	2	45.4	1.85e-07	26.446	HispS|Mycena_citricolor	1678	230	0.1371	75.8
GCA_028751425.1	Penicillium rubens	yes	HispS	JAQSHQ010000021.1	+	2294730	2295551	6	50.1	1.52e-05	27.568	HispS|Armillaria_ostoyae	1770	286	0.1616	289.6
GCA_028751425.1	Penicillium rubens	yes	HispS	JAQSHQ010000021.1	+	5636629	5639654	33	85.5	3.26e-16	33.81	HispS|Armillaria_ostoyae	1770	916	0.5175	2337.7
GCA_028751425.1	Penicillium rubens	yes	HispS	JAQSHQ010000021.1	+	5831906	5834727	37	114.0	6.38e-25	30.272	HispS|Armillaria_fuscipes	1774	871	0.491	2569.1
GCA_028751425.1	Penicillium rubens	yes	HispS	JAQSHQ010000021.1	-	4308785	4309564	10	79.3	2.27e-14	28.996	HispS|Neonothopanus_nambi	1678	436	0.2598	608.9
GCA_028751425.1	Penicillium rubens	yes	HispS	JAQSHQ010000021.1	-	4944633	4945016	1	48.5	5.21e-05	26.119	HispS|Mycena_citricolor	1678	128	0.0763	48.5
GCA_028751425.1	Penicillium rubens	yes	HispS	JAQSHQ010000021.1	-	6648560	6651835	34	132.0	3.84e-54	35.586	HispS|Armillaria_fuscipes	1774	966	0.5445	3193.9
GCA_028751425.1	Penicillium rubens	yes	HispS	JAQSHQ010000021.1	-	7675829	7678800	37	110.0	1.79e-44	34.848	HispS|Panellus_stipticus_2	1601	977	0.6102	3311.3
GCA_028751425.1	Penicillium rubens	yes	HispS	JAQSHQ010000013.1	-	2520013	2522769	12	293.0	1.66e-79	27.935	HispS|Armillaria_fuscipes	1774	980	0.5524	2907.4
GCA_028751425.1	Penicillium rubens	yes	HispS	JAQSHQ010000013.1	-	3296902	3300639	2	53.5	1.45e-06	21.137	HispS|Neonothopanus_gardneri	1691	645	0.3814	98.9
GCA_028751425.1	Penicillium rubens	yes	HispS	JAQSHQ010000013.1	-	3340178	3343105	11	325.0	4.15e-89	27.676	HispS|Armillaria_ostoyae	1770	1041	0.5881	3129.0
GCA_028751425.1	Penicillium rubens	yes	HispS	JAQSHQ010000013.1	-	5096049	5098349	11	255.0	1.04e-67	29.658	HispS|Guyanagaster_necrorhiza	1766	784	0.4439	2465.0
GCA_028751425.1	Penicillium rubens	yes	HispS	JAQSHQ010000013.1	-	6736272	6736754	1	44.7	0.000706	29.885	HispS|Neonothopanus_gardneri	1691	169	0.0999	44.7
GCA_028751425.1	Penicillium rubens	yes	HispS	JAQSHQ010000013.1	+	1130566	1131354	3	55.5	4.38e-07	23.438	HispS|Guyanagaster_necrorhiza	1766	312	0.1767	158.7
GCA_028751425.1	Penicillium rubens	yes	HispS	JAQSHQ010000013.1	+	1552576	1553592	9	73.9	1.15e-12	28.352	HispS|Armillaria_gallica	1771	489	0.2761	553.4
GCA_028751425.1	Penicillium rubens	yes	HispS	JAQSHQ010000013.1	+	1745773	1748595	31	186.0	8.97e-47	32.323	HispS|Armillaria_ostoyae	1770	980	0.5537	3106.5
GCA_028751425.1	Penicillium rubens	yes	HispS	JAQSHQ010000013.1	+	2733967	2737328	34	161.0	2.88e-39	32.295	HispS|Armillaria_gallica	1771	1076	0.6076	2993.9
GCA_028751425.1	Penicillium rubens	yes	HispS	JAQSHQ010000013.1	+	3345031	3347919	12	311.0	5.49e-85	29.005	HispS|Armillaria_fuscipes	1774	995	0.5609	3105.3
GCA_028751425.1	Penicillium rubens	yes	HispS	JAQSHQ010000013.1	+	3749699	3761536	3	59.3	2.64e-08	23.427	HispS|Neonothopanus_gardneri	1691	603	0.3566	154.1
GCA_028751425.1	Penicillium rubens	yes	HispS	JAQSHQ010000013.1	+	5101329	5104268	11	257.0	2.82e-68	25.241	HispS|Armillaria_fuscipes	1774	978	0.5513	2448.0
GCA_028751425.1	Penicillium rubens	yes	HispS	JAQSHQ010000013.1	+	5153684	5156675	22	211.0	2.07e-54	26.793	HispS|Panellus_stipticus	1504	958	0.637	3334.2
GCA_028751425.1	Penicillium rubens	yes	HispS	JAQSHQ010000013.1	+	5343870	5365700	45	210.0	5.64e-54	27.043	HispS|Guyanagaster_necrorhiza	1766	886	0.5017	5537.9
GCA_028751425.1	Penicillium rubens	yes	HispS	JAQSHQ010000013.1	+	6565808	6569353	2	47.8	7.92e-05	24.793	HispS|Neonothopanus_nambi	1678	142	0.0846	95.6
GCA_028751425.1	Penicillium rubens	yes	HispS	JAQSHQ010000040.1	+	1274377	1277034	12	312.0	2.68e-85	29.129	HispS|Armillaria_fuscipes	1774	925	0.5214	3107.8
GCA_028751425.1	Penicillium rubens	yes	HispS	JAQSHQ010000040.1	+	1792459	1795731	41	164.0	3.19e-48	35.889	HispS|Armillaria_fuscipes	1774	926	0.522	2999.5
GCA_028751425.1	Penicillium rubens	yes	HispS	JAQSHQ010000040.1	+	2160897	2162711	3	54.3	9.26e-07	23.451	HispS|Armillaria_gallica	1771	644	0.3636	158.2
GCA_028751425.1	Penicillium rubens	yes	HispS	JAQSHQ010000040.1	+	3408529	3413355	7	50.8	1.04e-05	22.792	HispS|Neonothopanus_nambi	1678	531	0.3164	330.1
GCA_028751425.1	Penicillium rubens	yes	HispS	JAQSHQ010000040.1	+	3467074	3469952	34	140.0	9.49e-46	32.056	HispS|Mycena_citricolor	1678	912	0.5435	2811.4
GCA_028751425.1	Penicillium rubens	yes	HispS	JAQSHQ010000040.1	-	1953114	1955847	23	176.0	4.25e-71	31.552	HispS|Mycena_citricolor	1678	982	0.5852	3184.5
GCA_028751425.1	Penicillium rubens	yes	HispS	JAQSHQ010000040.1	-	2993603	2996125	32	114.0	5.24e-55	33.476	HispS|Armillaria_gallica	1771	799	0.4512	2544.0
GCA_028751425.1	Penicillium rubens	yes	HispS	JAQSHQ010000037.1	+	489722	492298	12	309.0	3.19e-84	30.094	HispS|Armillaria_gallica	1771	905	0.511	3209.5
GCA_028751425.1	Penicillium rubens	yes	HispS	JAQSHQ010000035.1	-	2650013	2651020	4	54.7	6.17e-07	24.638	HispS|Guyanagaster_necrorhiza	1766	368	0.2084	205.3
GCA_028751425.1	Penicillium rubens	yes	HispS	JAQSHQ010000035.1	-	3046371	3049379	12	307.0	8.84e-84	29.553	HispS|Armillaria_gallica	1771	992	0.5601	3058.1
GCA_028751425.1	Penicillium rubens	yes	HispS	JAQSHQ010000042.1	+	673264	676273	22	243.0	2.81e-75	29.802	HispS|Armillaria_gallica	1771	946	0.5342	2990.4
GCA_028751425.1	Penicillium rubens	yes	HispS	JAQSHQ010000042.1	+	1233040	1233777	7	56.2	2.57e-07	24.0	HispS|Armillaria_gallica	1771	259	0.1462	357.8
GCA_028751425.1	Penicillium rubens	yes	HispS	JAQSHQ010000042.1	+	1255713	1258723	23	216.0	1.1e-75	33.26	HispS|Armillaria_gallica	1771	971	0.5483	3063.8
GCA_028751425.1	Penicillium rubens	yes	HispS	JAQSHQ010000003.1	-	1149842	1150249	1	47.4	0.000119	27.972	HispS|Neonothopanus_gardneri	1691	135	0.0798	47.4
GCA_028751425.1	Penicillium rubens	yes	HispS	JAQSHQ010000003.1	-	1402337	1403620	4	54.3	9.57e-07	24.0	HispS|Armillaria_gallica	1771	461	0.2603	209.0
GCA_028751425.1	Penicillium rubens	yes	HispS	JAQSHQ010000002.1	+	488243	489409	2	51.6	5.93e-06	23.62	HispS|Neonothopanus_gardneri	1691	430	0.2543	97.4
GCA_028751425.1	Penicillium rubens	yes	HispS	JAQSHQ010000042.1	-	3115214	3115570	1	44.7	0.000655	27.612	HispS|Neonothopanus_gardneri	1691	121	0.0716	44.7
GCA_028751425.1	Penicillium rubens	yes	H3H	JAQSHQ010000042.1	+	3247668	3248651	5	57.4	1.33e-08	23.641	H3H|Armillaria_mellea	429	350	0.8159	259.6
GCA_028751425.1	Penicillium rubens	yes	H3H	JAQSHQ010000042.1	+	3311756	3312944	28	148.0	1.94e-38	29.373	H3H|Neonothopanus_gardneri	416	387	0.9303	2777.9
GCA_028751425.1	Penicillium rubens	yes	H3H	JAQSHQ010000021.1	+	4427116	4428453	25	125.0	6.06e-30	26.705	H3H|Omphalotus_olearius	540	381	0.7056	1953.2
GCA_028751425.1	Penicillium rubens	yes	H3H	JAQSHQ010000021.1	-	4596772	4598091	14	87.0	4.81e-18	24.823	H3H|Neonothopanus_nambi	422	408	0.9668	1049.1
GCA_028751425.1	Penicillium rubens	yes	H3H	JAQSHQ010000021.1	-	6115385	6116596	7	50.8	1.78e-06	22.963	H3H|Guyanagaster_necrorhiza	443	389	0.8781	325.1
GCA_028751425.1	Penicillium rubens	yes	H3H	JAQSHQ010000040.1	+	359619	360680	8	56.6	2.56e-08	23.65	H3H|Armillaria_gallica	422	373	0.8839	413.7
GCA_028751425.1	Penicillium rubens	yes	H3H	JAQSHQ010000040.1	+	476214	477386	15	130.0	2.95e-32	29.973	H3H|Panellus_stipticus	428	391	0.9136	1720.6
GCA_028751425.1	Penicillium rubens	yes	H3H	JAQSHQ010000040.1	+	2174206	2175456	14	106.0	2.65e-24	28.093	H3H|Panellus_stipticus	428	417	0.9743	1363.5
GCA_028751425.1	Penicillium rubens	yes	H3H	JAQSHQ010000040.1	+	3690649	3691314	2	50.4	2.02e-06	25.882	H3H|Mycena_chlorophos	422	213	0.5047	95.8
GCA_028751425.1	Penicillium rubens	yes	H3H	JAQSHQ010000040.1	-	212778	213053	14	62.0	4.17e-10	41.379	H3H|Mycena_chlorophos	422	105	0.2488	799.9
GCA_028751425.1	Penicillium rubens	yes	H3H	JAQSHQ010000040.1	-	3683797	3685253	36	75.1	7.93e-14	33.01	H3H|Omphalotus_olearius	540	356	0.6593	1852.2
GCA_028751425.1	Penicillium rubens	yes	H3H	JAQSHQ010000013.1	-	1221240	1222512	17	52.8	3.83e-07	36.937	H3H|Guyanagaster_necrorhiza	443	284	0.6411	800.9
GCA_028751425.1	Penicillium rubens	yes	H3H	JAQSHQ010000013.1	-	2992369	2993840	43	66.6	9.4e-28	28.07	H3H|Neonothopanus_gardneri	416	391	0.9399	2147.2
GCA_028751425.1	Penicillium rubens	yes	H3H	JAQSHQ010000013.1	-	3224866	3225921	16	87.8	3.26e-18	27.123	H3H|Armillaria_mellea	429	336	0.7832	1074.5
GCA_028751425.1	Penicillium rubens	yes	H3H	JAQSHQ010000013.1	-	3906671	3907734	27	51.6	6.73e-14	24.096	H3H|Armillaria_mellea	429	324	0.7552	1109.0
GCA_028751425.1	Penicillium rubens	yes	H3H	JAQSHQ010000013.1	+	150793	152149	28	99.0	7.01e-22	33.951	H3H|Armillaria_fuscipes	426	290	0.6808	1987.7
GCA_028751425.1	Penicillium rubens	yes	H3H	JAQSHQ010000013.1	+	544713	545964	25	102.0	4.53e-29	30.0	H3H|Omphalotus_olearius	540	398	0.737	1742.8
GCA_028751425.1	Penicillium rubens	yes	H3H	JAQSHQ010000013.1	+	2651084	2652202	14	72.8	2.33e-13	26.667	H3H|Guyanagaster_necrorhiza	443	374	0.8442	926.8
GCA_028751425.1	Penicillium rubens	yes	H3H	JAQSHQ010000013.1	+	5108989	5110201	18	82.8	1.36e-16	29.741	H3H|Panellus_stipticus_3	428	324	0.757	1151.7
GCA_028751425.1	Penicillium rubens	yes	H3H	JAQSHQ010000013.1	+	5334473	5335025	3	44.7	0.000114	37.838	H3H|Armillaria_mellea	429	165	0.3846	118.3
GCA_028751425.1	Penicillium rubens	yes	H3H	JAQSHQ010000002.1	-	617164	618311	17	87.8	8.45e-18	28.782	H3H|Omphalotus_olearius	540	351	0.65	1177.1
GCA_028751425.1	Penicillium rubens	yes	H3H	JAQSHQ010000035.1	-	1996931	1997395	6	44.7	0.000122	33.645	H3H|Panellus_stipticus	428	132	0.3084	260.1
GCA_028751425.1	Penicillium rubens	yes	H3H	JAQSHQ010000042.1	-	1671681	1672007	5	43.1	0.000334	28.571	H3H|Panellus_stipticus	428	134	0.3131	214.7
GCA_028751425.1	Penicillium rubens	yes	H3H	JAQSHQ010000032.1	+	193191	193319	1	42.0	0.000757	39.535	H3H|Neonothopanus_gardneri	416	43	0.1034	42.0
GCA_028751425.1	Penicillium rubens	yes	CPH	JAQSHQ010000035.1	+	2767432	2768346	6	215.0	3.08e-63	43.366	CPH|Armillaria_fuscipes	294	314	1.068	1221.0
GCA_028751425.1	Penicillium rubens	yes	CPH	JAQSHQ010000035.1	-	2373136	2374100	18	88.6	9.06e-45	38.261	CPH|Armillaria_ostoyae	302	310	1.0265	1259.0
GCA_028751425.1	Penicillium rubens	yes	CPH	JAQSHQ010000021.1	-	1807973	1808908	6	210.0	6.8e-61	39.13	CPH|Neonothopanus_gardneri	321	319	0.9938	1207.0
GCA_028751425.1	Penicillium rubens	yes	CPH	JAQSHQ010000021.1	-	6398834	6399920	17	144.0	1.95e-38	36.402	CPH|Armillaria_gallica	302	319	1.0563	1462.2
GCA_028751425.1	Penicillium rubens	yes	CPH	JAQSHQ010000021.1	+	4429034	4430202	12	141.0	1.19e-37	42.342	CPH|Armillaria_fuscipes	294	316	1.0748	1117.3
GCA_028751425.1	Penicillium rubens	yes	CPH	JAQSHQ010000021.1	+	5422199	5423241	17	154.0	6.78e-42	41.546	CPH|Armillaria_gallica	302	312	1.0331	1452.5
GCA_028751425.1	Penicillium rubens	yes	CPH	JAQSHQ010000013.1	-	1073757	1074811	12	139.0	7.74e-37	46.328	CPH|Armillaria_fuscipes	294	292	0.9932	1088.0
GCA_028751425.1	Penicillium rubens	yes	CPH	JAQSHQ010000013.1	+	119778	120140	6	69.7	5.7e-13	35.246	CPH|Neonothopanus_gardneri	321	130	0.405	329.7
GCA_028751425.1	Penicillium rubens	yes	Luz	JAQSHQ010000040.1	-	60154	60984	12	86.3	4.73e-19	27.778	Luz|Mycena_chlorophos	251	239	0.9522	974.6
GCA_000226395.1	Penicillium rubens	yes	HispS	AM920437.1	+	1932297	1934774	12	351.0	2.71e-97	33.253	HispS|Armillaria_fuscipes	1774	886	0.4994	3505.9
GCA_000226395.1	Penicillium rubens	yes	HispS	AM920437.1	+	2140021	2140804	2	45.4	1.74e-07	26.446	HispS|Mycena_citricolor	1678	230	0.1371	75.8
GCA_000226395.1	Penicillium rubens	yes	HispS	AM920437.1	+	2251334	2252155	6	50.1	1.41e-05	27.568	HispS|Armillaria_ostoyae	1770	286	0.1616	289.6
GCA_000226395.1	Penicillium rubens	yes	HispS	AM920437.1	+	5402376	5405401	33	85.5	3.02e-16	33.81	HispS|Armillaria_ostoyae	1770	916	0.5175	2337.7
GCA_000226395.1	Penicillium rubens	yes	HispS	AM920437.1	+	5597725	5600546	37	114.0	5.9e-25	30.272	HispS|Armillaria_fuscipes	1774	871	0.491	2561.9
GCA_000226395.1	Penicillium rubens	yes	HispS	AM920437.1	-	4070259	4071038	10	79.3	2.11e-14	28.996	HispS|Neonothopanus_nambi	1678	436	0.2598	608.9
GCA_000226395.1	Penicillium rubens	yes	HispS	AM920437.1	-	4706150	4706533	1	48.5	4.62e-05	26.119	HispS|Mycena_citricolor	1678	128	0.0763	48.5
GCA_000226395.1	Penicillium rubens	yes	HispS	AM920436.1	+	221903	224725	32	186.0	6.29e-47	32.576	HispS|Armillaria_ostoyae	1770	980	0.5537	3191.8
GCA_000226395.1	Penicillium rubens	yes	HispS	AM920436.1	+	1202076	1204376	11	256.0	3.05e-68	29.924	HispS|Guyanagaster_necrorhiza	1766	784	0.4439	2473.0
GCA_000226395.1	Penicillium rubens	yes	HispS	AM920436.1	+	2955139	2958066	11	323.0	1.25e-88	27.568	HispS|Armillaria_ostoyae	1770	1041	0.5881	3117.0
GCA_000226395.1	Penicillium rubens	yes	HispS	AM920436.1	+	2997605	3001342	2	53.5	1.26e-06	21.137	HispS|Neonothopanus_gardneri	1691	645	0.3814	98.9
GCA_000226395.1	Penicillium rubens	yes	HispS	AM920436.1	+	3771938	3774694	12	293.0	2.22e-79	27.826	HispS|Armillaria_fuscipes	1774	980	0.5524	2911.4
GCA_000226395.1	Penicillium rubens	yes	HispS	AM920436.1	+	5035042	5038587	2	48.5	4.43e-05	28.07	HispS|Neonothopanus_nambi	1678	142	0.0846	96.3
GCA_000226395.1	Penicillium rubens	yes	HispS	AM920436.1	-	934758	956588	45	210.0	5.22e-54	27.043	HispS|Guyanagaster_necrorhiza	1766	886	0.5017	5567.1
GCA_000226395.1	Penicillium rubens	yes	HispS	AM920436.1	-	1143795	1146786	22	211.0	1.89e-54	26.793	HispS|Panellus_stipticus	1504	958	0.637	3333.2
GCA_000226395.1	Penicillium rubens	yes	HispS	AM920436.1	-	1196154	1199093	11	257.0	2.61e-68	25.241	HispS|Armillaria_fuscipes	1774	978	0.5513	2448.0
GCA_000226395.1	Penicillium rubens	yes	HispS	AM920436.1	-	2536938	2548775	3	59.3	2.44e-08	23.427	HispS|Neonothopanus_gardneri	1691	603	0.3566	154.1
GCA_000226395.1	Penicillium rubens	yes	HispS	AM920436.1	-	2950349	2953213	12	311.0	5.21e-85	29.319	HispS|Armillaria_fuscipes	1774	983	0.5541	3115.7
GCA_000226395.1	Penicillium rubens	yes	HispS	AM920436.1	-	3561205	3564329	34	160.0	8.07e-39	32.295	HispS|Armillaria_gallica	1771	1001	0.5652	2978.8
GCA_000226395.1	Penicillium rubens	yes	HispS	AM920436.1	-	5208603	5209085	1	44.7	0.000654	29.885	HispS|Neonothopanus_gardneri	1691	169	0.0999	44.7
GCA_000226395.1	Penicillium rubens	yes	HispS	AM920431.1	+	855791	858313	32	114.0	4.86e-55	33.476	HispS|Armillaria_gallica	1771	799	0.4512	2544.0
GCA_000226395.1	Penicillium rubens	yes	HispS	AM920431.1	+	1088816	1093642	7	50.8	9.64e-06	22.792	HispS|Neonothopanus_nambi	1678	531	0.3164	330.1
GCA_000226395.1	Penicillium rubens	yes	HispS	AM920431.1	+	1147380	1150258	34	140.0	8.59e-46	32.056	HispS|Mycena_citricolor	1678	912	0.5435	2799.3
GCA_000226395.1	Penicillium rubens	yes	HispS	AM920431.1	+	2591999	2594732	23	176.0	3.94e-71	31.552	HispS|Mycena_citricolor	1678	982	0.5852	3184.5
GCA_000226395.1	Penicillium rubens	yes	HispS	AM920431.1	+	3325091	3327748	12	312.0	2.48e-85	29.129	HispS|Armillaria_fuscipes	1774	925	0.5214	3107.8
GCA_000226395.1	Penicillium rubens	yes	HispS	AM920431.1	-	82370	84946	12	309.0	2.97e-84	30.094	HispS|Armillaria_gallica	1771	905	0.511	3209.5
GCA_000226395.1	Penicillium rubens	yes	HispS	AM920431.1	-	2385014	2386828	4	54.3	8.57e-07	23.451	HispS|Armillaria_gallica	1771	644	0.3636	202.5
GCA_000226395.1	Penicillium rubens	yes	HispS	AM920431.1	-	2756418	2759690	41	164.0	2.96e-48	35.889	HispS|Armillaria_fuscipes	1774	926	0.522	2993.5
GCA_000226395.1	Penicillium rubens	yes	HispS	AM920429.1	+	13614	16622	12	307.0	7.22e-84	29.553	HispS|Armillaria_gallica	1771	992	0.5601	3060.1
GCA_000226395.1	Penicillium rubens	yes	HispS	AM920429.1	+	417805	418812	4	54.7	5.71e-07	24.638	HispS|Guyanagaster_necrorhiza	1766	368	0.2084	205.3
GCA_000226395.1	Penicillium rubens	yes	HispS	AM920427.1	+	657339	660174	22	243.0	3.94e-75	29.802	HispS|Armillaria_gallica	1771	969	0.5471	2984.4
GCA_000226395.1	Penicillium rubens	yes	HispS	AM920427.1	+	1291008	1291745	7	56.2	2.38e-07	24.0	HispS|Armillaria_gallica	1771	259	0.1462	357.8
GCA_000226395.1	Penicillium rubens	yes	HispS	AM920427.1	+	1313664	1316674	23	216.0	1.02e-75	33.26	HispS|Armillaria_gallica	1771	971	0.5483	3063.8
GCA_000226395.1	Penicillium rubens	yes	HispS	AM920428.1	-	1070743	1074018	34	132.0	3.57e-54	35.586	HispS|Armillaria_fuscipes	1774	966	0.5445	3193.9
GCA_000226395.1	Penicillium rubens	yes	HispS	AM920428.1	-	2098634	2101605	37	110.0	1.67e-44	34.848	HispS|Panellus_stipticus_2	1601	977	0.6102	3311.3
GCA_000226395.1	Penicillium rubens	yes	HispS	AM920435.1	-	92181	93197	9	73.9	1.07e-12	28.352	HispS|Armillaria_gallica	1771	489	0.2761	553.4
GCA_000226395.1	Penicillium rubens	yes	HispS	AM920435.1	-	513955	514743	3	55.5	4.05e-07	23.438	HispS|Guyanagaster_necrorhiza	1766	312	0.1767	158.7
GCA_000226395.1	Penicillium rubens	yes	HispS	AM920435.1	+	2251514	2252797	4	54.3	8.86e-07	24.0	HispS|Armillaria_gallica	1771	461	0.2603	209.0
GCA_000226395.1	Penicillium rubens	yes	HispS	AM920435.1	+	2505318	2505725	1	47.4	0.000111	27.972	HispS|Neonothopanus_gardneri	1691	135	0.0798	47.4
GCA_000226395.1	Penicillium rubens	yes	HispS	AM920428.1	+	3482536	3483702	2	51.6	5.5e-06	23.62	HispS|Neonothopanus_gardneri	1691	430	0.2543	97.4
GCA_000226395.1	Penicillium rubens	yes	HispS	AM920427.1	-	3172091	3172447	1	44.7	0.000606	27.612	HispS|Neonothopanus_gardneri	1691	121	0.0716	44.7
GCA_000226395.1	Penicillium rubens	yes	H3H	AM920427.1	+	3304655	3305674	7	57.0	1.74e-08	23.641	H3H|Armillaria_mellea	429	360	0.8392	355.4
GCA_000226395.1	Penicillium rubens	yes	H3H	AM920427.1	+	3368742	3369930	28	148.0	1.8e-38	29.373	H3H|Neonothopanus_gardneri	416	387	0.9303	2777.9
GCA_000226395.1	Penicillium rubens	yes	H3H	AM920437.1	+	4188573	4189910	25	125.0	5.61e-30	26.705	H3H|Omphalotus_olearius	540	381	0.7056	1953.2
GCA_000226395.1	Penicillium rubens	yes	H3H	AM920437.1	-	4358227	4359546	14	87.0	4.45e-18	24.823	H3H|Neonothopanus_nambi	422	408	0.9668	1049.1
GCA_000226395.1	Penicillium rubens	yes	H3H	AM920437.1	-	5879446	5880675	9	59.7	2.05e-09	24.148	H3H|Neonothopanus_gardneri	416	397	0.9543	440.3
GCA_000226395.1	Penicillium rubens	yes	H3H	AM920421.1	+	40162	41334	15	130.0	2.72e-32	29.973	H3H|Panellus_stipticus	428	391	0.9136	1720.6
GCA_000226395.1	Penicillium rubens	yes	H3H	AM920431.1	-	1364332	1365788	36	75.1	7.35e-14	33.01	H3H|Omphalotus_olearius	540	356	0.6593	1852.2
GCA_000226395.1	Penicillium rubens	yes	H3H	AM920431.1	-	2372269	2373519	14	106.0	2.46e-24	28.093	H3H|Panellus_stipticus	428	417	0.9743	1363.5
GCA_000226395.1	Penicillium rubens	yes	H3H	AM920435.1	-	1102522	1103773	25	102.0	4.24e-29	30.0	H3H|Omphalotus_olearius	540	398	0.737	1742.8
GCA_000226395.1	Penicillium rubens	yes	H3H	AM920435.1	-	1496843	1498199	28	99.8	3.7e-22	33.951	H3H|Armillaria_fuscipes	426	290	0.6808	2001.1
GCA_000226395.1	Penicillium rubens	yes	H3H	AM920435.1	+	422810	424082	17	52.8	3.54e-07	36.937	H3H|Guyanagaster_necrorhiza	443	284	0.6411	800.9
GCA_000226395.1	Penicillium rubens	yes	H3H	AM920436.1	+	2390768	2391831	27	51.6	6.29e-14	24.096	H3H|Armillaria_mellea	429	324	0.7552	1109.0
GCA_000226395.1	Penicillium rubens	yes	H3H	AM920436.1	+	3072329	3073384	16	87.8	3.02e-18	27.123	H3H|Armillaria_mellea	429	336	0.7832	1074.5
GCA_000226395.1	Penicillium rubens	yes	H3H	AM920436.1	+	3298804	3306169	54	54.3	3.39e-24	31.356	H3H|Neonothopanus_gardneri	416	388	0.9327	2406.5
GCA_000226395.1	Penicillium rubens	yes	H3H	AM920436.1	-	965433	965985	3	44.7	0.000105	37.838	H3H|Armillaria_mellea	429	165	0.3846	118.3
GCA_000226395.1	Penicillium rubens	yes	H3H	AM920436.1	-	1190221	1191433	18	82.8	1.26e-16	29.741	H3H|Panellus_stipticus_3	428	324	0.757	1151.7
GCA_000226395.1	Penicillium rubens	yes	H3H	AM920436.1	-	3646296	3647414	14	72.8	2.16e-13	26.667	H3H|Guyanagaster_necrorhiza	443	374	0.8442	926.8
GCA_000226395.1	Penicillium rubens	yes	H3H	AM920428.1	-	3611534	3612681	17	87.8	7.83e-18	28.782	H3H|Omphalotus_olearius	540	351	0.65	1177.1
GCA_000226395.1	Penicillium rubens	yes	H3H	AM920430.1	-	216285	216560	14	62.0	3.85e-10	41.379	H3H|Mycena_chlorophos	422	105	0.2488	799.9
GCA_000226395.1	Penicillium rubens	yes	H3H	AM920430.1	+	458612	459673	8	56.2	2.63e-08	23.393	H3H|Armillaria_gallica	422	373	0.8839	413.3
GCA_000226395.1	Penicillium rubens	yes	H3H	AM920433.1	-	1368704	1369168	6	44.7	0.000112	33.645	H3H|Panellus_stipticus	428	132	0.3084	260.1
GCA_000226395.1	Penicillium rubens	yes	H3H	AM920431.1	+	1371200	1371865	2	50.4	1.87e-06	25.882	H3H|Mycena_chlorophos	422	213	0.5047	95.8
GCA_000226395.1	Penicillium rubens	yes	H3H	AM920427.1	-	1730449	1730775	5	43.1	0.000309	28.571	H3H|Panellus_stipticus	428	134	0.3131	214.7
GCA_000226395.1	Penicillium rubens	yes	CPH	AM920429.1	-	294611	295525	6	215.0	2.84e-63	43.366	CPH|Armillaria_fuscipes	294	314	1.068	1221.0
GCA_000226395.1	Penicillium rubens	yes	CPH	AM920437.1	-	1770406	1771341	6	210.0	6.29e-61	39.13	CPH|Neonothopanus_gardneri	321	319	0.9938	1207.0
GCA_000226395.1	Penicillium rubens	yes	CPH	AM920437.1	+	4190491	4191659	12	141.0	1.1e-37	42.342	CPH|Armillaria_fuscipes	294	316	1.0748	1117.3
GCA_000226395.1	Penicillium rubens	yes	CPH	AM920437.1	+	5183749	5184791	17	154.0	6.28e-42	41.546	CPH|Armillaria_gallica	302	312	1.0331	1452.5
GCA_000226395.1	Penicillium rubens	yes	CPH	AM920428.1	-	518095	519059	18	88.6	8.35e-45	38.261	CPH|Armillaria_ostoyae	302	310	1.0265	1259.0
GCA_000226395.1	Penicillium rubens	yes	CPH	AM920428.1	-	820326	821412	17	144.0	1.8e-38	36.402	CPH|Armillaria_gallica	302	319	1.0563	1462.2
GCA_000226395.1	Penicillium rubens	yes	CPH	AM920435.1	+	570499	571553	15	139.0	7.17e-37	46.328	CPH|Armillaria_fuscipes	294	312	1.0612	1135.3
GCA_000226395.1	Penicillium rubens	yes	CPH	AM920435.1	-	1528852	1529214	6	69.7	5.28e-13	35.246	CPH|Neonothopanus_gardneri	321	130	0.405	329.7
GCA_000226395.1	Penicillium rubens	yes	Luz	AM920430.1	-	63697	64527	12	86.3	4.37e-19	27.778	Luz|Mycena_chlorophos	251	239	0.9522	974.6
GCA_000226395.1	Penicillium rubens	yes	Luz	AM920434.1	+	14074	14513	18	44.7	1.46e-08	34.94	Luz|Mycena_chlorophos	251	145	0.5777	605.3
GCA_011058885.1	Penicillium rubens	yes	HispS	SWKS01000031.1	+	162724	165201	12	351.0	2.74e-97	32.653	HispS|Armillaria_ostoyae	1770	886	0.5006	3513.9
GCA_011058885.1	Penicillium rubens	yes	HispS	SWKS01000007.1	-	5758	9495	2	53.5	1.39e-06	21.137	HispS|Neonothopanus_gardneri	1691	645	0.3814	98.9
GCA_011058885.1	Penicillium rubens	yes	HispS	SWKS01000007.1	-	49031	51958	11	325.0	3.96e-89	27.676	HispS|Armillaria_ostoyae	1770	1041	0.5881	3129.0
GCA_011058885.1	Penicillium rubens	yes	HispS	SWKS01000007.1	+	53884	56748	12	311.0	8.45e-85	29.319	HispS|Armillaria_fuscipes	1774	983	0.5541	3108.3
GCA_011058885.1	Penicillium rubens	yes	HispS	SWKS01000007.1	+	458061	469898	3	59.3	2.53e-08	23.427	HispS|Neonothopanus_gardneri	1691	603	0.3566	154.1
GCA_011058885.1	Penicillium rubens	yes	HispS	SWKS01000018.1	+	87097	89754	12	312.0	2.55e-85	29.129	HispS|Armillaria_fuscipes	1774	925	0.5214	3107.8
GCA_011058885.1	Penicillium rubens	yes	HispS	SWKS01000063.1	+	53006	55582	12	309.0	2.91e-84	30.094	HispS|Armillaria_gallica	1771	905	0.511	3209.5
GCA_011058885.1	Penicillium rubens	yes	HispS	SWKS01000012.1	-	391068	392075	4	54.7	5.92e-07	24.638	HispS|Guyanagaster_necrorhiza	1766	368	0.2084	205.3
GCA_011058885.1	Penicillium rubens	yes	HispS	SWKS01000012.1	-	787450	790458	12	307.0	8.45e-84	29.553	HispS|Armillaria_gallica	1771	992	0.5601	3058.1
GCA_011058885.1	Penicillium rubens	yes	HispS	SWKS01000017.1	+	499690	502446	12	293.0	1.58e-79	27.935	HispS|Armillaria_fuscipes	1774	980	0.5524	2907.4
GCA_011058885.1	Penicillium rubens	yes	HispS	SWKS01000017.1	-	289150	292511	34	161.0	2.75e-39	32.295	HispS|Armillaria_gallica	1771	1076	0.6076	2993.9
GCA_011058885.1	Penicillium rubens	yes	HispS	SWKS01000021.1	+	154012	157021	22	243.0	2.71e-75	29.802	HispS|Armillaria_gallica	1771	946	0.5342	2990.4
GCA_011058885.1	Penicillium rubens	yes	HispS	SWKS01000069.1	-	35369	57199	45	210.0	5.19e-54	27.043	HispS|Guyanagaster_necrorhiza	1766	886	0.5017	5537.9
GCA_011058885.1	Penicillium rubens	yes	HispS	SWKS01000006.1	+	775784	778723	11	257.0	2.7e-68	25.241	HispS|Armillaria_fuscipes	1774	978	0.5513	2448.0
GCA_011058885.1	Penicillium rubens	yes	HispS	SWKS01000006.1	+	828136	831127	22	211.0	1.98e-54	26.793	HispS|Panellus_stipticus	1504	958	0.637	3334.2
GCA_011058885.1	Penicillium rubens	yes	HispS	SWKS01000006.1	-	770504	772804	11	255.0	9.94e-68	29.658	HispS|Guyanagaster_necrorhiza	1766	784	0.4439	2465.0
GCA_011058885.1	Penicillium rubens	yes	HispS	SWKS01000004.1	+	134570	135307	7	56.2	2.46e-07	24.0	HispS|Armillaria_gallica	1771	259	0.1462	357.8
GCA_011058885.1	Penicillium rubens	yes	HispS	SWKS01000004.1	+	157243	160253	23	216.0	1.06e-75	33.26	HispS|Armillaria_gallica	1771	971	0.5483	3063.8
GCA_011058885.1	Penicillium rubens	yes	HispS	SWKS01000001.1	+	743477	746448	37	110.0	1.73e-44	34.848	HispS|Panellus_stipticus_2	1601	977	0.6102	3311.3
GCA_011058885.1	Penicillium rubens	yes	HispS	SWKS01000001.1	+	1770066	1773341	34	132.0	3.7e-54	35.586	HispS|Armillaria_fuscipes	1774	966	0.5445	3193.9
GCA_011058885.1	Penicillium rubens	yes	HispS	SWKS01000051.1	-	114624	117146	32	114.0	5.26e-55	33.476	HispS|Armillaria_gallica	1771	799	0.4512	2544.0
GCA_011058885.1	Penicillium rubens	yes	HispS	SWKS01000005.1	-	632928	634742	4	54.3	8.88e-07	23.451	HispS|Armillaria_gallica	1771	644	0.3636	202.5
GCA_011058885.1	Penicillium rubens	yes	HispS	SWKS01000005.1	-	999905	1003177	41	164.0	3.12e-48	35.889	HispS|Armillaria_fuscipes	1774	926	0.522	2999.5
GCA_011058885.1	Penicillium rubens	yes	HispS	SWKS01000005.1	+	839790	842523	23	176.0	4.09e-71	31.552	HispS|Mycena_citricolor	1678	982	0.5852	3184.5
GCA_011058885.1	Penicillium rubens	yes	HispS	SWKS01000032.1	+	105149	107971	32	187.0	3.28e-47	32.576	HispS|Armillaria_ostoyae	1770	980	0.5537	3195.9
GCA_011058885.1	Penicillium rubens	yes	HispS	SWKS01000054.1	+	9843	14669	7	50.8	9.94e-06	22.792	HispS|Neonothopanus_nambi	1678	531	0.3164	330.1
GCA_011058885.1	Penicillium rubens	yes	HispS	SWKS01000054.1	+	68396	71274	34	140.0	9.13e-46	32.056	HispS|Mycena_citricolor	1678	912	0.5435	2799.3
GCA_011058885.1	Penicillium rubens	yes	HispS	SWKS01000026.1	-	96750	99571	37	114.0	6.1e-25	30.272	HispS|Armillaria_fuscipes	1774	871	0.491	2569.1
GCA_011058885.1	Penicillium rubens	yes	HispS	SWKS01000026.1	-	291835	294860	33	85.5	3.12e-16	33.81	HispS|Armillaria_ostoyae	1770	916	0.5175	2337.7
GCA_011058885.1	Penicillium rubens	yes	HispS	SWKS01000022.1	-	80074	81090	9	73.9	1.1e-12	28.352	HispS|Armillaria_gallica	1771	489	0.2761	553.4
GCA_011058885.1	Penicillium rubens	yes	HispS	SWKS01000022.1	-	502035	502823	3	53.9	1.02e-06	23.125	HispS|Guyanagaster_necrorhiza	1766	312	0.1767	154.4
GCA_011058885.1	Penicillium rubens	yes	HispS	SWKS01000003.1	-	71214	71993	10	79.3	2.18e-14	28.996	HispS|Neonothopanus_nambi	1678	436	0.2598	608.9
GCA_011058885.1	Penicillium rubens	yes	HispS	SWKS01000003.1	-	707144	707527	1	48.5	4.99e-05	26.119	HispS|Mycena_citricolor	1678	128	0.0763	48.5
GCA_011058885.1	Penicillium rubens	yes	HispS	SWKS01000029.1	-	205457	206740	4	54.3	9.17e-07	24.0	HispS|Armillaria_gallica	1771	461	0.2603	209.0
GCA_011058885.1	Penicillium rubens	yes	HispS	SWKS01000039.1	-	247341	248162	6	50.1	1.46e-05	27.568	HispS|Armillaria_ostoyae	1770	286	0.1616	289.6
GCA_011058885.1	Penicillium rubens	yes	HispS	SWKS01000016.1	-	217025	218191	2	51.6	5.69e-06	23.62	HispS|Neonothopanus_gardneri	1691	430	0.2543	97.4
GCA_011058885.1	Penicillium rubens	yes	HispS	SWKS01000047.1	-	95310	96093	2	45.4	2.1e-07	26.446	HispS|Mycena_citricolor	1678	230	0.1371	75.8
GCA_011058885.1	Penicillium rubens	yes	HispS	SWKS01000009.1	+	46793	47200	1	47.4	0.000115	27.972	HispS|Neonothopanus_gardneri	1691	135	0.0798	47.4
GCA_011058885.1	Penicillium rubens	yes	HispS	SWKS01000028.1	+	315147	315503	1	44.7	0.000628	27.612	HispS|Neonothopanus_gardneri	1691	121	0.0716	44.7
GCA_011058885.1	Penicillium rubens	yes	HispS	SWKS01000042.1	-	201298	201780	1	44.7	0.000676	29.885	HispS|Neonothopanus_gardneri	1691	169	0.0999	44.7
GCA_011058885.1	Penicillium rubens	yes	HispS	SWKS01000042.1	+	30834	34379	2	47.8	7.58e-05	24.793	HispS|Neonothopanus_nambi	1678	142	0.0846	95.6
GCA_011058885.1	Penicillium rubens	yes	H3H	SWKS01000028.1	-	117778	118966	28	148.0	1.86e-38	29.373	H3H|Neonothopanus_gardneri	416	387	0.9303	2777.9
GCA_011058885.1	Penicillium rubens	yes	H3H	SWKS01000028.1	-	182071	183054	5	57.4	1.27e-08	23.641	H3H|Armillaria_mellea	429	350	0.8159	259.6
GCA_011058885.1	Penicillium rubens	yes	H3H	SWKS01000003.1	+	189545	190882	25	125.0	5.81e-30	26.705	H3H|Omphalotus_olearius	540	381	0.7056	1953.2
GCA_011058885.1	Penicillium rubens	yes	H3H	SWKS01000003.1	-	359203	360522	14	87.0	4.61e-18	24.823	H3H|Neonothopanus_nambi	422	408	0.9668	1049.1
GCA_011058885.1	Penicillium rubens	yes	H3H	SWKS01000010.1	+	45107	46168	8	56.6	2.46e-08	23.65	H3H|Armillaria_gallica	422	373	0.8839	413.7
GCA_011058885.1	Penicillium rubens	yes	H3H	SWKS01000010.1	+	161721	162893	15	130.0	2.82e-32	29.973	H3H|Panellus_stipticus	428	391	0.9136	1720.6
GCA_011058885.1	Penicillium rubens	yes	H3H	SWKS01000017.1	+	32986	34457	43	66.6	4.73e-28	28.07	H3H|Neonothopanus_gardneri	416	391	0.9399	2159.4
GCA_011058885.1	Penicillium rubens	yes	H3H	SWKS01000017.1	-	374249	375367	14	72.8	2.23e-13	26.667	H3H|Guyanagaster_necrorhiza	443	374	0.8442	926.8
GCA_011058885.1	Penicillium rubens	yes	H3H	SWKS01000005.1	-	620183	621433	14	106.0	2.54e-24	28.093	H3H|Panellus_stipticus	428	417	0.9743	1363.5
GCA_011058885.1	Penicillium rubens	yes	H3H	SWKS01000014.1	+	81060	82311	25	102.0	4.48e-29	30.0	H3H|Omphalotus_olearius	540	398	0.737	1742.8
GCA_011058885.1	Penicillium rubens	yes	H3H	SWKS01000013.1	-	305464	306820	28	99.8	3.83e-22	33.951	H3H|Armillaria_fuscipes	426	290	0.6808	2001.1
GCA_011058885.1	Penicillium rubens	yes	H3H	SWKS01000025.1	+	65418	66473	16	87.8	3.12e-18	27.123	H3H|Armillaria_mellea	429	336	0.7832	1074.5
GCA_011058885.1	Penicillium rubens	yes	H3H	SWKS01000025.1	+	372952	373227	14	62.0	3.99e-10	41.379	H3H|Mycena_chlorophos	422	105	0.2488	799.9
GCA_011058885.1	Penicillium rubens	yes	H3H	SWKS01000016.1	+	88120	89267	17	87.8	8.1e-18	28.782	H3H|Omphalotus_olearius	540	351	0.65	1177.1
GCA_011058885.1	Penicillium rubens	yes	H3H	SWKS01000006.1	+	783444	784656	18	82.8	1.3e-16	29.741	H3H|Panellus_stipticus_3	428	324	0.757	1151.7
GCA_011058885.1	Penicillium rubens	yes	H3H	SWKS01000035.1	-	168021	169477	36	75.1	7.59e-14	33.01	H3H|Omphalotus_olearius	540	356	0.6593	1852.2
GCA_011058885.1	Penicillium rubens	yes	H3H	SWKS01000069.1	-	66044	66596	3	44.7	0.000109	37.838	H3H|Armillaria_mellea	429	165	0.3846	118.3
GCA_011058885.1	Penicillium rubens	yes	H3H	SWKS01000022.1	+	411132	412404	17	52.8	3.67e-07	36.937	H3H|Guyanagaster_necrorhiza	443	284	0.6411	800.9
GCA_011058885.1	Penicillium rubens	yes	H3H	SWKS01000027.1	-	75127	76338	8	50.8	1.53e-06	22.963	H3H|Guyanagaster_necrorhiza	443	389	0.8781	380.6
GCA_011058885.1	Penicillium rubens	yes	H3H	SWKS01000007.1	-	615016	616079	27	51.6	6.8e-14	24.096	H3H|Armillaria_mellea	429	324	0.7552	1109.0
GCA_011058885.1	Penicillium rubens	yes	H3H	SWKS01000037.1	-	158330	158794	6	44.7	0.000116	33.645	H3H|Panellus_stipticus	428	132	0.3084	260.1
GCA_011058885.1	Penicillium rubens	yes	H3H	SWKS01000035.1	+	174889	175554	2	50.4	1.93e-06	25.882	H3H|Mycena_chlorophos	422	213	0.5047	95.8
GCA_011058885.1	Penicillium rubens	yes	H3H	SWKS01000004.1	-	573307	573633	5	43.1	0.00032	28.571	H3H|Panellus_stipticus	428	134	0.3131	214.7
GCA_011058885.1	Penicillium rubens	yes	CPH	SWKS01000012.1	+	508503	509417	6	215.0	2.95e-63	43.366	CPH|Armillaria_fuscipes	294	314	1.068	1221.0
GCA_011058885.1	Penicillium rubens	yes	CPH	SWKS01000012.1	-	114266	115230	18	88.6	8.86e-45	38.261	CPH|Armillaria_ostoyae	302	310	1.0265	1259.0
GCA_011058885.1	Penicillium rubens	yes	CPH	SWKS01000031.1	-	850	1785	6	210.0	6.51e-61	39.13	CPH|Neonothopanus_gardneri	321	319	0.9938	1207.0
GCA_011058885.1	Penicillium rubens	yes	CPH	SWKS01000027.1	-	358511	359597	17	144.0	1.87e-38	36.402	CPH|Armillaria_gallica	302	319	1.0563	1462.2
GCA_011058885.1	Penicillium rubens	yes	CPH	SWKS01000044.1	-	90987	92029	17	154.0	6.48e-42	41.546	CPH|Armillaria_gallica	302	312	1.0331	1452.5
GCA_011058885.1	Penicillium rubens	yes	CPH	SWKS01000003.1	+	191463	192631	12	141.0	1.14e-37	42.342	CPH|Armillaria_fuscipes	294	316	1.0748	1117.3
GCA_011058885.1	Penicillium rubens	yes	CPH	SWKS01000014.1	-	610104	611158	12	139.0	7.42e-37	46.328	CPH|Armillaria_fuscipes	294	292	0.9932	1088.0
GCA_011058885.1	Penicillium rubens	yes	CPH	SWKS01000013.1	-	337472	337834	6	69.7	5.46e-13	35.246	CPH|Neonothopanus_gardneri	321	130	0.405	329.7
GCA_011058885.1	Penicillium rubens	yes	Luz	SWKS01000050.1	-	46240	47070	12	86.3	4.52e-19	27.778	Luz|Mycena_chlorophos	251	239	0.9522	974.6
GCA_001477535.1	Pneumocystis jirovecii	yes	HispS	LFWA01000013.1	+	228297	228647	4	53.1	4.69e-07	31.731	HispS|Mycena_citricolor	1678	206	0.1228	189.8
GCA_001477535.1	Pneumocystis jirovecii	yes	CPH	LFWA01000003.1	+	337090	337338	5	47.4	1.93e-06	29.545	CPH|Armillaria_fuscipes	294	114	0.3878	224.6
GCA_000333975.2	Pneumocystis jirovecii	yes	HispS	CAKM01000259.1	+	32651	33001	4	53.1	4.53e-07	31.731	HispS|Mycena_citricolor	1678	206	0.1228	189.8
GCA_000333975.2	Pneumocystis jirovecii	yes	CPH	CAKM01000174.1	+	47374	47655	5	46.6	3.38e-06	28.723	CPH|Armillaria_fuscipes	294	108	0.3673	223.7
GCA_002571455.1	Pneumocystis jirovecii	no	HispS	NJFV01000029.1	-	132393	132743	4	53.1	4.51e-07	31.731	HispS|Mycena_citricolor	1678	206	0.1228	189.8
GCA_002571455.1	Pneumocystis jirovecii	no	CPH	NJFV01000033.1	+	144662	144910	5	47.4	1.86e-06	29.545	CPH|Armillaria_fuscipes	294	114	0.3878	224.6
GCA_017654855.1	Podospora anserina	no	HispS	CM030333.1	-	503984	506947	11	332.0	1.62e-91	29.465	HispS|Armillaria_ostoyae	1770	1014	0.5729	3243.0
GCA_017654855.1	Podospora anserina	no	HispS	CM030333.1	-	1080086	1081534	4	54.3	9.31e-07	22.984	HispS|Armillaria_mellea	1768	466	0.2636	197.9
GCA_017654855.1	Podospora anserina	no	HispS	CM030333.1	-	3073757	3074581	2	46.2	0.000237	23.944	HispS|Neonothopanus_nambi	1678	270	0.1609	91.6
GCA_017654855.1	Podospora anserina	no	HispS	CM030333.1	+	2770351	2773101	11	319.0	2.19e-87	29.57	HispS|Armillaria_gallica	1771	959	0.5415	3091.0
GCA_017654855.1	Podospora anserina	no	HispS	CM030333.1	+	2915426	2937894	13	275.0	7.52e-74	27.825	HispS|Mycena_citricolor	1678	975	0.581	2783.4
GCA_017654855.1	Podospora anserina	no	HispS	CM030332.1	-	1874625	1884506	13	324.0	5.81e-89	29.654	HispS|Armillaria_gallica	1771	1096	0.6189	3229.7
GCA_017654855.1	Podospora anserina	no	HispS	CM030332.1	-	4130266	4132999	34	156.0	1.27e-74	33.228	HispS|Armillaria_ostoyae	1770	930	0.5254	3217.7
GCA_017654855.1	Podospora anserina	no	HispS	CM030335.1	+	52841	55480	11	308.0	5.09e-84	31.117	HispS|Mycena_citricolor	1678	920	0.5483	3036.0
GCA_017654855.1	Podospora anserina	no	HispS	CM030335.1	+	1107483	1108619	8	58.5	5.45e-08	25.63	HispS|Armillaria_fuscipes	1774	329	0.1855	414.7
GCA_017654855.1	Podospora anserina	no	HispS	CM030335.1	+	1584911	1587758	23	186.0	1.44e-60	26.826	HispS|Guyanagaster_necrorhiza	1766	933	0.5283	2365.2
GCA_017654855.1	Podospora anserina	no	HispS	CM030335.1	-	625948	627714	2	52.4	2.96e-06	21.99	HispS|Neonothopanus_nambi	1678	587	0.3498	99.8
GCA_017654855.1	Podospora anserina	no	HispS	CM030335.1	-	3046100	3047320	3	48.1	5.7e-05	29.008	HispS|Mycena_citricolor	1678	407	0.2426	139.0
GCA_017654855.1	Podospora anserina	no	HispS	CM030335.1	-	3738006	3750984	2	51.6	5.36e-06	23.282	HispS|Neonothopanus_nambi	1678	448	0.267	102.8
GCA_017654855.1	Podospora anserina	no	HispS	CM030335.1	-	3822500	3822961	2	45.4	0.000383	26.506	HispS|Neonothopanus_nambi	1678	166	0.0989	90.1
GCA_017654855.1	Podospora anserina	no	HispS	CM030336.1	+	358863	362030	26	215.0	5.42e-62	27.094	HispS|Armillaria_gallica	1771	906	0.5116	3003.3
GCA_017654855.1	Podospora anserina	no	HispS	CM030336.1	+	504434	507614	23	254.0	1.94e-67	30.494	HispS|Armillaria_gallica	1771	1002	0.5658	3234.2
GCA_017654855.1	Podospora anserina	no	HispS	CM030336.1	+	1636767	1639957	22	150.0	5.11e-36	31.962	HispS|Armillaria_ostoyae	1770	933	0.5271	2712.4
GCA_017654855.1	Podospora anserina	no	HispS	CM030336.1	+	2936330	2939330	19	271.0	2.69e-75	28.588	HispS|Neonothopanus_nambi	1678	990	0.59	2979.7
GCA_017654855.1	Podospora anserina	no	HispS	CM030336.1	+	4618633	4623195	15	286.0	3.25e-77	28.368	HispS|Armillaria_mellea	1768	1182	0.6686	3028.0
GCA_017654855.1	Podospora anserina	no	HispS	CM030336.1	-	1002307	1005056	42	110.0	6.32e-44	38.272	HispS|Armillaria_gallica	1771	922	0.5206	3085.7
GCA_017654855.1	Podospora anserina	no	HispS	CM030336.1	-	3154232	3156920	22	222.0	9.81e-58	31.25	HispS|Armillaria_fuscipes	1774	887	0.5	3120.0
GCA_017654855.1	Podospora anserina	no	HispS	CM030336.1	-	3410707	3413781	22	249.0	3.33e-66	25.763	HispS|Mycena_citricolor	1678	979	0.5834	2672.4
GCA_017654855.1	Podospora anserina	no	HispS	CM030337.1	-	3265362	3275891	32	162.0	1.28e-39	26.575	HispS|Panellus_stipticus	1504	1100	0.7314	2928.8
GCA_017654855.1	Podospora anserina	no	HispS	CM030337.1	+	26095	29258	40	90.9	6.14e-18	26.471	HispS|Panellus_stipticus_2	1601	977	0.6102	2738.1
GCA_017654855.1	Podospora anserina	no	HispS	CM030337.1	+	2966721	2969894	34	104.0	2.25e-38	38.961	HispS|Mycena_citricolor	1678	870	0.5185	2634.5
GCA_017654855.1	Podospora anserina	no	HispS	CM030337.1	+	3899171	3900046	1	57.0	1.19e-07	23.03	HispS|Neonothopanus_gardneri	1691	309	0.1827	57.0
GCA_017654855.1	Podospora anserina	no	HispS	CM030337.1	+	3985086	3985565	1	45.8	0.000364	27.439	HispS|Armillaria_ostoyae	1770	141	0.0797	45.8
GCA_017654855.1	Podospora anserina	no	HispS	CM030337.1	+	4069310	4072305	42	100.0	2.96e-35	36.97	HispS|Armillaria_mellea	1768	909	0.5141	2789.1
GCA_017654855.1	Podospora anserina	no	HispS	CM030334.1	-	726263	728908	24	181.0	1.96e-51	36.9	HispS|Armillaria_fuscipes	1774	892	0.5028	2528.5
GCA_017654855.1	Podospora anserina	no	HispS	CM030334.1	-	1253009	1253497	2	48.1	7.03e-05	29.703	HispS|Mycena_citricolor	1678	157	0.0936	93.5
GCA_017654855.1	Podospora anserina	no	HispS	CM030338.1	+	2816795	2817481	11	65.9	2.86e-10	26.786	HispS|Armillaria_mellea	1768	320	0.181	690.1
GCA_017654855.1	Podospora anserina	no	HispS	CM030332.1	+	2553194	2554126	5	65.9	2.75e-10	26.549	HispS|Mycena_chlorophos	1652	326	0.1973	250.4
GCA_017654855.1	Podospora anserina	no	HispS	CM030334.1	+	2466812	2467369	3	51.2	7.96e-06	25.258	HispS|Armillaria_mellea	1768	203	0.1148	145.1
GCA_017654855.1	Podospora anserina	no	H3H	CM030337.1	+	2310387	2311640	9	69.7	1.73e-12	23.971	H3H|Neonothopanus_nambi	422	406	0.9621	520.3
GCA_017654855.1	Podospora anserina	no	H3H	CM030337.1	+	4279135	4280397	14	168.0	2.86e-45	32.041	H3H|Panellus_stipticus_3	428	407	0.9509	2238.0
GCA_017654855.1	Podospora anserina	no	H3H	CM030337.1	-	1373428	1374621	14	127.0	1.33e-31	27.321	H3H|Neonothopanus_gardneri	416	377	0.9062	1611.4
GCA_017654855.1	Podospora anserina	no	H3H	CM030337.1	-	3309970	3311235	1	47.0	2.36e-05	24.086	H3H|Armillaria_fuscipes	426	381	0.8944	47.0
GCA_017654855.1	Podospora anserina	no	H3H	CM030336.1	+	1835005	1836249	14	120.0	7.94e-29	29.688	H3H|Armillaria_ostoyae	426	417	0.9789	1445.7
GCA_017654855.1	Podospora anserina	no	H3H	CM030336.1	+	3036987	3037658	11	48.1	9.82e-06	26.667	H3H|Neonothopanus_nambi	422	181	0.4289	506.4
GCA_017654855.1	Podospora anserina	no	H3H	CM030336.1	+	3164874	3165779	8	57.8	1.02e-08	24.62	H3H|Armillaria_fuscipes	426	321	0.7535	427.9
GCA_017654855.1	Podospora anserina	no	H3H	CM030336.1	-	515280	516416	14	99.0	6.32e-22	28.608	H3H|Mycena_chlorophos	422	383	0.9076	1181.6
GCA_017654855.1	Podospora anserina	no	H3H	CM030332.1	-	5706930	5708075	14	92.4	8.77e-20	28.646	H3H|Mycena_chlorophos	422	395	0.936	1144.7
GCA_017654855.1	Podospora anserina	no	H3H	CM030332.1	-	5760757	5762130	52	90.5	4.78e-27	36.806	H3H|Mycena_chlorophos	422	387	0.9171	2701.3
GCA_017654855.1	Podospora anserina	no	H3H	CM030335.1	+	58578	59087	3	49.3	3.97e-06	30.168	H3H|Neonothopanus_gardneri	416	174	0.4183	135.9
GCA_017654855.1	Podospora anserina	no	H3H	CM030335.1	+	3539265	3539858	10	57.4	1.52e-08	28.667	H3H|Mycena_chlorophos	422	191	0.4526	476.8
GCA_017654855.1	Podospora anserina	no	H3H	CM030335.1	+	3777780	3778874	14	114.0	7.56e-27	27.226	H3H|Neonothopanus_gardneri	416	376	0.9038	1428.0
GCA_017654855.1	Podospora anserina	no	H3H	CM030335.1	-	3793784	3795128	28	70.9	7.41e-13	33.696	H3H|Neonothopanus_gardneri	416	342	0.8221	1704.6
GCA_017654855.1	Podospora anserina	no	H3H	CM030333.1	+	2736199	2737329	14	65.5	4.11e-11	27.202	H3H|Neonothopanus_gardneri	416	390	0.9375	726.3
GCA_017654855.1	Podospora anserina	no	H3H	CM030333.1	+	5148715	5149956	14	100.0	2.81e-22	28.457	H3H|Armillaria_gallica	422	415	0.9834	1132.6
GCA_017654855.1	Podospora anserina	no	H3H	CM030333.1	-	79840	80940	1	45.8	7.38e-05	26.065	H3H|Omphalotus_olearius	540	360	0.6667	45.8
GCA_017654855.1	Podospora anserina	no	H3H	CM030333.1	-	1518088	1519254	14	102.0	5.7e-23	27.47	H3H|Panellus_stipticus	428	379	0.8855	1234.7
GCA_017654855.1	Podospora anserina	no	H3H	CM030334.1	-	36036	37331	14	106.0	1.9e-24	25.164	H3H|Mycena_chlorophos	422	425	1.0071	1124.4
GCA_017654855.1	Podospora anserina	no	H3H	CM030334.1	+	479613	479888	8	45.4	5.97e-05	37.895	H3H|Neonothopanus_gardneri	416	106	0.2548	349.6
GCA_017654855.1	Podospora anserina	no	CPH	CM030337.1	+	2131401	2132325	12	196.0	3.11e-62	47.867	CPH|Armillaria_mellea	297	314	1.0572	1475.7
GCA_017654855.1	Podospora anserina	no	CPH	CM030337.1	+	3146688	3147320	6	174.0	2.04e-48	48.148	CPH|Neonothopanus_gardneri	321	224	0.6978	970.0
GCA_017654855.1	Podospora anserina	no	CPH	JAFMPO010000001.1	-	222963	223888	11	167.0	3.48e-46	44.279	CPH|Neonothopanus_gardneri	321	295	0.919	1090.8
GCA_017654855.1	Podospora anserina	no	CPH	CM030334.1	+	3711130	3711597	6	91.3	3.97e-20	36.667	CPH|Neonothopanus_gardneri	321	181	0.5639	463.7
GCA_017654855.1	Podospora anserina	no	CPH	CM030332.1	-	1538628	1538939	5	66.2	8.44e-12	36.19	CPH|Neonothopanus_gardneri	321	129	0.4019	317.0
GCA_017654855.1	Podospora anserina	no	Luz	CM030338.1	-	3858364	3859029	12	93.2	1.86e-21	37.5	Luz|Mycena_citricolor	246	219	0.8902	983.1
GCA_017654855.1	Podospora anserina	no	Luz	CM030332.1	-	2975815	2976630	12	87.8	1.78e-19	30.769	Luz|Omphalotus_olearius	261	249	0.954	948.5
GCA_000226545.1	Podospora anserina	yes	HispS	CU640366.1	-	209333	212296	11	332.0	1.57e-91	29.465	HispS|Armillaria_ostoyae	1770	1014	0.5729	3243.0
GCA_000226545.1	Podospora anserina	yes	HispS	CU640366.1	-	794733	796181	4	54.3	8.99e-07	22.984	HispS|Armillaria_mellea	1768	466	0.2636	197.9
GCA_000226545.1	Podospora anserina	yes	HispS	CU640366.1	-	2781633	2782457	2	46.2	0.000229	23.944	HispS|Neonothopanus_nambi	1678	270	0.1609	91.6
GCA_000226545.1	Podospora anserina	yes	HispS	CU640366.1	+	2477324	2480074	11	322.0	3.48e-88	29.86	HispS|Armillaria_gallica	1771	959	0.5415	3111.0
GCA_000226545.1	Podospora anserina	yes	HispS	CU640366.1	+	2622374	2644842	13	275.0	7.26e-74	27.825	HispS|Mycena_citricolor	1678	975	0.581	2783.4
GCA_000226545.1	Podospora anserina	yes	HispS	CU633438.1	-	1844813	1854694	13	324.0	5.6e-89	29.654	HispS|Armillaria_gallica	1771	1096	0.6189	3229.7
GCA_000226545.1	Podospora anserina	yes	HispS	CU633454.1	+	13351	15903	11	309.0	2.22e-84	31.117	HispS|Mycena_citricolor	1678	891	0.531	3056.0
GCA_000226545.1	Podospora anserina	yes	HispS	CU633876.1	-	286030	290592	15	286.0	3.11e-77	28.368	HispS|Armillaria_mellea	1768	1182	0.6686	3028.0
GCA_000226545.1	Podospora anserina	yes	HispS	CU633901.1	-	991422	994155	34	153.0	9.16e-74	32.911	HispS|Armillaria_ostoyae	1770	930	0.5254	3184.5
GCA_000226545.1	Podospora anserina	yes	HispS	CU633870.1	-	393655	396655	19	271.0	2.63e-75	28.588	HispS|Neonothopanus_nambi	1678	990	0.59	2979.7
GCA_000226545.1	Podospora anserina	yes	HispS	CU633870.1	+	174842	177530	22	222.0	9.41e-58	31.25	HispS|Armillaria_fuscipes	1774	887	0.5	3120.0
GCA_000226545.1	Podospora anserina	yes	HispS	CU633457.1	+	322755	325922	26	215.0	5.29e-62	27.094	HispS|Armillaria_gallica	1771	906	0.5116	3003.3
GCA_000226545.1	Podospora anserina	yes	HispS	CU633457.1	+	468584	471764	23	254.0	1.87e-67	30.494	HispS|Armillaria_gallica	1771	1002	0.5658	3234.2
GCA_000226545.1	Podospora anserina	yes	HispS	CU633457.1	-	935916	938665	42	110.0	7e-44	38.272	HispS|Armillaria_gallica	1771	922	0.5206	3079.5
GCA_000226545.1	Podospora anserina	yes	HispS	CU633463.1	+	84975	95503	32	162.0	1.21e-39	26.575	HispS|Panellus_stipticus	1504	1100	0.7314	2928.8
GCA_000226545.1	Podospora anserina	yes	HispS	CU633895.1	+	127826	130673	23	186.0	1.4e-60	26.826	HispS|Guyanagaster_necrorhiza	1766	933	0.5283	2365.2
GCA_000226545.1	Podospora anserina	yes	HispS	CU633895.1	-	1564057	1565277	3	48.1	5.51e-05	29.008	HispS|Mycena_citricolor	1678	407	0.2426	139.0
GCA_000226545.1	Podospora anserina	yes	HispS	CU633895.1	-	2239962	2252937	2	51.6	6.28e-06	23.282	HispS|Neonothopanus_nambi	1678	448	0.267	102.8
GCA_000226545.1	Podospora anserina	yes	HispS	CU633895.1	-	2324452	2324913	2	45.4	0.000369	26.506	HispS|Neonothopanus_nambi	1678	166	0.0989	90.1
GCA_000226545.1	Podospora anserina	yes	HispS	CU638743.1	-	42385	45030	25	181.0	1.77e-51	36.9	HispS|Armillaria_fuscipes	1774	892	0.5028	2574.3
GCA_000226545.1	Podospora anserina	yes	HispS	CU638743.1	-	573095	573583	2	48.1	6.79e-05	29.703	HispS|Mycena_citricolor	1678	157	0.0936	93.5
GCA_000226545.1	Podospora anserina	yes	HispS	CU633872.1	+	517239	518114	1	57.0	1.15e-07	23.03	HispS|Neonothopanus_gardneri	1691	309	0.1827	57.0
GCA_000226545.1	Podospora anserina	yes	HispS	CU633872.1	+	603624	604103	1	44.7	0.000786	26.829	HispS|Armillaria_ostoyae	1770	141	0.0797	44.7
GCA_000226545.1	Podospora anserina	yes	HispS	CU633872.1	+	686628	689623	42	100.0	2.95e-35	36.97	HispS|Armillaria_mellea	1768	909	0.5141	2789.1
GCA_000226545.1	Podospora anserina	yes	HispS	CU638744.1	+	2711994	2715167	34	104.0	2.18e-38	38.961	HispS|Mycena_citricolor	1678	870	0.5185	2634.5
GCA_000226545.1	Podospora anserina	yes	HispS	CU633866.1	+	210039	213229	22	150.0	4.91e-36	31.962	HispS|Armillaria_ostoyae	1770	933	0.5271	2729.9
GCA_000226545.1	Podospora anserina	yes	HispS	CU633865.1	-	57296	60369	32	160.0	6.08e-57	25.359	HispS|Mycena_citricolor	1678	979	0.5834	2674.5
GCA_000226545.1	Podospora anserina	yes	HispS	CU633898.1	+	24706	27869	40	90.9	5.9e-18	26.471	HispS|Panellus_stipticus_2	1601	977	0.6102	2738.1
GCA_000226545.1	Podospora anserina	yes	HispS	CU633900.1	+	2701092	2701778	11	65.9	2.76e-10	26.786	HispS|Armillaria_mellea	1768	320	0.181	690.1
GCA_000226545.1	Podospora anserina	yes	HispS	CU633455.1	+	229245	230381	8	58.5	5.26e-08	25.63	HispS|Armillaria_fuscipes	1774	329	0.1855	414.7
GCA_000226545.1	Podospora anserina	yes	HispS	CU638743.1	+	1776940	1777497	3	51.2	7.68e-06	25.258	HispS|Armillaria_mellea	1768	203	0.1148	145.1
GCA_000226545.1	Podospora anserina	yes	HispS	CU633454.1	-	599435	601201	2	52.4	2.85e-06	21.99	HispS|Neonothopanus_nambi	1678	587	0.3498	99.8
GCA_000226545.1	Podospora anserina	yes	H3H	CU633872.1	+	896506	897768	14	169.0	1.64e-45	32.041	H3H|Panellus_stipticus_3	428	407	0.9509	2250.0
GCA_000226545.1	Podospora anserina	yes	H3H	CU638744.1	-	1123839	1125032	14	128.0	8.13e-32	27.586	H3H|Neonothopanus_gardneri	416	377	0.9062	1616.8
GCA_000226545.1	Podospora anserina	yes	H3H	CU633866.1	+	409212	410456	14	120.0	7.65e-29	29.688	H3H|Armillaria_ostoyae	426	417	0.9789	1445.7
GCA_000226545.1	Podospora anserina	yes	H3H	CU633899.1	-	670904	672049	14	93.6	3.86e-20	28.646	H3H|Mycena_chlorophos	422	395	0.936	1154.6
GCA_000226545.1	Podospora anserina	yes	H3H	CU633899.1	-	724729	726102	52	90.5	4.7e-27	36.806	H3H|Mycena_chlorophos	422	387	0.9171	2701.3
GCA_000226545.1	Podospora anserina	yes	H3H	CU633895.1	+	2041169	2041762	10	57.4	1.47e-08	28.667	H3H|Mycena_chlorophos	422	191	0.4526	476.8
GCA_000226545.1	Podospora anserina	yes	H3H	CU633895.1	+	2279731	2280825	14	114.0	7.3e-27	27.226	H3H|Neonothopanus_gardneri	416	376	0.9038	1428.0
GCA_000226545.1	Podospora anserina	yes	H3H	CU633895.1	-	2295735	2297079	28	71.2	5.74e-13	33.696	H3H|Neonothopanus_gardneri	416	342	0.8221	1710.3
GCA_000226545.1	Podospora anserina	yes	H3H	CU633447.1	-	65622	66863	14	100.0	2.71e-22	28.457	H3H|Armillaria_gallica	422	415	0.9834	1132.6
GCA_000226545.1	Podospora anserina	yes	H3H	CU633448.1	-	21597	22892	14	106.0	1.83e-24	25.164	H3H|Mycena_chlorophos	422	425	1.0071	1124.4
GCA_000226545.1	Podospora anserina	yes	H3H	CU633448.1	+	493731	494006	8	45.4	5.76e-05	37.895	H3H|Neonothopanus_gardneri	416	106	0.2548	348.9
GCA_000226545.1	Podospora anserina	yes	H3H	CU633457.1	-	477253	478389	14	99.0	6.1e-22	28.608	H3H|Mycena_chlorophos	422	383	0.9076	1181.6
GCA_000226545.1	Podospora anserina	yes	H3H	CU633870.1	-	165983	166888	8	57.8	9.81e-09	24.62	H3H|Armillaria_fuscipes	426	321	0.7535	427.9
GCA_000226545.1	Podospora anserina	yes	H3H	CU633870.1	-	295126	295797	11	48.1	9.47e-06	26.667	H3H|Neonothopanus_nambi	422	181	0.4289	506.4
GCA_000226545.1	Podospora anserina	yes	H3H	CU640366.1	+	2443172	2444302	14	65.5	3.97e-11	27.202	H3H|Neonothopanus_gardneri	416	390	0.9375	726.3
GCA_000226545.1	Podospora anserina	yes	H3H	CU640366.1	-	1229120	1230186	18	72.8	1.82e-13	29.167	H3H|Panellus_stipticus	428	325	0.7593	1005.2
GCA_000226545.1	Podospora anserina	yes	H3H	CU633463.1	+	49611	50876	1	47.4	1.92e-05	23.276	H3H|Armillaria_fuscipes	426	381	0.8944	47.4
GCA_000226545.1	Podospora anserina	yes	H3H	CU638744.1	+	2061149	2062402	9	69.7	1.67e-12	23.971	H3H|Neonothopanus_nambi	422	406	0.9621	520.3
GCA_000226545.1	Podospora anserina	yes	H3H	CU633454.1	+	19089	19598	3	50.1	2.74e-06	30.168	H3H|Neonothopanus_gardneri	416	174	0.4183	138.3
GCA_000226545.1	Podospora anserina	yes	H3H	CU633446.1	-	63955	65055	1	45.8	7.11e-05	26.065	H3H|Omphalotus_olearius	540	360	0.6667	45.8
GCA_000226545.1	Podospora anserina	yes	CPH	CU638744.1	+	1876306	1877230	12	196.0	3.01e-62	47.867	CPH|Armillaria_mellea	297	314	1.0572	1475.7
GCA_000226545.1	Podospora anserina	yes	CPH	CU638744.1	+	2892057	2892689	6	174.0	1.97e-48	48.148	CPH|Neonothopanus_gardneri	321	224	0.6978	970.0
GCA_000226545.1	Podospora anserina	yes	CPH	CU633897.1	-	161500	162425	11	167.0	3.36e-46	44.279	CPH|Neonothopanus_gardneri	321	295	0.919	1091.2
GCA_000226545.1	Podospora anserina	yes	CPH	CU633438.1	-	1508539	1508850	5	66.2	8.15e-12	36.19	CPH|Neonothopanus_gardneri	321	129	0.4019	317.0
GCA_000226545.1	Podospora anserina	yes	CPH	CU638743.1	+	3035427	3035653	3	47.4	8.42e-06	44.681	CPH|Neonothopanus_nambi	289	84	0.2907	117.1
GCA_000226545.1	Podospora anserina	yes	Luz	CU633873.1	-	216983	217648	12	93.2	1.8e-21	37.5	Luz|Mycena_citricolor	246	219	0.8902	983.1
GCA_000226545.1	Podospora anserina	yes	Luz	CU633438.1	-	2941509	2942324	12	87.8	1.72e-19	30.769	Luz|Omphalotus_olearius	261	249	0.954	948.5
GCA_005222925.1	Podospora anserina	no	HispS	QHKU01000331.1	+	26606	29569	11	332.0	1.5e-91	29.465	HispS|Armillaria_ostoyae	1770	1014	0.5729	3243.0
GCA_005222925.1	Podospora anserina	no	HispS	QHKU01000440.1	+	57533	60283	11	322.0	3.39e-88	29.86	HispS|Armillaria_gallica	1771	959	0.5415	3111.0
GCA_005222925.1	Podospora anserina	no	HispS	QHKU01000440.1	+	202583	225051	13	275.0	7.1e-74	27.825	HispS|Mycena_citricolor	1678	975	0.581	2783.4
GCA_005222925.1	Podospora anserina	no	HispS	QHKU01000806.1	-	44929	54810	13	324.0	5.31e-89	29.654	HispS|Armillaria_gallica	1771	1096	0.6189	3229.7
GCA_005222925.1	Podospora anserina	no	HispS	QHKU01000288.1	+	24863	27415	11	309.0	2.15e-84	31.117	HispS|Mycena_citricolor	1678	891	0.531	3056.0
GCA_005222925.1	Podospora anserina	no	HispS	QHKU01000177.1	-	90816	95378	15	286.0	3.03e-77	28.368	HispS|Armillaria_mellea	1768	1182	0.6686	3028.0
GCA_005222925.1	Podospora anserina	no	HispS	QHKU01000595.1	-	94319	97052	34	153.0	9.26e-74	32.911	HispS|Armillaria_ostoyae	1770	930	0.5254	3184.5
GCA_005222925.1	Podospora anserina	no	HispS	QHKU01000153.1	-	39308	42308	19	271.0	2.62e-75	28.588	HispS|Neonothopanus_nambi	1678	990	0.59	2979.7
GCA_005222925.1	Podospora anserina	no	HispS	QHKU01000088.1	-	38129	41309	23	254.0	1.82e-67	30.494	HispS|Armillaria_gallica	1771	1002	0.5658	3234.2
GCA_005222925.1	Podospora anserina	no	HispS	QHKU01000176.1	-	22098	32627	32	162.0	1.17e-39	26.575	HispS|Panellus_stipticus	1504	1100	0.7314	2928.8
GCA_005222925.1	Podospora anserina	no	HispS	QHKU01000537.1	+	5614	8781	26	215.0	5.35e-62	27.094	HispS|Armillaria_gallica	1771	906	0.5116	3003.3
GCA_005222925.1	Podospora anserina	no	HispS	QHKU01000545.1	-	108897	111744	23	186.0	1.4e-60	26.826	HispS|Guyanagaster_necrorhiza	1766	933	0.5283	2365.2
GCA_005222925.1	Podospora anserina	no	HispS	QHKU01000035.1	-	14256	16944	22	222.0	9.01e-58	31.25	HispS|Armillaria_fuscipes	1774	887	0.5	3120.0
GCA_005222925.1	Podospora anserina	no	HispS	QHKU01000128.1	-	10940	13585	25	181.0	1.79e-51	36.9	HispS|Armillaria_fuscipes	1774	892	0.5028	2574.3
GCA_005222925.1	Podospora anserina	no	HispS	QHKU01000296.1	+	14299	17048	42	110.0	7.11e-44	38.272	HispS|Armillaria_gallica	1771	922	0.5206	3079.5
GCA_005222925.1	Podospora anserina	no	HispS	QHKU01000222.1	+	50329	53324	42	100.0	2.97e-35	36.97	HispS|Armillaria_mellea	1768	909	0.5141	2789.1
GCA_005222925.1	Podospora anserina	no	HispS	QHKU01000397.1	+	19506	22679	34	104.0	2.21e-38	38.961	HispS|Mycena_citricolor	1678	870	0.5185	2634.5
GCA_005222925.1	Podospora anserina	no	HispS	QHKU01000396.1	-	5807	8997	22	150.0	4.47e-36	31.962	HispS|Armillaria_ostoyae	1770	933	0.5271	2729.9
GCA_005222925.1	Podospora anserina	no	HispS	QHKU01000047.1	+	17803	20876	32	160.0	6.09e-57	25.359	HispS|Mycena_citricolor	1678	979	0.5834	2674.5
GCA_005222925.1	Podospora anserina	no	HispS	QHKU01000584.1	+	18699	21862	40	90.9	5.82e-18	26.471	HispS|Panellus_stipticus_2	1601	977	0.6102	2738.1
GCA_005222925.1	Podospora anserina	no	HispS	QHKU01000428.1	+	6795	7481	11	65.9	2.72e-10	26.786	HispS|Armillaria_mellea	1768	320	0.181	690.1
GCA_005222925.1	Podospora anserina	no	HispS	QHKU01000827.1	+	52099	53319	3	48.1	5.43e-05	29.008	HispS|Mycena_citricolor	1678	407	0.2426	139.0
GCA_005222925.1	Podospora anserina	no	HispS	QHKU01000225.1	-	33527	34975	4	54.3	8.76e-07	22.984	HispS|Armillaria_mellea	1768	466	0.2636	197.9
GCA_005222925.1	Podospora anserina	no	HispS	QHKU01000141.1	-	16102	16659	3	51.2	7.53e-06	25.258	HispS|Armillaria_mellea	1768	203	0.1148	145.1
GCA_005222925.1	Podospora anserina	no	HispS	QHKU01000009.1	-	57707	58531	2	46.2	0.000226	23.944	HispS|Neonothopanus_nambi	1678	270	0.1609	91.6
GCA_005222925.1	Podospora anserina	no	HispS	QHKU01000268.1	-	14844	15776	5	65.9	2.56e-10	26.549	HispS|Mycena_chlorophos	1652	326	0.1973	250.4
GCA_005222925.1	Podospora anserina	no	HispS	QHKU01000715.1	-	5256	5735	1	44.7	0.000775	26.829	HispS|Armillaria_ostoyae	1770	141	0.0797	44.7
GCA_005222925.1	Podospora anserina	no	HispS	QHKU01000092.1	+	22609	23097	2	48.1	6.67e-05	29.703	HispS|Mycena_citricolor	1678	157	0.0936	93.5
GCA_005222925.1	Podospora anserina	no	HispS	QHKU01000170.1	-	30132	31898	2	52.4	2.79e-06	21.99	HispS|Neonothopanus_nambi	1678	587	0.3498	99.8
GCA_005222925.1	Podospora anserina	no	HispS	QHKU01000466.1	-	12332	13207	1	57.0	1.1e-07	23.03	HispS|Neonothopanus_gardneri	1691	309	0.1827	57.0
GCA_005222925.1	Podospora anserina	no	HispS	QHKU01000050.1	+	58961	59422	2	45.4	0.000364	26.506	HispS|Neonothopanus_nambi	1678	166	0.0989	90.1
GCA_005222925.1	Podospora anserina	no	HispS	QHKU01000649.1	+	62373	75351	2	51.6	6.21e-06	23.282	HispS|Neonothopanus_nambi	1678	448	0.267	102.8
GCA_005222925.1	Podospora anserina	no	H3H	QHKU01000222.1	+	260201	261463	14	169.0	1.62e-45	32.041	H3H|Panellus_stipticus_3	428	407	0.9509	2250.0
GCA_005222925.1	Podospora anserina	no	H3H	QHKU01000229.1	+	25025	26218	14	128.0	7.85e-32	27.586	H3H|Neonothopanus_gardneri	416	377	0.9062	1616.8
GCA_005222925.1	Podospora anserina	no	H3H	QHKU01000091.1	-	33759	35003	14	120.0	7.48e-29	29.688	H3H|Armillaria_ostoyae	426	417	0.9789	1445.7
GCA_005222925.1	Podospora anserina	no	H3H	QHKU01000028.1	+	502	1875	52	90.5	4.87e-27	36.806	H3H|Mycena_chlorophos	422	387	0.9171	2701.3
GCA_005222925.1	Podospora anserina	no	H3H	QHKU01000028.1	+	54555	55700	14	93.6	3.78e-20	28.646	H3H|Mycena_chlorophos	422	395	0.936	1154.6
GCA_005222925.1	Podospora anserina	no	H3H	QHKU01000649.1	-	34483	35577	14	114.0	7.21e-27	27.226	H3H|Neonothopanus_gardneri	416	376	0.9038	1428.0
GCA_005222925.1	Podospora anserina	no	H3H	QHKU01000649.1	+	18229	19573	28	71.2	5.68e-13	33.696	H3H|Neonothopanus_gardneri	416	342	0.8221	1710.3
GCA_005222925.1	Podospora anserina	no	H3H	QHKU01000011.1	+	167718	168959	14	100.0	2.68e-22	28.457	H3H|Armillaria_gallica	422	415	0.9834	1132.6
GCA_005222925.1	Podospora anserina	no	H3H	QHKU01000142.1	+	28335	29630	14	106.0	1.79e-24	25.164	H3H|Mycena_chlorophos	422	425	1.0071	1124.4
GCA_005222925.1	Podospora anserina	no	H3H	QHKU01000088.1	+	29328	30464	14	99.0	6.02e-22	28.608	H3H|Mycena_chlorophos	422	383	0.9076	1181.6
GCA_005222925.1	Podospora anserina	no	H3H	QHKU01000341.1	-	21592	22758	14	102.0	5.27e-23	27.47	H3H|Panellus_stipticus	428	379	0.8855	1234.7
GCA_005222925.1	Podospora anserina	no	H3H	QHKU01000035.1	+	24898	25803	8	57.8	9.66e-09	24.62	H3H|Armillaria_fuscipes	426	321	0.7535	427.9
GCA_005222925.1	Podospora anserina	no	H3H	QHKU01000440.1	+	23381	24511	14	65.5	3.93e-11	27.202	H3H|Neonothopanus_gardneri	416	390	0.9375	726.3
GCA_005222925.1	Podospora anserina	no	H3H	QHKU01000186.1	+	34951	35544	10	57.4	1.44e-08	28.667	H3H|Mycena_chlorophos	422	191	0.4526	476.8
GCA_005222925.1	Podospora anserina	no	H3H	QHKU01000373.1	+	12364	13629	1	47.4	1.88e-05	23.276	H3H|Armillaria_fuscipes	426	381	0.8944	47.4
GCA_005222925.1	Podospora anserina	no	H3H	QHKU01000007.1	-	24218	24889	11	48.1	9.34e-06	26.667	H3H|Neonothopanus_nambi	422	181	0.4289	506.4
GCA_005222925.1	Podospora anserina	no	H3H	QHKU01000111.1	+	129131	129406	8	45.4	5.71e-05	37.895	H3H|Neonothopanus_gardneri	416	106	0.2548	348.9
GCA_005222925.1	Podospora anserina	no	H3H	QHKU01000828.1	-	63237	64490	9	69.7	1.64e-12	23.971	H3H|Neonothopanus_nambi	422	406	0.9621	520.3
GCA_005222925.1	Podospora anserina	no	H3H	QHKU01000288.1	+	30600	31109	3	49.7	3.06e-06	30.168	H3H|Neonothopanus_gardneri	416	174	0.4183	137.5
GCA_005222925.1	Podospora anserina	no	H3H	QHKU01000022.1	-	62471	63571	1	45.8	7.05e-05	26.065	H3H|Omphalotus_olearius	540	360	0.6667	45.8
GCA_005222925.1	Podospora anserina	no	CPH	QHKU01000820.1	+	44795	45719	12	196.0	3.03e-62	47.867	CPH|Armillaria_mellea	297	314	1.0572	1475.7
GCA_005222925.1	Podospora anserina	no	CPH	QHKU01000669.1	-	29895	30527	6	174.0	1.94e-48	48.148	CPH|Neonothopanus_gardneri	321	224	0.6978	970.0
GCA_005222925.1	Podospora anserina	no	CPH	QHKU01000017.1	+	55012	55937	11	167.0	3.3e-46	44.279	CPH|Neonothopanus_gardneri	321	295	0.919	1091.2
GCA_005222925.1	Podospora anserina	no	CPH	QHKU01000814.1	+	80534	81019	6	85.5	4.12e-18	34.483	CPH|Neonothopanus_gardneri	321	167	0.5202	437.9
GCA_005222925.1	Podospora anserina	no	CPH	QHKU01000191.1	+	7370	7681	5	66.2	7.97e-12	36.19	CPH|Neonothopanus_gardneri	321	129	0.4019	317.0
GCA_005222925.1	Podospora anserina	no	Luz	QHKU01000410.1	+	2846	3511	12	93.2	1.74e-21	37.5	Luz|Mycena_citricolor	246	219	0.8902	983.1
GCA_005222925.1	Podospora anserina	no	Luz	QHKU01000082.1	-	22804	23619	12	87.8	1.69e-19	30.769	Luz|Omphalotus_olearius	261	249	0.954	948.5
GCA_004346965.1	Pyricularia oryzae	yes	HispS	CP034205.1	-	4097763	4098170	2	50.1	2.15e-05	26.207	HispS|Mycena_citricolor	1678	144	0.0858	94.8
GCA_004346965.1	Pyricularia oryzae	yes	HispS	CP034205.1	-	7119843	7122569	11	332.0	3.06e-91	29.817	HispS|Armillaria_ostoyae	1770	950	0.5367	3156.0
GCA_004346965.1	Pyricularia oryzae	yes	HispS	CP034205.1	-	7416974	7418035	7	58.9	4.42e-08	23.901	HispS|Guyanagaster_necrorhiza	1766	323	0.1829	354.6
GCA_004346965.1	Pyricularia oryzae	yes	HispS	CP034205.1	-	7889317	7891974	12	316.0	2.08e-86	29.693	HispS|Armillaria_fuscipes	1774	900	0.5073	3109.5
GCA_004346965.1	Pyricularia oryzae	yes	HispS	CP034205.1	-	8077452	8078063	10	86.3	2.11e-16	30.144	HispS|Panellus_stipticus	1504	365	0.2427	601.6
GCA_004346965.1	Pyricularia oryzae	yes	HispS	CP034205.1	-	8369423	8373137	45	96.3	2.48e-19	35.119	HispS|Armillaria_fuscipes	1774	966	0.5445	2813.1
GCA_004346965.1	Pyricularia oryzae	yes	HispS	CP034205.1	-	8602080	8617094	24	132.0	1.85e-30	24.87	HispS|Guyanagaster_necrorhiza	1766	1049	0.594	2518.1
GCA_004346965.1	Pyricularia oryzae	yes	HispS	CP034205.1	+	1803138	1804034	11	65.9	2.93e-10	30.233	HispS|Mycena_citricolor	1678	315	0.1877	571.1
GCA_004346965.1	Pyricularia oryzae	yes	HispS	CP034205.1	+	7003908	7005002	1	53.9	1.54e-06	22.843	HispS|Armillaria_fuscipes	1774	362	0.2041	53.9
GCA_004346965.1	Pyricularia oryzae	yes	HispS	CP034205.1	+	8306754	8309479	22	169.0	2.77e-74	27.485	HispS|Armillaria_mellea	1768	892	0.5045	2998.5
GCA_004346965.1	Pyricularia oryzae	yes	HispS	CP034205.1	+	8620287	8623148	11	279.0	4.6e-75	27.506	HispS|Armillaria_ostoyae	1770	879	0.4966	2830.0
GCA_004346965.1	Pyricularia oryzae	yes	HispS	CP034208.1	-	2884860	2892989	17	295.0	9.48e-80	28.037	HispS|Armillaria_fuscipes	1774	990	0.5581	3164.6
GCA_004346965.1	Pyricularia oryzae	yes	HispS	CP034208.1	-	3546979	3549762	11	261.0	1.88e-69	26.652	HispS|Armillaria_gallica	1771	941	0.5313	2565.0
GCA_004346965.1	Pyricularia oryzae	yes	HispS	CP034208.1	-	3709124	3711916	12	298.0	6e-81	27.991	HispS|Guyanagaster_necrorhiza	1766	927	0.5249	2985.6
GCA_004346965.1	Pyricularia oryzae	yes	HispS	CP034208.1	-	4393945	4395018	2	48.5	5.45e-05	25.902	HispS|Neonothopanus_nambi	1678	382	0.2277	94.3
GCA_004346965.1	Pyricularia oryzae	yes	HispS	CP034208.1	+	1485779	1489014	35	124.0	2.44e-35	34.483	HispS|Mycena_citricolor	1678	840	0.5006	2557.3
GCA_004346965.1	Pyricularia oryzae	yes	HispS	CP034208.1	+	3028676	3029395	1	47.4	0.000158	24.291	HispS|Guyanagaster_necrorhiza	1766	242	0.137	47.4
GCA_004346965.1	Pyricularia oryzae	yes	HispS	CP034208.1	+	3564864	3567848	25	190.0	1.18e-80	35.873	HispS|Armillaria_gallica	1771	887	0.5008	3220.9
GCA_004346965.1	Pyricularia oryzae	yes	HispS	CP034208.1	+	4379006	4380682	1	45.4	0.000494	24.065	HispS|Mycena_citricolor	1678	584	0.348	45.4
GCA_004346965.1	Pyricularia oryzae	yes	HispS	CP034209.1	+	605402	607132	3	51.6	7.04e-06	21.963	HispS|Mycena_citricolor	1678	608	0.3623	147.5
GCA_004346965.1	Pyricularia oryzae	yes	HispS	CP034209.1	+	940872	944048	25	215.0	2.37e-67	29.67	HispS|Armillaria_ostoyae	1770	1013	0.5723	2951.8
GCA_004346965.1	Pyricularia oryzae	yes	HispS	CP034209.1	+	981422	984121	32	176.0	2.76e-81	26.143	HispS|Guyanagaster_necrorhiza	1766	884	0.5006	3418.4
GCA_004346965.1	Pyricularia oryzae	yes	HispS	CP034209.1	+	1851325	1854358	22	252.0	9.52e-67	30.216	HispS|Guyanagaster_necrorhiza	1766	995	0.5634	3529.1
GCA_004346965.1	Pyricularia oryzae	yes	HispS	CP034209.1	+	2790833	2801908	7	48.5	6.65e-05	26.38	HispS|Guyanagaster_necrorhiza	1766	232	0.1314	331.5
GCA_004346965.1	Pyricularia oryzae	yes	HispS	CP034209.1	+	3050608	3053766	24	197.0	5.45e-50	35.802	HispS|Mycena_citricolor	1678	912	0.5435	3097.0
GCA_004346965.1	Pyricularia oryzae	yes	HispS	CP034209.1	+	3359441	3362418	23	153.0	1.37e-36	28.076	HispS|Guyanagaster_necrorhiza	1766	951	0.5385	2997.5
GCA_004346965.1	Pyricularia oryzae	yes	HispS	CP034209.1	+	4849790	4852737	22	271.0	1.52e-72	30.74	HispS|Guyanagaster_necrorhiza	1766	971	0.5498	3406.1
GCA_004346965.1	Pyricularia oryzae	yes	HispS	CP034209.1	+	4883273	4886574	42	113.0	1.24e-24	38.35	HispS|Armillaria_ostoyae	1770	992	0.5605	3400.7
GCA_004346965.1	Pyricularia oryzae	yes	HispS	CP034209.1	+	5039644	5042763	23	227.0	4.15e-59	31.681	HispS|Armillaria_ostoyae	1770	963	0.5441	3413.8
GCA_004346965.1	Pyricularia oryzae	yes	HispS	CP034206.1	+	1430373	1433048	12	300.0	1.36e-81	30.9	HispS|Armillaria_ostoyae	1770	921	0.5203	2940.2
GCA_004346965.1	Pyricularia oryzae	yes	HispS	CP034206.1	+	6129912	6131255	10	111.0	4.54e-24	28.009	HispS|Mycena_citricolor	1678	503	0.2998	972.1
GCA_004346965.1	Pyricularia oryzae	yes	HispS	CP034206.1	+	6607186	6608448	1	51.2	9.45e-06	22.222	HispS|Mycena_citricolor	1678	412	0.2455	51.2
GCA_004346965.1	Pyricularia oryzae	yes	HispS	CP034206.1	-	1463479	1464809	20	47.4	0.000135	32.941	HispS|Mycena_citricolor	1678	447	0.2664	848.7
GCA_004346965.1	Pyricularia oryzae	yes	HispS	CP034206.1	-	6376272	6377270	1	49.3	3.24e-05	24.581	HispS|Mycena_chlorophos	1652	316	0.1913	49.3
GCA_004346965.1	Pyricularia oryzae	yes	HispS	CP034210.1	-	3580960	3582231	7	70.9	1.13e-11	24.255	HispS|Neonothopanus_gardneri	1691	453	0.2679	364.7
GCA_004346965.1	Pyricularia oryzae	yes	HispS	CP034210.1	-	3621509	3624400	12	301.0	7.16e-82	29.894	HispS|Armillaria_ostoyae	1770	940	0.5311	2813.6
GCA_004346965.1	Pyricularia oryzae	yes	HispS	CP034210.1	+	2336811	2339378	11	227.0	3.38e-59	29.513	HispS|Armillaria_fuscipes	1774	778	0.4386	2169.0
GCA_004346965.1	Pyricularia oryzae	yes	HispS	CP034210.1	+	3583691	3586491	37	84.3	3.07e-29	32.237	HispS|Armillaria_gallica	1771	884	0.4992	2312.7
GCA_004346965.1	Pyricularia oryzae	yes	HispS	CP034210.1	+	3824101	3826897	23	166.0	9.2e-74	31.385	HispS|Armillaria_gallica	1771	883	0.4986	2968.8
GCA_004346965.1	Pyricularia oryzae	yes	HispS	CP034210.1	+	4301070	4305083	6	52.4	3.54e-06	24.302	HispS|Mycena_chlorophos	1652	360	0.2179	290.8
GCA_004346965.1	Pyricularia oryzae	yes	HispS	CP034204.1	+	1090430	1093042	11	273.0	4.58e-73	27.923	HispS|Armillaria_fuscipes	1774	882	0.4972	2687.0
GCA_004346965.1	Pyricularia oryzae	yes	HispS	CP034204.1	+	1113853	1118711	17	247.0	2.61e-65	28.704	HispS|Armillaria_ostoyae	1770	956	0.5401	2847.1
GCA_004346965.1	Pyricularia oryzae	yes	HispS	CP034204.1	-	1081307	1084455	20	186.0	2.15e-63	27.052	HispS|Armillaria_gallica	1771	937	0.5291	2510.1
GCA_004346965.1	Pyricularia oryzae	yes	HispS	CP034204.1	-	3738426	3741704	11	271.0	1.7e-72	27.479	HispS|Armillaria_ostoyae	1770	1083	0.6119	2677.0
GCA_004346965.1	Pyricularia oryzae	yes	HispS	CP034207.1	+	2035911	2039122	47	96.7	1.05e-60	38.095	HispS|Armillaria_fuscipes	1774	957	0.5395	3100.2
GCA_004346965.1	Pyricularia oryzae	yes	HispS	CP034207.1	+	5162051	5164604	22	155.0	3.56e-37	33.233	HispS|Armillaria_fuscipes	1774	877	0.4944	2548.5
GCA_004346965.1	Pyricularia oryzae	yes	HispS	CP034207.1	-	4645582	4648885	31	75.1	7.31e-25	30.435	HispS|Armillaria_gallica	1771	838	0.4732	1878.5
GCA_004346965.1	Pyricularia oryzae	yes	HispS	CP034207.1	-	4873300	4876304	23	202.0	1.33e-51	31.41	HispS|Armillaria_fuscipes	1774	931	0.5248	3254.0
GCA_004346965.1	Pyricularia oryzae	yes	HispS	CP034209.1	-	498353	499072	3	52.4	4.33e-06	27.397	HispS|Neonothopanus_gardneri	1691	254	0.1502	154.8
GCA_004346965.1	Pyricularia oryzae	yes	H3H	CP034209.1	-	2097779	2098852	14	169.0	2.07e-45	33.511	H3H|Armillaria_fuscipes	426	362	0.8498	2158.0
GCA_004346965.1	Pyricularia oryzae	yes	H3H	CP034209.1	-	3653735	3655099	14	116.0	1.26e-27	24.49	H3H|Mycena_chlorophos	422	409	0.9692	1498.4
GCA_004346965.1	Pyricularia oryzae	yes	H3H	CP034209.1	-	5001917	5002642	14	82.4	1.87e-16	29.121	H3H|Neonothopanus_nambi	422	229	0.5427	1019.9
GCA_004346965.1	Pyricularia oryzae	yes	H3H	CP034209.1	-	5591456	5592529	7	55.1	7.73e-08	23.656	H3H|Neonothopanus_nambi	422	356	0.8436	335.4
GCA_004346965.1	Pyricularia oryzae	yes	H3H	CP034209.1	+	1848573	1849625	16	81.3	4.88e-16	27.763	H3H|Panellus_stipticus	428	377	0.8808	1051.3
GCA_004346965.1	Pyricularia oryzae	yes	H3H	CP034207.1	-	2727148	2727324	3	44.7	0.000148	42.373	H3H|Panellus_stipticus	428	59	0.1379	129.8
GCA_004346965.1	Pyricularia oryzae	yes	H3H	CP034207.1	-	5152417	5153877	33	127.0	2.11e-31	39.437	H3H|Armillaria_mellea	429	358	0.8345	2268.8
GCA_004346965.1	Pyricularia oryzae	yes	H3H	CP034207.1	+	3447675	3449093	18	76.3	2.01e-14	27.322	H3H|Panellus_stipticus_3	428	331	0.7734	1034.8
GCA_004346965.1	Pyricularia oryzae	yes	H3H	CP034207.1	+	5156896	5158026	14	77.0	9.16e-15	26.667	H3H|Armillaria_fuscipes	426	378	0.8873	920.9
GCA_004346965.1	Pyricularia oryzae	yes	H3H	CP034207.1	+	5309349	5309900	11	53.1	3.5e-07	31.061	H3H|Armillaria_gallica	422	188	0.4455	509.0
GCA_004346965.1	Pyricularia oryzae	yes	H3H	CP034208.1	+	92882	94446	21	90.1	1.1e-25	40.541	H3H|Armillaria_mellea	429	362	0.8438	1438.7
GCA_004346965.1	Pyricularia oryzae	yes	H3H	CP034208.1	+	2896152	2897306	10	48.5	9.61e-06	21.921	H3H|Mycena_citricolor	419	359	0.8568	458.7
GCA_004346965.1	Pyricularia oryzae	yes	H3H	CP034208.1	-	4316637	4316897	4	47.0	2.94e-05	33.333	H3H|Guyanagaster_necrorhiza	443	82	0.1851	178.7
GCA_004346965.1	Pyricularia oryzae	yes	H3H	CP034205.1	+	8588103	8589404	14	110.0	8.56e-26	27.689	H3H|Neonothopanus_nambi	422	418	0.9905	1406.4
GCA_004346965.1	Pyricularia oryzae	yes	H3H	CP034210.1	-	509836	511395	36	78.6	3.32e-19	31.579	H3H|Guyanagaster_necrorhiza	443	392	0.8849	1903.3
GCA_004346965.1	Pyricularia oryzae	yes	H3H	CP034204.1	+	1696942	1698302	21	55.8	5.35e-08	25.439	H3H|Armillaria_fuscipes	426	375	0.8803	1039.1
GCA_004346965.1	Pyricularia oryzae	yes	H3H	CP034204.1	+	3744439	3745641	8	50.4	2.2e-06	25.0	H3H|Armillaria_fuscipes	426	383	0.8991	366.9
GCA_004346965.1	Pyricularia oryzae	yes	H3H	CP034204.1	-	1330369	1331463	14	71.2	6.51e-13	27.154	H3H|Mycena_citricolor	419	367	0.8759	836.1
GCA_004346965.1	Pyricularia oryzae	yes	H3H	CP034204.1	-	1426815	1427516	1	48.1	1.31e-05	23.846	H3H|Guyanagaster_necrorhiza	443	247	0.5576	48.1
GCA_004346965.1	Pyricularia oryzae	yes	H3H	CP034204.1	-	4038961	4039683	6	50.4	2.56e-06	25.0	H3H|Neonothopanus_gardneri	416	254	0.6106	287.6
GCA_004346965.1	Pyricularia oryzae	yes	H3H	CP034206.1	-	496168	496341	14	50.1	3.02e-06	46.0	H3H|Neonothopanus_gardneri	416	58	0.1394	630.2
GCA_004346965.1	Pyricularia oryzae	yes	H3H	CP034206.1	+	3973551	3974270	1	44.7	0.000155	25.379	H3H|Mycena_chlorophos	422	232	0.5498	44.7
GCA_004346965.1	Pyricularia oryzae	yes	CPH	CP034209.1	+	2737654	2738637	6	195.0	9.56e-56	38.462	CPH|Neonothopanus_gardneri	321	314	0.9782	1119.0
GCA_004346965.1	Pyricularia oryzae	yes	CPH	CP034206.1	-	2389984	2391024	17	179.0	1.38e-50	52.332	CPH|Neonothopanus_nambi	289	305	1.0554	1647.8
GCA_004346965.1	Pyricularia oryzae	yes	CPH	CP034206.1	+	1831696	1832857	12	118.0	4.06e-36	46.667	CPH|Armillaria_fuscipes	294	318	1.0816	953.2
GCA_004346965.1	Pyricularia oryzae	yes	CPH	CP034210.1	+	517827	518680	12	154.0	1.51e-47	46.626	CPH|Neonothopanus_gardneri	321	280	0.8723	1179.6
GCA_004346965.1	Pyricularia oryzae	yes	CPH	CP034208.1	+	2473783	2474499	5	82.8	2.53e-17	27.459	CPH|Armillaria_fuscipes	294	215	0.7313	410.9
GCA_004346965.1	Pyricularia oryzae	yes	Luz	CP034205.1	+	852615	853208	12	86.7	4.81e-19	33.495	Luz|Omphalotus_olearius	261	223	0.8544	951.8
GCA_004346965.1	Pyricularia oryzae	yes	Luz	CP034206.1	-	1830364	1831192	16	80.1	5.85e-17	33.333	Luz|Mycena_citricolor	246	246	1.0	1059.5
GCA_036493215.1	Pyricularia oryzae	no	HispS	AP027068.1	+	666548	668278	3	51.6	7.01e-06	21.963	HispS|Mycena_citricolor	1678	608	0.3623	147.5
GCA_036493215.1	Pyricularia oryzae	no	HispS	AP027068.1	+	1008557	1011733	23	216.0	5.51e-56	26.932	HispS|Armillaria_ostoyae	1770	1013	0.5723	2846.9
GCA_036493215.1	Pyricularia oryzae	no	HispS	AP027068.1	+	1049104	1051803	32	176.0	2.75e-81	26.143	HispS|Guyanagaster_necrorhiza	1766	884	0.5006	3418.4
GCA_036493215.1	Pyricularia oryzae	no	HispS	AP027068.1	+	1971360	1974392	13	351.0	3.34e-97	30.681	HispS|Guyanagaster_necrorhiza	1766	994	0.5629	3283.8
GCA_036493215.1	Pyricularia oryzae	no	HispS	AP027068.1	+	2862568	2873634	6	48.9	3.91e-05	28.387	HispS|Mycena_chlorophos	1652	232	0.1404	278.8
GCA_036493215.1	Pyricularia oryzae	no	HispS	AP027068.1	+	3092897	3096055	24	197.0	6.38e-50	35.78	HispS|Armillaria_fuscipes	1774	912	0.5141	3094.4
GCA_036493215.1	Pyricularia oryzae	no	HispS	AP027068.1	+	3281831	3284820	23	154.0	1.79e-73	31.642	HispS|Armillaria_gallica	1771	955	0.5392	3000.8
GCA_036493215.1	Pyricularia oryzae	no	HispS	AP027068.1	+	5139578	5142574	13	313.0	1.51e-85	29.798	HispS|Guyanagaster_necrorhiza	1766	988	0.5595	3127.0
GCA_036493215.1	Pyricularia oryzae	no	HispS	AP027068.1	+	5170530	5173830	42	115.0	3.14e-25	38.35	HispS|Armillaria_ostoyae	1770	992	0.5605	3370.1
GCA_036493215.1	Pyricularia oryzae	no	HispS	AP027068.1	+	5318402	5321482	23	225.0	1.89e-58	30.704	HispS|Armillaria_gallica	1771	963	0.5438	3390.5
GCA_036493215.1	Pyricularia oryzae	no	HispS	AP027068.1	-	559368	560087	3	52.4	4.31e-06	27.397	HispS|Neonothopanus_gardneri	1691	254	0.1502	154.8
GCA_036493215.1	Pyricularia oryzae	no	HispS	AP027068.1	-	4186865	4190077	33	217.0	4.06e-56	27.626	HispS|Armillaria_mellea	1768	962	0.5441	3476.7
GCA_036493215.1	Pyricularia oryzae	no	HispS	AP027068.1	-	4271988	4274987	11	269.0	4.9e-72	26.6	HispS|Armillaria_mellea	1768	1046	0.5916	2627.0
GCA_036493215.1	Pyricularia oryzae	no	HispS	AP027064.1	-	3891972	3892379	2	50.1	2.27e-05	26.207	HispS|Mycena_citricolor	1678	144	0.0858	94.8
GCA_036493215.1	Pyricularia oryzae	no	HispS	AP027064.1	-	6642642	6645368	11	332.0	3.07e-91	29.817	HispS|Armillaria_ostoyae	1770	950	0.5367	3154.0
GCA_036493215.1	Pyricularia oryzae	no	HispS	AP027064.1	-	6938056	6939117	8	58.9	4.47e-08	23.901	HispS|Guyanagaster_necrorhiza	1766	385	0.218	399.3
GCA_036493215.1	Pyricularia oryzae	no	HispS	AP027064.1	-	7394923	7397631	12	315.0	4.79e-86	29.693	HispS|Armillaria_fuscipes	1774	900	0.5073	3109.5
GCA_036493215.1	Pyricularia oryzae	no	HispS	AP027064.1	-	7497128	7500671	52	98.2	6.49e-20	35.714	HispS|Armillaria_ostoyae	1770	966	0.5458	3006.1
GCA_036493215.1	Pyricularia oryzae	no	HispS	AP027064.1	-	7776331	7791404	27	132.0	1.97e-30	24.826	HispS|Guyanagaster_necrorhiza	1766	1109	0.628	2537.0
GCA_036493215.1	Pyricularia oryzae	no	HispS	AP027064.1	+	1759270	1760166	11	65.9	3.15e-10	30.233	HispS|Mycena_citricolor	1678	315	0.1877	568.6
GCA_036493215.1	Pyricularia oryzae	no	HispS	AP027064.1	+	6526843	6527937	1	53.9	1.53e-06	22.843	HispS|Armillaria_fuscipes	1774	362	0.2041	53.9
GCA_036493215.1	Pyricularia oryzae	no	HispS	AP027064.1	+	7434098	7436826	22	167.0	1.02e-73	27.485	HispS|Armillaria_mellea	1768	892	0.5045	2986.5
GCA_036493215.1	Pyricularia oryzae	no	HispS	AP027064.1	+	7802211	7805309	11	271.0	1.11e-72	26.747	HispS|Armillaria_ostoyae	1770	879	0.4966	2758.0
GCA_036493215.1	Pyricularia oryzae	no	HispS	AP027067.1	-	2962219	2965086	12	291.0	1.27e-78	27.955	HispS|Armillaria_mellea	1768	989	0.5594	2907.2
GCA_036493215.1	Pyricularia oryzae	no	HispS	AP027067.1	-	3578749	3581628	11	263.0	4.63e-70	26.1	HispS|Armillaria_gallica	1771	937	0.5291	2594.0
GCA_036493215.1	Pyricularia oryzae	no	HispS	AP027067.1	-	3740806	3743598	12	298.0	5.97e-81	27.991	HispS|Guyanagaster_necrorhiza	1766	927	0.5249	2985.6
GCA_036493215.1	Pyricularia oryzae	no	HispS	AP027067.1	-	4400219	4401310	3	53.5	1.58e-06	23.75	HispS|Mycena_citricolor	1678	388	0.2312	153.6
GCA_036493215.1	Pyricularia oryzae	no	HispS	AP027067.1	+	161348	164575	22	157.0	4.59e-38	32.759	HispS|Armillaria_ostoyae	1770	993	0.561	2675.7
GCA_036493215.1	Pyricularia oryzae	no	HispS	AP027067.1	+	1581357	1584592	35	124.0	2.42e-35	34.483	HispS|Mycena_citricolor	1678	840	0.5006	2557.3
GCA_036493215.1	Pyricularia oryzae	no	HispS	AP027067.1	+	3077481	3078200	1	47.8	0.00012	24.291	HispS|Guyanagaster_necrorhiza	1766	242	0.137	47.8
GCA_036493215.1	Pyricularia oryzae	no	HispS	AP027067.1	+	3596704	3599687	24	191.0	3.99e-80	35.873	HispS|Armillaria_gallica	1771	887	0.5008	3211.1
GCA_036493215.1	Pyricularia oryzae	no	HispS	AP027063.1	-	87610	91623	3	48.9	4.58e-05	25.14	HispS|Mycena_chlorophos	1652	358	0.2167	139.8
GCA_036493215.1	Pyricularia oryzae	no	HispS	AP027063.1	-	1241934	1244903	12	306.0	3.51e-83	27.012	HispS|Guyanagaster_necrorhiza	1766	966	0.547	3085.5
GCA_036493215.1	Pyricularia oryzae	no	HispS	AP027063.1	-	1265606	1268221	11	270.0	3.33e-72	28.118	HispS|Armillaria_fuscipes	1774	882	0.4972	2647.0
GCA_036493215.1	Pyricularia oryzae	no	HispS	AP027063.1	+	674927	675532	2	46.2	0.000292	24.878	HispS|Mycena_citricolor	1678	251	0.1496	91.3
GCA_036493215.1	Pyricularia oryzae	no	HispS	AP027063.1	+	1274181	1277337	29	179.0	2.29e-47	26.748	HispS|Armillaria_gallica	1771	937	0.5291	2656.7
GCA_036493215.1	Pyricularia oryzae	no	HispS	AP027065.1	+	1389260	1391935	12	300.0	1.35e-81	30.9	HispS|Armillaria_ostoyae	1770	921	0.5203	2940.2
GCA_036493215.1	Pyricularia oryzae	no	HispS	AP027065.1	+	1681778	1684804	11	285.0	6.54e-77	28.234	HispS|Armillaria_gallica	1771	930	0.5251	2778.0
GCA_036493215.1	Pyricularia oryzae	no	HispS	AP027065.1	+	6783208	6784551	10	112.0	2.58e-24	28.228	HispS|Mycena_citricolor	1678	503	0.2998	973.0
GCA_036493215.1	Pyricularia oryzae	no	HispS	AP027065.1	+	7124123	7125385	1	57.0	1.42e-07	22.65	HispS|Mycena_citricolor	1678	412	0.2455	57.0
GCA_036493215.1	Pyricularia oryzae	no	HispS	AP027065.1	-	1435576	1436002	17	47.0	0.000161	32.941	HispS|Mycena_citricolor	1678	263	0.1567	732.7
GCA_036493215.1	Pyricularia oryzae	no	HispS	AP027065.1	-	1658905	1662091	26	277.0	1.53e-79	28.435	HispS|Armillaria_mellea	1768	962	0.5441	3263.6
GCA_036493215.1	Pyricularia oryzae	no	HispS	AP027065.1	-	6916873	6917871	1	47.0	0.000153	25.414	HispS|Mycena_chlorophos	1652	316	0.1913	47.0
GCA_036493215.1	Pyricularia oryzae	no	HispS	AP027065.1	-	7993310	7995897	33	166.0	1.25e-51	30.952	HispS|Guyanagaster_necrorhiza	1766	886	0.5017	2888.3
GCA_036493215.1	Pyricularia oryzae	no	HispS	AP027069.1	-	3588190	3589734	7	65.5	4.08e-10	24.043	HispS|Neonothopanus_gardneri	1691	540	0.3193	362.8
GCA_036493215.1	Pyricularia oryzae	no	HispS	AP027069.1	-	3627259	3630150	12	301.0	5.86e-82	29.894	HispS|Armillaria_ostoyae	1770	940	0.5311	2822.6
GCA_036493215.1	Pyricularia oryzae	no	HispS	AP027069.1	-	3760903	3763708	23	161.0	4.1e-39	31.157	HispS|Guyanagaster_necrorhiza	1766	829	0.4694	2853.0
GCA_036493215.1	Pyricularia oryzae	no	HispS	AP027069.1	+	2215500	2218067	11	226.0	9.02e-59	29.435	HispS|Armillaria_fuscipes	1774	778	0.4386	2155.0
GCA_036493215.1	Pyricularia oryzae	no	HispS	AP027069.1	+	3591076	3594000	32	126.0	1.75e-28	28.242	HispS|Armillaria_gallica	1771	884	0.4992	2302.8
GCA_036493215.1	Pyricularia oryzae	no	HispS	AP027066.1	-	4526911	4530330	36	111.0	4.48e-24	25.562	HispS|Mycena_citricolor	1678	967	0.5763	2736.3
GCA_036493215.1	Pyricularia oryzae	no	HispS	AP027066.1	-	4727214	4730218	23	202.0	1.07e-51	31.41	HispS|Armillaria_fuscipes	1774	931	0.5248	3250.9
GCA_036493215.1	Pyricularia oryzae	no	HispS	AP027066.1	+	1965702	1968883	50	96.7	2.99e-25	38.095	HispS|Armillaria_fuscipes	1774	957	0.5395	3145.8
GCA_036493215.1	Pyricularia oryzae	no	HispS	AP027066.1	+	4543349	4546502	39	74.3	9.77e-16	27.35	HispS|Mycena_citricolor	1678	834	0.497	1848.7
GCA_036493215.1	Pyricularia oryzae	no	HispS	AP027066.1	+	4905263	4907849	22	147.0	5.32e-35	30.321	HispS|Armillaria_gallica	1771	877	0.4952	2500.5
GCA_036493215.1	Pyricularia oryzae	no	H3H	AP027068.1	-	2205393	2206466	14	168.0	3.37e-45	33.245	H3H|Armillaria_fuscipes	426	362	0.8498	2157.0
GCA_036493215.1	Pyricularia oryzae	no	H3H	AP027068.1	-	3582750	3584114	14	116.0	1.26e-27	24.49	H3H|Mycena_chlorophos	422	409	0.9692	1498.4
GCA_036493215.1	Pyricularia oryzae	no	H3H	AP027068.1	-	5280570	5281570	27	63.9	1.58e-14	30.081	H3H|Omphalotus_olearius	540	309	0.5722	1187.5
GCA_036493215.1	Pyricularia oryzae	no	H3H	AP027068.1	-	5833053	5834117	7	54.3	1.65e-07	23.656	H3H|Neonothopanus_nambi	422	352	0.8341	329.8
GCA_036493215.1	Pyricularia oryzae	no	H3H	AP027068.1	+	1968614	1969657	15	78.6	3.07e-15	28.198	H3H|Panellus_stipticus	428	371	0.8668	1017.6
GCA_036493215.1	Pyricularia oryzae	no	H3H	AP027068.1	+	4278030	4279232	8	50.4	2.19e-06	25.0	H3H|Armillaria_fuscipes	426	383	0.8991	366.9
GCA_036493215.1	Pyricularia oryzae	no	H3H	AP027066.1	-	2664288	2664851	4	44.7	0.000148	42.373	H3H|Panellus_stipticus	428	213	0.4977	172.1
GCA_036493215.1	Pyricularia oryzae	no	H3H	AP027066.1	-	4895668	4897128	35	122.0	1.91e-29	38.498	H3H|Armillaria_mellea	429	365	0.8508	2257.0
GCA_036493215.1	Pyricularia oryzae	no	H3H	AP027066.1	+	3353162	3354579	18	76.3	1.65e-14	26.984	H3H|Panellus_stipticus_3	428	331	0.7734	1051.3
GCA_036493215.1	Pyricularia oryzae	no	H3H	AP027066.1	+	4899958	4901262	14	76.6	1.56e-14	26.667	H3H|Armillaria_fuscipes	426	420	0.9859	906.2
GCA_036493215.1	Pyricularia oryzae	no	H3H	AP027066.1	+	5034345	5034896	11	53.1	3.49e-07	31.061	H3H|Armillaria_gallica	422	188	0.4455	509.0
GCA_036493215.1	Pyricularia oryzae	no	H3H	AP027067.1	+	226288	227853	18	118.0	4.15e-28	33.684	H3H|Armillaria_fuscipes	426	365	0.8568	1514.8
GCA_036493215.1	Pyricularia oryzae	no	H3H	AP027067.1	+	2968640	2969347	5	47.4	2.03e-05	26.457	H3H|Armillaria_ostoyae	426	222	0.5211	230.3
GCA_036493215.1	Pyricularia oryzae	no	H3H	AP027067.1	-	4347907	4348167	4	46.6	4.02e-05	33.333	H3H|Guyanagaster_necrorhiza	443	82	0.1851	176.3
GCA_036493215.1	Pyricularia oryzae	no	H3H	AP027069.1	-	397466	399026	37	76.6	1.61e-26	30.0	H3H|Guyanagaster_necrorhiza	443	412	0.93	1913.2
GCA_036493215.1	Pyricularia oryzae	no	H3H	AP027064.1	+	7762363	7763610	14	108.0	4.05e-25	28.753	H3H|Neonothopanus_nambi	422	387	0.9171	1378.2
GCA_036493215.1	Pyricularia oryzae	no	H3H	AP027063.1	+	2184297	2185657	18	54.3	1.68e-07	25.0	H3H|Armillaria_ostoyae	426	375	0.8803	903.4
GCA_036493215.1	Pyricularia oryzae	no	H3H	AP027063.1	-	1303270	1304367	14	65.5	3.99e-11	27.083	H3H|Mycena_citricolor	419	368	0.8783	809.4
GCA_036493215.1	Pyricularia oryzae	no	H3H	AP027063.1	-	1396973	1397674	1	49.7	4.36e-06	24.615	H3H|Guyanagaster_necrorhiza	443	247	0.5576	49.7
GCA_036493215.1	Pyricularia oryzae	no	H3H	AP027063.1	-	4242502	4243224	6	50.4	2.55e-06	25.0	H3H|Neonothopanus_gardneri	416	254	0.6106	287.6
GCA_036493215.1	Pyricularia oryzae	no	H3H	AP027065.1	-	461986	462617	15	53.5	2.75e-07	46.0	H3H|Neonothopanus_gardneri	416	168	0.4038	726.8
GCA_036493215.1	Pyricularia oryzae	no	H3H	AP027065.1	+	4643525	4644244	1	44.7	0.000153	25.379	H3H|Mycena_chlorophos	422	232	0.5498	44.7
GCA_036493215.1	Pyricularia oryzae	no	CPH	AP027069.1	+	405297	406151	6	192.0	8.09e-55	39.175	CPH|Neonothopanus_gardneri	321	280	0.8723	1091.0
GCA_036493215.1	Pyricularia oryzae	no	CPH	AP027065.1	-	3127131	3128163	17	179.0	1.38e-50	52.332	CPH|Neonothopanus_nambi	289	305	1.0554	1646.2
GCA_036493215.1	Pyricularia oryzae	no	CPH	AP027065.1	+	2130930	2132091	12	118.0	4.03e-36	46.667	CPH|Armillaria_fuscipes	294	318	1.0816	953.2
GCA_036493215.1	Pyricularia oryzae	no	CPH	AP027068.1	+	2805814	2806799	12	159.0	5.63e-50	42.453	CPH|Armillaria_gallica	302	314	1.0397	1261.6
GCA_036493215.1	Pyricularia oryzae	no	CPH	AP027067.1	+	2544028	2544744	5	82.8	2.52e-17	27.459	CPH|Armillaria_fuscipes	294	215	0.7313	410.9
GCA_036493215.1	Pyricularia oryzae	no	Luz	AP027064.1	+	830784	831377	12	86.7	4.79e-19	33.495	Luz|Omphalotus_olearius	261	223	0.8544	951.8
GCA_036493215.1	Pyricularia oryzae	no	Luz	AP027065.1	-	2129598	2130426	16	80.1	5.82e-17	33.333	Luz|Mycena_citricolor	246	246	1.0	1059.5
GCA_049735435.1	Pyricularia oryzae	no	HispS	CM113018.1	-	4147618	4148025	2	50.1	2.32e-05	26.207	HispS|Mycena_citricolor	1678	144	0.0858	94.8
GCA_049735435.1	Pyricularia oryzae	no	HispS	CM113018.1	-	7093598	7096324	11	332.0	3.14e-91	29.817	HispS|Armillaria_ostoyae	1770	950	0.5367	3154.0
GCA_049735435.1	Pyricularia oryzae	no	HispS	CM113018.1	-	7389746	7390807	8	58.9	4.42e-08	23.901	HispS|Guyanagaster_necrorhiza	1766	385	0.218	403.3
GCA_049735435.1	Pyricularia oryzae	no	HispS	CM113018.1	-	7853638	7856346	12	315.0	4.69e-86	29.693	HispS|Armillaria_fuscipes	1774	900	0.5073	3109.5
GCA_049735435.1	Pyricularia oryzae	no	HispS	CM113018.1	-	7963094	7966637	50	98.2	6.64e-20	35.714	HispS|Armillaria_ostoyae	1770	966	0.5458	2904.5
GCA_049735435.1	Pyricularia oryzae	no	HispS	CM113018.1	-	8270173	8285167	25	129.0	2.29e-29	24.826	HispS|Guyanagaster_necrorhiza	1766	1050	0.5946	2476.7
GCA_049735435.1	Pyricularia oryzae	no	HispS	CM113018.1	-	8472084	8474861	11	289.0	5.46e-78	27.263	HispS|Armillaria_ostoyae	1770	918	0.5186	2858.0
GCA_049735435.1	Pyricularia oryzae	no	HispS	CM113018.1	+	1903470	1904366	11	65.9	3.22e-10	30.233	HispS|Mycena_citricolor	1678	315	0.1877	568.6
GCA_049735435.1	Pyricularia oryzae	no	HispS	CM113018.1	+	6977924	6979018	1	53.9	1.57e-06	22.843	HispS|Armillaria_fuscipes	1774	362	0.2041	53.9
GCA_049735435.1	Pyricularia oryzae	no	HispS	CM113018.1	+	7898936	7901664	22	167.0	1.05e-73	27.485	HispS|Armillaria_mellea	1768	892	0.5045	2986.5
GCA_049735435.1	Pyricularia oryzae	no	HispS	CM113018.1	+	8312301	8315411	11	270.0	3.62e-72	26.63	HispS|Armillaria_ostoyae	1770	879	0.4966	2739.0
GCA_049735435.1	Pyricularia oryzae	no	HispS	CM113021.1	-	3038643	3041624	12	293.0	2.72e-79	28.247	HispS|Armillaria_fuscipes	1774	1003	0.5654	2913.3
GCA_049735435.1	Pyricularia oryzae	no	HispS	CM113021.1	-	3666480	3669857	22	189.0	1.65e-47	28.996	HispS|Guyanagaster_necrorhiza	1766	937	0.5306	2667.5
GCA_049735435.1	Pyricularia oryzae	no	HispS	CM113021.1	-	3888651	3891275	12	304.0	9.98e-83	28.345	HispS|Guyanagaster_necrorhiza	1766	887	0.5023	2995.8
GCA_049735435.1	Pyricularia oryzae	no	HispS	CM113021.1	-	4618745	4619836	3	50.8	1.14e-05	21.97	HispS|Mycena_citricolor	1678	388	0.2312	144.8
GCA_049735435.1	Pyricularia oryzae	no	HispS	CM113021.1	+	1660081	1663317	35	125.0	1.93e-35	34.483	HispS|Mycena_citricolor	1678	840	0.5006	2554.0
GCA_049735435.1	Pyricularia oryzae	no	HispS	CM113021.1	+	3162261	3162980	1	47.4	0.000134	24.291	HispS|Guyanagaster_necrorhiza	1766	242	0.137	47.4
GCA_049735435.1	Pyricularia oryzae	no	HispS	CM113021.1	+	3689037	3692116	24	189.0	1.33e-79	35.556	HispS|Armillaria_gallica	1771	888	0.5014	3174.5
GCA_049735435.1	Pyricularia oryzae	no	HispS	CM113017.1	-	6260938	6263999	22	253.0	5.14e-67	30.504	HispS|Guyanagaster_necrorhiza	1766	990	0.5606	3527.3
GCA_049735435.1	Pyricularia oryzae	no	HispS	CM113017.1	-	7313165	7315864	32	176.0	2.64e-82	26.143	HispS|Guyanagaster_necrorhiza	1766	884	0.5006	3455.8
GCA_049735435.1	Pyricularia oryzae	no	HispS	CM113017.1	-	7353026	7356272	22	216.0	1.04e-75	29.624	HispS|Armillaria_gallica	1771	1013	0.572	3084.6
GCA_049735435.1	Pyricularia oryzae	no	HispS	CM113019.1	+	1639739	1642393	12	294.0	1.44e-79	30.729	HispS|Armillaria_ostoyae	1770	914	0.5164	2891.8
GCA_049735435.1	Pyricularia oryzae	no	HispS	CM113019.1	+	3726264	3728918	12	294.0	1.44e-79	30.729	HispS|Armillaria_ostoyae	1770	914	0.5164	2891.8
GCA_049735435.1	Pyricularia oryzae	no	HispS	CM113019.1	+	6004901	6006244	10	109.0	1.96e-23	28.821	HispS|Mycena_citricolor	1678	503	0.2998	981.6
GCA_049735435.1	Pyricularia oryzae	no	HispS	CM113019.1	+	6498151	6499413	1	54.7	7.33e-07	22.222	HispS|Mycena_citricolor	1678	412	0.2455	54.7
GCA_049735435.1	Pyricularia oryzae	no	HispS	CM113019.1	-	1673788	1674203	21	53.1	3.23e-12	39.062	HispS|Armillaria_gallica	1771	292	0.1649	908.9
GCA_049735435.1	Pyricularia oryzae	no	HispS	CM113019.1	-	6244881	6245876	1	47.0	0.000169	23.743	HispS|Mycena_chlorophos	1652	316	0.1913	47.0
GCA_049735435.1	Pyricularia oryzae	no	HispS	CM113022.1	+	1354377	1357058	22	197.0	3.46e-50	36.111	HispS|Mycena_citricolor	1678	893	0.5322	3019.1
GCA_049735435.1	Pyricularia oryzae	no	HispS	CM113022.1	+	1689215	1692216	23	154.0	6.08e-74	31.642	HispS|Armillaria_gallica	1771	955	0.5392	3005.6
GCA_049735435.1	Pyricularia oryzae	no	HispS	CM113022.1	+	3189857	3199885	24	197.0	7.33e-78	29.769	HispS|Guyanagaster_necrorhiza	1766	1186	0.6716	3153.8
GCA_049735435.1	Pyricularia oryzae	no	HispS	CM113022.1	+	3221351	3224540	33	124.0	6.58e-28	30.216	HispS|Mycena_citricolor	1678	953	0.5679	3139.8
GCA_049735435.1	Pyricularia oryzae	no	HispS	CM113022.1	+	3426302	3429412	23	226.0	6.23e-59	31.466	HispS|Armillaria_ostoyae	1770	973	0.5497	3378.1
GCA_049735435.1	Pyricularia oryzae	no	HispS	CM113023.1	-	3921752	3923293	7	68.2	7.55e-11	23.305	HispS|Neonothopanus_gardneri	1691	540	0.3193	362.0
GCA_049735435.1	Pyricularia oryzae	no	HispS	CM113023.1	-	3966469	3966873	6	54.3	1.08e-06	30.37	HispS|Armillaria_gallica	1771	149	0.0841	311.3
GCA_049735435.1	Pyricularia oryzae	no	HispS	CM113023.1	-	4178583	4181382	23	166.0	2.66e-73	31.79	HispS|Armillaria_gallica	1771	883	0.4986	2956.0
GCA_049735435.1	Pyricularia oryzae	no	HispS	CM113023.1	+	2518865	2521432	11	226.0	9.23e-59	29.435	HispS|Armillaria_fuscipes	1774	778	0.4386	2155.0
GCA_049735435.1	Pyricularia oryzae	no	HispS	CM113023.1	+	3924754	3927564	38	82.8	1.48e-28	32.237	HispS|Armillaria_gallica	1771	881	0.4975	2356.9
GCA_049735435.1	Pyricularia oryzae	no	HispS	CM113020.1	-	4886082	4889223	39	75.9	3.61e-13	27.778	HispS|Mycena_citricolor	1678	835	0.4976	2105.5
GCA_049735435.1	Pyricularia oryzae	no	HispS	CM113020.1	-	4923713	4926756	23	202.0	9.88e-52	31.41	HispS|Armillaria_fuscipes	1774	931	0.5248	3248.5
GCA_049735435.1	Pyricularia oryzae	no	HispS	CM113020.1	+	2019536	2022736	53	93.2	2.12e-23	37.576	HispS|Armillaria_fuscipes	1774	958	0.54	3136.3
GCA_049735435.1	Pyricularia oryzae	no	HispS	CM113020.1	+	5194597	5197177	22	148.0	4.1e-35	32.927	HispS|Armillaria_fuscipes	1774	877	0.4944	2478.8
GCA_049735435.1	Pyricularia oryzae	no	HispS	CM113017.1	+	577088	577693	2	46.2	0.000299	24.878	HispS|Mycena_citricolor	1678	251	0.1496	91.3
GCA_049735435.1	Pyricularia oryzae	no	HispS	CM113017.1	+	7809342	7810061	3	52.4	4.56e-06	27.397	HispS|Neonothopanus_gardneri	1691	254	0.1502	154.8
GCA_049735435.1	Pyricularia oryzae	no	HispS	CM113022.1	-	989941	1001022	9	50.8	1.05e-05	25.692	HispS|Neonothopanus_nambi	1678	232	0.1383	429.7
GCA_049735435.1	Pyricularia oryzae	no	H3H	CM113022.1	-	154741	155814	14	167.0	8.14e-45	33.245	H3H|Armillaria_fuscipes	426	362	0.8498	2133.0
GCA_049735435.1	Pyricularia oryzae	no	H3H	CM113022.1	-	1981015	1982379	14	117.0	9.49e-28	24.49	H3H|Mycena_chlorophos	422	409	0.9692	1498.9
GCA_049735435.1	Pyricularia oryzae	no	H3H	CM113022.1	-	3388016	3388748	28	65.9	6.43e-15	30.328	H3H|Omphalotus_olearius	540	229	0.4241	1283.9
GCA_049735435.1	Pyricularia oryzae	no	H3H	CM113022.1	-	4082681	4083754	7	55.5	5.92e-08	23.925	H3H|Neonothopanus_nambi	422	356	0.8436	335.1
GCA_049735435.1	Pyricularia oryzae	no	H3H	CM113020.1	-	2778772	2779335	4	44.7	0.000152	42.373	H3H|Panellus_stipticus	428	213	0.4977	172.1
GCA_049735435.1	Pyricularia oryzae	no	H3H	CM113020.1	-	5184954	5186444	35	125.0	1.16e-30	38.967	H3H|Armillaria_mellea	429	371	0.8648	2300.6
GCA_049735435.1	Pyricularia oryzae	no	H3H	CM113020.1	+	3479178	3480588	17	89.7	8.27e-19	26.46	H3H|Armillaria_fuscipes	426	335	0.7864	1131.7
GCA_049735435.1	Pyricularia oryzae	no	H3H	CM113020.1	+	5189282	5190586	14	76.3	1.63e-14	26.667	H3H|Armillaria_fuscipes	426	420	0.9859	904.7
GCA_049735435.1	Pyricularia oryzae	no	H3H	CM113020.1	+	5363126	5363677	9	54.3	1.56e-07	31.818	H3H|Armillaria_gallica	422	183	0.4336	425.8
GCA_049735435.1	Pyricularia oryzae	no	H3H	CM113021.1	-	280124	281689	18	118.0	4.24e-28	33.684	H3H|Armillaria_fuscipes	426	365	0.8568	1514.8
GCA_049735435.1	Pyricularia oryzae	no	H3H	CM113021.1	-	4565981	4566241	4	46.6	3.87e-05	33.333	H3H|Guyanagaster_necrorhiza	443	82	0.1851	176.7
GCA_049735435.1	Pyricularia oryzae	no	H3H	CM113021.1	+	3045045	3045815	8	45.8	6.22e-05	26.009	H3H|Armillaria_ostoyae	426	234	0.5493	353.4
GCA_049735435.1	Pyricularia oryzae	no	H3H	CM113023.1	-	552659	554219	34	76.3	2.6e-25	30.0	H3H|Guyanagaster_necrorhiza	443	408	0.921	1713.5
GCA_049735435.1	Pyricularia oryzae	no	H3H	CM113018.1	+	8256212	8257516	14	108.0	6.8e-25	27.13	H3H|Neonothopanus_nambi	422	418	0.9905	1352.6
GCA_049735435.1	Pyricularia oryzae	no	H3H	CM113017.1	-	1015023	1016396	15	80.1	1.14e-15	26.031	H3H|Armillaria_ostoyae	426	399	0.9366	930.9
GCA_049735435.1	Pyricularia oryzae	no	H3H	CM113017.1	-	1349591	1350688	13	68.9	4.19e-12	26.893	H3H|Mycena_citricolor	419	368	0.8783	761.0
GCA_049735435.1	Pyricularia oryzae	no	H3H	CM113017.1	-	3862108	3862779	6	49.7	5.85e-06	25.0	H3H|Omphalotus_olearius	540	235	0.4352	283.8
GCA_049735435.1	Pyricularia oryzae	no	H3H	CM113017.1	-	6265702	6266748	14	75.9	2.1e-14	26.287	H3H|Mycena_chlorophos	422	376	0.891	918.0
GCA_049735435.1	Pyricularia oryzae	no	H3H	CM113019.1	-	588917	589886	16	53.1	3.46e-07	46.0	H3H|Neonothopanus_gardneri	416	239	0.5745	752.5
GCA_049735435.1	Pyricularia oryzae	no	H3H	CM113017.1	+	1479853	1480554	1	49.3	6.29e-06	24.615	H3H|Guyanagaster_necrorhiza	443	247	0.5576	49.3
GCA_049735435.1	Pyricularia oryzae	no	H3H	CM113019.1	+	3784072	3784788	1	47.8	1.79e-05	25.769	H3H|Mycena_chlorophos	422	232	0.5498	47.8
GCA_049735435.1	Pyricularia oryzae	no	CPH	CM113023.1	+	560490	561344	6	192.0	8.27e-55	39.175	CPH|Neonothopanus_gardneri	321	280	0.8723	1091.0
GCA_049735435.1	Pyricularia oryzae	no	CPH	CM113019.1	-	2199050	2200089	12	189.0	9.73e-54	44.747	CPH|Armillaria_gallica	302	305	1.0099	1506.0
GCA_049735435.1	Pyricularia oryzae	no	CPH	CM113019.1	+	1981195	1982206	12	106.0	9.4e-33	46.087	CPH|Armillaria_fuscipes	294	297	1.0102	895.8
GCA_049735435.1	Pyricularia oryzae	no	CPH	CM113022.1	+	939838	940822	12	159.0	1.06e-49	42.453	CPH|Armillaria_gallica	302	312	1.0331	1259.0
GCA_049735435.1	Pyricularia oryzae	no	CPH	CM113021.1	+	2622824	2623539	6	69.3	1.09e-12	37.143	CPH|Neonothopanus_gardneri	321	206	0.6417	375.2
GCA_049735435.1	Pyricularia oryzae	no	Luz	CM113018.1	+	965682	966275	12	86.7	4.9e-19	33.495	Luz|Omphalotus_olearius	261	223	0.8544	951.8
GCA_049735435.1	Pyricularia oryzae	no	Luz	CM113019.1	-	1979776	1980541	15	82.8	8.35e-18	34.188	Luz|Mycena_citricolor	246	240	0.9756	1031.1
GCA_045517165.1	Saccharomyces cerevisiae	yes	HispS	CP042225.1	-	277253	278338	11	93.2	5.41e-19	24.194	HispS|Mycena_citricolor	1678	417	0.2485	894.0
GCA_045517165.1	Saccharomyces cerevisiae	yes	HispS	CP042225.1	+	185261	185689	2	48.9	1.27e-05	29.452	HispS|Armillaria_fuscipes	1774	142	0.08	95.1
GCA_045517165.1	Saccharomyces cerevisiae	yes	HispS	CP042233.1	+	755815	756870	5	59.3	8.76e-09	22.563	HispS|Armillaria_gallica	1771	352	0.1988	280.0
GCA_045517165.1	Saccharomyces cerevisiae	yes	HispS	CP042235.1	+	886092	887102	6	58.9	1.17e-08	25.294	HispS|Armillaria_fuscipes	1774	335	0.1888	310.8
GCA_045517165.1	Saccharomyces cerevisiae	yes	HispS	CP042229.1	+	329297	329818	4	56.2	8.02e-08	25.414	HispS|Armillaria_fuscipes	1774	181	0.102	204.4
GCA_045517165.1	Saccharomyces cerevisiae	yes	HispS	CP042235.1	-	732845	733537	1	47.8	2.73e-05	23.849	HispS|Armillaria_mellea	1768	200	0.1131	47.8
GCA_045517165.1	Saccharomyces cerevisiae	yes	HispS	CP042221.1	-	14864	15277	1	43.1	0.000688	24.138	HispS|Mycena_citricolor	1678	143	0.0852	43.1
GCA_045517165.1	Saccharomyces cerevisiae	yes	H3H	CP042227.1	-	973163	973816	1	41.6	0.000358	23.729	H3H|Guyanagaster_necrorhiza	443	208	0.4695	41.6
GCA_045517165.1	Saccharomyces cerevisiae	yes	H3H	CP042222.1	+	56040	57119	3	57.4	4.94e-09	24.462	H3H|Mycena_citricolor_2	420	363	0.8643	139.0
GCA_045517165.1	Saccharomyces cerevisiae	yes	CPH	CP042234.1	-	311604	312272	6	85.9	6.5e-19	27.948	CPH|Armillaria_gallica	302	222	0.7351	484.2
GCA_053525345.1	Saccharomyces cerevisiae	yes	HispS	CM130914.1	-	276579	277751	11	92.0	1.19e-18	24.194	HispS|Mycena_citricolor	1678	417	0.2485	887.2
GCA_053525345.1	Saccharomyces cerevisiae	yes	HispS	CM130914.1	+	184313	184741	2	48.5	2.01e-05	29.452	HispS|Armillaria_fuscipes	1774	142	0.08	93.9
GCA_053525345.1	Saccharomyces cerevisiae	yes	HispS	CM130922.1	+	728624	729679	5	58.9	1.27e-08	26.061	HispS|Armillaria_fuscipes	1774	352	0.1984	275.7
GCA_053525345.1	Saccharomyces cerevisiae	yes	HispS	CM130924.1	+	859330	860340	6	58.9	1.29e-08	25.294	HispS|Armillaria_fuscipes	1774	335	0.1888	311.2
GCA_053525345.1	Saccharomyces cerevisiae	yes	HispS	CM130918.1	+	279514	280023	4	56.2	8.79e-08	25.414	HispS|Armillaria_fuscipes	1774	177	0.0998	204.1
GCA_053525345.1	Saccharomyces cerevisiae	yes	HispS	CM130924.1	-	706093	706785	1	47.4	4.71e-05	23.849	HispS|Armillaria_mellea	1768	200	0.1131	47.4
GCA_053525345.1	Saccharomyces cerevisiae	yes	HispS	CM130910.1	-	41544	41957	1	42.7	0.001	24.138	HispS|Mycena_citricolor	1678	143	0.0852	42.7
GCA_053525345.1	Saccharomyces cerevisiae	yes	H3H	CM130916.1	-	966528	967181	1	40.4	0.000869	24.454	H3H|Guyanagaster_necrorhiza	443	208	0.4695	40.4
GCA_053525345.1	Saccharomyces cerevisiae	yes	H3H	CM130911.1	+	32645	33724	2	57.4	4.44e-09	24.731	H3H|Mycena_citricolor_2	420	363	0.8643	99.0
GCA_053525345.1	Saccharomyces cerevisiae	yes	CPH	CM130923.1	-	305535	306203	6	83.2	9e-18	29.437	CPH|Neonothopanus_gardneri	321	222	0.6916	482.6
GCA_054130705.1	Saccharomyces cerevisiae	yes	HispS	CM134321.1	-	269028	270200	11	92.0	1.08e-18	24.194	HispS|Mycena_citricolor	1678	417	0.2485	887.2
GCA_054130705.1	Saccharomyces cerevisiae	yes	HispS	CM134321.1	+	178782	179210	2	48.5	1.82e-05	29.452	HispS|Armillaria_fuscipes	1774	142	0.08	93.9
GCA_054130705.1	Saccharomyces cerevisiae	yes	HispS	CM134331.1	+	876257	877267	6	58.9	1.17e-08	25.294	HispS|Armillaria_fuscipes	1774	335	0.1888	311.2
GCA_054130705.1	Saccharomyces cerevisiae	yes	HispS	CM134329.1	+	735291	736307	5	58.9	1.23e-08	26.061	HispS|Armillaria_fuscipes	1774	341	0.1922	274.2
GCA_054130705.1	Saccharomyces cerevisiae	yes	HispS	CM134325.1	+	322724	323233	4	56.2	7.96e-08	25.414	HispS|Armillaria_fuscipes	1774	177	0.0998	204.1
GCA_054130705.1	Saccharomyces cerevisiae	yes	HispS	CM134331.1	-	723074	723766	1	47.4	4.06e-05	23.849	HispS|Armillaria_mellea	1768	200	0.1131	47.4
GCA_054130705.1	Saccharomyces cerevisiae	yes	HispS	CM134317.1	-	35280	35693	1	42.7	0.000871	24.138	HispS|Mycena_citricolor	1678	143	0.0852	42.7
GCA_054130705.1	Saccharomyces cerevisiae	yes	H3H	CM134318.1	+	32190	33269	3	57.4	4.09e-09	24.731	H3H|Mycena_citricolor_2	420	363	0.8643	139.0
GCA_054130705.1	Saccharomyces cerevisiae	yes	CPH	CM134330.1	-	328814	329536	6	85.9	6.56e-19	27.948	CPH|Armillaria_gallica	302	244	0.8079	484.2
GCA_060040885.1	Schizosaccharomyces pombe	no	HispS	CM189190.1	+	975960	976577	10	69.3	8.79e-12	28.846	HispS|Mycena_citricolor	1678	316	0.1883	621.2
GCA_060040885.1	Schizosaccharomyces pombe	no	HispS	CM189190.1	+	1648938	1649972	7	53.9	4.11e-07	22.034	HispS|Armillaria_ostoyae	1770	336	0.1898	346.5
GCA_060040885.1	Schizosaccharomyces pombe	no	HispS	CM189190.1	-	2783663	2784298	8	63.5	5.42e-10	26.064	HispS|Armillaria_gallica	1771	230	0.1299	427.3
GCA_060040885.1	Schizosaccharomyces pombe	no	HispS	CM189189.1	+	1626833	1627774	11	65.9	1.03e-10	25.778	HispS|Neonothopanus_gardneri	1691	474	0.2803	590.7
GCA_060040885.1	Schizosaccharomyces pombe	no	CPH	CM189190.1	+	730620	731147	6	84.0	2.4e-18	29.834	CPH|Armillaria_fuscipes	294	203	0.6905	472.7
GCA_060040935.1	Schizosaccharomyces pombe	no	HispS	CM189194.1	-	2991687	2992721	7	53.9	4.1e-07	22.034	HispS|Armillaria_ostoyae	1770	336	0.1898	346.5
GCA_060040935.1	Schizosaccharomyces pombe	no	HispS	CM189194.1	-	3665029	3665646	10	69.3	8.76e-12	28.846	HispS|Mycena_citricolor	1678	316	0.1883	621.2
GCA_060040935.1	Schizosaccharomyces pombe	no	HispS	CM189194.1	+	1858706	1859341	8	63.5	5.41e-10	26.064	HispS|Armillaria_gallica	1771	230	0.1299	427.3
GCA_060040935.1	Schizosaccharomyces pombe	no	HispS	CM189193.1	+	1625422	1626363	11	65.9	1.02e-10	25.778	HispS|Neonothopanus_gardneri	1691	474	0.2803	590.7
GCA_060040935.1	Schizosaccharomyces pombe	no	CPH	CM189194.1	-	3910433	3910960	6	84.0	2.39e-18	29.834	CPH|Armillaria_fuscipes	294	203	0.6905	472.7
GCA_060040965.1	Schizosaccharomyces pombe	no	HispS	CM189197.1	-	2977735	2978769	7	53.9	4.1e-07	22.034	HispS|Armillaria_ostoyae	1770	336	0.1898	346.5
GCA_060040965.1	Schizosaccharomyces pombe	no	HispS	CM189197.1	-	3651137	3651754	10	69.3	8.76e-12	28.846	HispS|Mycena_citricolor	1678	316	0.1883	621.2
GCA_060040965.1	Schizosaccharomyces pombe	no	HispS	CM189197.1	+	1856628	1857263	8	63.5	5.41e-10	26.064	HispS|Armillaria_gallica	1771	230	0.1299	427.3
GCA_060040965.1	Schizosaccharomyces pombe	no	HispS	CM189196.1	+	1631521	1632462	11	65.9	1.02e-10	25.778	HispS|Neonothopanus_gardneri	1691	474	0.2803	590.7
GCA_060040965.1	Schizosaccharomyces pombe	no	CPH	CM189197.1	-	3896560	3897087	6	84.0	2.39e-18	29.834	CPH|Armillaria_fuscipes	294	203	0.6905	472.7
GCA_001857865.1	Sclerotinia sclerotiorum	yes	HispS	CP017816.1	+	3195937	3198699	11	318.0	3.16e-87	29.327	HispS|Armillaria_mellea	1768	978	0.5532	3084.0
GCA_001857865.1	Sclerotinia sclerotiorum	yes	HispS	CP017816.1	-	886857	887948	8	61.6	5.28e-09	25.0	HispS|Neonothopanus_nambi	1678	386	0.23	443.5
GCA_001857865.1	Sclerotinia sclerotiorum	yes	HispS	CP017825.1	-	1694363	1697309	22	214.0	1.44e-82	28.943	HispS|Armillaria_fuscipes	1774	1018	0.5738	3224.7
GCA_001857865.1	Sclerotinia sclerotiorum	yes	HispS	CP017827.1	-	303164	305827	12	303.0	1.63e-82	29.324	HispS|Armillaria_fuscipes	1774	936	0.5276	2902.6
GCA_001857865.1	Sclerotinia sclerotiorum	yes	HispS	CP017827.1	-	916197	916925	11	80.9	9.85e-15	31.02	HispS|Mycena_citricolor	1678	316	0.1883	715.6
GCA_001857865.1	Sclerotinia sclerotiorum	yes	HispS	CP017827.1	-	1590515	1590911	17	55.8	3.68e-07	51.02	HispS|Mycena_citricolor	1678	130	0.0775	862.9
GCA_001857865.1	Sclerotinia sclerotiorum	yes	HispS	CP017828.1	-	1501232	1504113	23	162.0	2.55e-76	32.934	HispS|Mycena_citricolor	1678	965	0.5751	3220.3
GCA_001857865.1	Sclerotinia sclerotiorum	yes	HispS	CP017828.1	+	969309	972403	32	145.0	3.95e-52	27.236	HispS|Mycena_citricolor	1678	957	0.5703	2887.2
GCA_001857865.1	Sclerotinia sclerotiorum	yes	HispS	CP017828.1	+	1482582	1485210	27	168.0	3.35e-41	27.21	HispS|Armillaria_gallica	1771	876	0.4946	2268.9
GCA_001857865.1	Sclerotinia sclerotiorum	yes	HispS	CP017818.1	-	1244541	1245266	1	48.5	5.58e-05	22.358	HispS|Mycena_citricolor	1678	233	0.1389	48.5
GCA_001857865.1	Sclerotinia sclerotiorum	yes	HispS	CP017818.1	-	2628398	2631483	22	152.0	1.38e-64	27.013	HispS|Neonothopanus_gardneri	1691	1104	0.6529	2877.5
GCA_001857865.1	Sclerotinia sclerotiorum	yes	HispS	CP017818.1	+	2300610	2303458	23	161.0	9.97e-68	34.516	HispS|Mycena_citricolor	1678	978	0.5828	2755.0
GCA_001857865.1	Sclerotinia sclerotiorum	yes	HispS	CP017814.1	+	917227	917550	1	48.1	7.74e-05	27.826	HispS|Mycena_citricolor	1678	114	0.0679	48.1
GCA_001857865.1	Sclerotinia sclerotiorum	yes	HispS	CP017814.1	+	1518428	1521808	49	112.0	2.29e-24	30.272	HispS|Guyanagaster_necrorhiza	1766	962	0.5447	3307.8
GCA_001857865.1	Sclerotinia sclerotiorum	yes	HispS	CP017814.1	+	2022995	2025676	33	157.0	2.36e-68	28.499	HispS|Guyanagaster_necrorhiza	1766	849	0.4807	3579.6
GCA_001857865.1	Sclerotinia sclerotiorum	yes	HispS	CP017814.1	+	2066461	2069688	36	114.0	6.16e-25	33.333	HispS|Armillaria_gallica	1771	969	0.5471	2737.0
GCA_001857865.1	Sclerotinia sclerotiorum	yes	HispS	CP017814.1	+	3570932	3571654	2	64.7	6.18e-10	26.778	HispS|Neonothopanus_gardneri	1691	239	0.1413	128.2
GCA_001857865.1	Sclerotinia sclerotiorum	yes	HispS	CP017814.1	-	1463545	1464258	3	50.4	1.22e-05	26.587	HispS|Neonothopanus_nambi	1678	234	0.1395	147.5
GCA_001857865.1	Sclerotinia sclerotiorum	yes	HispS	CP017814.1	-	3561784	3562078	16	41.2	9.1e-06	40.816	HispS|Armillaria_fuscipes	1774	108	0.0609	546.4
GCA_001857865.1	Sclerotinia sclerotiorum	yes	HispS	CP017829.1	+	1077357	1080138	23	187.0	2.16e-65	26.667	HispS|Neonothopanus_gardneri	1691	967	0.5719	2955.1
GCA_001857865.1	Sclerotinia sclerotiorum	yes	HispS	CP017819.1	-	1208382	1211629	33	138.0	1.74e-58	38.119	HispS|Mycena_citricolor	1678	972	0.5793	3554.4
GCA_001857865.1	Sclerotinia sclerotiorum	yes	HispS	CP017820.1	+	61623	64932	23	181.0	4.78e-45	29.596	HispS|Armillaria_fuscipes	1774	974	0.549	2492.2
GCA_001857865.1	Sclerotinia sclerotiorum	yes	HispS	CP017820.1	+	1589752	1592579	22	195.0	1.99e-49	34.218	HispS|Armillaria_fuscipes	1774	908	0.5118	2801.3
GCA_001857865.1	Sclerotinia sclerotiorum	yes	HispS	CP017817.1	-	666090	669560	31	159.0	1.57e-40	28.635	HispS|Guyanagaster_necrorhiza	1766	899	0.5091	2381.3
GCA_001857865.1	Sclerotinia sclerotiorum	yes	HispS	CP017817.1	+	257529	260600	34	108.0	3.13e-23	25.781	HispS|Armillaria_fuscipes	1774	978	0.5513	2810.4
GCA_001857865.1	Sclerotinia sclerotiorum	yes	HispS	CP017826.1	+	1617524	1620757	35	134.0	8.5e-31	37.674	HispS|Armillaria_fuscipes	1774	958	0.54	3438.6
GCA_001857865.1	Sclerotinia sclerotiorum	yes	HispS	CP017823.1	-	149032	150006	6	55.5	4.02e-07	25.214	HispS|Armillaria_fuscipes	1774	285	0.1607	305.0
GCA_001857865.1	Sclerotinia sclerotiorum	yes	HispS	CP017823.1	+	1212259	1213317	7	53.5	1.47e-06	21.637	HispS|Mycena_citricolor	1678	388	0.2312	336.5
GCA_001857865.1	Sclerotinia sclerotiorum	yes	HispS	CP017822.1	+	1032655	1034115	4	63.9	1.18e-09	24.689	HispS|Neonothopanus_nambi	1678	527	0.3141	227.2
GCA_001857865.1	Sclerotinia sclerotiorum	yes	HispS	CP017820.1	-	447881	448294	1	46.2	0.000244	23.649	HispS|Mycena_chlorophos	1652	146	0.0884	46.2
GCA_001857865.1	Sclerotinia sclerotiorum	yes	HispS	CP017821.1	-	739349	740077	1	52.8	2.82e-06	25.385	HispS|Mycena_chlorophos	1652	245	0.1483	52.8
GCA_001857865.1	Sclerotinia sclerotiorum	yes	HispS	CP017815.1	-	413710	414207	1	52.4	3.42e-06	28.402	HispS|Mycena_chlorophos	1652	161	0.0975	52.4
GCA_001857865.1	Sclerotinia sclerotiorum	yes	HispS	CP017815.1	-	2290665	2292431	1	44.3	0.001	22.104	HispS|Neonothopanus_nambi	1678	621	0.3701	44.3
GCA_001857865.1	Sclerotinia sclerotiorum	yes	HispS	CP017829.1	-	33910	34593	1	46.2	0.000259	24.481	HispS|Mycena_citricolor	1678	224	0.1335	46.2
GCA_001857865.1	Sclerotinia sclerotiorum	yes	H3H	CP017817.1	-	1490040	1491212	14	183.0	2.12e-50	33.069	H3H|Neonothopanus_gardneri	416	397	0.9543	2320.0
GCA_001857865.1	Sclerotinia sclerotiorum	yes	H3H	CP017817.1	-	2222655	2223848	14	97.1	3.46e-21	25.369	H3H|Panellus_stipticus	428	373	0.8715	1251.2
GCA_001857865.1	Sclerotinia sclerotiorum	yes	H3H	CP017817.1	-	2433496	2434482	40	62.4	3.75e-10	41.791	H3H|Panellus_stipticus	428	282	0.6589	1925.3
GCA_001857865.1	Sclerotinia sclerotiorum	yes	H3H	CP017817.1	+	132422	133129	6	52.4	5.72e-07	26.337	H3H|Armillaria_mellea	429	243	0.5664	289.1
GCA_001857865.1	Sclerotinia sclerotiorum	yes	H3H	CP017823.1	-	1156164	1157384	14	117.0	5.02e-28	28.238	H3H|Neonothopanus_nambi	422	421	0.9976	1505.9
GCA_001857865.1	Sclerotinia sclerotiorum	yes	H3H	CP017823.1	-	1580143	1581345	14	161.0	9.01e-43	31.335	H3H|Neonothopanus_nambi	422	414	0.981	2037.0
GCA_001857865.1	Sclerotinia sclerotiorum	yes	H3H	CP017823.1	+	813371	814473	24	53.5	3.41e-14	25.763	H3H|Armillaria_fuscipes	426	354	0.831	1040.1
GCA_001857865.1	Sclerotinia sclerotiorum	yes	H3H	CP017823.1	+	1171604	1172490	2	32.3	0.000145	22.727	H3H|Neonothopanus_nambi	422	271	0.6422	63.5
GCA_001857865.1	Sclerotinia sclerotiorum	yes	H3H	CP017821.1	-	1417135	1417971	14	142.0	1.35e-36	32.862	H3H|Neonothopanus_gardneri	416	283	0.6803	1775.0
GCA_001857865.1	Sclerotinia sclerotiorum	yes	H3H	CP017818.1	+	69383	70471	14	121.0	2.56e-29	26.302	H3H|Armillaria_fuscipes	426	361	0.8474	1430.1
GCA_001857865.1	Sclerotinia sclerotiorum	yes	H3H	CP017818.1	+	2637485	2638249	1	53.9	1.82e-07	25.67	H3H|Armillaria_fuscipes	426	241	0.5657	53.9
GCA_001857865.1	Sclerotinia sclerotiorum	yes	H3H	CP017818.1	-	1586375	1587937	17	100.0	2.49e-22	25.21	H3H|Neonothopanus_nambi	422	378	0.8957	1427.4
GCA_001857865.1	Sclerotinia sclerotiorum	yes	H3H	CP017819.1	+	1296117	1296785	1	48.5	8.17e-06	24.017	H3H|Armillaria_mellea	429	189	0.4406	48.5
GCA_001857865.1	Sclerotinia sclerotiorum	yes	H3H	CP017819.1	+	2428956	2430148	15	110.0	1.46e-25	29.787	H3H|Neonothopanus_gardneri	416	338	0.8125	1452.2
GCA_001857865.1	Sclerotinia sclerotiorum	yes	H3H	CP017820.1	+	1942563	1943351	12	50.4	2.22e-06	36.486	H3H|Panellus_stipticus	428	275	0.6425	541.6
GCA_001857865.1	Sclerotinia sclerotiorum	yes	H3H	CP017820.1	+	2042492	2043835	14	105.0	3.65e-24	27.191	H3H|Mycena_citricolor	419	407	0.9714	1365.9
GCA_001857865.1	Sclerotinia sclerotiorum	yes	H3H	CP017815.1	+	1046045	1047353	25	93.2	9.29e-25	26.42	H3H|Panellus_stipticus_2	428	387	0.9042	1495.7
GCA_001857865.1	Sclerotinia sclerotiorum	yes	H3H	CP017815.1	+	3187203	3187550	6	44.3	0.000163	31.532	H3H|Panellus_stipticus	428	100	0.2336	262.6
GCA_001857865.1	Sclerotinia sclerotiorum	yes	H3H	CP017824.1	+	1355243	1356816	35	69.7	2.2e-12	34.109	H3H|Panellus_stipticus	428	290	0.6776	1617.2
GCA_001857865.1	Sclerotinia sclerotiorum	yes	H3H	CP017814.1	-	2974086	2975246	14	60.1	2.06e-09	23.239	H3H|Guyanagaster_necrorhiza	443	413	0.9323	744.7
GCA_001857865.1	Sclerotinia sclerotiorum	yes	H3H	CP017824.1	-	722832	723062	3	43.5	0.000279	33.333	H3H|Panellus_stipticus	428	64	0.1495	130.5
GCA_001857865.1	Sclerotinia sclerotiorum	yes	CPH	CP017815.1	+	1656242	1657269	12	163.0	1.82e-50	43.966	CPH|Armillaria_fuscipes	294	315	1.0714	1251.6
GCA_001857865.1	Sclerotinia sclerotiorum	yes	CPH	CP017815.1	+	1776442	1776864	6	68.2	1.71e-12	31.915	CPH|Armillaria_fuscipes	294	145	0.4932	374.9
GCA_001857865.1	Sclerotinia sclerotiorum	yes	CPH	CP017828.1	-	857159	858175	18	125.0	1.12e-40	44.231	CPH|Armillaria_fuscipes	294	313	1.0646	1408.6
GCA_001857865.1	Sclerotinia sclerotiorum	yes	Luz	CP017826.1	+	1077983	1078771	12	108.0	1.19e-26	29.389	Luz|Neonothopanus_gardneri	264	255	0.9659	1223.0
GCA_001857865.1	Sclerotinia sclerotiorum	yes	Luz	CP017828.1	-	288069	288848	12	117.0	1.35e-29	33.074	Luz|Panellus_stipticus	249	250	1.004	1274.2
GCA_039834505.1	Sclerotinia sclerotiorum	no	HispS	CP156253.1	+	3203820	3206582	11	318.0	3.18e-87	29.327	HispS|Armillaria_mellea	1768	978	0.5532	3084.0
GCA_039834505.1	Sclerotinia sclerotiorum	no	HispS	CP156253.1	-	889188	890279	8	61.6	5.31e-09	25.0	HispS|Neonothopanus_nambi	1678	386	0.23	443.5
GCA_039834505.1	Sclerotinia sclerotiorum	no	HispS	CP156262.1	-	1698392	1701338	22	214.0	1.44e-82	28.943	HispS|Armillaria_fuscipes	1774	1018	0.5738	3224.7
GCA_039834505.1	Sclerotinia sclerotiorum	no	HispS	CP156264.1	-	304011	306674	12	303.0	1.64e-82	29.324	HispS|Armillaria_fuscipes	1774	936	0.5276	2902.6
GCA_039834505.1	Sclerotinia sclerotiorum	no	HispS	CP156264.1	-	922393	923121	11	80.9	9.1e-15	31.02	HispS|Mycena_citricolor	1678	316	0.1883	716.4
GCA_039834505.1	Sclerotinia sclerotiorum	no	HispS	CP156264.1	-	1592221	1592771	17	59.3	3.34e-08	51.02	HispS|Armillaria_mellea	1768	130	0.0735	893.2
GCA_039834505.1	Sclerotinia sclerotiorum	no	HispS	CP156265.1	-	1515131	1518012	23	162.0	2.57e-76	32.934	HispS|Mycena_citricolor	1678	965	0.5751	3220.3
GCA_039834505.1	Sclerotinia sclerotiorum	no	HispS	CP156265.1	+	960320	963414	32	145.0	3.97e-52	27.236	HispS|Mycena_citricolor	1678	957	0.5703	2887.2
GCA_039834505.1	Sclerotinia sclerotiorum	no	HispS	CP156265.1	+	1496481	1499109	27	168.0	3.37e-41	27.21	HispS|Armillaria_gallica	1771	876	0.4946	2268.9
GCA_039834505.1	Sclerotinia sclerotiorum	no	HispS	CP156255.1	-	1203660	1204385	1	48.5	5.25e-05	22.358	HispS|Mycena_citricolor	1678	233	0.1389	48.5
GCA_039834505.1	Sclerotinia sclerotiorum	no	HispS	CP156255.1	-	2595438	2598523	22	152.0	1.53e-64	27.013	HispS|Neonothopanus_gardneri	1691	1104	0.6529	2875.5
GCA_039834505.1	Sclerotinia sclerotiorum	no	HispS	CP156255.1	+	2263528	2266376	23	163.0	1.31e-68	34.839	HispS|Mycena_citricolor	1678	978	0.5828	2761.4
GCA_039834505.1	Sclerotinia sclerotiorum	no	HispS	CP156251.1	+	929511	929834	1	48.1	7.78e-05	27.826	HispS|Mycena_citricolor	1678	114	0.0679	48.1
GCA_039834505.1	Sclerotinia sclerotiorum	no	HispS	CP156251.1	+	1536081	1539461	49	112.0	2.3e-24	30.272	HispS|Guyanagaster_necrorhiza	1766	962	0.5447	3307.8
GCA_039834505.1	Sclerotinia sclerotiorum	no	HispS	CP156251.1	+	2040103	2042784	33	157.0	2.37e-68	28.499	HispS|Guyanagaster_necrorhiza	1766	849	0.4807	3579.6
GCA_039834505.1	Sclerotinia sclerotiorum	no	HispS	CP156251.1	+	2084456	2087683	40	114.0	2.66e-29	33.333	HispS|Armillaria_gallica	1771	969	0.5471	2875.6
GCA_039834505.1	Sclerotinia sclerotiorum	no	HispS	CP156251.1	+	3579706	3580428	2	65.1	5.21e-10	26.778	HispS|Neonothopanus_gardneri	1691	239	0.1413	129.0
GCA_039834505.1	Sclerotinia sclerotiorum	no	HispS	CP156251.1	-	1481027	1481740	3	50.4	1.23e-05	26.587	HispS|Neonothopanus_nambi	1678	234	0.1395	147.5
GCA_039834505.1	Sclerotinia sclerotiorum	no	HispS	CP156251.1	-	3570239	3570533	16	41.2	9.15e-06	40.816	HispS|Armillaria_fuscipes	1774	108	0.0609	546.4
GCA_039834505.1	Sclerotinia sclerotiorum	no	HispS	CP156266.1	+	1092820	1095608	33	179.0	8.33e-46	24.49	HispS|Panellus_stipticus	1504	967	0.643	3074.5
GCA_039834505.1	Sclerotinia sclerotiorum	no	HispS	CP156256.1	-	1216751	1219998	33	137.0	2.69e-58	37.624	HispS|Mycena_citricolor	1678	972	0.5793	3547.8
GCA_039834505.1	Sclerotinia sclerotiorum	no	HispS	CP156257.1	+	61625	64934	23	181.0	4.8e-45	29.596	HispS|Armillaria_fuscipes	1774	974	0.549	2492.2
GCA_039834505.1	Sclerotinia sclerotiorum	no	HispS	CP156257.1	+	1599138	1601965	22	195.0	2e-49	34.218	HispS|Armillaria_fuscipes	1774	908	0.5118	2801.3
GCA_039834505.1	Sclerotinia sclerotiorum	no	HispS	CP156254.1	-	811706	815176	31	159.0	1.57e-40	28.635	HispS|Guyanagaster_necrorhiza	1766	899	0.5091	2381.3
GCA_039834505.1	Sclerotinia sclerotiorum	no	HispS	CP156254.1	+	398026	401097	34	108.0	2.64e-23	25.781	HispS|Armillaria_fuscipes	1774	978	0.5513	2824.7
GCA_039834505.1	Sclerotinia sclerotiorum	no	HispS	CP156263.1	+	1584655	1587888	35	134.0	8.55e-31	37.674	HispS|Armillaria_fuscipes	1774	958	0.54	3437.6
GCA_039834505.1	Sclerotinia sclerotiorum	no	HispS	CP156258.1	+	1756585	1759701	38	85.1	5.27e-16	29.231	HispS|Armillaria_fuscipes	1774	901	0.5079	2543.2
GCA_039834505.1	Sclerotinia sclerotiorum	no	HispS	CP156258.1	-	733156	733884	1	52.8	2.83e-06	25.385	HispS|Mycena_chlorophos	1652	245	0.1483	52.8
GCA_039834505.1	Sclerotinia sclerotiorum	no	HispS	CP156258.1	-	1687163	1687897	11	87.0	1.19e-16	29.752	HispS|Armillaria_fuscipes	1774	408	0.23	854.2
GCA_039834505.1	Sclerotinia sclerotiorum	no	HispS	CP156260.1	-	172869	173843	6	55.5	4.04e-07	25.214	HispS|Armillaria_fuscipes	1774	285	0.1607	305.8
GCA_039834505.1	Sclerotinia sclerotiorum	no	HispS	CP156260.1	+	1241037	1242095	7	53.5	1.47e-06	21.637	HispS|Mycena_citricolor	1678	388	0.2312	336.5
GCA_039834505.1	Sclerotinia sclerotiorum	no	HispS	CP156259.1	+	1067192	1068652	4	63.9	1.14e-09	24.689	HispS|Neonothopanus_nambi	1678	527	0.3141	224.9
GCA_039834505.1	Sclerotinia sclerotiorum	no	HispS	CP156257.1	-	472366	472779	1	46.2	0.000245	23.649	HispS|Mycena_chlorophos	1652	146	0.0884	46.2
GCA_039834505.1	Sclerotinia sclerotiorum	no	HispS	CP156252.1	-	416011	416508	1	52.4	3.44e-06	28.402	HispS|Mycena_chlorophos	1652	161	0.0975	52.4
GCA_039834505.1	Sclerotinia sclerotiorum	no	HispS	CP156252.1	-	2293026	2294792	1	44.3	0.001	22.104	HispS|Neonothopanus_nambi	1678	621	0.3701	44.3
GCA_039834505.1	Sclerotinia sclerotiorum	no	HispS	CP156266.1	-	36230	36913	1	46.6	0.000197	24.481	HispS|Mycena_citricolor	1678	224	0.1335	46.6
GCA_039834505.1	Sclerotinia sclerotiorum	no	H3H	CP156254.1	-	1649526	1650698	14	183.0	2.13e-50	33.069	H3H|Neonothopanus_gardneri	416	397	0.9543	2320.0
GCA_039834505.1	Sclerotinia sclerotiorum	no	H3H	CP156254.1	-	2359660	2360853	14	97.1	3.48e-21	25.369	H3H|Panellus_stipticus	428	373	0.8715	1251.2
GCA_039834505.1	Sclerotinia sclerotiorum	no	H3H	CP156254.1	-	2563272	2564258	40	62.4	3.77e-10	41.791	H3H|Panellus_stipticus	428	282	0.6589	1925.3
GCA_039834505.1	Sclerotinia sclerotiorum	no	H3H	CP156254.1	+	139447	140154	6	52.4	5.75e-07	26.337	H3H|Armillaria_mellea	429	243	0.5664	289.1
GCA_039834505.1	Sclerotinia sclerotiorum	no	H3H	CP156260.1	-	1184940	1186160	14	115.0	3.85e-27	25.761	H3H|Armillaria_ostoyae	426	421	0.9883	1481.9
GCA_039834505.1	Sclerotinia sclerotiorum	no	H3H	CP156260.1	-	1621977	1623179	14	161.0	9.06e-43	31.335	H3H|Neonothopanus_nambi	422	414	0.981	2037.0
GCA_039834505.1	Sclerotinia sclerotiorum	no	H3H	CP156260.1	+	841692	842794	24	53.5	3.43e-14	25.763	H3H|Armillaria_fuscipes	426	354	0.831	1040.1
GCA_039834505.1	Sclerotinia sclerotiorum	no	H3H	CP156260.1	+	1200387	1201273	2	32.3	0.000145	22.727	H3H|Neonothopanus_nambi	422	271	0.6422	63.5
GCA_039834505.1	Sclerotinia sclerotiorum	no	H3H	CP156258.1	-	1418354	1419190	14	143.0	1.2e-36	32.862	H3H|Neonothopanus_gardneri	416	283	0.6803	1781.0
GCA_039834505.1	Sclerotinia sclerotiorum	no	H3H	CP156255.1	+	70786	71874	14	121.0	3.49e-29	26.098	H3H|Armillaria_fuscipes	426	361	0.8474	1423.4
GCA_039834505.1	Sclerotinia sclerotiorum	no	H3H	CP156255.1	+	2604525	2605289	1	53.9	1.83e-07	25.67	H3H|Armillaria_fuscipes	426	241	0.5657	53.9
GCA_039834505.1	Sclerotinia sclerotiorum	no	H3H	CP156255.1	-	1553625	1555187	17	100.0	2.51e-22	25.21	H3H|Neonothopanus_nambi	422	378	0.8957	1427.4
GCA_039834505.1	Sclerotinia sclerotiorum	no	H3H	CP156256.1	+	1304247	1304915	1	48.5	8.21e-06	24.017	H3H|Armillaria_mellea	429	189	0.4406	48.5
GCA_039834505.1	Sclerotinia sclerotiorum	no	H3H	CP156256.1	+	2427816	2429008	15	110.0	1.47e-25	29.787	H3H|Neonothopanus_gardneri	416	338	0.8125	1452.6
GCA_039834505.1	Sclerotinia sclerotiorum	no	H3H	CP156257.1	+	1886914	1887147	6	48.5	7.5e-06	35.135	H3H|Panellus_stipticus	428	84	0.1963	272.6
GCA_039834505.1	Sclerotinia sclerotiorum	no	H3H	CP156257.1	+	1981810	1983153	14	104.0	1.18e-23	26.577	H3H|Mycena_citricolor	419	407	0.9714	1369.0
GCA_039834505.1	Sclerotinia sclerotiorum	no	H3H	CP156252.1	+	1038970	1040278	25	93.2	9.34e-25	26.42	H3H|Panellus_stipticus_2	428	387	0.9042	1495.7
GCA_039834505.1	Sclerotinia sclerotiorum	no	H3H	CP156252.1	+	3195198	3195545	6	44.3	0.000163	31.532	H3H|Panellus_stipticus	428	100	0.2336	262.6
GCA_039834505.1	Sclerotinia sclerotiorum	no	H3H	CP156261.1	+	1179471	1181044	35	69.7	2.21e-12	34.109	H3H|Panellus_stipticus	428	290	0.6776	1617.2
GCA_039834505.1	Sclerotinia sclerotiorum	no	H3H	CP156251.1	-	2983299	2984459	14	59.7	3.21e-09	23.474	H3H|Guyanagaster_necrorhiza	443	413	0.9323	771.6
GCA_039834505.1	Sclerotinia sclerotiorum	no	H3H	CP156261.1	-	549789	550019	3	43.5	0.00028	33.333	H3H|Panellus_stipticus	428	64	0.1495	130.5
GCA_039834505.1	Sclerotinia sclerotiorum	no	CPH	CP156252.1	+	1646387	1647414	12	163.0	1.83e-50	43.966	CPH|Armillaria_fuscipes	294	315	1.0714	1251.6
GCA_039834505.1	Sclerotinia sclerotiorum	no	CPH	CP156252.1	+	1766589	1767011	6	68.2	1.72e-12	31.915	CPH|Armillaria_fuscipes	294	145	0.4932	374.9
GCA_039834505.1	Sclerotinia sclerotiorum	no	CPH	CP156265.1	-	841257	842273	18	125.0	1.13e-40	44.231	CPH|Armillaria_fuscipes	294	313	1.0646	1408.6
GCA_039834505.1	Sclerotinia sclerotiorum	no	Luz	CP156263.1	+	1036467	1037255	12	108.0	1.2e-26	29.389	Luz|Neonothopanus_gardneri	264	255	0.9659	1223.0
GCA_039834505.1	Sclerotinia sclerotiorum	no	Luz	CP156265.1	-	298856	299635	12	117.0	1.36e-29	33.074	Luz|Panellus_stipticus	249	250	1.004	1274.2
GCA_039834615.1	Sclerotinia sclerotiorum	no	HispS	CP156317.1	+	3170811	3173573	11	319.0	2.9e-87	29.327	HispS|Armillaria_mellea	1768	978	0.5532	3086.0
GCA_039834615.1	Sclerotinia sclerotiorum	no	HispS	CP156317.1	-	871106	872197	8	61.6	5.28e-09	25.0	HispS|Neonothopanus_nambi	1678	386	0.23	443.5
GCA_039834615.1	Sclerotinia sclerotiorum	no	HispS	CP156326.1	-	1707077	1710023	22	214.0	1.43e-82	28.943	HispS|Armillaria_fuscipes	1774	1018	0.5738	3224.7
GCA_039834615.1	Sclerotinia sclerotiorum	no	HispS	CP156328.1	-	263395	266058	12	303.0	1.63e-82	29.324	HispS|Armillaria_fuscipes	1774	936	0.5276	2902.6
GCA_039834615.1	Sclerotinia sclerotiorum	no	HispS	CP156328.1	-	876606	877334	11	80.9	9.84e-15	31.02	HispS|Mycena_citricolor	1678	316	0.1883	715.6
GCA_039834615.1	Sclerotinia sclerotiorum	no	HispS	CP156328.1	-	1554162	1554712	17	59.3	3.32e-08	51.02	HispS|Armillaria_mellea	1768	130	0.0735	893.2
GCA_039834615.1	Sclerotinia sclerotiorum	no	HispS	CP156329.1	-	1310741	1313958	39	132.0	7.18e-45	28.261	HispS|Armillaria_ostoyae	1770	945	0.5339	2991.7
GCA_039834615.1	Sclerotinia sclerotiorum	no	HispS	CP156329.1	-	1544268	1547149	23	162.0	2.55e-76	32.934	HispS|Mycena_citricolor	1678	965	0.5751	3220.3
GCA_039834615.1	Sclerotinia sclerotiorum	no	HispS	CP156329.1	+	974910	978004	32	145.0	3.95e-52	27.236	HispS|Mycena_citricolor	1678	957	0.5703	2887.2
GCA_039834615.1	Sclerotinia sclerotiorum	no	HispS	CP156329.1	+	1525618	1528246	27	168.0	3.35e-41	27.21	HispS|Armillaria_gallica	1771	876	0.4946	2268.9
GCA_039834615.1	Sclerotinia sclerotiorum	no	HispS	CP156319.1	-	1219714	1220439	1	48.5	5.21e-05	22.358	HispS|Mycena_citricolor	1678	233	0.1389	48.5
GCA_039834615.1	Sclerotinia sclerotiorum	no	HispS	CP156319.1	-	2595879	2598964	22	152.0	1.52e-64	27.013	HispS|Neonothopanus_gardneri	1691	1104	0.6529	2875.5
GCA_039834615.1	Sclerotinia sclerotiorum	no	HispS	CP156319.1	+	2269625	2272473	23	161.0	9.96e-68	34.516	HispS|Mycena_citricolor	1678	978	0.5828	2755.0
GCA_039834615.1	Sclerotinia sclerotiorum	no	HispS	CP156315.1	+	938636	938959	1	48.1	7.73e-05	27.826	HispS|Mycena_citricolor	1678	114	0.0679	48.1
GCA_039834615.1	Sclerotinia sclerotiorum	no	HispS	CP156315.1	+	1540356	1543736	49	112.0	2.29e-24	30.272	HispS|Guyanagaster_necrorhiza	1766	962	0.5447	3307.8
GCA_039834615.1	Sclerotinia sclerotiorum	no	HispS	CP156315.1	+	2045317	2047998	33	157.0	2.36e-68	28.499	HispS|Guyanagaster_necrorhiza	1766	849	0.4807	3579.6
GCA_039834615.1	Sclerotinia sclerotiorum	no	HispS	CP156315.1	+	2084333	2087560	40	114.0	2.65e-29	33.333	HispS|Armillaria_gallica	1771	969	0.5471	2875.6
GCA_039834615.1	Sclerotinia sclerotiorum	no	HispS	CP156315.1	+	3627979	3628701	2	65.1	5.18e-10	26.778	HispS|Neonothopanus_gardneri	1691	239	0.1413	129.0
GCA_039834615.1	Sclerotinia sclerotiorum	no	HispS	CP156315.1	-	1487318	1488031	3	50.4	1.22e-05	26.587	HispS|Neonothopanus_nambi	1678	234	0.1395	147.5
GCA_039834615.1	Sclerotinia sclerotiorum	no	HispS	CP156315.1	-	3612793	3613087	14	40.8	9.59e-06	40.816	HispS|Armillaria_ostoyae	1770	103	0.0582	480.2
GCA_039834615.1	Sclerotinia sclerotiorum	no	HispS	CP156330.1	+	105318	106001	1	46.6	0.000194	24.481	HispS|Mycena_citricolor	1678	224	0.1335	46.6
GCA_039834615.1	Sclerotinia sclerotiorum	no	HispS	CP156330.1	+	1078816	1081604	33	179.0	8.28e-46	24.49	HispS|Panellus_stipticus	1504	967	0.643	3074.5
GCA_039834615.1	Sclerotinia sclerotiorum	no	HispS	CP156320.1	-	1197155	1200402	33	137.0	2.67e-58	37.624	HispS|Mycena_citricolor	1678	972	0.5793	3547.8
GCA_039834615.1	Sclerotinia sclerotiorum	no	HispS	CP156321.1	+	93201	96510	23	181.0	4.77e-45	29.596	HispS|Armillaria_fuscipes	1774	974	0.549	2492.2
GCA_039834615.1	Sclerotinia sclerotiorum	no	HispS	CP156321.1	+	1598701	1601528	22	195.0	1.99e-49	34.218	HispS|Armillaria_fuscipes	1774	908	0.5118	2801.3
GCA_039834615.1	Sclerotinia sclerotiorum	no	HispS	CP156318.1	-	672943	676413	31	159.0	1.56e-40	28.635	HispS|Guyanagaster_necrorhiza	1766	899	0.5091	2381.3
GCA_039834615.1	Sclerotinia sclerotiorum	no	HispS	CP156318.1	+	268748	271819	34	109.0	1.56e-23	25.781	HispS|Armillaria_fuscipes	1774	978	0.5513	2825.5
GCA_039834615.1	Sclerotinia sclerotiorum	no	HispS	CP156327.1	+	1619373	1622606	35	134.0	8.5e-31	37.674	HispS|Armillaria_fuscipes	1774	958	0.54	3437.6
GCA_039834615.1	Sclerotinia sclerotiorum	no	HispS	CP156322.1	+	1683847	1684581	11	87.0	1.18e-16	29.752	HispS|Armillaria_fuscipes	1774	408	0.23	854.2
GCA_039834615.1	Sclerotinia sclerotiorum	no	HispS	CP156322.1	+	1758691	1761807	38	85.1	5.24e-16	29.231	HispS|Armillaria_fuscipes	1774	901	0.5079	2543.2
GCA_039834615.1	Sclerotinia sclerotiorum	no	HispS	CP156324.1	-	149930	150904	6	55.5	4.02e-07	25.214	HispS|Armillaria_fuscipes	1774	285	0.1607	305.8
GCA_039834615.1	Sclerotinia sclerotiorum	no	HispS	CP156324.1	+	1213940	1215028	5	53.1	2.25e-06	21.637	HispS|Mycena_citricolor	1678	397	0.2366	245.6
GCA_039834615.1	Sclerotinia sclerotiorum	no	HispS	CP156323.1	+	1076575	1078035	4	63.9	1.13e-09	24.689	HispS|Neonothopanus_nambi	1678	527	0.3141	224.9
GCA_039834615.1	Sclerotinia sclerotiorum	no	HispS	CP156321.1	-	480410	480823	1	46.2	0.000244	23.649	HispS|Mycena_chlorophos	1652	146	0.0884	46.2
GCA_039834615.1	Sclerotinia sclerotiorum	no	HispS	CP156322.1	-	742027	742755	1	52.8	2.82e-06	25.385	HispS|Mycena_chlorophos	1652	245	0.1483	52.8
GCA_039834615.1	Sclerotinia sclerotiorum	no	HispS	CP156316.1	-	408168	408665	1	52.4	3.42e-06	28.402	HispS|Mycena_chlorophos	1652	161	0.0975	52.4
GCA_039834615.1	Sclerotinia sclerotiorum	no	HispS	CP156316.1	-	2281964	2283730	1	44.3	0.001	22.104	HispS|Neonothopanus_nambi	1678	621	0.3701	44.3
GCA_039834615.1	Sclerotinia sclerotiorum	no	H3H	CP156318.1	-	1506972	1508144	14	183.0	2.11e-50	33.069	H3H|Neonothopanus_gardneri	416	397	0.9543	2320.0
GCA_039834615.1	Sclerotinia sclerotiorum	no	H3H	CP156318.1	-	2230086	2231279	14	97.1	3.46e-21	25.369	H3H|Panellus_stipticus	428	373	0.8715	1251.2
GCA_039834615.1	Sclerotinia sclerotiorum	no	H3H	CP156318.1	-	2433473	2434459	40	62.4	3.75e-10	41.791	H3H|Panellus_stipticus	428	282	0.6589	1925.3
GCA_039834615.1	Sclerotinia sclerotiorum	no	H3H	CP156318.1	+	143879	144586	6	52.4	5.72e-07	26.337	H3H|Armillaria_mellea	429	243	0.5664	289.1
GCA_039834615.1	Sclerotinia sclerotiorum	no	H3H	CP156324.1	-	1157844	1159064	14	115.0	3.83e-27	25.761	H3H|Armillaria_ostoyae	426	421	0.9883	1481.9
GCA_039834615.1	Sclerotinia sclerotiorum	no	H3H	CP156324.1	-	1606398	1607600	14	161.0	9e-43	31.335	H3H|Neonothopanus_nambi	422	414	0.981	2037.0
GCA_039834615.1	Sclerotinia sclerotiorum	no	H3H	CP156324.1	+	815104	816206	24	53.5	3.41e-14	25.763	H3H|Armillaria_fuscipes	426	354	0.831	1040.1
GCA_039834615.1	Sclerotinia sclerotiorum	no	H3H	CP156324.1	+	1173291	1174177	2	32.3	0.000144	22.727	H3H|Neonothopanus_nambi	422	271	0.6422	63.5
GCA_039834615.1	Sclerotinia sclerotiorum	no	H3H	CP156322.1	-	1420170	1421006	14	142.0	1.35e-36	32.862	H3H|Neonothopanus_gardneri	416	283	0.6803	1775.0
GCA_039834615.1	Sclerotinia sclerotiorum	no	H3H	CP156319.1	+	70700	71788	14	121.0	2.56e-29	26.302	H3H|Armillaria_fuscipes	426	361	0.8474	1430.1
GCA_039834615.1	Sclerotinia sclerotiorum	no	H3H	CP156319.1	+	2604966	2605730	1	53.9	1.82e-07	25.67	H3H|Armillaria_fuscipes	426	241	0.5657	53.9
GCA_039834615.1	Sclerotinia sclerotiorum	no	H3H	CP156319.1	-	1570695	1572257	17	100.0	2.49e-22	25.21	H3H|Neonothopanus_nambi	422	378	0.8957	1427.7
GCA_039834615.1	Sclerotinia sclerotiorum	no	H3H	CP156320.1	+	1284571	1285239	1	48.5	8.16e-06	24.017	H3H|Armillaria_mellea	429	189	0.4406	48.5
GCA_039834615.1	Sclerotinia sclerotiorum	no	H3H	CP156320.1	+	2405345	2406537	15	110.0	1.46e-25	29.787	H3H|Neonothopanus_gardneri	416	338	0.8125	1452.6
GCA_039834615.1	Sclerotinia sclerotiorum	no	H3H	CP156321.1	+	1886571	1886804	6	48.5	7.46e-06	35.135	H3H|Panellus_stipticus	428	84	0.1963	272.6
GCA_039834615.1	Sclerotinia sclerotiorum	no	H3H	CP156321.1	+	1982684	1984027	14	104.0	1.18e-23	26.577	H3H|Mycena_citricolor	419	407	0.9714	1369.0
GCA_039834615.1	Sclerotinia sclerotiorum	no	H3H	CP156316.1	+	1034854	1036162	25	94.0	7.56e-25	26.781	H3H|Panellus_stipticus_2	428	387	0.9042	1505.9
GCA_039834615.1	Sclerotinia sclerotiorum	no	H3H	CP156316.1	+	3176841	3177188	6	44.3	0.000162	31.532	H3H|Panellus_stipticus	428	100	0.2336	262.6
GCA_039834615.1	Sclerotinia sclerotiorum	no	H3H	CP156325.1	+	1179947	1181520	34	69.7	2.2e-12	34.109	H3H|Panellus_stipticus	428	285	0.6659	1572.7
GCA_039834615.1	Sclerotinia sclerotiorum	no	H3H	CP156315.1	-	2989674	2990834	14	60.1	2.06e-09	23.239	H3H|Guyanagaster_necrorhiza	443	413	0.9323	744.7
GCA_039834615.1	Sclerotinia sclerotiorum	no	H3H	CP156325.1	-	541514	541744	3	43.5	0.000279	33.333	H3H|Panellus_stipticus	428	64	0.1495	130.5
GCA_039834615.1	Sclerotinia sclerotiorum	no	CPH	CP156316.1	+	1647205	1648232	12	163.0	1.82e-50	43.966	CPH|Armillaria_fuscipes	294	315	1.0714	1251.6
GCA_039834615.1	Sclerotinia sclerotiorum	no	CPH	CP156316.1	+	1767401	1767823	6	68.2	1.71e-12	31.915	CPH|Armillaria_fuscipes	294	145	0.4932	374.9
GCA_039834615.1	Sclerotinia sclerotiorum	no	CPH	CP156329.1	-	856113	857129	18	125.0	1.12e-40	44.231	CPH|Armillaria_fuscipes	294	313	1.0646	1408.6
GCA_039834615.1	Sclerotinia sclerotiorum	no	Luz	CP156327.1	+	1070408	1071196	12	108.0	1.19e-26	29.389	Luz|Neonothopanus_gardneri	264	255	0.9659	1223.0
GCA_039834615.1	Sclerotinia sclerotiorum	no	Luz	CP156329.1	-	290869	291648	12	117.0	1.35e-29	33.074	Luz|Panellus_stipticus	249	250	1.004	1274.2
GCA_009556855.1	Talaromyces marneffei	yes	HispS	CP045660.1	+	39976	42678	12	277.0	1.53e-74	28.51	HispS|Armillaria_ostoyae	1770	954	0.539	2720.5
GCA_009556855.1	Talaromyces marneffei	yes	HispS	CP045660.1	+	240142	242808	12	328.0	3.77e-90	31.499	HispS|Armillaria_fuscipes	1774	914	0.5152	3211.2
GCA_009556855.1	Talaromyces marneffei	yes	HispS	CP045660.1	+	1494275	1495501	1	53.5	1.19e-06	23.291	HispS|Mycena_chlorophos	1652	434	0.2627	53.5
GCA_009556855.1	Talaromyces marneffei	yes	HispS	CP045660.1	-	233743	236738	23	241.0	9.55e-64	27.046	HispS|Armillaria_ostoyae	1770	933	0.5271	2816.4
GCA_009556855.1	Talaromyces marneffei	yes	HispS	CP045655.1	-	1255828	1258488	23	266.0	5.72e-75	28.212	HispS|Armillaria_ostoyae	1770	902	0.5096	3034.3
GCA_009556855.1	Talaromyces marneffei	yes	HispS	CP045655.1	-	1419044	1422034	12	267.0	1.68e-71	27.65	HispS|Armillaria_ostoyae	1770	1016	0.574	2647.7
GCA_009556855.1	Talaromyces marneffei	yes	HispS	CP045655.1	-	2787369	2787965	2	58.2	4.9e-08	29.078	HispS|Mycena_citricolor	1678	210	0.1251	104.8
GCA_009556855.1	Talaromyces marneffei	yes	HispS	CP045655.1	-	3088533	3091094	12	311.0	4.08e-85	30.966	HispS|Armillaria_fuscipes	1774	883	0.4977	3068.5
GCA_009556855.1	Talaromyces marneffei	yes	HispS	CP045655.1	+	283164	286142	37	106.0	1.22e-22	25.515	HispS|Panellus_stipticus	1504	964	0.641	3243.4
GCA_009556855.1	Talaromyces marneffei	yes	HispS	CP045653.1	+	317359	317976	1	51.6	4.61e-06	24.766	HispS|Mycena_citricolor	1678	208	0.124	51.6
GCA_009556855.1	Talaromyces marneffei	yes	HispS	CP045653.1	+	1326166	1327362	2	49.3	2.23e-05	22.198	HispS|Neonothopanus_nambi	1678	437	0.2604	95.9
GCA_009556855.1	Talaromyces marneffei	yes	HispS	CP045653.1	+	4320749	4322476	3	52.4	2.59e-06	23.929	HispS|Armillaria_gallica	1771	482	0.2722	147.5
GCA_009556855.1	Talaromyces marneffei	yes	HispS	CP045653.1	+	4392164	4395126	33	188.0	1.88e-78	28.881	HispS|Armillaria_fuscipes	1774	998	0.5626	3418.6
GCA_009556855.1	Talaromyces marneffei	yes	HispS	CP045653.1	-	310526	311350	8	59.3	2.56e-08	24.901	HispS|Armillaria_gallica	1771	243	0.1372	434.1
GCA_009556855.1	Talaromyces marneffei	yes	HispS	CP045653.1	-	1781658	1782410	5	58.2	4.4e-08	25.714	HispS|Guyanagaster_necrorhiza	1766	233	0.1319	258.4
GCA_009556855.1	Talaromyces marneffei	yes	HispS	CP045653.1	-	3455320	3456291	6	66.2	1.97e-10	27.208	HispS|Armillaria_fuscipes	1774	480	0.2706	353.5
GCA_009556855.1	Talaromyces marneffei	yes	HispS	CP045653.1	-	3879406	3880632	3	53.5	1.38e-06	21.074	HispS|Armillaria_ostoyae	1770	435	0.2458	150.6
GCA_009556855.1	Talaromyces marneffei	yes	HispS	CP045653.1	-	4756160	4758697	12	275.0	6.64e-74	28.962	HispS|Mycena_citricolor	1678	923	0.5501	2646.8
GCA_009556855.1	Talaromyces marneffei	yes	HispS	CP045658.1	+	61149	64077	23	176.0	1.01e-43	35.052	HispS|Mycena_citricolor	1678	909	0.5417	3039.4
GCA_009556855.1	Talaromyces marneffei	yes	HispS	CP045658.1	-	48507	51497	12	260.0	1.94e-69	26.899	HispS|Armillaria_gallica	1771	963	0.5438	2588.4
GCA_009556855.1	Talaromyces marneffei	yes	HispS	CP045657.1	-	235119	237812	12	268.0	6.47e-72	28.28	HispS|Armillaria_fuscipes	1774	978	0.5513	2685.9
GCA_009556855.1	Talaromyces marneffei	yes	HispS	CP045657.1	-	1842154	1846720	18	242.0	1.01e-72	28.439	HispS|Armillaria_fuscipes	1774	974	0.549	2766.5
GCA_009556855.1	Talaromyces marneffei	yes	HispS	CP045657.1	-	1892643	1893536	4	60.1	1.45e-08	24.013	HispS|Armillaria_ostoyae	1770	264	0.1492	221.9
GCA_009556855.1	Talaromyces marneffei	yes	HispS	CP045657.1	+	152317	155199	11	265.0	4.08e-71	27.302	HispS|Mycena_citricolor	1678	955	0.5691	2568.0
GCA_009556855.1	Talaromyces marneffei	yes	HispS	CP045657.1	+	178635	179255	8	52.8	2.08e-06	27.174	HispS|Neonothopanus_nambi	1678	386	0.23	385.9
GCA_009556855.1	Talaromyces marneffei	yes	HispS	CP045657.1	+	250444	253347	11	258.0	5.44e-69	26.457	HispS|Mycena_citricolor	1678	993	0.5918	2487.0
GCA_009556855.1	Talaromyces marneffei	yes	HispS	CP045657.1	+	569027	577943	23	224.0	1.24e-72	29.046	HispS|Armillaria_fuscipes	1774	1084	0.611	3077.9
GCA_009556855.1	Talaromyces marneffei	yes	HispS	CP045657.1	+	859887	860753	2	45.4	0.000312	24.684	HispS|Guyanagaster_necrorhiza	1766	306	0.1733	90.8
GCA_009556855.1	Talaromyces marneffei	yes	HispS	CP045654.1	-	321841	339857	15	261.0	1.53e-69	30.759	HispS|Armillaria_fuscipes	1774	1259	0.7097	2699.8
GCA_009556855.1	Talaromyces marneffei	yes	HispS	CP045654.1	-	521975	524808	26	190.0	1.1e-62	25.657	HispS|Armillaria_ostoyae	1770	899	0.5079	2618.6
GCA_009556855.1	Talaromyces marneffei	yes	HispS	CP045654.1	-	1312209	1315087	28	149.0	2.58e-36	29.897	HispS|Armillaria_gallica	1771	951	0.537	3043.1
GCA_009556855.1	Talaromyces marneffei	yes	HispS	CP045654.1	-	2565387	2568368	24	171.0	1.94e-42	31.903	HispS|Guyanagaster_necrorhiza	1766	885	0.5011	2955.7
GCA_009556855.1	Talaromyces marneffei	yes	HispS	CP045654.1	+	1328569	1331529	24	166.0	3.18e-72	38.525	HispS|Armillaria_ostoyae	1770	826	0.4667	2956.3
GCA_009556855.1	Talaromyces marneffei	yes	HispS	CP045659.1	+	76570	97140	5	48.9	2.8e-05	22.179	HispS|Armillaria_gallica	1771	607	0.3427	230.3
GCA_009556855.1	Talaromyces marneffei	yes	HispS	CP045659.1	+	121519	139412	25	196.0	4.75e-50	32.113	HispS|Mycena_citricolor	1678	1542	0.919	3293.9
GCA_009556855.1	Talaromyces marneffei	yes	HispS	CP045659.1	+	372118	374382	11	255.0	5.45e-68	29.73	HispS|Armillaria_fuscipes	1774	843	0.4752	2564.0
GCA_009556855.1	Talaromyces marneffei	yes	HispS	CP045656.1	+	153521	156420	23	209.0	5.21e-54	34.596	HispS|Armillaria_ostoyae	1770	974	0.5503	3311.2
GCA_009556855.1	Talaromyces marneffei	yes	HispS	CP045656.1	+	1155001	1157828	23	233.0	5.36e-61	30.256	HispS|Guyanagaster_necrorhiza	1766	900	0.5096	2943.0
GCA_009556855.1	Talaromyces marneffei	yes	HispS	CP045656.1	+	1244996	1245631	2	45.8	0.000274	27.907	HispS|Armillaria_gallica	1771	157	0.0887	91.6
GCA_009556855.1	Talaromyces marneffei	yes	HispS	CP045656.1	-	3109962	3110585	1	48.1	4.82e-05	27.074	HispS|Mycena_chlorophos	1652	213	0.1289	48.1
GCA_009556855.1	Talaromyces marneffei	yes	HispS	CP045656.1	-	3211032	3211601	1	47.8	5.75e-05	26.154	HispS|Mycena_chlorophos	1652	177	0.1071	47.8
GCA_009556855.1	Talaromyces marneffei	yes	H3H	CP045658.1	-	975157	975714	9	71.6	3.71e-13	30.208	H3H|Neonothopanus_gardneri	416	168	0.4038	539.9
GCA_009556855.1	Talaromyces marneffei	yes	H3H	CP045658.1	-	2992698	2993375	3	45.4	5.17e-05	26.984	H3H|Panellus_stipticus	428	242	0.5654	134.8
GCA_009556855.1	Talaromyces marneffei	yes	H3H	CP045658.1	-	3114227	3115315	14	156.0	2.09e-41	31.642	H3H|Neonothopanus_nambi	422	366	0.8673	2039.0
GCA_009556855.1	Talaromyces marneffei	yes	H3H	CP045658.1	+	53408	54960	18	112.0	2.84e-26	38.679	H3H|Mycena_chlorophos	422	326	0.7725	1647.1
GCA_009556855.1	Talaromyces marneffei	yes	H3H	CP045658.1	+	1069452	1069655	3	43.1	0.00029	37.681	H3H|Panellus_stipticus	428	69	0.1612	128.2
GCA_009556855.1	Talaromyces marneffei	yes	H3H	CP045658.1	+	2649549	2650621	15	83.6	6.31e-17	28.175	H3H|Armillaria_ostoyae	426	334	0.784	1125.0
GCA_009556855.1	Talaromyces marneffei	yes	H3H	CP045658.1	+	3134961	3135608	14	72.8	1.45e-13	26.05	H3H|Armillaria_fuscipes	426	236	0.554	953.2
GCA_009556855.1	Talaromyces marneffei	yes	H3H	CP045659.1	+	366159	367678	28	126.0	5.6e-31	32.143	H3H|Armillaria_mellea	429	385	0.8974	2320.1
GCA_009556855.1	Talaromyces marneffei	yes	H3H	CP045659.1	+	1863326	1863523	1	45.4	4.76e-05	42.424	H3H|Neonothopanus_nambi	422	63	0.1493	45.4
GCA_009556855.1	Talaromyces marneffei	yes	H3H	CP045659.1	-	780699	782055	17	74.7	7.6e-15	25.418	H3H|Armillaria_fuscipes	426	421	0.9883	1047.7
GCA_009556855.1	Talaromyces marneffei	yes	H3H	CP045653.1	-	165391	166479	13	67.0	1.61e-11	25.191	H3H|Omphalotus_olearius	540	388	0.7185	658.2
GCA_009556855.1	Talaromyces marneffei	yes	H3H	CP045653.1	-	2136484	2137017	2	45.8	3.71e-05	29.688	H3H|Neonothopanus_gardneri	416	182	0.4375	88.2
GCA_009556855.1	Talaromyces marneffei	yes	H3H	CP045653.1	-	4376453	4377157	8	51.6	7.61e-07	28.745	H3H|Armillaria_fuscipes	426	242	0.5681	365.9
GCA_009556855.1	Talaromyces marneffei	yes	H3H	CP045653.1	-	4512700	4513876	27	107.0	8.58e-25	27.324	H3H|Guyanagaster_necrorhiza	443	363	0.8194	1848.3
GCA_009556855.1	Talaromyces marneffei	yes	H3H	CP045653.1	+	354933	355928	8	58.2	1.11e-08	22.0	H3H|Omphalotus_olearius	540	329	0.6093	414.1
GCA_009556855.1	Talaromyces marneffei	yes	H3H	CP045653.1	+	4436748	4438210	16	68.6	3.1e-12	26.923	H3H|Armillaria_mellea	429	402	0.9371	955.9
GCA_009556855.1	Talaromyces marneffei	yes	H3H	CP045653.1	+	5329215	5329493	4	44.7	9.68e-05	35.616	H3H|Panellus_stipticus	428	92	0.215	175.6
GCA_009556855.1	Talaromyces marneffei	yes	H3H	CP045653.1	+	6147361	6147606	3	45.8	3.76e-05	35.366	H3H|Mycena_citricolor	419	80	0.1909	132.1
GCA_009556855.1	Talaromyces marneffei	yes	H3H	CP045655.1	-	888212	888760	1	42.7	0.000473	26.263	H3H|Omphalotus_olearius	540	192	0.3556	42.7
GCA_009556855.1	Talaromyces marneffei	yes	H3H	CP045655.1	-	1504517	1505869	18	99.8	3.09e-22	35.122	H3H|Armillaria_fuscipes	426	367	0.8615	1390.5
GCA_009556855.1	Talaromyces marneffei	yes	H3H	CP045655.1	+	1661023	1661226	3	43.9	0.000181	37.5	H3H|Panellus_stipticus	428	70	0.1636	131.3
GCA_009556855.1	Talaromyces marneffei	yes	H3H	CP045655.1	+	2727110	2728117	10	52.0	4.82e-07	25.146	H3H|Panellus_stipticus	428	290	0.6776	468.8
GCA_009556855.1	Talaromyces marneffei	yes	H3H	CP045655.1	+	3249458	3250852	11	57.0	1.46e-08	28.378	H3H|Neonothopanus_gardneri	416	399	0.9591	552.1
GCA_009556855.1	Talaromyces marneffei	yes	H3H	CP045655.1	+	3422112	3423258	27	74.3	4.66e-14	31.401	H3H|Mycena_chlorophos	422	349	0.827	1624.0
GCA_009556855.1	Talaromyces marneffei	yes	H3H	CP045654.1	-	209909	211051	14	93.2	4.02e-20	27.506	H3H|Neonothopanus_gardneri	416	401	0.9639	1221.4
GCA_009556855.1	Talaromyces marneffei	yes	H3H	CP045654.1	-	1057141	1058166	14	90.9	2.22e-19	29.371	H3H|Neonothopanus_gardneri	416	323	0.7764	1115.3
GCA_009556855.1	Talaromyces marneffei	yes	H3H	CP045657.1	-	144701	146015	25	75.1	2.72e-14	29.231	H3H|Neonothopanus_gardneri	416	436	1.0481	1422.4
GCA_009556855.1	Talaromyces marneffei	yes	H3H	CP045657.1	-	3127194	3127412	3	45.8	4.83e-05	38.356	H3H|Panellus_stipticus_2	428	66	0.1542	136.6
GCA_009556855.1	Talaromyces marneffei	yes	H3H	CP045656.1	-	341425	342039	1	43.1	0.000271	24.545	H3H|Armillaria_fuscipes	426	193	0.4531	43.1
GCA_009556855.1	Talaromyces marneffei	yes	H3H	CP045656.1	-	727391	728675	19	60.1	1.68e-09	38.636	H3H|Armillaria_ostoyae	426	343	0.8052	1029.9
GCA_009556855.1	Talaromyces marneffei	yes	H3H	CP045656.1	-	1256875	1257129	1	42.0	0.000644	35.955	H3H|Armillaria_ostoyae	426	89	0.2089	42.0
GCA_009556855.1	Talaromyces marneffei	yes	H3H	CP045656.1	-	1872236	1872811	14	65.9	2.5e-11	25.654	H3H|Panellus_stipticus_3	428	173	0.4042	822.9
GCA_009556855.1	Talaromyces marneffei	yes	H3H	CP045656.1	+	2326844	2327158	12	53.5	2.85e-07	31.132	H3H|Omphalotus_olearius	540	99	0.1833	588.5
GCA_009556855.1	Talaromyces marneffei	yes	H3H	CP045656.1	+	3457554	3458923	27	72.4	7.06e-19	24.444	H3H|Neonothopanus_nambi	422	386	0.9147	1325.6
GCA_009556855.1	Talaromyces marneffei	yes	H3H	CP045660.1	+	1562242	1562562	8	58.5	4.81e-09	42.857	H3H|Mycena_chlorophos	422	108	0.2559	375.4
GCA_009556855.1	Talaromyces marneffei	yes	H3H	CP045654.1	+	199705	200968	4	59.7	1.95e-09	28.5	H3H|Guyanagaster_necrorhiza	443	300	0.6772	201.0
GCA_009556855.1	Talaromyces marneffei	yes	CPH	CP045657.1	-	299387	300419	12	154.0	1.29e-62	41.228	CPH|Neonothopanus_gardneri	321	318	0.9907	1513.7
GCA_009556855.1	Talaromyces marneffei	yes	CPH	CP045657.1	+	1970313	1971353	7	197.0	6.21e-57	36.103	CPH|Neonothopanus_nambi	289	314	1.0865	1348.0
GCA_009556855.1	Talaromyces marneffei	yes	CPH	CP045654.1	-	2821801	2822601	6	201.0	6.42e-58	44.664	CPH|Neonothopanus_gardneri	321	278	0.866	1162.0
GCA_009556855.1	Talaromyces marneffei	yes	CPH	CP045655.1	-	1173929	1174666	6	145.0	7.37e-39	40.086	CPH|Armillaria_fuscipes	294	270	0.9184	813.0
GCA_009556855.1	Talaromyces marneffei	yes	CPH	CP045660.1	-	1442343	1442675	6	69.3	6.88e-13	33.929	CPH|Neonothopanus_gardneri	321	134	0.4174	347.8
GCA_009556855.1	Talaromyces marneffei	yes	Luz	CP045657.1	-	2390278	2390760	12	80.9	2.39e-17	34.32	Luz|Mycena_chlorophos	251	192	0.7649	892.7
GCA_009556855.1	Talaromyces marneffei	yes	Luz	CP045659.1	+	1834504	1835189	20	53.5	3.71e-08	44.595	Luz|Mycena_citricolor	246	217	0.8821	937.5
GCA_003971505.1	Talaromyces marneffei	no	HispS	CP015875.1	-	448071	449297	1	53.5	1.2e-06	23.291	HispS|Mycena_chlorophos	1652	434	0.2627	53.5
GCA_003971505.1	Talaromyces marneffei	no	HispS	CP015875.1	-	1719665	1722331	12	328.0	3.72e-90	31.499	HispS|Armillaria_fuscipes	1774	914	0.5152	3213.2
GCA_003971505.1	Talaromyces marneffei	no	HispS	CP015875.1	-	1919786	1922488	12	277.0	1.63e-74	28.51	HispS|Armillaria_ostoyae	1770	954	0.539	2720.5
GCA_003971505.1	Talaromyces marneffei	no	HispS	CP015875.1	+	1725735	1728730	23	243.0	4.96e-64	27.046	HispS|Armillaria_ostoyae	1770	933	0.5271	2825.9
GCA_003971505.1	Talaromyces marneffei	no	HispS	CP015870.1	-	1242068	1244728	23	266.0	5.74e-75	28.212	HispS|Armillaria_ostoyae	1770	902	0.5096	3034.3
GCA_003971505.1	Talaromyces marneffei	no	HispS	CP015870.1	-	1438424	1441414	12	267.0	1.69e-71	27.65	HispS|Armillaria_ostoyae	1770	1016	0.574	2647.7
GCA_003971505.1	Talaromyces marneffei	no	HispS	CP015870.1	-	2830806	2831402	2	58.2	4.92e-08	29.078	HispS|Mycena_citricolor	1678	210	0.1251	104.8
GCA_003971505.1	Talaromyces marneffei	no	HispS	CP015870.1	-	3137733	3140294	12	311.0	4.09e-85	30.966	HispS|Armillaria_fuscipes	1774	883	0.4977	3068.5
GCA_003971505.1	Talaromyces marneffei	no	HispS	CP015870.1	+	269735	272713	37	106.0	1.08e-22	25.258	HispS|Panellus_stipticus	1504	964	0.641	3229.6
GCA_003971505.1	Talaromyces marneffei	no	HispS	CP015868.1	-	2173890	2176852	33	188.0	1.88e-78	28.881	HispS|Armillaria_fuscipes	1774	998	0.5626	3418.6
GCA_003971505.1	Talaromyces marneffei	no	HispS	CP015868.1	-	2246577	2248304	3	52.4	2.6e-06	23.929	HispS|Armillaria_gallica	1771	482	0.2722	147.5
GCA_003971505.1	Talaromyces marneffei	no	HispS	CP015868.1	-	5242642	5243838	2	49.3	2.24e-05	22.198	HispS|Neonothopanus_nambi	1678	437	0.2604	95.9
GCA_003971505.1	Talaromyces marneffei	no	HispS	CP015868.1	-	6255998	6256615	1	51.6	4.63e-06	24.766	HispS|Mycena_citricolor	1678	208	0.124	51.6
GCA_003971505.1	Talaromyces marneffei	no	HispS	CP015868.1	+	2698255	2699481	3	53.5	1.39e-06	21.074	HispS|Armillaria_ostoyae	1770	435	0.2458	150.6
GCA_003971505.1	Talaromyces marneffei	no	HispS	CP015868.1	+	3117617	3118588	6	67.0	1.02e-10	27.562	HispS|Armillaria_fuscipes	1774	480	0.2706	359.7
GCA_003971505.1	Talaromyces marneffei	no	HispS	CP015868.1	+	4786876	4787628	5	58.2	4.42e-08	25.714	HispS|Guyanagaster_necrorhiza	1766	233	0.1319	258.4
GCA_003971505.1	Talaromyces marneffei	no	HispS	CP015868.1	+	6262620	6263444	8	59.3	2.44e-08	24.901	HispS|Armillaria_gallica	1771	243	0.1372	432.6
GCA_003971505.1	Talaromyces marneffei	no	HispS	CP015872.1	-	3181055	3183983	23	176.0	1.02e-43	35.052	HispS|Mycena_citricolor	1678	909	0.5417	3039.4
GCA_003971505.1	Talaromyces marneffei	no	HispS	CP015872.1	+	71633	74606	43	91.7	2.17e-59	24.882	HispS|Neonothopanus_nambi	1678	890	0.5304	2954.8
GCA_003971505.1	Talaromyces marneffei	no	HispS	CP015872.1	+	3193632	3196622	12	258.0	1.28e-68	26.793	HispS|Armillaria_gallica	1771	963	0.5438	2582.4
GCA_003971505.1	Talaromyces marneffei	no	HispS	CP015871.1	-	226066	228759	12	268.0	6.5e-72	28.28	HispS|Armillaria_fuscipes	1774	978	0.5513	2685.9
GCA_003971505.1	Talaromyces marneffei	no	HispS	CP015871.1	-	1831002	1835568	18	243.0	5.3e-73	28.344	HispS|Armillaria_fuscipes	1774	974	0.549	2771.5
GCA_003971505.1	Talaromyces marneffei	no	HispS	CP015871.1	-	1881460	1882353	4	60.1	1.35e-08	24.013	HispS|Armillaria_ostoyae	1770	264	0.1492	221.9
GCA_003971505.1	Talaromyces marneffei	no	HispS	CP015871.1	+	149257	152139	11	265.0	4.69e-71	27.302	HispS|Mycena_citricolor	1678	955	0.5691	2568.0
GCA_003971505.1	Talaromyces marneffei	no	HispS	CP015871.1	+	175572	176153	8	52.8	2.05e-06	27.174	HispS|Neonothopanus_nambi	1678	358	0.2133	385.5
GCA_003971505.1	Talaromyces marneffei	no	HispS	CP015871.1	+	241389	244292	11	259.0	4.02e-69	26.457	HispS|Mycena_citricolor	1678	994	0.5924	2487.0
GCA_003971505.1	Talaromyces marneffei	no	HispS	CP015871.1	+	560211	569127	23	223.0	2.52e-72	29.184	HispS|Armillaria_fuscipes	1774	1084	0.611	3080.9
GCA_003971505.1	Talaromyces marneffei	no	HispS	CP015871.1	+	857233	858099	2	45.4	0.000314	24.684	HispS|Guyanagaster_necrorhiza	1766	306	0.1733	90.8
GCA_003971505.1	Talaromyces marneffei	no	HispS	CP015869.1	+	363626	364195	1	47.8	5.77e-05	26.154	HispS|Mycena_chlorophos	1652	177	0.1071	47.8
GCA_003971505.1	Talaromyces marneffei	no	HispS	CP015869.1	+	459076	459699	1	48.1	4.84e-05	27.074	HispS|Mycena_chlorophos	1652	213	0.1289	48.1
GCA_003971505.1	Talaromyces marneffei	no	HispS	CP015869.1	+	2859036	2861914	28	149.0	2.59e-36	29.897	HispS|Armillaria_gallica	1771	951	0.537	3043.1
GCA_003971505.1	Talaromyces marneffei	no	HispS	CP015869.1	+	3636308	3639129	26	191.0	9.63e-63	25.657	HispS|Armillaria_ostoyae	1770	899	0.5079	2626.0
GCA_003971505.1	Talaromyces marneffei	no	HispS	CP015869.1	+	3823671	3841687	15	263.0	2.41e-70	30.412	HispS|Armillaria_fuscipes	1774	1344	0.7576	2723.8
GCA_003971505.1	Talaromyces marneffei	no	HispS	CP015869.1	-	2325332	2325967	2	45.8	0.000275	27.907	HispS|Armillaria_gallica	1771	157	0.0887	91.6
GCA_003971505.1	Talaromyces marneffei	no	HispS	CP015869.1	-	2413132	2415956	23	233.0	4.62e-61	30.256	HispS|Guyanagaster_necrorhiza	1766	900	0.5096	2943.5
GCA_003971505.1	Talaromyces marneffei	no	HispS	CP015869.1	-	2842593	2845553	24	166.0	3.19e-72	38.525	HispS|Armillaria_ostoyae	1770	826	0.4667	2956.3
GCA_003971505.1	Talaromyces marneffei	no	HispS	CP015874.1	+	125361	145931	4	49.3	2.7e-05	22.179	HispS|Armillaria_gallica	1771	607	0.3427	186.4
GCA_003971505.1	Talaromyces marneffei	no	HispS	CP015874.1	+	170321	194739	26	196.0	4.77e-50	32.113	HispS|Mycena_citricolor	1678	1542	0.919	3338.0
GCA_003971505.1	Talaromyces marneffei	no	HispS	CP015874.1	+	412800	415211	11	259.0	4.16e-69	29.985	HispS|Armillaria_ostoyae	1770	885	0.5	2597.0
GCA_003971505.1	Talaromyces marneffei	no	HispS	CP015873.1	-	3124298	3127197	23	209.0	5.23e-54	34.596	HispS|Armillaria_ostoyae	1770	974	0.5503	3311.2
GCA_003971505.1	Talaromyces marneffei	no	HispS	CP015873.1	+	1374391	1377647	33	122.0	1.7e-27	25.714	HispS|Guyanagaster_necrorhiza	1766	965	0.5464	3195.4
GCA_003971505.1	Talaromyces marneffei	no	H3H	CP015872.1	+	120751	121839	14	156.0	2.1e-41	31.642	H3H|Neonothopanus_nambi	422	366	0.8673	2039.0
GCA_003971505.1	Talaromyces marneffei	no	H3H	CP015872.1	+	242446	243123	3	45.4	5.19e-05	26.984	H3H|Panellus_stipticus	428	242	0.5654	134.8
GCA_003971505.1	Talaromyces marneffei	no	H3H	CP015872.1	+	2269257	2269814	9	71.6	3.73e-13	30.208	H3H|Neonothopanus_gardneri	416	168	0.4038	539.9
GCA_003971505.1	Talaromyces marneffei	no	H3H	CP015872.1	-	94976	95623	14	72.8	1.45e-13	26.05	H3H|Armillaria_fuscipes	426	236	0.554	953.2
GCA_003971505.1	Talaromyces marneffei	no	H3H	CP015872.1	-	584801	585873	15	83.6	6.34e-17	28.175	H3H|Armillaria_ostoyae	426	334	0.784	1125.0
GCA_003971505.1	Talaromyces marneffei	no	H3H	CP015872.1	-	2176153	2176356	3	43.1	0.000291	37.681	H3H|Panellus_stipticus	428	69	0.1612	128.2
GCA_003971505.1	Talaromyces marneffei	no	H3H	CP015872.1	-	3190170	3191721	18	112.0	2.85e-26	38.679	H3H|Mycena_chlorophos	422	326	0.7725	1647.1
GCA_003971505.1	Talaromyces marneffei	no	H3H	CP015874.1	+	406844	408363	28	126.0	5.63e-31	32.143	H3H|Armillaria_mellea	429	385	0.8974	2313.0
GCA_003971505.1	Talaromyces marneffei	no	H3H	CP015874.1	+	1909957	1910154	1	45.4	4.77e-05	42.424	H3H|Neonothopanus_nambi	422	63	0.1493	45.4
GCA_003971505.1	Talaromyces marneffei	no	H3H	CP015874.1	-	824135	825491	17	74.7	7.69e-15	25.418	H3H|Armillaria_fuscipes	426	421	0.9883	1045.2
GCA_003971505.1	Talaromyces marneffei	no	H3H	CP015868.1	+	2059902	2061078	27	107.0	8.62e-25	27.324	H3H|Guyanagaster_necrorhiza	443	363	0.8194	1848.3
GCA_003971505.1	Talaromyces marneffei	no	H3H	CP015868.1	+	2191855	2192559	8	51.6	7.64e-07	28.745	H3H|Armillaria_fuscipes	426	242	0.5681	365.9
GCA_003971505.1	Talaromyces marneffei	no	H3H	CP015868.1	+	4432066	4432599	2	45.8	3.73e-05	29.688	H3H|Neonothopanus_gardneri	416	182	0.4375	88.2
GCA_003971505.1	Talaromyces marneffei	no	H3H	CP015868.1	+	6407465	6408553	13	67.0	1.62e-11	25.191	H3H|Omphalotus_olearius	540	388	0.7185	658.2
GCA_003971505.1	Talaromyces marneffei	no	H3H	CP015868.1	-	321185	321430	3	45.8	3.77e-05	35.366	H3H|Mycena_citricolor	419	80	0.1909	132.1
GCA_003971505.1	Talaromyces marneffei	no	H3H	CP015868.1	-	1306072	1306350	4	44.7	9.72e-05	35.616	H3H|Panellus_stipticus	428	92	0.215	175.6
GCA_003971505.1	Talaromyces marneffei	no	H3H	CP015868.1	-	2135514	2136976	16	68.6	3.11e-12	26.923	H3H|Armillaria_mellea	429	402	0.9371	955.9
GCA_003971505.1	Talaromyces marneffei	no	H3H	CP015868.1	-	6218505	6219500	8	58.2	1.12e-08	22.0	H3H|Omphalotus_olearius	540	329	0.6093	414.1
GCA_003971505.1	Talaromyces marneffei	no	H3H	CP015870.1	-	876994	877542	1	42.7	0.000475	26.263	H3H|Omphalotus_olearius	540	192	0.3556	42.7
GCA_003971505.1	Talaromyces marneffei	no	H3H	CP015870.1	-	1523972	1525324	18	102.0	6.22e-23	35.61	H3H|Armillaria_fuscipes	426	367	0.8615	1423.8
GCA_003971505.1	Talaromyces marneffei	no	H3H	CP015870.1	+	1707887	1708090	3	43.9	0.000182	37.5	H3H|Panellus_stipticus	428	70	0.1636	131.3
GCA_003971505.1	Talaromyces marneffei	no	H3H	CP015870.1	+	2770599	2771606	10	52.0	4.56e-07	25.146	H3H|Panellus_stipticus	428	290	0.6776	468.0
GCA_003971505.1	Talaromyces marneffei	no	H3H	CP015870.1	+	3298686	3300080	11	57.0	1.47e-08	28.378	H3H|Neonothopanus_gardneri	416	399	0.9591	552.1
GCA_003971505.1	Talaromyces marneffei	no	H3H	CP015870.1	+	3469237	3470383	27	74.3	4.59e-14	31.25	H3H|Mycena_chlorophos	422	349	0.827	1626.9
GCA_003971505.1	Talaromyces marneffei	no	H3H	CP015869.1	+	1698807	1699142	14	64.3	7.07e-11	29.204	H3H|Neonothopanus_nambi	422	122	0.2891	817.5
GCA_003971505.1	Talaromyces marneffei	no	H3H	CP015869.1	+	2313798	2314052	1	42.0	0.000646	35.955	H3H|Armillaria_ostoyae	426	89	0.2089	42.0
GCA_003971505.1	Talaromyces marneffei	no	H3H	CP015869.1	+	3115351	3116376	14	90.9	2.22e-19	29.371	H3H|Neonothopanus_gardneri	416	323	0.7764	1115.3
GCA_003971505.1	Talaromyces marneffei	no	H3H	CP015869.1	+	3948044	3949216	14	93.2	3.93e-20	26.817	H3H|Neonothopanus_gardneri	416	408	0.9808	1218.6
GCA_003971505.1	Talaromyces marneffei	no	H3H	CP015869.1	-	113946	115315	27	72.4	7.06e-19	24.444	H3H|Neonothopanus_nambi	422	386	0.9147	1325.6
GCA_003971505.1	Talaromyces marneffei	no	H3H	CP015869.1	-	1244319	1244633	12	53.5	2.86e-07	31.132	H3H|Omphalotus_olearius	540	99	0.1833	588.5
GCA_003971505.1	Talaromyces marneffei	no	H3H	CP015869.1	-	3964102	3965365	4	59.7	1.96e-09	28.5	H3H|Guyanagaster_necrorhiza	443	300	0.6772	201.0
GCA_003971505.1	Talaromyces marneffei	no	H3H	CP015873.1	+	2607735	2609018	14	84.3	3.36e-17	26.75	H3H|Armillaria_ostoyae	426	395	0.9272	1014.2
GCA_003971505.1	Talaromyces marneffei	no	H3H	CP015873.1	+	2934738	2935352	1	43.1	0.000272	24.545	H3H|Armillaria_fuscipes	426	193	0.4531	43.1
GCA_003971505.1	Talaromyces marneffei	no	H3H	CP015871.1	-	141641	142955	25	75.1	2.73e-14	29.231	H3H|Neonothopanus_gardneri	416	436	1.0481	1422.4
GCA_003971505.1	Talaromyces marneffei	no	H3H	CP015871.1	-	3126135	3126353	3	45.8	4.85e-05	38.356	H3H|Panellus_stipticus_2	428	66	0.1542	136.6
GCA_003971505.1	Talaromyces marneffei	no	H3H	CP015875.1	-	381234	381554	8	58.5	4.83e-09	42.857	H3H|Mycena_chlorophos	422	108	0.2559	375.4
GCA_003971505.1	Talaromyces marneffei	no	CPH	CP015871.1	-	290623	291655	12	155.0	4.62e-63	41.739	CPH|Armillaria_gallica	302	318	1.053	1523.7
GCA_003971505.1	Talaromyces marneffei	no	CPH	CP015871.1	+	1960200	1961240	7	197.0	6.24e-57	36.103	CPH|Neonothopanus_nambi	289	314	1.0865	1348.0
GCA_003971505.1	Talaromyces marneffei	no	CPH	CP015873.1	+	1120053	1120853	6	201.0	6.44e-58	44.664	CPH|Neonothopanus_gardneri	321	278	0.866	1162.0
GCA_003971505.1	Talaromyces marneffei	no	CPH	CP015870.1	-	1160154	1160891	6	142.0	3.98e-38	39.655	CPH|Armillaria_fuscipes	294	270	0.9184	800.0
GCA_003971505.1	Talaromyces marneffei	no	CPH	CP015875.1	+	511474	511806	6	69.3	6.91e-13	33.929	CPH|Neonothopanus_gardneri	321	134	0.4174	347.8
GCA_003971505.1	Talaromyces marneffei	no	Luz	CP015871.1	-	2388119	2388601	12	82.4	7.6e-18	34.32	Luz|Mycena_chlorophos	251	192	0.7649	908.8
GCA_003971505.1	Talaromyces marneffei	no	Luz	CP015874.1	+	1881137	1881822	20	53.5	3.72e-08	44.595	Luz|Mycena_citricolor	246	217	0.8821	937.5
GCA_057380945.1	Talaromyces marneffei	no	HispS	CM171649.1	+	35169	37871	12	277.0	1.64e-74	28.51	HispS|Armillaria_ostoyae	1770	954	0.539	2720.5
GCA_057380945.1	Talaromyces marneffei	no	HispS	CM171649.1	+	237249	239915	12	328.0	3.81e-90	31.499	HispS|Armillaria_fuscipes	1774	914	0.5152	3211.2
GCA_057380945.1	Talaromyces marneffei	no	HispS	CM171649.1	+	1502518	1503744	1	53.5	1.21e-06	23.291	HispS|Mycena_chlorophos	1652	434	0.2627	53.5
GCA_057380945.1	Talaromyces marneffei	no	HispS	CM171649.1	-	230850	233845	23	241.0	9.67e-64	27.046	HispS|Armillaria_ostoyae	1770	933	0.5271	2816.4
GCA_057380945.1	Talaromyces marneffei	no	HispS	CM171644.1	-	1220738	1223398	23	266.0	5.79e-75	28.212	HispS|Armillaria_ostoyae	1770	902	0.5096	3034.3
GCA_057380945.1	Talaromyces marneffei	no	HispS	CM171644.1	-	1389811	1392801	12	267.0	1.71e-71	27.65	HispS|Armillaria_ostoyae	1770	1016	0.574	2647.7
GCA_057380945.1	Talaromyces marneffei	no	HispS	CM171644.1	-	2764263	2764859	2	59.7	1.65e-08	29.787	HispS|Mycena_citricolor	1678	210	0.1251	106.7
GCA_057380945.1	Talaromyces marneffei	no	HispS	CM171644.1	-	3067354	3069915	12	311.0	5.96e-85	30.966	HispS|Armillaria_fuscipes	1774	883	0.4977	3066.5
GCA_057380945.1	Talaromyces marneffei	no	HispS	CM171644.1	+	251264	254242	37	106.0	1.11e-22	25.258	HispS|Panellus_stipticus	1504	964	0.641	3247.8
GCA_057380945.1	Talaromyces marneffei	no	HispS	CM171642.1	+	25493	28466	43	91.7	2.71e-59	24.882	HispS|Neonothopanus_nambi	1678	890	0.5304	2958.5
GCA_057380945.1	Talaromyces marneffei	no	HispS	CM171642.1	+	456104	456721	1	51.6	4.67e-06	24.766	HispS|Mycena_citricolor	1678	208	0.124	51.6
GCA_057380945.1	Talaromyces marneffei	no	HispS	CM171642.1	+	1503950	1505146	2	49.3	2.26e-05	22.198	HispS|Neonothopanus_nambi	1678	437	0.2604	95.9
GCA_057380945.1	Talaromyces marneffei	no	HispS	CM171642.1	+	4506608	4508335	3	52.4	2.63e-06	23.929	HispS|Armillaria_gallica	1771	482	0.2722	147.5
GCA_057380945.1	Talaromyces marneffei	no	HispS	CM171642.1	+	4578112	4581074	33	187.0	3.25e-78	28.715	HispS|Armillaria_fuscipes	1774	998	0.5626	3414.6
GCA_057380945.1	Talaromyces marneffei	no	HispS	CM171642.1	-	449272	450096	8	59.3	2.46e-08	24.901	HispS|Armillaria_gallica	1771	243	0.1372	432.6
GCA_057380945.1	Talaromyces marneffei	no	HispS	CM171642.1	-	1960076	1960828	5	58.2	4.45e-08	25.714	HispS|Guyanagaster_necrorhiza	1766	233	0.1319	258.4
GCA_057380945.1	Talaromyces marneffei	no	HispS	CM171642.1	-	3639652	3640623	6	66.2	1.99e-10	27.208	HispS|Armillaria_fuscipes	1774	480	0.2706	353.5
GCA_057380945.1	Talaromyces marneffei	no	HispS	CM171642.1	-	4059206	4060432	3	53.5	1.4e-06	21.074	HispS|Armillaria_ostoyae	1770	435	0.2458	150.6
GCA_057380945.1	Talaromyces marneffei	no	HispS	CM171647.1	+	41907	44835	23	176.0	1.02e-43	35.052	HispS|Mycena_citricolor	1678	909	0.5417	3039.4
GCA_057380945.1	Talaromyces marneffei	no	HispS	CM171647.1	-	29267	32257	12	259.0	4.24e-69	26.899	HispS|Armillaria_gallica	1771	963	0.5438	2589.4
GCA_057380945.1	Talaromyces marneffei	no	HispS	CM171646.1	+	168321	171203	11	265.0	4.09e-71	27.302	HispS|Mycena_citricolor	1678	955	0.5691	2567.0
GCA_057380945.1	Talaromyces marneffei	no	HispS	CM171646.1	+	194635	195216	8	52.8	2.07e-06	27.174	HispS|Neonothopanus_nambi	1678	358	0.2133	385.5
GCA_057380945.1	Talaromyces marneffei	no	HispS	CM171646.1	+	260990	263893	11	258.0	5.55e-69	26.457	HispS|Mycena_citricolor	1678	993	0.5918	2487.0
GCA_057380945.1	Talaromyces marneffei	no	HispS	CM171646.1	+	585434	588276	22	226.0	2.58e-73	29.046	HispS|Armillaria_fuscipes	1774	958	0.54	3051.1
GCA_057380945.1	Talaromyces marneffei	no	HispS	CM171646.1	+	884170	885036	2	45.4	0.000316	24.684	HispS|Guyanagaster_necrorhiza	1766	306	0.1733	90.8
GCA_057380945.1	Talaromyces marneffei	no	HispS	CM171646.1	-	245664	248357	12	268.0	6.55e-72	28.28	HispS|Armillaria_fuscipes	1774	978	0.5513	2685.9
GCA_057380945.1	Talaromyces marneffei	no	HispS	CM171646.1	-	1874555	1879121	18	241.0	2.07e-72	28.212	HispS|Armillaria_fuscipes	1774	974	0.549	2757.5
GCA_057380945.1	Talaromyces marneffei	no	HispS	CM171646.1	-	1925020	1925913	4	60.1	1.46e-08	24.013	HispS|Armillaria_ostoyae	1770	264	0.1492	221.9
GCA_057380945.1	Talaromyces marneffei	no	HispS	CM171643.1	-	248204	266226	15	263.0	2.67e-70	30.412	HispS|Armillaria_fuscipes	1774	1344	0.7576	2725.8
GCA_057380945.1	Talaromyces marneffei	no	HispS	CM171643.1	-	453323	456144	26	191.0	9.71e-63	25.657	HispS|Armillaria_ostoyae	1770	899	0.5079	2626.0
GCA_057380945.1	Talaromyces marneffei	no	HispS	CM171643.1	-	920690	925256	18	241.0	2.06e-72	28.212	HispS|Armillaria_fuscipes	1774	974	0.549	2757.5
GCA_057380945.1	Talaromyces marneffei	no	HispS	CM171643.1	-	971170	972063	4	60.1	1.46e-08	24.013	HispS|Armillaria_ostoyae	1770	264	0.1492	221.9
GCA_057380945.1	Talaromyces marneffei	no	HispS	CM171643.1	-	2968189	2971445	33	123.0	1.12e-27	25.714	HispS|Guyanagaster_necrorhiza	1766	965	0.5464	3166.1
GCA_057380945.1	Talaromyces marneffei	no	HispS	CM171643.1	+	1225022	1227921	23	209.0	5.28e-54	34.596	HispS|Armillaria_ostoyae	1770	974	0.5503	3311.2
GCA_057380945.1	Talaromyces marneffei	no	HispS	CM171648.1	+	66405	86975	4	48.5	4.46e-05	22.179	HispS|Armillaria_gallica	1771	607	0.3427	185.6
GCA_057380945.1	Talaromyces marneffei	no	HispS	CM171648.1	+	111361	141899	26	196.0	4.81e-50	32.113	HispS|Mycena_citricolor	1678	1539	0.9172	3340.1
GCA_057380945.1	Talaromyces marneffei	no	HispS	CM171648.1	+	359519	361930	11	256.0	2.37e-68	29.838	HispS|Armillaria_ostoyae	1770	885	0.5	2575.0
GCA_057380945.1	Talaromyces marneffei	no	HispS	CM171645.1	+	399035	401995	24	166.0	3.23e-72	38.525	HispS|Armillaria_ostoyae	1770	826	0.4667	2956.3
GCA_057380945.1	Talaromyces marneffei	no	HispS	CM171645.1	+	830152	832976	23	233.0	5.43e-61	30.256	HispS|Guyanagaster_necrorhiza	1766	900	0.5096	2942.5
GCA_057380945.1	Talaromyces marneffei	no	HispS	CM171645.1	+	920123	920758	2	45.8	0.000277	27.907	HispS|Armillaria_gallica	1771	157	0.0887	91.6
GCA_057380945.1	Talaromyces marneffei	no	HispS	CM171645.1	-	382669	385547	28	149.0	2.7e-36	29.897	HispS|Armillaria_gallica	1771	951	0.537	3043.1
GCA_057380945.1	Talaromyces marneffei	no	HispS	CM171645.1	-	3106360	3106983	1	48.1	4.49e-05	27.074	HispS|Mycena_chlorophos	1652	213	0.1289	48.1
GCA_057380945.1	Talaromyces marneffei	no	HispS	CM171645.1	-	3201904	3202473	1	47.8	5.82e-05	26.154	HispS|Mycena_chlorophos	1652	177	0.1071	47.8
GCA_057380945.1	Talaromyces marneffei	no	H3H	CM171642.1	+	68835	69923	14	155.0	5.6e-41	31.343	H3H|Neonothopanus_nambi	422	366	0.8673	2031.0
GCA_057380945.1	Talaromyces marneffei	no	H3H	CM171642.1	+	496319	497314	8	58.2	1.13e-08	22.0	H3H|Omphalotus_olearius	540	329	0.6093	414.1
GCA_057380945.1	Talaromyces marneffei	no	H3H	CM171642.1	+	4616675	4618137	16	68.6	3.14e-12	26.923	H3H|Armillaria_mellea	429	402	0.9371	955.1
GCA_057380945.1	Talaromyces marneffei	no	H3H	CM171642.1	+	5439284	5439562	4	44.7	9.8e-05	35.616	H3H|Panellus_stipticus	428	92	0.215	175.6
GCA_057380945.1	Talaromyces marneffei	no	H3H	CM171642.1	+	6512002	6512247	3	45.8	3.81e-05	35.366	H3H|Mycena_citricolor	419	80	0.1909	132.1
GCA_057380945.1	Talaromyces marneffei	no	H3H	CM171642.1	-	48541	49188	14	73.9	5.93e-14	26.522	H3H|Mycena_chlorophos	422	236	0.5592	961.6
GCA_057380945.1	Talaromyces marneffei	no	H3H	CM171642.1	-	304061	305149	13	67.0	1.63e-11	25.191	H3H|Omphalotus_olearius	540	388	0.7185	658.2
GCA_057380945.1	Talaromyces marneffei	no	H3H	CM171642.1	-	2320751	2321284	2	45.8	3.76e-05	29.688	H3H|Neonothopanus_gardneri	416	182	0.4375	88.2
GCA_057380945.1	Talaromyces marneffei	no	H3H	CM171642.1	-	4562401	4563105	8	51.6	7.71e-07	28.745	H3H|Armillaria_fuscipes	426	242	0.5681	365.9
GCA_057380945.1	Talaromyces marneffei	no	H3H	CM171642.1	-	4697436	4698612	27	107.0	8.69e-25	27.324	H3H|Guyanagaster_necrorhiza	443	363	0.8194	1848.3
GCA_057380945.1	Talaromyces marneffei	no	H3H	CM171648.1	+	353560	355079	28	126.0	5.68e-31	32.143	H3H|Armillaria_mellea	429	385	0.8974	2320.1
GCA_057380945.1	Talaromyces marneffei	no	H3H	CM171648.1	+	1861106	1861303	1	45.4	4.82e-05	42.424	H3H|Neonothopanus_nambi	422	63	0.1493	45.4
GCA_057380945.1	Talaromyces marneffei	no	H3H	CM171648.1	-	768555	769911	18	74.7	4.05e-15	25.418	H3H|Armillaria_fuscipes	426	421	0.9883	1077.3
GCA_057380945.1	Talaromyces marneffei	no	H3H	CM171647.1	+	34168	35726	43	113.0	1.31e-26	36.279	H3H|Panellus_stipticus_3	428	378	0.8832	2529.2
GCA_057380945.1	Talaromyces marneffei	no	H3H	CM171647.1	+	1059518	1059721	3	43.1	0.000294	37.681	H3H|Panellus_stipticus	428	69	0.1612	128.2
GCA_057380945.1	Talaromyces marneffei	no	H3H	CM171647.1	+	2640498	2641570	15	83.6	6.39e-17	28.175	H3H|Armillaria_ostoyae	426	334	0.784	1125.0
GCA_057380945.1	Talaromyces marneffei	no	H3H	CM171647.1	-	965494	966051	9	71.6	3.76e-13	30.208	H3H|Neonothopanus_gardneri	416	168	0.4038	539.9
GCA_057380945.1	Talaromyces marneffei	no	H3H	CM171647.1	-	2978077	2978754	3	46.2	3.05e-05	26.984	H3H|Panellus_stipticus	428	242	0.5654	137.4
GCA_057380945.1	Talaromyces marneffei	no	H3H	CM171644.1	-	856223	856771	1	42.7	0.000479	26.263	H3H|Omphalotus_olearius	540	192	0.3556	42.7
GCA_057380945.1	Talaromyces marneffei	no	H3H	CM171644.1	-	1475286	1476638	18	102.0	6.27e-23	35.61	H3H|Armillaria_fuscipes	426	367	0.8615	1423.8
GCA_057380945.1	Talaromyces marneffei	no	H3H	CM171644.1	+	1632374	1632577	3	43.9	0.000183	37.5	H3H|Panellus_stipticus	428	70	0.1636	131.3
GCA_057380945.1	Talaromyces marneffei	no	H3H	CM171644.1	+	2704051	2705058	10	52.0	4.72e-07	25.146	H3H|Panellus_stipticus	428	290	0.6776	467.2
GCA_057380945.1	Talaromyces marneffei	no	H3H	CM171644.1	+	3223389	3224783	11	57.0	1.48e-08	28.378	H3H|Neonothopanus_gardneri	416	399	0.9591	552.1
GCA_057380945.1	Talaromyces marneffei	no	H3H	CM171644.1	+	3396235	3397381	27	74.3	4.64e-14	31.25	H3H|Mycena_chlorophos	422	349	0.827	1626.9
GCA_057380945.1	Talaromyces marneffei	no	H3H	CM171643.1	-	141662	142738	14	93.6	3.22e-20	28.653	H3H|Neonothopanus_gardneri	416	382	0.9183	1199.5
GCA_057380945.1	Talaromyces marneffei	no	H3H	CM171643.1	-	1412084	1412698	1	43.1	0.000274	24.545	H3H|Armillaria_fuscipes	426	193	0.4531	43.1
GCA_057380945.1	Talaromyces marneffei	no	H3H	CM171643.1	-	1737882	1739142	18	60.8	8.27e-10	39.773	H3H|Armillaria_ostoyae	426	333	0.7817	1002.7
GCA_057380945.1	Talaromyces marneffei	no	H3H	CM171645.1	-	126075	127100	14	90.9	2.24e-19	29.371	H3H|Neonothopanus_gardneri	416	323	0.7764	1115.3
GCA_057380945.1	Talaromyces marneffei	no	H3H	CM171645.1	-	932038	932292	1	42.0	0.000652	35.955	H3H|Armillaria_ostoyae	426	89	0.2089	42.0
GCA_057380945.1	Talaromyces marneffei	no	H3H	CM171645.1	-	1590520	1591095	14	66.6	1.26e-11	25.683	H3H|Panellus_stipticus_3	428	173	0.4042	826.0
GCA_057380945.1	Talaromyces marneffei	no	H3H	CM171645.1	+	2046105	2046419	12	53.5	2.88e-07	31.132	H3H|Omphalotus_olearius	540	99	0.1833	588.5
GCA_057380945.1	Talaromyces marneffei	no	H3H	CM171645.1	+	3448730	3450099	27	72.4	7.15e-19	24.444	H3H|Neonothopanus_nambi	422	386	0.9147	1325.6
GCA_057380945.1	Talaromyces marneffei	no	H3H	CM171646.1	-	160705	162019	25	75.1	2.76e-14	29.231	H3H|Neonothopanus_gardneri	416	436	1.0481	1422.4
GCA_057380945.1	Talaromyces marneffei	no	H3H	CM171646.1	-	3165283	3165501	3	45.8	4.89e-05	38.356	H3H|Panellus_stipticus_2	428	66	0.1542	136.6
GCA_057380945.1	Talaromyces marneffei	no	H3H	CM171649.1	+	1570238	1570558	8	58.5	4.87e-09	42.857	H3H|Mycena_chlorophos	422	108	0.2559	375.4
GCA_057380945.1	Talaromyces marneffei	no	H3H	CM171643.1	+	131371	132009	2	59.7	1.98e-09	28.5	H3H|Guyanagaster_necrorhiza	443	217	0.4898	115.9
GCA_057380945.1	Talaromyces marneffei	no	CPH	CM171646.1	-	309852	310884	12	154.0	1.31e-62	41.228	CPH|Neonothopanus_gardneri	321	318	0.9907	1513.7
GCA_057380945.1	Talaromyces marneffei	no	CPH	CM171646.1	+	2005835	2006875	7	197.0	6.29e-57	36.103	CPH|Neonothopanus_nambi	289	314	1.0865	1348.0
GCA_057380945.1	Talaromyces marneffei	no	CPH	CM171643.1	-	3227094	3227894	6	201.0	6.5e-58	44.664	CPH|Neonothopanus_gardneri	321	278	0.866	1162.0
GCA_057380945.1	Talaromyces marneffei	no	CPH	CM171643.1	+	1052009	1053049	7	197.0	6.29e-57	36.103	CPH|Neonothopanus_nambi	289	314	1.0865	1348.0
GCA_057380945.1	Talaromyces marneffei	no	CPH	CM171644.1	-	1138827	1139564	6	144.0	1.02e-38	39.655	CPH|Armillaria_fuscipes	294	270	0.9184	810.0
GCA_057380945.1	Talaromyces marneffei	no	CPH	CM171649.1	-	1450566	1450898	6	69.3	6.97e-13	33.929	CPH|Neonothopanus_gardneri	321	134	0.4174	347.8
GCA_057380945.1	Talaromyces marneffei	no	Luz	CM171646.1	-	2427527	2428009	12	84.7	1.26e-18	34.911	Luz|Mycena_chlorophos	251	192	0.7649	936.8
GCA_057380945.1	Talaromyces marneffei	no	Luz	CM171648.1	+	1832285	1832970	20	53.5	3.75e-08	44.595	Luz|Mycena_citricolor	246	217	0.8821	937.5
GCA_042370945.1	Thermoascus aurantiacus	yes	HispS	MU993702.1	-	314115	324470	18	322.0	5.82e-90	29.519	HispS|Armillaria_ostoyae	1770	1131	0.639	3421.4
GCA_042370945.1	Thermoascus aurantiacus	yes	HispS	MU993702.1	-	1713090	1716122	12	290.0	1.88e-78	27.864	HispS|Armillaria_fuscipes	1774	1023	0.5767	2940.8
GCA_042370945.1	Thermoascus aurantiacus	yes	HispS	MU993702.1	+	1676547	1679580	35	121.0	3.46e-50	41.026	HispS|Armillaria_fuscipes	1774	918	0.5175	3064.8
GCA_042370945.1	Thermoascus aurantiacus	yes	HispS	MU993708.1	-	16069	19086	39	122.0	3.56e-45	41.667	HispS|Armillaria_mellea	1768	867	0.4904	3050.9
GCA_042370945.1	Thermoascus aurantiacus	yes	HispS	MU993699.1	+	1205614	1206454	24	87.0	8.1e-28	35.526	HispS|Armillaria_fuscipes	1774	257	0.1449	1312.2
GCA_042370945.1	Thermoascus aurantiacus	yes	HispS	MU993699.1	+	3147219	3147464	2	44.7	0.00058	33.333	HispS|Armillaria_fuscipes	1774	84	0.0474	89.0
GCA_042370945.1	Thermoascus aurantiacus	yes	HispS	MU993699.1	-	3450727	3451689	9	75.5	2.99e-13	25.786	HispS|Armillaria_fuscipes	1774	478	0.2694	544.1
GCA_042370945.1	Thermoascus aurantiacus	yes	HispS	MU993708.1	+	1388246	1389163	6	51.2	5.29e-06	25.373	HispS|Neonothopanus_gardneri	1691	287	0.1697	296.4
GCA_042370945.1	Thermoascus aurantiacus	yes	HispS	MU993706.1	-	1121269	1121751	5	48.1	5.58e-05	26.543	HispS|Armillaria_gallica	1771	164	0.0926	229.9
GCA_042370945.1	Thermoascus aurantiacus	yes	HispS	MU993701.1	+	2442628	2447139	2	60.1	1.12e-08	24.719	HispS|Neonothopanus_nambi	1678	448	0.267	107.9
GCA_042370945.1	Thermoascus aurantiacus	yes	HispS	MU993706.1	+	1214411	1215067	1	48.5	4.45e-05	23.009	HispS|Armillaria_ostoyae	1770	210	0.1186	48.5
GCA_042370945.1	Thermoascus aurantiacus	yes	HispS	MU993700.1	-	623344	623715	2	58.2	4.52e-08	31.746	HispS|Mycena_citricolor	1678	144	0.0858	108.3
GCA_042370945.1	Thermoascus aurantiacus	yes	H3H	MU993700.1	-	340843	341343	14	62.4	2.7e-10	28.058	H3H|Panellus_stipticus_3	428	165	0.3855	792.4
GCA_042370945.1	Thermoascus aurantiacus	yes	H3H	MU993700.1	-	1532851	1534158	14	119.0	1.41e-28	28.04	H3H|Neonothopanus_nambi	422	425	1.0071	1589.0
GCA_042370945.1	Thermoascus aurantiacus	yes	H3H	MU993700.1	+	1953871	1955044	25	71.6	4.41e-13	33.951	H3H|Guyanagaster_necrorhiza	443	310	0.6998	1344.3
GCA_042370945.1	Thermoascus aurantiacus	yes	H3H	MU993700.1	+	2434945	2435742	13	60.8	7.92e-10	29.515	H3H|Neonothopanus_gardneri	416	260	0.625	699.3
GCA_042370945.1	Thermoascus aurantiacus	yes	H3H	MU993700.1	+	3022044	3023549	5	47.8	9.31e-06	41.429	H3H|Neonothopanus_gardneri	416	262	0.6298	224.9
GCA_042370945.1	Thermoascus aurantiacus	yes	H3H	MU993706.1	-	880410	881363	14	114.0	4.46e-27	30.523	H3H|Guyanagaster_necrorhiza	443	314	0.7088	1488.4
GCA_042370945.1	Thermoascus aurantiacus	yes	H3H	MU993704.1	+	181349	182302	14	107.0	9.15e-25	29.787	H3H|Neonothopanus_gardneri	416	322	0.774	1344.7
GCA_042370945.1	Thermoascus aurantiacus	yes	H3H	MU993707.1	-	276591	277866	16	85.9	9.04e-18	25.694	H3H|Neonothopanus_nambi	422	386	0.9147	1176.1
GCA_042370945.1	Thermoascus aurantiacus	yes	H3H	MU993707.1	-	321227	322525	26	60.1	5.84e-14	29.856	H3H|Omphalotus_olearius	540	394	0.7296	1154.6
GCA_042370945.1	Thermoascus aurantiacus	yes	H3H	MU993713.1	+	431194	432377	28	67.8	5.75e-12	30.288	H3H|Armillaria_fuscipes	426	331	0.777	1555.7
GCA_042370945.1	Thermoascus aurantiacus	yes	H3H	MU993708.1	+	772577	773890	41	65.1	5.93e-18	26.667	H3H|Neonothopanus_nambi	422	388	0.9194	1787.4
GCA_042370945.1	Thermoascus aurantiacus	yes	H3H	MU993708.1	-	958902	959564	7	42.4	0.000526	36.905	H3H|Neonothopanus_nambi	422	237	0.5616	293.2
GCA_042370945.1	Thermoascus aurantiacus	yes	H3H	MU993699.1	-	114953	116469	30	70.9	6.83e-13	43.373	H3H|Neonothopanus_nambi	422	327	0.7749	1562.6
GCA_042370945.1	Thermoascus aurantiacus	yes	H3H	MU993699.1	+	3029631	3030933	25	58.9	1.39e-14	26.1	H3H|Mycena_chlorophos	422	412	0.9763	1022.4
GCA_042370945.1	Thermoascus aurantiacus	yes	H3H	MU993703.1	+	2139095	2140093	9	67.0	1.07e-11	24.167	H3H|Armillaria_gallica	422	353	0.8365	518.3
GCA_042370945.1	Thermoascus aurantiacus	yes	H3H	MU993705.1	+	336023	337316	15	68.9	2.73e-12	44.048	H3H|Mycena_chlorophos	422	307	0.7275	860.7
GCA_042370945.1	Thermoascus aurantiacus	yes	H3H	MU993705.1	+	815700	816908	10	50.1	2.02e-06	21.04	H3H|Armillaria_mellea	429	347	0.8089	444.3
GCA_042370945.1	Thermoascus aurantiacus	yes	H3H	MU993715.1	-	22502	23485	14	61.2	6.41e-10	25.862	H3H|Neonothopanus_gardneri	416	333	0.8005	730.3
GCA_042370945.1	Thermoascus aurantiacus	yes	H3H	MU993715.1	-	68836	69009	1	42.0	0.000658	36.207	H3H|Neonothopanus_gardneri	416	58	0.1394	42.0
GCA_042370945.1	Thermoascus aurantiacus	yes	H3H	MU993702.1	+	1652667	1653272	3	43.5	0.000197	22.549	H3H|Mycena_citricolor	419	174	0.4153	127.1
GCA_042370945.1	Thermoascus aurantiacus	yes	H3H	MU993702.1	-	333871	334395	1	43.1	0.000266	28.571	H3H|Neonothopanus_gardneri	416	174	0.4183	43.1
GCA_042370945.1	Thermoascus aurantiacus	yes	H3H	MU993702.1	-	1119489	1120463	3	48.9	5.1e-06	22.802	H3H|Mycena_citricolor_2	420	347	0.8262	136.0
GCA_042370945.1	Thermoascus aurantiacus	yes	CPH	MU993711.1	+	880642	881364	6	213.0	1.92e-62	47.39	CPH|Armillaria_fuscipes	294	275	0.9354	1228.0
GCA_042370945.1	Thermoascus aurantiacus	yes	CPH	MU993711.1	-	161756	162924	15	148.0	1.84e-49	37.008	CPH|Armillaria_gallica	302	312	1.0331	1358.5
GCA_042370945.1	Thermoascus aurantiacus	yes	CPH	MU993708.1	-	766789	767839	12	140.0	5.43e-42	39.076	CPH|Neonothopanus_gardneri	321	315	0.9813	1070.2
GCA_042370945.1	Thermoascus aurantiacus	yes	CPH	MU993700.1	+	297940	299040	10	87.0	7.45e-19	29.137	CPH|Armillaria_ostoyae	302	316	1.0464	611.1
GCA_042370945.1	Thermoascus aurantiacus	yes	CPH	MU993703.1	+	1045504	1046109	6	75.5	5.35e-15	28.365	CPH|Armillaria_gallica	302	201	0.6656	428.3
GCA_042370945.1	Thermoascus aurantiacus	yes	Luz	MU993701.1	-	1982017	1982757	12	118.0	4.02e-30	35.319	Luz|Neonothopanus_gardneri	264	261	0.9886	1275.0
GCA_042370945.1	Thermoascus aurantiacus	yes	Luz	MU993707.1	-	1467967	1468935	34	98.2	2.59e-23	30.795	Luz|Mycena_citricolor	246	251	1.0203	1987.3
GCA_049306585.1	Thermoascus aurantiacus	no	HispS	JBKJAH010000008.1	+	337583	348025	18	319.0	5.12e-89	29.389	HispS|Armillaria_ostoyae	1770	1131	0.639	3405.5
GCA_049306585.1	Thermoascus aurantiacus	no	HispS	JBKJAH010000066.1	-	89897	92740	12	288.0	4.51e-78	27.761	HispS|Armillaria_fuscipes	1774	1012	0.5705	2967.4
GCA_049306585.1	Thermoascus aurantiacus	no	HispS	JBKJAH010000066.1	+	53361	56393	36	121.0	8.86e-50	41.026	HispS|Armillaria_fuscipes	1774	843	0.4752	3061.3
GCA_049306585.1	Thermoascus aurantiacus	no	HispS	JBKJAH010000238.1	-	1775	4265	31	171.0	2.62e-46	32.698	HispS|Armillaria_mellea	1768	801	0.4531	2690.5
GCA_049306585.1	Thermoascus aurantiacus	no	HispS	JBKJAH010000050.1	+	165656	168996	38	124.0	8.24e-45	42.308	HispS|Armillaria_mellea	1768	975	0.5515	3040.5
GCA_049306585.1	Thermoascus aurantiacus	no	HispS	JBKJAH010000244.1	-	10305	11441	11	123.0	6.88e-28	28.889	HispS|Armillaria_fuscipes	1774	561	0.3162	1133.9
GCA_049306585.1	Thermoascus aurantiacus	no	HispS	JBKJAH010000161.1	+	16434	17396	10	75.1	3.63e-13	25.786	HispS|Armillaria_fuscipes	1774	478	0.2694	589.2
GCA_049306585.1	Thermoascus aurantiacus	no	HispS	JBKJAH010000233.1	-	2776	3048	4	48.1	5.53e-05	35.789	HispS|Armillaria_gallica	1771	92	0.0519	187.9
GCA_049306585.1	Thermoascus aurantiacus	no	HispS	JBKJAH010000048.1	-	21875	22120	2	44.7	0.000538	33.333	HispS|Armillaria_fuscipes	1774	84	0.0474	89.0
GCA_049306585.1	Thermoascus aurantiacus	no	HispS	JBKJAH010000036.1	-	16419	17336	6	51.2	5.2e-06	25.373	HispS|Neonothopanus_gardneri	1691	287	0.1697	296.4
GCA_049306585.1	Thermoascus aurantiacus	no	HispS	JBKJAH010000132.1	+	47459	47941	5	48.1	5.47e-05	26.543	HispS|Armillaria_gallica	1771	164	0.0926	229.9
GCA_049306585.1	Thermoascus aurantiacus	no	HispS	JBKJAH010000060.1	-	87278	91789	2	59.3	2.27e-08	24.494	HispS|Neonothopanus_nambi	1678	448	0.267	107.1
GCA_049306585.1	Thermoascus aurantiacus	no	HispS	JBKJAH010000024.1	-	248863	249519	1	48.1	5.01e-05	23.009	HispS|Armillaria_ostoyae	1770	210	0.1186	48.1
GCA_049306585.1	Thermoascus aurantiacus	no	HispS	JBKJAH010000026.1	+	146090	146476	2	58.9	2.64e-08	32.061	HispS|Mycena_citricolor	1678	137	0.0816	109.0
GCA_049306585.1	Thermoascus aurantiacus	no	H3H	JBKJAH010000010.1	-	282344	283651	14	119.0	6.14e-29	27.842	H3H|Neonothopanus_nambi	422	425	1.0071	1595.0
GCA_049306585.1	Thermoascus aurantiacus	no	H3H	JBKJAH010000013.1	-	179121	180074	14	115.0	1.85e-27	30.523	H3H|Guyanagaster_necrorhiza	443	314	0.7088	1503.0
GCA_049306585.1	Thermoascus aurantiacus	no	H3H	JBKJAH010000021.1	-	113681	114628	14	107.0	9.6e-25	30.142	H3H|Neonothopanus_gardneri	416	313	0.7524	1342.9
GCA_049306585.1	Thermoascus aurantiacus	no	H3H	JBKJAH010000051.1	+	89148	90113	22	48.9	1.95e-09	30.921	H3H|Omphalotus_olearius	540	313	0.5796	796.8
GCA_049306585.1	Thermoascus aurantiacus	no	H3H	JBKJAH010000051.1	+	133740	135060	16	84.0	4.86e-17	26.603	H3H|Guyanagaster_necrorhiza	443	402	0.9074	1164.7
GCA_049306585.1	Thermoascus aurantiacus	no	H3H	JBKJAH010000110.1	-	83784	84957	25	71.6	4.21e-13	33.951	H3H|Guyanagaster_necrorhiza	443	310	0.6998	1343.2
GCA_049306585.1	Thermoascus aurantiacus	no	H3H	JBKJAH010000250.1	+	1209	2392	28	67.4	7.6e-12	30.288	H3H|Armillaria_fuscipes	426	331	0.777	1547.3
GCA_049306585.1	Thermoascus aurantiacus	no	H3H	JBKJAH010000062.1	+	33151	34667	30	70.9	6.71e-13	43.373	H3H|Neonothopanus_nambi	422	327	0.7749	1562.5
GCA_049306585.1	Thermoascus aurantiacus	no	H3H	JBKJAH010000007.1	-	196770	197270	14	63.5	1.41e-10	28.058	H3H|Panellus_stipticus_3	428	165	0.3855	811.0
GCA_049306585.1	Thermoascus aurantiacus	no	H3H	JBKJAH010000078.1	-	57544	58323	14	63.2	1.53e-10	27.273	H3H|Neonothopanus_gardneri	416	269	0.6466	752.5
GCA_049306585.1	Thermoascus aurantiacus	no	H3H	JBKJAH010000011.1	-	294183	295476	15	68.9	2.69e-12	44.048	H3H|Mycena_chlorophos	422	307	0.7275	859.9
GCA_049306585.1	Thermoascus aurantiacus	no	H3H	JBKJAH010000224.1	+	5479	6909	40	65.5	5.14e-18	26.667	H3H|Neonothopanus_nambi	422	402	0.9526	1763.8
GCA_049306585.1	Thermoascus aurantiacus	no	H3H	JBKJAH010000048.1	-	138845	140147	25	59.3	1.06e-14	26.1	H3H|Mycena_chlorophos	422	412	0.9763	1027.1
GCA_049306585.1	Thermoascus aurantiacus	no	H3H	JBKJAH010000005.1	+	184604	185812	10	51.2	1.03e-06	20.991	H3H|Armillaria_mellea	429	347	0.8089	453.5
GCA_049306585.1	Thermoascus aurantiacus	no	H3H	JBKJAH010000052.1	+	140643	141305	8	42.4	0.000492	36.905	H3H|Neonothopanus_nambi	422	238	0.564	334.8
GCA_049306585.1	Thermoascus aurantiacus	no	H3H	JBKJAH010000043.1	-	77571	79076	5	48.1	8.49e-06	41.429	H3H|Neonothopanus_gardneri	416	262	0.6298	224.9
GCA_049306585.1	Thermoascus aurantiacus	no	H3H	JBKJAH010000066.1	+	28370	28975	2	43.1	0.000272	36.111	H3H|Neonothopanus_nambi	422	174	0.4123	86.2
GCA_049306585.1	Thermoascus aurantiacus	no	H3H	JBKJAH010000196.1	+	25188	26162	3	48.9	4.94e-06	22.802	H3H|Mycena_citricolor_2	420	347	0.8262	136.0
GCA_049306585.1	Thermoascus aurantiacus	no	H3H	JBKJAH010000008.1	+	327774	328298	1	43.1	0.000262	28.571	H3H|Neonothopanus_gardneri	416	174	0.4183	43.1
GCA_049306585.1	Thermoascus aurantiacus	no	CPH	JBKJAH010000012.1	+	289157	289879	6	213.0	1.89e-62	47.39	CPH|Armillaria_fuscipes	294	275	0.9354	1228.0
GCA_049306585.1	Thermoascus aurantiacus	no	CPH	JBKJAH010000039.1	+	191367	192511	21	145.0	1.66e-38	39.216	CPH|Neonothopanus_gardneri	321	312	0.972	1532.4
GCA_049306585.1	Thermoascus aurantiacus	no	CPH	JBKJAH010000007.1	+	151892	152992	10	87.0	7.34e-19	29.137	CPH|Armillaria_ostoyae	302	316	1.0464	611.5
GCA_049306585.1	Thermoascus aurantiacus	no	CPH	JBKJAH010000224.1	-	17	766	6	84.0	1.02e-17	31.128	CPH|Neonothopanus_gardneri	321	235	0.7321	475.6
GCA_049306585.1	Thermoascus aurantiacus	no	CPH	JBKJAH010000034.1	-	175969	176574	6	75.1	5.46e-15	28.365	CPH|Armillaria_gallica	302	201	0.6656	426.7
GCA_049306585.1	Thermoascus aurantiacus	no	CPH	JBKJAH010000411.1	+	68	325	6	76.6	7.5e-16	45.977	CPH|Neonothopanus_gardneri	321	114	0.3551	420.9
GCA_049306585.1	Thermoascus aurantiacus	no	Luz	JBKJAH010000009.1	+	95445	96185	12	118.0	3.96e-30	35.319	Luz|Neonothopanus_gardneri	264	261	0.9886	1275.0
GCA_049306585.1	Thermoascus aurantiacus	no	Luz	JBKJAH010000014.1	+	26781	27747	35	70.5	1.01e-13	36.8	Luz|Armillaria_mellea	266	251	0.9436	1993.4
GCA_000226095.1	Thermothelomyces thermophilus	yes	HispS	CP003004.1	-	1191188	1194061	12	333.0	8.86e-92	29.906	HispS|Armillaria_fuscipes	1774	973	0.5485	3170.5
GCA_000226095.1	Thermothelomyces thermophilus	yes	HispS	CP003004.1	-	4642323	4644988	23	192.0	1.02e-48	35.821	HispS|Armillaria_fuscipes	1774	897	0.5056	3164.5
GCA_000226095.1	Thermothelomyces thermophilus	yes	HispS	CP003004.1	-	4899876	4902668	11	301.0	1.02e-81	28.017	HispS|Armillaria_ostoyae	1770	954	0.539	3080.0
GCA_000226095.1	Thermothelomyces thermophilus	yes	HispS	CP003004.1	+	1564945	1565640	10	56.2	2.58e-07	28.205	HispS|Mycena_citricolor	1678	243	0.1448	512.4
GCA_000226095.1	Thermothelomyces thermophilus	yes	HispS	CP003004.1	+	4571461	4574237	31	117.0	4.48e-26	36.782	HispS|Panellus_stipticus	1504	858	0.5705	2659.2
GCA_000226095.1	Thermothelomyces thermophilus	yes	HispS	CP003006.1	+	803576	806605	11	308.0	4.16e-84	30.702	HispS|Guyanagaster_necrorhiza	1766	977	0.5532	3030.0
GCA_000226095.1	Thermothelomyces thermophilus	yes	HispS	CP003006.1	+	856839	857639	8	62.0	5.11e-09	27.559	HispS|Armillaria_gallica	1771	262	0.1479	461.6
GCA_000226095.1	Thermothelomyces thermophilus	yes	HispS	CP003006.1	+	3037021	3037431	1	44.3	0.001	28.261	HispS|Armillaria_ostoyae	1770	133	0.0751	44.3
GCA_000226095.1	Thermothelomyces thermophilus	yes	HispS	CP003006.1	+	4104609	4107324	31	147.0	5.16e-35	30.919	HispS|Mycena_citricolor	1678	805	0.4797	2342.2
GCA_000226095.1	Thermothelomyces thermophilus	yes	HispS	CP003006.1	+	4244283	4247172	22	254.0	1.8e-69	29.28	HispS|Mycena_citricolor	1678	979	0.5834	2960.9
GCA_000226095.1	Thermothelomyces thermophilus	yes	HispS	CP003006.1	-	850575	852965	11	270.0	2.97e-72	31.358	HispS|Mycena_citricolor	1678	816	0.4863	2535.0
GCA_000226095.1	Thermothelomyces thermophilus	yes	HispS	CP003003.1	+	544543	547674	11	293.0	1.64e-79	27.888	HispS|Armillaria_ostoyae	1770	995	0.5621	2893.0
GCA_000226095.1	Thermothelomyces thermophilus	yes	HispS	CP003003.1	-	5437545	5440481	12	286.0	2.8e-77	29.935	HispS|Armillaria_ostoyae	1770	910	0.5141	2871.5
GCA_000226095.1	Thermothelomyces thermophilus	yes	HispS	CP003007.1	+	3835538	3838615	11	274.0	1.96e-73	28.884	HispS|Armillaria_mellea	1768	952	0.5385	2741.0
GCA_000226095.1	Thermothelomyces thermophilus	yes	HispS	CP003005.1	+	1409938	1412097	11	257.0	2.91e-68	29.681	HispS|Armillaria_ostoyae	1770	782	0.4418	2507.0
GCA_000226095.1	Thermothelomyces thermophilus	yes	HispS	CP003005.1	+	3686288	3687253	6	57.4	1.26e-07	24.383	HispS|Armillaria_fuscipes	1774	284	0.1601	317.0
GCA_000226095.1	Thermothelomyces thermophilus	yes	HispS	CP003008.1	+	229162	232253	44	86.3	2.08e-25	39.13	HispS|Armillaria_gallica	1771	820	0.463	2301.1
GCA_000226095.1	Thermothelomyces thermophilus	yes	HispS	CP003008.1	+	2568909	2569526	5	57.8	1.03e-07	28.125	HispS|Armillaria_gallica	1771	185	0.1045	256.9
GCA_000226095.1	Thermothelomyces thermophilus	yes	HispS	CP003002.1	+	10660915	10661967	11	107.0	8.05e-23	28.329	HispS|Mycena_citricolor	1678	416	0.2479	1040.3
GCA_000226095.1	Thermothelomyces thermophilus	yes	HispS	CP003002.1	-	9507460	9507948	2	51.6	5.59e-06	31.034	HispS|Mycena_citricolor	1678	157	0.0936	96.7
GCA_000226095.1	Thermothelomyces thermophilus	yes	HispS	CP003002.1	-	10857059	10858867	2	46.6	0.000191	22.532	HispS|Neonothopanus_nambi	1678	532	0.317	91.7
GCA_000226095.1	Thermothelomyces thermophilus	yes	HispS	CP003005.1	-	1812585	1813010	1	53.5	1.59e-06	28.947	HispS|Mycena_citricolor	1678	137	0.0816	53.5
GCA_000226095.1	Thermothelomyces thermophilus	yes	HispS	CP003005.1	-	3955361	3968466	3	52.0	5.23e-06	22.148	HispS|Neonothopanus_gardneri	1691	590	0.3489	144.0
GCA_000226095.1	Thermothelomyces thermophilus	yes	HispS	CP003007.1	-	4052655	4071036	7	55.1	6.16e-07	22.05	HispS|Mycena_citricolor	1678	599	0.357	349.2
GCA_000226095.1	Thermothelomyces thermophilus	yes	H3H	CP003007.1	+	4087557	4088921	14	168.0	3.62e-45	31.618	H3H|Mycena_chlorophos	422	420	0.9953	2209.0
GCA_000226095.1	Thermothelomyces thermophilus	yes	H3H	CP003002.1	-	8801715	8802989	14	116.0	8.26e-28	26.185	H3H|Neonothopanus_gardneri	416	383	0.9207	1488.7
GCA_000226095.1	Thermothelomyces thermophilus	yes	H3H	CP003002.1	-	10582977	10583681	1	47.8	2e-05	25.882	H3H|Omphalotus_olearius	540	233	0.4315	47.8
GCA_000226095.1	Thermothelomyces thermophilus	yes	H3H	CP003002.1	-	10891065	10892242	28	73.9	9.77e-14	32.536	H3H|Mycena_chlorophos	422	362	0.8578	1661.0
GCA_000226095.1	Thermothelomyces thermophilus	yes	H3H	CP003003.1	-	5262923	5264197	14	96.7	4.44e-21	28.796	H3H|Armillaria_fuscipes	426	417	0.9789	1118.0
GCA_000226095.1	Thermothelomyces thermophilus	yes	H3H	CP003003.1	+	1331810	1332991	10	68.9	3.45e-12	24.883	H3H|Armillaria_mellea	429	377	0.8788	633.0
GCA_000226095.1	Thermothelomyces thermophilus	yes	H3H	CP003004.1	+	4884291	4885598	14	101.0	1.35e-22	27.317	H3H|Neonothopanus_nambi	422	430	1.019	1264.0
GCA_000226095.1	Thermothelomyces thermophilus	yes	H3H	CP003002.1	+	5178296	5179249	1	50.8	1.65e-06	26.301	H3H|Neonothopanus_gardneri	416	326	0.7837	50.8
GCA_000226095.1	Thermothelomyces thermophilus	yes	CPH	CP003002.1	+	3309960	3310858	12	149.0	5.02e-40	52.632	CPH|Armillaria_fuscipes	294	278	0.9456	1170.6
GCA_000226095.1	Thermothelomyces thermophilus	yes	CPH	CP003002.1	-	707706	708338	6	79.3	3.72e-16	27.65	CPH|Armillaria_gallica	302	200	0.6623	451.0
GCA_000226095.1	Thermothelomyces thermophilus	yes	CPH	CP003002.1	-	8419750	8420909	18	119.0	1.42e-29	49.194	CPH|Armillaria_gallica	302	313	1.0364	1473.6
GCA_009835125.1	Trichoderma reesei	no	HispS	CP020875.1	+	1295835	1299428	36	84.3	7.17e-16	37.19	HispS|Mycena_chlorophos	1652	735	0.4449	2096.5
GCA_009835125.1	Trichoderma reesei	no	HispS	CP020875.1	+	6779015	6781888	12	304.0	8.79e-83	28.556	HispS|Armillaria_fuscipes	1774	966	0.5445	3069.1
GCA_009835125.1	Trichoderma reesei	no	HispS	CP020875.1	-	493840	496629	43	97.1	7.17e-45	33.136	HispS|Guyanagaster_necrorhiza	1766	825	0.4672	3064.3
GCA_009835125.1	Trichoderma reesei	no	HispS	CP020875.1	-	4281883	4282560	11	67.0	1.31e-10	27.193	HispS|Mycena_citricolor	1678	316	0.1883	648.9
GCA_009835125.1	Trichoderma reesei	no	HispS	CP020876.1	+	5191315	5216047	35	291.0	7.5e-79	29.621	HispS|Armillaria_fuscipes	1774	1025	0.5778	6145.8
GCA_009835125.1	Trichoderma reesei	no	HispS	CP020876.1	-	826526	827032	1	49.7	1.94e-05	29.775	HispS|Mycena_chlorophos	1652	167	0.1011	49.7
GCA_009835125.1	Trichoderma reesei	no	HispS	CP020876.1	-	4765867	4768673	25	208.0	1.04e-53	27.419	HispS|Panellus_stipticus	1504	953	0.6336	3045.2
GCA_009835125.1	Trichoderma reesei	no	HispS	CP020876.1	-	5198874	5199875	1	48.9	3.86e-05	21.842	HispS|Guyanagaster_necrorhiza	1766	367	0.2078	48.9
GCA_009835125.1	Trichoderma reesei	no	HispS	CP020877.1	+	2121532	2124447	11	271.0	8.08e-73	25.852	HispS|Armillaria_fuscipes	1774	1005	0.5665	2645.0
GCA_009835125.1	Trichoderma reesei	no	HispS	CP020877.1	-	2116682	2119274	12	256.0	4.25e-68	29.205	HispS|Guyanagaster_necrorhiza	1766	823	0.466	2533.5
GCA_009835125.1	Trichoderma reesei	no	HispS	CP017983.1	+	5551928	5554910	28	232.0	9.69e-61	27.391	HispS|Armillaria_gallica	1771	925	0.5223	2996.7
GCA_009835125.1	Trichoderma reesei	no	HispS	CP017983.1	-	2599179	2600720	5	57.8	7.42e-08	23.272	HispS|Neonothopanus_gardneri	1691	538	0.3182	242.7
GCA_009835125.1	Trichoderma reesei	no	HispS	CP017983.1	-	3950847	3953156	11	115.0	3.03e-25	25.22	HispS|Panellus_stipticus	1504	774	0.5146	1142.6
GCA_009835125.1	Trichoderma reesei	no	HispS	CP017984.1	+	1295908	1298470	31	116.0	7.06e-55	34.928	HispS|Armillaria_fuscipes	1774	822	0.4634	2549.7
GCA_009835125.1	Trichoderma reesei	no	HispS	CP017984.1	-	1704728	1705186	1	44.3	0.000881	25.455	HispS|Neonothopanus_gardneri	1691	161	0.0952	44.3
GCA_009835125.1	Trichoderma reesei	no	HispS	CP017984.1	-	2771863	2772840	7	58.9	3.85e-08	26.667	HispS|Armillaria_fuscipes	1774	293	0.1652	362.0
GCA_009835125.1	Trichoderma reesei	no	HispS	CP020878.1	+	108860	111910	23	221.0	1.27e-57	29.027	HispS|Mycena_citricolor	1678	869	0.5179	2875.4
GCA_009835125.1	Trichoderma reesei	no	HispS	CP020878.1	-	607860	610927	32	138.0	2.8e-49	26.724	HispS|Armillaria_gallica	1771	903	0.5099	2595.3
GCA_009835125.1	Trichoderma reesei	no	HispS	CP020878.1	-	1222901	1223401	1	47.8	7.68e-05	27.568	HispS|Neonothopanus_nambi	1678	183	0.1091	47.8
GCA_009835125.1	Trichoderma reesei	no	HispS	CP020879.1	+	377631	380813	38	144.0	1.83e-45	25.079	HispS|Panellus_stipticus	1504	975	0.6483	3038.5
GCA_009835125.1	Trichoderma reesei	no	HispS	CP020879.1	-	810775	811890	1	55.1	5.19e-07	23.059	HispS|Guyanagaster_necrorhiza	1766	416	0.2356	55.1
GCA_009835125.1	Trichoderma reesei	no	HispS	CP020879.1	-	837505	854391	2	50.4	1.29e-05	29.932	HispS|Neonothopanus_nambi	1678	206	0.1228	95.8
GCA_009835125.1	Trichoderma reesei	no	HispS	CP020879.1	-	875524	877299	11	113.0	1.38e-24	25.703	HispS|Mycena_citricolor	1678	680	0.4052	1123.9
GCA_009835125.1	Trichoderma reesei	no	H3H	CP017983.1	+	3994889	3996148	14	194.0	4.31e-54	34.218	H3H|Panellus_stipticus	428	426	0.9953	2425.0
GCA_009835125.1	Trichoderma reesei	no	H3H	CP017983.1	-	967219	968493	35	75.5	1.92e-19	37.815	H3H|Panellus_stipticus	428	365	0.8528	1675.8
GCA_009835125.1	Trichoderma reesei	no	H3H	CP020878.1	+	1259109	1260125	14	103.0	1.5e-23	28.493	H3H|Mycena_chlorophos	422	356	0.8436	1317.2
GCA_009835125.1	Trichoderma reesei	no	H3H	CP020878.1	+	3298055	3298690	3	43.1	0.000316	24.242	H3H|Panellus_stipticus	428	217	0.507	128.5
GCA_009835125.1	Trichoderma reesei	no	H3H	CP020878.1	-	769594	769842	9	47.0	2e-05	37.097	H3H|Armillaria_mellea	429	83	0.1935	400.6
GCA_009835125.1	Trichoderma reesei	no	H3H	CP020875.1	+	5374734	5376023	24	102.0	3.99e-23	27.982	H3H|Panellus_stipticus	428	386	0.9019	1589.1
GCA_009835125.1	Trichoderma reesei	no	H3H	CP020875.1	-	2590608	2591612	14	61.6	5.77e-10	24.615	H3H|Neonothopanus_nambi	422	339	0.8033	724.6
GCA_009835125.1	Trichoderma reesei	no	H3H	CP020879.1	+	57917	58774	14	71.6	3.82e-13	25.078	H3H|Armillaria_ostoyae	426	288	0.6761	867.0
GCA_009835125.1	Trichoderma reesei	no	H3H	CP020879.1	+	2760202	2761302	14	86.3	8.89e-18	27.013	H3H|Mycena_citricolor	419	393	0.9379	1087.5
GCA_009835125.1	Trichoderma reesei	no	H3H	CP020879.1	+	3786736	3787794	8	65.5	3.81e-11	25.199	H3H|Armillaria_fuscipes	426	360	0.8451	425.9
GCA_009835125.1	Trichoderma reesei	no	H3H	CP020877.1	+	127713	129163	14	50.8	1.58e-06	36.264	H3H|Panellus_stipticus_3	428	248	0.5794	644.9
GCA_009835125.1	Trichoderma reesei	no	H3H	CP020877.1	+	2129367	2130792	19	71.2	6.27e-13	27.82	H3H|Mycena_chlorophos	422	336	0.7962	1082.0
GCA_009835125.1	Trichoderma reesei	no	H3H	CP017984.1	-	1852313	1853101	5	57.0	1.72e-08	27.755	H3H|Neonothopanus_gardneri	416	277	0.6659	248.7
GCA_009835125.1	Trichoderma reesei	no	H3H	CP017984.1	-	4296506	4297499	10	57.0	5.88e-10	27.778	H3H|Neonothopanus_gardneri	416	326	0.7837	467.1
GCA_009835125.1	Trichoderma reesei	no	H3H	CP020876.1	-	5011249	5011710	13	54.3	1.22e-07	38.144	H3H|Mycena_chlorophos	422	173	0.41	615.9
GCA_009835125.1	Trichoderma reesei	no	H3H	CP020877.1	-	66162	66764	4	48.1	9.78e-06	23.636	H3H|Guyanagaster_necrorhiza	443	212	0.4786	183.3
GCA_009835125.1	Trichoderma reesei	no	CPH	CP020875.1	-	2175658	2176536	6	227.0	2.15e-67	44.816	CPH|Armillaria_fuscipes	294	299	1.017	1285.0
GCA_009835125.1	Trichoderma reesei	no	CPH	CP020875.1	+	5217905	5218588	5	70.9	1.74e-13	26.636	CPH|Armillaria_gallica	302	200	0.6623	343.2
GCA_009835125.1	Trichoderma reesei	no	CPH	CP017984.1	+	350480	351645	20	135.0	1.79e-47	45.455	CPH|Neonothopanus_gardneri	321	315	0.9813	1347.4
GCA_009835125.1	Trichoderma reesei	no	CPH	CP017983.1	+	1163425	1164466	15	67.8	2.47e-23	34.074	CPH|Armillaria_gallica	302	298	0.9868	747.3
GCA_009835125.1	Trichoderma reesei	no	Luz	CP020879.1	+	2518068	2518754	12	94.7	6.67e-22	32.129	Luz|Mycena_chlorophos	251	238	0.9482	1009.9
GCA_009835125.1	Trichoderma reesei	no	Luz	CP020876.1	+	4835965	4836678	12	76.3	1.62e-15	27.016	Luz|Neonothopanus_nambi	267	250	0.9363	829.5
GCA_016806755.1	Trichoderma reesei	no	HispS	CP020724.1	+	1295791	1299384	36	84.3	7.17e-16	37.19	HispS|Mycena_chlorophos	1652	735	0.4449	2096.5
GCA_016806755.1	Trichoderma reesei	no	HispS	CP020724.1	+	6778593	6781466	12	304.0	8.79e-83	28.556	HispS|Armillaria_fuscipes	1774	966	0.5445	3069.1
GCA_016806755.1	Trichoderma reesei	no	HispS	CP020724.1	-	493831	496620	43	97.1	7.17e-45	33.136	HispS|Guyanagaster_necrorhiza	1766	825	0.4672	3064.3
GCA_016806755.1	Trichoderma reesei	no	HispS	CP020724.1	-	4281678	4282355	11	67.0	1.31e-10	27.193	HispS|Mycena_citricolor	1678	316	0.1883	648.9
GCA_016806755.1	Trichoderma reesei	no	HispS	CP020726.1	+	5195469	5220201	35	291.0	7.5e-79	29.621	HispS|Armillaria_fuscipes	1774	1025	0.5778	6145.8
GCA_016806755.1	Trichoderma reesei	no	HispS	CP020726.1	-	826513	827019	1	49.7	1.94e-05	29.775	HispS|Mycena_chlorophos	1652	167	0.1011	49.7
GCA_016806755.1	Trichoderma reesei	no	HispS	CP020726.1	-	4770022	4772828	25	208.0	1.04e-53	27.419	HispS|Panellus_stipticus	1504	953	0.6336	3045.2
GCA_016806755.1	Trichoderma reesei	no	HispS	CP020726.1	-	5203029	5204030	1	48.9	3.86e-05	21.842	HispS|Guyanagaster_necrorhiza	1766	367	0.2078	48.9
GCA_016806755.1	Trichoderma reesei	no	HispS	CP020728.1	+	2121405	2124321	22	189.0	8.22e-68	26.421	HispS|Armillaria_fuscipes	1774	1005	0.5665	2814.7
GCA_016806755.1	Trichoderma reesei	no	HispS	CP020728.1	-	2116555	2119147	12	256.0	4.25e-68	29.205	HispS|Guyanagaster_necrorhiza	1766	823	0.466	2533.5
GCA_016806755.1	Trichoderma reesei	no	HispS	CP020727.1	+	1295829	1298391	31	116.0	7.07e-55	34.928	HispS|Armillaria_fuscipes	1774	822	0.4634	2549.7
GCA_016806755.1	Trichoderma reesei	no	HispS	CP020727.1	+	4362772	4365754	28	232.0	9.69e-61	27.391	HispS|Armillaria_gallica	1771	925	0.5223	2996.7
GCA_016806755.1	Trichoderma reesei	no	HispS	CP020727.1	-	1704605	1705063	1	44.3	0.000881	25.455	HispS|Neonothopanus_gardneri	1691	161	0.0952	44.3
GCA_016806755.1	Trichoderma reesei	no	HispS	CP020727.1	-	2771676	2772653	7	58.9	3.85e-08	26.667	HispS|Armillaria_fuscipes	1774	293	0.1652	362.0
GCA_016806755.1	Trichoderma reesei	no	HispS	CP020729.1	+	109412	112462	23	221.0	1.27e-57	29.027	HispS|Mycena_citricolor	1678	869	0.5179	2875.4
GCA_016806755.1	Trichoderma reesei	no	HispS	CP020729.1	-	608378	611445	32	138.0	2.8e-49	26.724	HispS|Armillaria_gallica	1771	903	0.5099	2595.3
GCA_016806755.1	Trichoderma reesei	no	HispS	CP020729.1	-	1223395	1223895	1	47.8	7.68e-05	27.568	HispS|Neonothopanus_nambi	1678	183	0.1091	47.8
GCA_016806755.1	Trichoderma reesei	no	HispS	CP020730.1	+	377603	380785	38	144.0	1.83e-45	25.079	HispS|Panellus_stipticus	1504	975	0.6483	3038.5
GCA_016806755.1	Trichoderma reesei	no	HispS	CP020730.1	-	810746	811861	1	55.1	5.19e-07	23.059	HispS|Guyanagaster_necrorhiza	1766	416	0.2356	55.1
GCA_016806755.1	Trichoderma reesei	no	HispS	CP020730.1	-	837476	854362	2	50.4	1.29e-05	29.932	HispS|Neonothopanus_nambi	1678	206	0.1228	95.8
GCA_016806755.1	Trichoderma reesei	no	HispS	CP020730.1	-	875495	877270	11	113.0	1.38e-24	25.703	HispS|Mycena_citricolor	1678	680	0.4052	1123.9
GCA_016806755.1	Trichoderma reesei	no	HispS	CP020725.1	-	2599051	2600592	5	57.8	7.42e-08	23.272	HispS|Neonothopanus_gardneri	1691	538	0.3182	242.7
GCA_016806755.1	Trichoderma reesei	no	HispS	CP020725.1	-	3950666	3952870	11	115.0	3.03e-25	25.22	HispS|Panellus_stipticus	1504	765	0.5086	1113.1
GCA_016806755.1	Trichoderma reesei	no	H3H	CP020725.1	+	3994707	3995966	14	194.0	4.31e-54	34.218	H3H|Panellus_stipticus	428	426	0.9953	2425.0
GCA_016806755.1	Trichoderma reesei	no	H3H	CP020725.1	-	967190	968464	35	75.5	1.91e-19	37.815	H3H|Panellus_stipticus	428	365	0.8528	1675.8
GCA_016806755.1	Trichoderma reesei	no	H3H	CP020729.1	+	1259602	1260618	14	103.0	1.5e-23	28.493	H3H|Mycena_chlorophos	422	356	0.8436	1317.2
GCA_016806755.1	Trichoderma reesei	no	H3H	CP020729.1	+	3298410	3299045	3	43.1	0.000316	24.242	H3H|Panellus_stipticus	428	217	0.507	128.5
GCA_016806755.1	Trichoderma reesei	no	H3H	CP020729.1	-	770110	770358	9	47.0	2e-05	37.097	H3H|Armillaria_mellea	429	83	0.1935	400.6
GCA_016806755.1	Trichoderma reesei	no	H3H	CP020724.1	+	5374426	5375715	24	102.0	3.99e-23	27.982	H3H|Panellus_stipticus	428	386	0.9019	1589.1
GCA_016806755.1	Trichoderma reesei	no	H3H	CP020724.1	-	2590478	2591482	14	61.6	5.77e-10	24.615	H3H|Neonothopanus_nambi	422	339	0.8033	724.6
GCA_016806755.1	Trichoderma reesei	no	H3H	CP020730.1	+	57895	58752	14	71.6	3.82e-13	25.078	H3H|Armillaria_ostoyae	426	288	0.6761	867.0
GCA_016806755.1	Trichoderma reesei	no	H3H	CP020730.1	+	2760060	2761160	14	86.3	8.89e-18	27.013	H3H|Mycena_citricolor	419	393	0.9379	1087.5
GCA_016806755.1	Trichoderma reesei	no	H3H	CP020730.1	+	3786516	3787574	8	65.5	3.81e-11	25.199	H3H|Armillaria_fuscipes	426	360	0.8451	425.9
GCA_016806755.1	Trichoderma reesei	no	H3H	CP020728.1	+	127712	129162	14	50.8	1.58e-06	36.264	H3H|Panellus_stipticus_3	428	248	0.5794	644.9
GCA_016806755.1	Trichoderma reesei	no	H3H	CP020728.1	+	2129241	2130666	19	71.2	6.27e-13	27.82	H3H|Mycena_chlorophos	422	336	0.7962	1082.0
GCA_016806755.1	Trichoderma reesei	no	H3H	CP020727.1	-	1852179	1852967	5	57.0	1.72e-08	27.755	H3H|Neonothopanus_gardneri	416	277	0.6659	248.7
GCA_016806755.1	Trichoderma reesei	no	H3H	CP020727.1	-	4296210	4297203	10	57.0	5.9e-10	27.778	H3H|Neonothopanus_gardneri	416	326	0.7837	467.1
GCA_016806755.1	Trichoderma reesei	no	H3H	CP020726.1	-	5015403	5015864	13	54.3	1.22e-07	38.144	H3H|Mycena_chlorophos	422	173	0.41	615.9
GCA_016806755.1	Trichoderma reesei	no	H3H	CP020728.1	-	66163	66765	4	48.1	9.78e-06	23.636	H3H|Guyanagaster_necrorhiza	443	212	0.4786	183.3
GCA_016806755.1	Trichoderma reesei	no	CPH	CP020724.1	-	2175551	2176429	6	227.0	2.15e-67	44.816	CPH|Armillaria_fuscipes	294	299	1.017	1285.0
GCA_016806755.1	Trichoderma reesei	no	CPH	CP020724.1	+	5217998	5218306	5	61.2	2.63e-10	32.692	CPH|Armillaria_gallica	302	128	0.4238	298.0
GCA_016806755.1	Trichoderma reesei	no	CPH	CP020727.1	+	350456	351621	20	135.0	1.79e-47	45.455	CPH|Neonothopanus_gardneri	321	315	0.9813	1347.4
GCA_016806755.1	Trichoderma reesei	no	CPH	CP020725.1	+	1163385	1164426	15	67.8	2.46e-23	34.074	CPH|Armillaria_gallica	302	298	0.9868	747.3
GCA_016806755.1	Trichoderma reesei	no	Luz	CP020730.1	+	2517930	2518616	12	94.7	6.67e-22	32.129	Luz|Mycena_chlorophos	251	238	0.9482	1009.9
GCA_016806755.1	Trichoderma reesei	no	Luz	CP020726.1	+	4840118	4840831	12	76.3	1.62e-15	27.016	Luz|Neonothopanus_nambi	267	250	0.9363	829.5
GCA_016806775.1	Trichoderma reesei	no	HispS	CP021290.1	+	1267281	1270874	36	84.3	7.2e-16	37.19	HispS|Mycena_chlorophos	1652	735	0.4449	2096.5
GCA_016806775.1	Trichoderma reesei	no	HispS	CP021290.1	+	6757433	6760306	12	304.0	8.82e-83	28.556	HispS|Armillaria_fuscipes	1774	966	0.5445	3069.1
GCA_016806775.1	Trichoderma reesei	no	HispS	CP021290.1	-	465339	468128	43	97.1	7.19e-45	33.136	HispS|Guyanagaster_necrorhiza	1766	825	0.4672	3064.3
GCA_016806775.1	Trichoderma reesei	no	HispS	CP021290.1	-	4263141	4263818	11	67.0	1.31e-10	27.193	HispS|Mycena_citricolor	1678	316	0.1883	648.9
GCA_016806775.1	Trichoderma reesei	no	HispS	CP021292.1	+	5208245	5232976	35	291.0	7.53e-79	29.621	HispS|Armillaria_fuscipes	1774	1025	0.5778	6145.8
GCA_016806775.1	Trichoderma reesei	no	HispS	CP021292.1	-	835234	835740	1	49.7	1.95e-05	29.775	HispS|Mycena_chlorophos	1652	167	0.1011	49.7
GCA_016806775.1	Trichoderma reesei	no	HispS	CP021292.1	-	4782848	4785654	25	208.0	1.04e-53	27.419	HispS|Panellus_stipticus	1504	953	0.6336	3045.2
GCA_016806775.1	Trichoderma reesei	no	HispS	CP021292.1	-	5215804	5216805	1	48.9	3.87e-05	21.842	HispS|Guyanagaster_necrorhiza	1766	367	0.2078	48.9
GCA_016806775.1	Trichoderma reesei	no	HispS	CP021294.1	+	2188311	2191226	11	270.0	2.17e-72	25.852	HispS|Armillaria_fuscipes	1774	1005	0.5665	2640.0
GCA_016806775.1	Trichoderma reesei	no	HispS	CP021294.1	-	2183461	2186053	12	256.0	4.23e-68	29.205	HispS|Guyanagaster_necrorhiza	1766	823	0.466	2534.5
GCA_016806775.1	Trichoderma reesei	no	HispS	CP021291.1	+	5601731	5604713	28	232.0	9.72e-61	27.391	HispS|Armillaria_gallica	1771	925	0.5223	2996.7
GCA_016806775.1	Trichoderma reesei	no	HispS	CP021291.1	-	2598902	2600443	5	57.4	1.1e-07	22.934	HispS|Neonothopanus_gardneri	1691	538	0.3182	241.9
GCA_016806775.1	Trichoderma reesei	no	HispS	CP021291.1	-	3989683	3998313	12	107.0	4.41e-23	25.0	HispS|Panellus_stipticus	1504	1059	0.7041	1088.8
GCA_016806775.1	Trichoderma reesei	no	HispS	CP021293.1	+	1312675	1315237	31	116.0	7.09e-55	34.928	HispS|Armillaria_fuscipes	1774	822	0.4634	2549.7
GCA_016806775.1	Trichoderma reesei	no	HispS	CP021295.1	+	160137	163142	23	215.0	1.4e-55	28.691	HispS|Mycena_citricolor	1678	871	0.5191	2849.1
GCA_016806775.1	Trichoderma reesei	no	HispS	CP021295.1	-	659800	662867	32	138.0	2.81e-49	26.724	HispS|Armillaria_gallica	1771	903	0.5099	2595.3
GCA_016806775.1	Trichoderma reesei	no	HispS	CP021295.1	-	1274779	1275279	1	47.8	7.71e-05	27.568	HispS|Neonothopanus_nambi	1678	183	0.1091	47.8
GCA_016806775.1	Trichoderma reesei	no	HispS	CP021296.1	+	361186	364394	28	148.0	1.01e-46	25.746	HispS|Panellus_stipticus	1504	977	0.6496	2818.1
GCA_016806775.1	Trichoderma reesei	no	HispS	CP021296.1	-	722363	723478	1	52.4	3.18e-06	22.831	HispS|Guyanagaster_necrorhiza	1766	416	0.2356	52.4
GCA_016806775.1	Trichoderma reesei	no	HispS	CP021296.1	-	765575	765976	1	47.4	9.5e-05	29.252	HispS|Neonothopanus_nambi	1678	141	0.084	47.4
GCA_016806775.1	Trichoderma reesei	no	HispS	CP021296.1	-	787109	790041	13	120.0	9.68e-27	25.969	HispS|Guyanagaster_necrorhiza	1766	791	0.4479	1252.9
GCA_016806775.1	Trichoderma reesei	no	HispS	CP021293.1	-	1721413	1721871	1	44.3	0.000884	25.455	HispS|Neonothopanus_gardneri	1691	161	0.0952	44.3
GCA_016806775.1	Trichoderma reesei	no	H3H	CP021291.1	+	4043490	4044743	14	199.0	1.15e-55	34.211	H3H|Panellus_stipticus	428	425	0.993	2422.0
GCA_016806775.1	Trichoderma reesei	no	H3H	CP021291.1	-	967150	968424	35	75.5	1.92e-19	37.815	H3H|Panellus_stipticus	428	365	0.8528	1675.8
GCA_016806775.1	Trichoderma reesei	no	H3H	CP021295.1	+	1310981	1311997	14	103.0	1.5e-23	28.493	H3H|Mycena_chlorophos	422	356	0.8436	1317.2
GCA_016806775.1	Trichoderma reesei	no	H3H	CP021295.1	+	3356323	3356958	2	42.0	0.000759	24.242	H3H|Panellus_stipticus	428	217	0.507	83.6
GCA_016806775.1	Trichoderma reesei	no	H3H	CP021295.1	-	821520	821768	9	47.0	2.01e-05	37.097	H3H|Armillaria_mellea	429	83	0.1935	400.6
GCA_016806775.1	Trichoderma reesei	no	H3H	CP021290.1	+	5353270	5354559	24	102.0	4.01e-23	27.982	H3H|Panellus_stipticus	428	386	0.9019	1589.1
GCA_016806775.1	Trichoderma reesei	no	H3H	CP021290.1	-	2549558	2550559	14	63.9	1.04e-10	25.309	H3H|Neonothopanus_nambi	422	339	0.8033	755.5
GCA_016806775.1	Trichoderma reesei	no	H3H	CP021296.1	+	45592	46524	14	71.2	5.39e-13	24.765	H3H|Armillaria_ostoyae	426	303	0.7113	865.0
GCA_016806775.1	Trichoderma reesei	no	H3H	CP021296.1	+	2626895	2627995	14	86.3	8.85e-18	26.943	H3H|Mycena_citricolor	419	393	0.9379	1089.3
GCA_016806775.1	Trichoderma reesei	no	H3H	CP021296.1	+	3663045	3664103	8	65.5	3.82e-11	25.199	H3H|Armillaria_fuscipes	426	360	0.8451	425.9
GCA_016806775.1	Trichoderma reesei	no	H3H	CP021294.1	+	127519	128974	14	50.8	1.56e-06	36.264	H3H|Panellus_stipticus_3	428	248	0.5794	645.2
GCA_016806775.1	Trichoderma reesei	no	H3H	CP021294.1	+	2196683	2197570	14	70.9	8.34e-13	28.745	H3H|Mycena_chlorophos	422	276	0.654	815.7
GCA_016806775.1	Trichoderma reesei	no	H3H	CP021293.1	-	1868986	1869774	5	57.0	1.72e-08	27.755	H3H|Neonothopanus_gardneri	416	277	0.6659	248.7
GCA_016806775.1	Trichoderma reesei	no	H3H	CP021293.1	-	4358326	4359319	10	57.0	5.9e-10	27.778	H3H|Neonothopanus_gardneri	416	326	0.7837	467.1
GCA_016806775.1	Trichoderma reesei	no	H3H	CP021292.1	-	5028182	5028643	13	54.3	1.22e-07	38.144	H3H|Mycena_chlorophos	422	173	0.41	615.9
GCA_016806775.1	Trichoderma reesei	no	H3H	CP021294.1	-	50127	50729	3	48.1	9.99e-06	23.636	H3H|Guyanagaster_necrorhiza	443	212	0.4786	136.7
GCA_016806775.1	Trichoderma reesei	no	CPH	CP021290.1	-	2121304	2122182	6	228.0	8.64e-68	45.151	CPH|Armillaria_fuscipes	294	299	1.017	1289.0
GCA_016806775.1	Trichoderma reesei	no	CPH	CP021290.1	+	5196469	5197152	5	70.9	1.75e-13	26.636	CPH|Armillaria_gallica	302	200	0.6623	343.2
GCA_016806775.1	Trichoderma reesei	no	CPH	CP021293.1	+	380557	381686	20	137.0	8.18e-49	47.552	CPH|Neonothopanus_gardneri	321	307	0.9564	1356.4
GCA_016806775.1	Trichoderma reesei	no	CPH	CP021291.1	+	1163324	1164365	15	67.8	2.48e-23	34.074	CPH|Armillaria_gallica	302	298	0.9868	747.3
GCA_016806775.1	Trichoderma reesei	no	Luz	CP021296.1	+	2397396	2398109	12	94.7	6.69e-22	32.129	Luz|Mycena_chlorophos	251	238	0.9482	1009.9
GCA_016806775.1	Trichoderma reesei	no	Luz	CP021292.1	+	4852938	4853651	12	76.3	1.62e-15	27.016	Luz|Neonothopanus_nambi	267	250	0.9363	829.5
GCA_001651445.1	Trichophyton rubrum	yes	HispS	LHPM01000017.1	+	1034534	1037287	12	353.0	4.35e-98	30.403	HispS|Armillaria_fuscipes	1774	981	0.553	3589.9
GCA_001651445.1	Trichophyton rubrum	yes	HispS	LHPM01000018.1	-	127687	129947	26	168.0	2.92e-47	25.731	HispS|Guyanagaster_necrorhiza	1766	803	0.4547	2284.3
GCA_001651445.1	Trichophyton rubrum	yes	HispS	LHPM01000018.1	-	263622	267296	3	52.8	1.6e-06	32.667	HispS|Neonothopanus_nambi	1678	164	0.0977	148.0
GCA_001651445.1	Trichophyton rubrum	yes	HispS	LHPM01000018.1	-	1801738	1806387	12	374.0	1.19e-104	29.869	HispS|Guyanagaster_necrorhiza	1766	1601	0.9066	3777.2
GCA_001651445.1	Trichophyton rubrum	yes	HispS	LHPM01000018.1	+	977218	980100	32	266.0	1.85e-87	31.278	HispS|Armillaria_ostoyae	1770	960	0.5424	3559.2
GCA_001651445.1	Trichophyton rubrum	yes	HispS	LHPM01000018.1	+	2277892	2278713	1	45.1	0.000326	23.81	HispS|Mycena_chlorophos	1652	284	0.1719	45.1
GCA_001651445.1	Trichophyton rubrum	yes	HispS	LHPM01000010.1	+	1005014	1015593	13	327.0	4.19e-90	28.556	HispS|Armillaria_fuscipes	1774	1388	0.7824	3219.8
GCA_001651445.1	Trichophyton rubrum	yes	HispS	LHPM01000019.1	-	198343	201174	44	94.7	1.93e-62	34.615	HispS|Armillaria_mellea	1768	958	0.5419	3246.9
GCA_001651445.1	Trichophyton rubrum	yes	HispS	LHPM01000019.1	-	282381	285351	22	225.0	2.3e-87	30.676	HispS|Armillaria_fuscipes	1774	975	0.5496	3433.3
GCA_001651445.1	Trichophyton rubrum	yes	HispS	LHPM01000019.1	-	611138	612392	30	72.4	2.84e-24	28.916	HispS|Neonothopanus_gardneri	1691	415	0.2454	1566.5
GCA_001651445.1	Trichophyton rubrum	yes	HispS	LHPM01000019.1	-	1141247	1141810	2	49.3	1.61e-05	28.448	HispS|Mycena_citricolor	1678	183	0.1091	93.6
GCA_001651445.1	Trichophyton rubrum	yes	HispS	LHPM01000019.1	+	361847	365041	11	257.0	1.27e-68	24.544	HispS|Guyanagaster_necrorhiza	1766	1036	0.5866	2597.0
GCA_001651445.1	Trichophyton rubrum	yes	HispS	LHPM01000016.1	-	34939	37857	12	302.0	1.87e-82	28.288	HispS|Mycena_citricolor	1678	1028	0.6126	2998.1
GCA_001651445.1	Trichophyton rubrum	yes	HispS	LHPM01000015.1	+	1600155	1602929	11	254.0	8.22e-68	27.066	HispS|Armillaria_gallica	1771	981	0.5539	2507.0
GCA_001651445.1	Trichophyton rubrum	yes	HispS	LHPM01000015.1	-	606235	606690	9	50.4	7.44e-06	37.662	HispS|Mycena_citricolor	1678	240	0.143	414.3
GCA_001651445.1	Trichophyton rubrum	yes	HispS	LHPM01000015.1	-	689661	690466	11	71.6	4.6e-18	32.804	HispS|Mycena_citricolor	1678	269	0.1603	654.0
GCA_001651445.1	Trichophyton rubrum	yes	HispS	LHPM01000013.1	+	2072740	2075857	43	114.0	4.02e-40	32.9	HispS|Mycena_citricolor	1678	978	0.5828	2882.6
GCA_001651445.1	Trichophyton rubrum	yes	HispS	LHPM01000011.1	-	694663	695721	5	57.0	9.62e-08	25.424	HispS|Armillaria_gallica	1771	345	0.1948	270.3
GCA_001651445.1	Trichophyton rubrum	yes	HispS	LHPM01000007.1	-	60256	64146	4	47.0	9.51e-05	33.824	HispS|Neonothopanus_gardneri	1691	200	0.1183	182.6
GCA_001651445.1	Trichophyton rubrum	yes	HispS	LHPM01000005.1	+	116054	135023	4	46.2	0.000144	20.767	HispS|Mycena_citricolor	1678	908	0.5411	179.0
GCA_001651445.1	Trichophyton rubrum	yes	HispS	LHPM01000012.1	+	1925440	1925718	1	45.8	0.000216	31.633	HispS|Neonothopanus_gardneri	1691	92	0.0544	45.8
GCA_001651445.1	Trichophyton rubrum	yes	H3H	LHPM01000012.1	+	2120897	2122136	27	100.0	4.96e-28	29.758	H3H|Neonothopanus_gardneri	416	387	0.9303	1713.4
GCA_001651445.1	Trichophyton rubrum	yes	H3H	LHPM01000018.1	-	966317	966850	14	58.5	4.01e-09	32.0	H3H|Neonothopanus_nambi	422	178	0.4218	716.7
GCA_001651445.1	Trichophyton rubrum	yes	H3H	LHPM01000018.1	-	1415019	1415549	1	43.9	0.000123	19.209	H3H|Neonothopanus_gardneri	416	176	0.4231	43.9
GCA_001651445.1	Trichophyton rubrum	yes	H3H	LHPM01000005.1	+	205092	206123	10	57.8	5.51e-09	23.81	H3H|Armillaria_gallica	422	363	0.8602	532.6
GCA_001651445.1	Trichophyton rubrum	yes	H3H	LHPM01000019.1	-	1305827	1307141	15	53.1	1.62e-07	32.979	H3H|Panellus_stipticus	428	331	0.7734	747.9
GCA_001651445.1	Trichophyton rubrum	yes	H3H	LHPM01000013.1	-	529374	530342	1	51.6	5.91e-07	23.032	H3H|Mycena_chlorophos	422	313	0.7417	51.6
GCA_001651445.1	Trichophyton rubrum	yes	CPH	LHPM01000013.1	-	2634262	2635002	6	209.0	1.01e-60	46.484	CPH|Neonothopanus_gardneri	321	278	0.866	1196.0
GCA_001651445.1	Trichophyton rubrum	yes	CPH	LHPM01000016.1	+	71872	72471	6	78.2	5.99e-16	29.688	CPH|Neonothopanus_gardneri	321	200	0.6231	425.6
GCA_001651445.1	Trichophyton rubrum	yes	Luz	LHPM01000011.1	-	144899	145612	12	105.0	1.42e-25	32.645	Luz|Neonothopanus_gardneri	264	255	0.9659	1158.0
GCA_000616965.1	Trichophyton rubrum	yes	HispS	KK210313.1	+	91865	96514	12	375.0	6.7e-105	29.869	HispS|Guyanagaster_necrorhiza	1766	1601	0.9066	3789.6
GCA_000616965.1	Trichophyton rubrum	yes	HispS	KK210253.1	-	8790	11543	12	352.0	6.3e-98	30.403	HispS|Armillaria_fuscipes	1774	981	0.553	3574.9
GCA_000616965.1	Trichophyton rubrum	yes	HispS	KK210214.1	-	22504	25395	12	326.0	9.91e-90	28.446	HispS|Armillaria_fuscipes	1774	954	0.5378	3164.1
GCA_000616965.1	Trichophyton rubrum	yes	HispS	KK210292.1	-	95219	98050	44	94.7	2.04e-62	34.615	HispS|Armillaria_mellea	1768	958	0.5419	3247.3
GCA_000616965.1	Trichophyton rubrum	yes	HispS	KK210292.1	-	166519	169489	22	228.0	2.42e-88	30.811	HispS|Armillaria_fuscipes	1774	975	0.5496	3443.4
GCA_000616965.1	Trichophyton rubrum	yes	HispS	KK210292.1	-	495335	496457	30	71.6	4.62e-24	29.375	HispS|Neonothopanus_gardneri	1691	415	0.2454	1560.0
GCA_000616965.1	Trichophyton rubrum	yes	HispS	KK210292.1	+	246391	249585	11	257.0	1.28e-68	24.544	HispS|Guyanagaster_necrorhiza	1766	1036	0.5866	2597.0
GCA_000616965.1	Trichophyton rubrum	yes	HispS	KK210316.1	-	365169	368051	32	266.0	1.6e-87	31.278	HispS|Armillaria_ostoyae	1770	960	0.5424	3558.2
GCA_000616965.1	Trichophyton rubrum	yes	HispS	KK210202.1	-	35470	38388	12	302.0	1.89e-82	28.288	HispS|Mycena_citricolor	1678	1028	0.6126	2998.1
GCA_000616965.1	Trichophyton rubrum	yes	HispS	KK210272.1	+	242510	245284	11	255.0	6.81e-68	27.066	HispS|Armillaria_gallica	1771	981	0.5539	2506.0
GCA_000616965.1	Trichophyton rubrum	yes	HispS	KK210321.1	+	25983	35244	4	53.5	9.5e-07	32.667	HispS|Neonothopanus_nambi	1678	428	0.2551	193.0
GCA_000616965.1	Trichophyton rubrum	yes	HispS	KK210321.1	+	161876	164136	26	169.0	1.84e-47	25.731	HispS|Guyanagaster_necrorhiza	1766	803	0.4547	2285.3
GCA_000616965.1	Trichophyton rubrum	yes	HispS	KK210298.1	-	260356	263473	41	114.0	4.15e-40	32.9	HispS|Mycena_citricolor	1678	978	0.5828	2785.1
GCA_000616965.1	Trichophyton rubrum	yes	HispS	KK210267.1	-	22788	23593	11	72.4	6.41e-18	32.804	HispS|Mycena_citricolor	1678	269	0.1603	674.3
GCA_000616965.1	Trichophyton rubrum	yes	HispS	KK210265.1	-	421446	421901	9	50.4	7.54e-06	37.662	HispS|Mycena_citricolor	1678	240	0.143	414.3
GCA_000616965.1	Trichophyton rubrum	yes	HispS	KK210289.1	+	514821	515447	5	57.0	9.92e-08	24.771	HispS|Armillaria_gallica	1771	207	0.1169	269.9
GCA_000616965.1	Trichophyton rubrum	yes	HispS	KK210293.1	-	283009	283572	2	49.3	1.63e-05	28.448	HispS|Mycena_citricolor	1678	183	0.1091	93.6
GCA_000616965.1	Trichophyton rubrum	yes	HispS	KK210204.1	+	402362	406252	4	47.0	9.65e-05	33.824	HispS|Neonothopanus_gardneri	1691	200	0.1183	182.6
GCA_000616965.1	Trichophyton rubrum	yes	HispS	KK210309.1	-	485644	486465	1	45.1	0.000331	23.81	HispS|Mycena_chlorophos	1652	284	0.1719	45.1
GCA_000616965.1	Trichophyton rubrum	yes	HispS	KK210203.1	-	136481	144187	3	46.2	0.000147	20.767	HispS|Mycena_citricolor	1678	596	0.3552	135.5
GCA_000616965.1	Trichophyton rubrum	yes	HispS	KK210350.1	+	49211	49489	1	45.8	0.000219	31.633	HispS|Neonothopanus_gardneri	1691	92	0.0544	45.8
GCA_000616965.1	Trichophyton rubrum	yes	H3H	KK210430.1	+	12770	14010	27	100.0	5.19e-28	29.758	H3H|Neonothopanus_gardneri	416	387	0.9303	1713.0
GCA_000616965.1	Trichophyton rubrum	yes	H3H	KK210316.1	+	378419	378952	14	58.5	4.06e-09	32.0	H3H|Neonothopanus_nambi	422	178	0.4218	716.7
GCA_000616965.1	Trichophyton rubrum	yes	H3H	KK210203.1	-	75314	76333	10	57.8	6.53e-09	23.81	H3H|Armillaria_gallica	422	359	0.8507	520.6
GCA_000616965.1	Trichophyton rubrum	yes	H3H	KK210294.1	-	47219	48533	15	53.1	1.65e-07	32.979	H3H|Panellus_stipticus	428	331	0.7734	747.9
GCA_000616965.1	Trichophyton rubrum	yes	H3H	KK210315.1	+	225066	225596	1	43.9	0.000125	19.209	H3H|Neonothopanus_gardneri	416	176	0.4231	43.9
GCA_000616965.1	Trichophyton rubrum	yes	CPH	KK210297.1	+	298502	299242	6	209.0	1.03e-60	46.484	CPH|Neonothopanus_gardneri	321	278	0.866	1196.0
GCA_000616965.1	Trichophyton rubrum	yes	CPH	KK210202.1	+	72246	72845	6	78.2	6.08e-16	29.688	CPH|Neonothopanus_gardneri	321	200	0.6231	425.6
GCA_000616965.1	Trichophyton rubrum	yes	Luz	KK210212.1	+	385870	386583	12	105.0	1.44e-25	32.645	Luz|Neonothopanus_gardneri	264	255	0.9659	1158.0
GCA_000616945.1	Trichophyton rubrum	yes	HispS	KK209817.1	-	8788	11541	12	353.0	4.4e-98	30.403	HispS|Armillaria_fuscipes	1774	981	0.553	3589.9
GCA_000616945.1	Trichophyton rubrum	yes	HispS	KK209978.1	+	140617	145266	12	374.0	1.13e-104	29.869	HispS|Guyanagaster_necrorhiza	1766	1601	0.9066	3783.2
GCA_000616945.1	Trichophyton rubrum	yes	HispS	KK209756.1	-	11632	22211	13	327.0	3.96e-90	28.556	HispS|Armillaria_fuscipes	1774	1388	0.7824	3219.8
GCA_000616945.1	Trichophyton rubrum	yes	HispS	KK209901.1	-	32129	34960	44	94.7	2.06e-62	34.615	HispS|Armillaria_mellea	1768	958	0.5419	3246.9
GCA_000616945.1	Trichophyton rubrum	yes	HispS	KK209901.1	-	116233	119203	22	225.0	2.39e-87	30.676	HispS|Armillaria_fuscipes	1774	975	0.5496	3433.3
GCA_000616945.1	Trichophyton rubrum	yes	HispS	KK209901.1	-	444611	445865	30	72.4	3.09e-24	28.916	HispS|Neonothopanus_gardneri	1691	415	0.2454	1566.5
GCA_000616945.1	Trichophyton rubrum	yes	HispS	KK209901.1	+	195547	198741	11	257.0	1.31e-68	24.544	HispS|Guyanagaster_necrorhiza	1766	1036	0.5866	2597.0
GCA_000616945.1	Trichophyton rubrum	yes	HispS	KK209984.1	-	316880	319762	32	266.0	1.94e-87	31.278	HispS|Armillaria_ostoyae	1770	960	0.5424	3559.2
GCA_000616945.1	Trichophyton rubrum	yes	HispS	KK209731.1	-	52579	55497	12	302.0	1.94e-82	28.288	HispS|Mycena_citricolor	1678	1028	0.6126	2998.1
GCA_000616945.1	Trichophyton rubrum	yes	HispS	KK209862.1	+	49637	52411	11	254.0	8.23e-68	27.066	HispS|Armillaria_gallica	1771	981	0.5539	2507.0
GCA_000616945.1	Trichophyton rubrum	yes	HispS	KK209988.1	+	87608	89868	24	168.0	3.09e-47	25.731	HispS|Guyanagaster_necrorhiza	1766	803	0.4547	2220.4
GCA_000616945.1	Trichophyton rubrum	yes	HispS	KK209928.1	-	51383	54500	43	114.0	4.31e-40	32.9	HispS|Mycena_citricolor	1678	978	0.5828	2882.6
GCA_000616945.1	Trichophyton rubrum	yes	HispS	KK209848.1	-	14185	14990	11	71.6	5.02e-18	32.804	HispS|Mycena_citricolor	1678	269	0.1603	654.0
GCA_000616945.1	Trichophyton rubrum	yes	HispS	KK209846.1	-	12418	12873	9	50.4	7.66e-06	37.662	HispS|Mycena_citricolor	1678	240	0.143	414.3
GCA_000616945.1	Trichophyton rubrum	yes	HispS	KK209745.1	+	74131	75189	5	57.0	9.94e-08	25.424	HispS|Armillaria_gallica	1771	345	0.1948	270.3
GCA_000616945.1	Trichophyton rubrum	yes	HispS	KK209911.1	-	9188	9751	2	49.3	1.67e-05	28.448	HispS|Mycena_citricolor	1678	183	0.1091	93.6
GCA_000616945.1	Trichophyton rubrum	yes	HispS	KK209740.1	+	138397	142287	4	47.0	9.86e-05	33.824	HispS|Neonothopanus_gardneri	1691	200	0.1183	182.6
GCA_000616945.1	Trichophyton rubrum	yes	HispS	KK209968.1	-	34399	35220	1	45.1	0.000336	23.81	HispS|Mycena_chlorophos	1652	284	0.1719	45.1
GCA_000616945.1	Trichophyton rubrum	yes	HispS	KK209734.1	-	59144	66850	3	46.2	0.00015	20.767	HispS|Mycena_citricolor	1678	596	0.3552	135.5
GCA_000616945.1	Trichophyton rubrum	yes	HispS	KK209986.1	+	168176	171850	3	52.8	1.66e-06	32.667	HispS|Neonothopanus_nambi	1678	164	0.0977	148.0
GCA_000616945.1	Trichophyton rubrum	yes	HispS	KK209887.1	+	121752	122030	1	45.8	0.000224	31.633	HispS|Neonothopanus_gardneri	1691	92	0.0544	45.8
GCA_000616945.1	Trichophyton rubrum	yes	H3H	KK209896.1	+	14828	16067	27	100.0	5.38e-28	29.758	H3H|Neonothopanus_gardneri	416	387	0.9303	1713.4
GCA_000616945.1	Trichophyton rubrum	yes	H3H	KK209984.1	+	330130	330663	14	58.5	4.16e-09	32.0	H3H|Neonothopanus_nambi	422	178	0.4218	716.7
GCA_000616945.1	Trichophyton rubrum	yes	H3H	KK209733.1	-	76886	77917	10	57.4	9.09e-09	23.81	H3H|Armillaria_gallica	422	363	0.8602	536.1
GCA_000616945.1	Trichophyton rubrum	yes	H3H	KK209911.1	-	173639	174953	15	53.1	1.68e-07	32.979	H3H|Panellus_stipticus	428	331	0.7734	747.9
GCA_000616945.1	Trichophyton rubrum	yes	H3H	KK209940.1	+	128760	129728	1	51.6	6.13e-07	23.032	H3H|Mycena_chlorophos	422	313	0.7417	51.6
GCA_000616945.1	Trichophyton rubrum	yes	H3H	KK209983.1	+	44629	45159	1	43.9	0.000128	19.209	H3H|Neonothopanus_gardneri	416	176	0.4231	43.9
GCA_000616945.1	Trichophyton rubrum	yes	CPH	KK209923.1	+	307317	308057	6	209.0	1.05e-60	46.484	CPH|Neonothopanus_gardneri	321	278	0.866	1196.0
GCA_000616945.1	Trichophyton rubrum	yes	CPH	KK209731.1	+	89421	90020	6	78.2	6.22e-16	29.688	CPH|Neonothopanus_gardneri	321	200	0.6231	425.6
GCA_000616945.1	Trichophyton rubrum	yes	Luz	KK209751.1	+	56314	57027	12	105.0	1.47e-25	32.645	Luz|Neonothopanus_gardneri	264	255	0.9659	1158.0
GCA_000952015.1	Verticillium dahliae	no	HispS	CP010981.1	-	2971936	2974830	12	324.0	8.15e-89	28.338	HispS|Armillaria_ostoyae	1770	1015	0.5734	3192.4
GCA_000952015.1	Verticillium dahliae	no	HispS	CP010981.1	-	4486258	4489181	31	223.0	9.47e-86	28.05	HispS|Armillaria_gallica	1771	958	0.5409	3599.8
GCA_000952015.1	Verticillium dahliae	no	HispS	CP010981.1	+	422382	425538	23	152.0	1.07e-56	28.866	HispS|Guyanagaster_necrorhiza	1766	955	0.5408	2555.3
GCA_000952015.1	Verticillium dahliae	no	HispS	CP010981.1	+	4158548	4159507	8	55.5	4.49e-07	27.049	HispS|Neonothopanus_nambi	1678	282	0.1681	405.6
GCA_000952015.1	Verticillium dahliae	no	HispS	CP010981.1	+	5433097	5433708	1	47.8	8.75e-05	26.442	HispS|Mycena_citricolor	1678	193	0.115	47.8
GCA_000952015.1	Verticillium dahliae	no	HispS	CP010986.1	+	1104561	1107518	14	328.0	2.95e-90	30.0	HispS|Guyanagaster_necrorhiza	1766	960	0.5436	3394.6
GCA_000952015.1	Verticillium dahliae	no	HispS	CP010986.1	+	1981291	1981767	1	44.3	0.001	24.699	HispS|Armillaria_mellea	1768	160	0.0905	44.3
GCA_000952015.1	Verticillium dahliae	no	HispS	CP010986.1	+	3154218	3156436	17	252.0	6.58e-67	29.848	HispS|Mycena_chlorophos	1652	784	0.4746	2855.9
GCA_000952015.1	Verticillium dahliae	no	HispS	CP010986.1	-	244189	245037	1	48.5	4.25e-05	27.532	HispS|Mycena_chlorophos	1652	303	0.1834	48.5
GCA_000952015.1	Verticillium dahliae	no	HispS	CP010986.1	-	1172428	1174893	31	132.0	9.07e-60	25.376	HispS|Neonothopanus_nambi	1678	796	0.4744	2837.0
GCA_000952015.1	Verticillium dahliae	no	HispS	CP010986.1	-	3149697	3150860	7	84.0	1.06e-15	25.326	HispS|Armillaria_ostoyae	1770	404	0.2282	502.2
GCA_000952015.1	Verticillium dahliae	no	HispS	CP010984.1	-	3194725	3197784	13	289.0	4.87e-78	29.223	HispS|Armillaria_ostoyae	1770	1060	0.5989	2923.9
GCA_000952015.1	Verticillium dahliae	no	HispS	CP010985.1	-	3118887	3121787	32	179.0	1.78e-47	26.493	HispS|Panellus_stipticus	1504	966	0.6423	3008.7
GCA_000952015.1	Verticillium dahliae	no	HispS	CP010983.1	-	623132	626399	39	150.0	6.12e-36	27.645	HispS|Armillaria_fuscipes	1774	948	0.5344	3011.6
GCA_000952015.1	Verticillium dahliae	no	HispS	CP010987.1	+	847028	848389	11	100.0	8.35e-21	24.947	HispS|Mycena_citricolor	1678	428	0.2551	923.4
GCA_000952015.1	Verticillium dahliae	no	HispS	CP010980.1	-	340167	341517	10	54.3	7.05e-07	29.688	HispS|Panellus_stipticus	1504	505	0.3358	499.7
GCA_000952015.1	Verticillium dahliae	no	HispS	CP010982.1	-	4157570	4158205	6	57.0	1.42e-07	25.628	HispS|Armillaria_mellea	1768	210	0.1188	301.5
GCA_000952015.1	Verticillium dahliae	no	HispS	CP010980.1	+	4195814	4196590	1	55.8	3.1e-07	23.759	HispS|Mycena_chlorophos	1652	271	0.164	55.8
GCA_000952015.1	Verticillium dahliae	no	HispS	CP010982.1	+	525182	525685	1	50.4	1.23e-05	28.649	HispS|Neonothopanus_gardneri	1691	170	0.1005	50.4
GCA_000952015.1	Verticillium dahliae	no	H3H	CP010983.1	+	2792663	2793818	28	101.0	1.23e-22	32.051	H3H|Armillaria_gallica	422	386	0.9147	2211.1
GCA_000952015.1	Verticillium dahliae	no	H3H	CP010983.1	-	1231026	1232398	26	72.4	6.96e-16	25.065	H3H|Neonothopanus_nambi	422	419	0.9929	1268.1
GCA_000952015.1	Verticillium dahliae	no	H3H	CP010983.1	-	4316826	4318169	14	119.0	7.66e-29	27.206	H3H|Mycena_chlorophos	422	422	1.0	1507.4
GCA_000952015.1	Verticillium dahliae	no	H3H	CP010982.1	+	1403787	1405097	14	107.0	1.26e-24	28.153	H3H|Armillaria_mellea	429	397	0.9254	1362.5
GCA_000952015.1	Verticillium dahliae	no	H3H	CP010982.1	+	5551727	5552760	28	80.5	2.51e-30	30.0	H3H|Armillaria_ostoyae	426	304	0.7136	1993.5
GCA_000952015.1	Verticillium dahliae	no	H3H	CP010982.1	-	5092710	5093912	7	66.6	1.67e-11	25.0	H3H|Armillaria_mellea	429	377	0.8788	395.0
GCA_000952015.1	Verticillium dahliae	no	H3H	CP010984.1	-	1317926	1318708	6	54.7	1.01e-07	28.261	H3H|Neonothopanus_nambi	422	267	0.6327	286.2
GCA_000952015.1	Verticillium dahliae	no	H3H	CP010984.1	-	3002525	3003953	30	95.1	1.48e-24	26.34	H3H|Armillaria_fuscipes	426	414	0.9718	1812.4
GCA_000952015.1	Verticillium dahliae	no	H3H	CP010986.1	-	494098	495270	5	62.0	5.12e-10	24.641	H3H|Neonothopanus_nambi	422	368	0.872	234.2
GCA_000952015.1	Verticillium dahliae	no	H3H	CP010986.1	-	1532244	1533581	16	65.1	5.86e-11	23.427	H3H|Mycena_chlorophos	422	422	1.0	893.3
GCA_000952015.1	Verticillium dahliae	no	H3H	CP010980.1	+	174949	175320	14	58.2	7.45e-09	33.065	H3H|Armillaria_ostoyae	426	121	0.284	760.2
GCA_000952015.1	Verticillium dahliae	no	CPH	CP010982.1	+	1394789	1395849	12	154.0	1.95e-49	36.015	CPH|Armillaria_ostoyae	302	313	1.0364	1264.6
GCA_000952015.1	Verticillium dahliae	no	CPH	CP010980.1	-	404535	405487	12	160.0	3.77e-44	44.39	CPH|Armillaria_fuscipes	294	295	1.0034	1256.9
GCA_000952015.1	Verticillium dahliae	no	CPH	CP010980.1	+	1659468	1660034	6	90.5	7.91e-20	32.432	CPH|Neonothopanus_gardneri	321	198	0.6168	495.2
GCA_000952015.1	Verticillium dahliae	no	CPH	CP010986.1	+	305187	306173	15	153.0	3.55e-41	32.308	CPH|Neonothopanus_gardneri	321	310	0.9657	1096.5
GCA_000952015.1	Verticillium dahliae	no	Luz	CP010981.1	+	577982	578722	12	94.7	5.44e-22	28.395	Luz|Panellus_stipticus	249	232	0.9317	1063.4
GCA_000952015.1	Verticillium dahliae	no	Luz	CP010980.1	-	834800	835501	12	84.3	1.77e-18	30.769	Luz|Mycena_citricolor	246	232	0.9431	941.3
GCA_000400815.2	Verticillium dahliae	no	HispS	CP009075.1	+	3565978	3568901	31	223.0	9.48e-86	28.05	HispS|Armillaria_gallica	1771	958	0.5409	3599.8
GCA_000400815.2	Verticillium dahliae	no	HispS	CP009075.1	+	5118189	5121083	12	324.0	8.2e-89	28.338	HispS|Armillaria_ostoyae	1770	1015	0.5734	3192.4
GCA_000400815.2	Verticillium dahliae	no	HispS	CP009075.1	-	1785164	1785940	1	55.8	3.11e-07	23.759	HispS|Mycena_chlorophos	1652	271	0.164	55.8
GCA_000400815.2	Verticillium dahliae	no	HispS	CP009075.1	-	3926714	3927673	8	55.5	4.51e-07	27.049	HispS|Neonothopanus_nambi	1678	282	0.1681	405.6
GCA_000400815.2	Verticillium dahliae	no	HispS	CP009075.1	-	7648400	7651556	23	152.0	1.08e-58	29.333	HispS|Armillaria_gallica	1771	955	0.5392	2555.3
GCA_000400815.2	Verticillium dahliae	no	HispS	CP009075.1	-	8749831	8750334	1	50.4	1.24e-05	28.649	HispS|Neonothopanus_gardneri	1691	170	0.1005	50.4
GCA_000400815.2	Verticillium dahliae	no	HispS	CP009079.1	-	117519	119737	17	252.0	6.62e-67	29.848	HispS|Mycena_chlorophos	1652	784	0.4746	2855.9
GCA_000400815.2	Verticillium dahliae	no	HispS	CP009079.1	-	1326732	1327208	1	44.3	0.001	24.699	HispS|Armillaria_mellea	1768	160	0.0905	44.3
GCA_000400815.2	Verticillium dahliae	no	HispS	CP009079.1	-	2207601	2210558	14	328.0	2.97e-90	30.0	HispS|Guyanagaster_necrorhiza	1766	960	0.5436	3394.6
GCA_000400815.2	Verticillium dahliae	no	HispS	CP009079.1	+	123095	124258	7	84.0	1.06e-15	25.326	HispS|Armillaria_ostoyae	1770	404	0.2282	502.2
GCA_000400815.2	Verticillium dahliae	no	HispS	CP009079.1	+	2140226	2142691	31	132.0	9.08e-60	25.376	HispS|Neonothopanus_nambi	1678	796	0.4744	2837.0
GCA_000400815.2	Verticillium dahliae	no	HispS	CP009080.1	-	3733858	3736917	13	289.0	3.93e-78	29.637	HispS|Armillaria_fuscipes	1774	1060	0.5975	2922.9
GCA_000400815.2	Verticillium dahliae	no	HispS	CP009081.1	-	3082732	3085632	32	179.0	1.79e-47	26.493	HispS|Panellus_stipticus	1504	966	0.6423	3008.7
GCA_000400815.2	Verticillium dahliae	no	HispS	CP009078.1	+	3404597	3407864	39	150.0	6.15e-36	27.645	HispS|Armillaria_fuscipes	1774	948	0.5344	3011.6
GCA_000400815.2	Verticillium dahliae	no	HispS	CP009078.1	+	3923829	3924677	1	48.5	4.27e-05	27.532	HispS|Mycena_chlorophos	1652	303	0.1834	48.5
GCA_000400815.2	Verticillium dahliae	no	HispS	CP009082.1	-	2430738	2432099	11	100.0	8.39e-21	24.947	HispS|Mycena_citricolor	1678	428	0.2551	923.4
GCA_000400815.2	Verticillium dahliae	no	HispS	CP009077.1	-	336339	337689	10	54.3	7.08e-07	29.688	HispS|Panellus_stipticus	1504	505	0.3358	499.7
GCA_000400815.2	Verticillium dahliae	no	HispS	CP009076.1	+	1711457	1712092	6	57.0	1.43e-07	25.628	HispS|Armillaria_mellea	1768	210	0.1188	301.5
GCA_000400815.2	Verticillium dahliae	no	HispS	CP009077.1	+	3396238	3396849	1	47.8	8.8e-05	26.442	HispS|Mycena_citricolor	1678	193	0.115	47.8
GCA_000400815.2	Verticillium dahliae	no	H3H	CP009078.1	-	1314361	1315516	28	101.0	1.24e-22	32.051	H3H|Armillaria_gallica	422	386	0.9147	2211.1
GCA_000400815.2	Verticillium dahliae	no	H3H	CP009078.1	+	12272	13615	14	118.0	2.89e-28	27.604	H3H|Mycena_chlorophos	422	422	1.0	1507.4
GCA_000400815.2	Verticillium dahliae	no	H3H	CP009078.1	+	2804398	2805770	26	72.4	7e-16	25.065	H3H|Neonothopanus_nambi	422	419	0.9929	1268.1
GCA_000400815.2	Verticillium dahliae	no	H3H	CP009076.1	-	325399	326432	28	80.5	2.54e-30	30.0	H3H|Armillaria_ostoyae	426	304	0.7136	1993.5
GCA_000400815.2	Verticillium dahliae	no	H3H	CP009076.1	+	776326	777528	7	66.6	1.74e-11	24.093	H3H|Guyanagaster_necrorhiza	443	377	0.851	395.0
GCA_000400815.2	Verticillium dahliae	no	H3H	CP009080.1	-	1854707	1855489	6	54.7	1.02e-07	28.261	H3H|Neonothopanus_nambi	422	267	0.6327	286.2
GCA_000400815.2	Verticillium dahliae	no	H3H	CP009080.1	-	3543478	3544906	30	95.1	1.48e-24	26.34	H3H|Armillaria_fuscipes	426	414	0.9718	1812.4
GCA_000400815.2	Verticillium dahliae	no	H3H	CP009079.1	-	4105039	4106349	14	107.0	1.26e-24	28.153	H3H|Armillaria_mellea	429	397	0.9254	1362.5
GCA_000400815.2	Verticillium dahliae	no	H3H	CP009079.1	+	1781466	1782803	16	65.1	5.89e-11	23.427	H3H|Mycena_chlorophos	422	422	1.0	893.3
GCA_000400815.2	Verticillium dahliae	no	H3H	CP009079.1	+	2819524	2820696	5	62.0	5.15e-10	24.641	H3H|Neonothopanus_nambi	422	368	0.872	234.2
GCA_000400815.2	Verticillium dahliae	no	H3H	CP009077.1	-	213944	214315	14	58.2	7.49e-09	33.065	H3H|Armillaria_ostoyae	426	121	0.284	760.2
GCA_000400815.2	Verticillium dahliae	no	CPH	CP009079.1	-	4114287	4115347	12	154.0	1.95e-49	36.015	CPH|Armillaria_ostoyae	302	313	1.0364	1264.6
GCA_000400815.2	Verticillium dahliae	no	CPH	CP009077.1	-	395042	395994	12	160.0	3.79e-44	44.39	CPH|Armillaria_fuscipes	294	295	1.0034	1256.9
GCA_000400815.2	Verticillium dahliae	no	CPH	CP009077.1	+	1653564	1654130	6	90.5	7.95e-20	32.432	CPH|Neonothopanus_gardneri	321	198	0.6168	495.2
GCA_000400815.2	Verticillium dahliae	no	CPH	CP009078.1	-	3862738	3863724	15	153.0	3.57e-41	32.308	CPH|Neonothopanus_gardneri	321	310	0.9657	1096.5
GCA_000400815.2	Verticillium dahliae	no	Luz	CP009075.1	-	7502061	7502801	12	94.7	5.46e-22	28.395	Luz|Panellus_stipticus	249	232	0.9317	1063.4
GCA_000400815.2	Verticillium dahliae	no	Luz	CP009077.1	-	825316	826017	12	84.3	1.81e-18	30.769	Luz|Mycena_citricolor	246	232	0.9431	941.3
GCA_004109745.1	Verticillium dahliae	yes	HispS	CM014042.1	-	2632709	2635603	12	324.0	7.55e-89	28.338	HispS|Armillaria_ostoyae	1770	1015	0.5734	3192.4
GCA_004109745.1	Verticillium dahliae	yes	HispS	CM014042.1	-	3796447	3799370	31	223.0	8.77e-86	28.05	HispS|Armillaria_gallica	1771	958	0.5409	3599.8
GCA_004109745.1	Verticillium dahliae	yes	HispS	CM014042.1	+	3497242	3498201	8	55.5	4.15e-07	27.049	HispS|Neonothopanus_nambi	1678	282	0.1681	405.6
GCA_004109745.1	Verticillium dahliae	yes	HispS	CM014042.1	+	3986406	3987017	1	47.8	8.1e-05	26.442	HispS|Mycena_citricolor	1678	193	0.115	47.8
GCA_004109745.1	Verticillium dahliae	yes	HispS	RSDZ01000030.1	-	153766	156723	14	328.0	2.72e-90	30.0	HispS|Guyanagaster_necrorhiza	1766	960	0.5436	3394.6
GCA_004109745.1	Verticillium dahliae	yes	HispS	RSDZ01000030.1	+	86245	88710	31	133.0	6.15e-60	25.376	HispS|Neonothopanus_nambi	1678	796	0.4744	2842.8
GCA_004109745.1	Verticillium dahliae	yes	HispS	CM014045.1	-	2788684	2791626	13	288.0	7.96e-78	30.033	HispS|Armillaria_ostoyae	1770	976	0.5514	2914.0
GCA_004109745.1	Verticillium dahliae	yes	HispS	RSDZ01000169.1	-	126553	128963	17	250.0	2.28e-66	29.848	HispS|Mycena_chlorophos	1652	832	0.5036	2840.9
GCA_004109745.1	Verticillium dahliae	yes	HispS	RSDZ01000169.1	+	132321	133484	7	82.8	2.07e-15	25.326	HispS|Armillaria_ostoyae	1770	404	0.2282	497.3
GCA_004109745.1	Verticillium dahliae	yes	HispS	CM014046.1	-	2656984	2659884	31	179.0	7.81e-48	26.493	HispS|Panellus_stipticus	1504	966	0.6423	2969.9
GCA_004109745.1	Verticillium dahliae	yes	HispS	RSDZ01000020.1	+	110150	113306	23	152.0	8.18e-57	28.866	HispS|Guyanagaster_necrorhiza	1766	955	0.5408	2557.2
GCA_004109745.1	Verticillium dahliae	yes	HispS	CM014044.1	-	185498	188765	44	131.0	3.62e-30	28.736	HispS|Armillaria_fuscipes	1774	949	0.5349	2990.8
GCA_004109745.1	Verticillium dahliae	yes	HispS	CM014048.1	+	779062	780423	11	100.0	7.73e-21	24.947	HispS|Mycena_citricolor	1678	428	0.2551	923.4
GCA_004109745.1	Verticillium dahliae	yes	HispS	RSDZ01000031.1	-	1291980	1292705	11	73.6	1.31e-12	31.39	HispS|Mycena_citricolor	1678	389	0.2318	725.4
GCA_004109745.1	Verticillium dahliae	yes	HispS	CM014043.1	-	2283036	2283671	6	57.0	1.43e-07	25.126	HispS|Armillaria_mellea	1768	213	0.1205	302.7
GCA_004109745.1	Verticillium dahliae	yes	HispS	CM014047.1	+	1426328	1426804	1	44.3	0.000883	24.699	HispS|Armillaria_mellea	1768	160	0.0905	44.3
GCA_004109745.1	Verticillium dahliae	yes	HispS	CM014041.1	+	1403814	1404590	1	53.9	1.14e-06	22.857	HispS|Mycena_chlorophos	1652	271	0.164	53.9
GCA_004109745.1	Verticillium dahliae	yes	HispS	CM014047.1	-	247545	248390	1	48.9	3.59e-05	27.619	HispS|Mycena_chlorophos	1652	302	0.1828	48.9
GCA_004109745.1	Verticillium dahliae	yes	HispS	CM014047.1	-	1497809	1498441	1	51.6	5.77e-06	22.321	HispS|Mycena_citricolor	1678	210	0.1251	51.6
GCA_004109745.1	Verticillium dahliae	yes	HispS	CM014043.1	+	93728	94231	1	50.4	1.11e-05	28.649	HispS|Neonothopanus_gardneri	1691	170	0.1005	50.4
GCA_004109745.1	Verticillium dahliae	yes	H3H	RSDZ01000122.1	+	354070	355118	28	80.5	2.07e-28	30.0	H3H|Armillaria_ostoyae	426	309	0.7254	1911.5
GCA_004109745.1	Verticillium dahliae	yes	H3H	CM014045.1	-	1152906	1153811	7	53.5	1.82e-07	28.261	H3H|Neonothopanus_nambi	422	289	0.6848	325.0
GCA_004109745.1	Verticillium dahliae	yes	H3H	CM014045.1	-	2603091	2604525	31	95.1	1.48e-24	26.34	H3H|Armillaria_fuscipes	426	418	0.9812	1853.3
GCA_004109745.1	Verticillium dahliae	yes	H3H	CM014044.1	-	2243228	2244571	14	119.0	7.09e-29	27.206	H3H|Mycena_chlorophos	422	422	1.0	1507.4
GCA_004109745.1	Verticillium dahliae	yes	H3H	CM014044.1	+	1396699	1397788	28	84.3	3.66e-17	31.068	H3H|Armillaria_gallica	422	364	0.8626	1979.3
GCA_004109745.1	Verticillium dahliae	yes	H3H	CM014043.1	+	958275	959585	14	108.0	5.86e-25	28.153	H3H|Armillaria_mellea	429	397	0.9254	1376.9
GCA_004109745.1	Verticillium dahliae	yes	H3H	CM014043.1	-	3222197	3223399	8	67.4	9.34e-12	24.352	H3H|Guyanagaster_necrorhiza	443	377	0.851	461.0
GCA_004109745.1	Verticillium dahliae	yes	H3H	RSDZ01000050.1	+	421385	422757	26	73.2	4.73e-16	25.065	H3H|Neonothopanus_nambi	422	419	0.9929	1281.9
GCA_004109745.1	Verticillium dahliae	yes	H3H	CM014047.1	-	470220	471392	5	61.6	5.36e-10	24.519	H3H|Neonothopanus_nambi	422	368	0.872	236.7
GCA_004109745.1	Verticillium dahliae	yes	H3H	CM014047.1	-	1061460	1062806	15	63.9	1.1e-10	22.197	H3H|Neonothopanus_gardneri	416	423	1.0168	820.5
GCA_004109745.1	Verticillium dahliae	yes	H3H	CM014041.1	+	135889	136260	14	58.2	6.9e-09	33.065	H3H|Armillaria_ostoyae	426	121	0.284	760.2
GCA_004109745.1	Verticillium dahliae	yes	CPH	CM014043.1	+	949347	950407	12	150.0	1.24e-48	35.249	CPH|Armillaria_gallica	302	313	1.0364	1244.6
GCA_004109745.1	Verticillium dahliae	yes	CPH	RSDZ01000031.1	-	69100	69666	6	90.9	5.85e-20	31.892	CPH|Neonothopanus_gardneri	321	198	0.6168	501.0
GCA_004109745.1	Verticillium dahliae	yes	CPH	RSDZ01000031.1	-	1351748	1352700	12	160.0	3.88e-44	44.39	CPH|Armillaria_fuscipes	294	295	1.0034	1257.2
GCA_004109745.1	Verticillium dahliae	yes	CPH	CM014047.1	+	296890	297876	15	152.0	7.19e-41	32.0	CPH|Neonothopanus_gardneri	321	310	0.9657	1095.9
GCA_004109745.1	Verticillium dahliae	yes	Luz	RSDZ01000020.1	+	239836	240576	12	94.7	5.03e-22	28.395	Luz|Panellus_stipticus	249	232	0.9317	1063.4
GCA_004109745.1	Verticillium dahliae	yes	Luz	RSDZ01000031.1	+	893345	894079	12	80.1	5.3e-17	29.457	Luz|Mycena_citricolor	246	232	0.9431	886.3
GCA_001761485.1	Yarrowia lipolytica	yes	HispS	CP017558.1	+	3831723	3832976	11	83.6	6.83e-16	28.169	HispS|Mycena_citricolor	1678	497	0.2962	724.4
GCA_001761485.1	Yarrowia lipolytica	yes	HispS	CP017557.1	-	2225550	2226206	11	58.2	4.14e-08	29.224	HispS|Armillaria_fuscipes	1774	390	0.2198	571.1
GCA_001761485.1	Yarrowia lipolytica	yes	HispS	CP017556.1	-	2210687	2211187	5	49.3	1.54e-05	23.636	HispS|Armillaria_fuscipes	1774	171	0.0964	227.6
GCA_001761485.1	Yarrowia lipolytica	yes	HispS	CP017553.1	-	1406316	1406954	1	45.8	0.000171	25.103	HispS|Mycena_chlorophos	1652	218	0.132	45.8
GCA_001761485.1	Yarrowia lipolytica	yes	H3H	CP017553.1	-	876981	877091	3	41.6	0.000552	51.351	H3H|Armillaria_fuscipes	426	37	0.0869	124.4
GCA_001761485.1	Yarrowia lipolytica	yes	H3H	CP017557.1	-	1895745	1896119	2	45.4	3.93e-05	28.889	H3H|Mycena_citricolor	419	133	0.3174	89.3
GCA_001761485.1	Yarrowia lipolytica	yes	CPH	CP017554.1	-	453204	454085	6	202.0	1.22e-58	39.322	CPH|Armillaria_ostoyae	302	320	1.0596	1140.0
GCA_001761485.1	Yarrowia lipolytica	yes	CPH	CP017555.1	-	3191125	3191730	6	109.0	9.67e-27	33.796	CPH|Armillaria_gallica	302	216	0.7152	617.3
GCA_014490615.1	Yarrowia lipolytica	yes	HispS	CP061016.1	+	4997099	4997920	11	84.3	4.5e-16	28.169	HispS|Mycena_citricolor	1678	370	0.2205	739.6
GCA_014490615.1	Yarrowia lipolytica	yes	HispS	CP061016.1	-	1682757	1683257	1	46.6	0.000107	24.324	HispS|Neonothopanus_gardneri	1691	179	0.1059	46.6
GCA_014490615.1	Yarrowia lipolytica	yes	HispS	CP061016.1	-	2328375	2329031	11	59.3	1.87e-08	29.224	HispS|Armillaria_fuscipes	1774	390	0.2198	578.5
GCA_014490615.1	Yarrowia lipolytica	yes	HispS	CP061015.1	-	2274537	2275037	3	49.3	1.96e-05	23.636	HispS|Armillaria_fuscipes	1774	171	0.0964	139.4
GCA_014490615.1	Yarrowia lipolytica	yes	HispS	CP061012.1	+	1566075	1567520	4	52.4	1.95e-06	23.194	HispS|Armillaria_mellea	1768	501	0.2834	197.1
GCA_014490615.1	Yarrowia lipolytica	yes	HispS	CP061012.1	-	1460936	1461574	1	45.8	0.000183	25.103	HispS|Mycena_chlorophos	1652	218	0.132	45.8
GCA_014490615.1	Yarrowia lipolytica	yes	H3H	CP061012.1	-	909451	909561	3	41.6	0.000571	51.351	H3H|Armillaria_fuscipes	426	37	0.0869	124.4
GCA_014490615.1	Yarrowia lipolytica	yes	H3H	CP061016.1	-	1994151	1994525	2	45.4	4.07e-05	28.889	H3H|Mycena_citricolor	419	133	0.3174	89.3
GCA_014490615.1	Yarrowia lipolytica	yes	CPH	CP061013.1	-	705536	706417	6	202.0	1.27e-58	39.322	CPH|Armillaria_ostoyae	302	320	1.0596	1140.0
GCA_014490615.1	Yarrowia lipolytica	yes	CPH	CP061013.1	-	2429640	2430245	6	109.0	1e-26	33.796	CPH|Armillaria_gallica	302	216	0.7152	617.3
GCA_023272835.1	Yarrowia lipolytica	no	HispS	CP096876.1	+	3876898	3878151	11	83.6	6.98e-16	28.169	HispS|Mycena_citricolor	1678	497	0.2962	724.4
GCA_023272835.1	Yarrowia lipolytica	no	HispS	CP096875.1	-	1604631	1605131	1	46.6	0.000106	24.324	HispS|Neonothopanus_gardneri	1691	179	0.1059	46.6
GCA_023272835.1	Yarrowia lipolytica	no	HispS	CP096875.1	-	2261053	2261709	11	59.3	1.74e-08	29.224	HispS|Armillaria_fuscipes	1774	390	0.2198	580.1
GCA_023272835.1	Yarrowia lipolytica	no	HispS	CP096874.1	-	2218746	2219246	4	49.3	1.94e-05	23.636	HispS|Armillaria_fuscipes	1774	171	0.0964	182.9
GCA_023272835.1	Yarrowia lipolytica	no	HispS	CP096871.1	-	1465418	1466056	1	44.7	0.000412	25.103	HispS|Mycena_chlorophos	1652	218	0.132	44.7
GCA_023272835.1	Yarrowia lipolytica	no	H3H	CP096871.1	-	914026	914136	3	41.6	0.000564	51.351	H3H|Armillaria_fuscipes	426	37	0.0869	124.4
GCA_023272835.1	Yarrowia lipolytica	no	H3H	CP096875.1	-	1930572	1930946	2	45.4	4.26e-05	28.889	H3H|Mycena_citricolor	419	133	0.3174	89.3
GCA_023272835.1	Yarrowia lipolytica	no	CPH	CP096872.1	-	458884	459765	6	202.0	1.25e-58	39.322	CPH|Armillaria_ostoyae	302	320	1.0596	1140.0
GCA_023272835.1	Yarrowia lipolytica	no	CPH	CP096873.1	-	3158523	3159128	6	109.0	9.88e-27	33.796	CPH|Armillaria_gallica	302	216	0.7152	617.3
GCA_017766645.1	Zymoseptoria tritici	no	HispS	CP062588.1	-	646361	648992	23	239.0	1.22e-78	34.499	HispS|Armillaria_gallica	1771	889	0.502	3229.5
GCA_017766645.1	Zymoseptoria tritici	no	HispS	CP062588.1	+	1615737	1618382	12	291.0	7.62e-79	27.969	HispS|Guyanagaster_necrorhiza	1766	960	0.5436	2872.4
GCA_017766645.1	Zymoseptoria tritici	no	HispS	CP062589.1	-	469549	471075	4	60.1	1.69e-08	21.951	HispS|Neonothopanus_nambi	1678	534	0.3182	221.9
GCA_017766645.1	Zymoseptoria tritici	no	HispS	CP062589.1	-	650167	652926	11	290.0	2.86e-78	29.335	HispS|Armillaria_gallica	1771	985	0.5562	2839.0
GCA_017766645.1	Zymoseptoria tritici	no	HispS	CP062589.1	-	901208	901897	1	48.1	6.93e-05	23.849	HispS|Armillaria_ostoyae	1770	225	0.1271	48.1
GCA_017766645.1	Zymoseptoria tritici	no	HispS	CP062580.1	-	233874	236942	12	259.0	5.1e-69	27.907	HispS|Armillaria_mellea	1768	1048	0.5928	2557.9
GCA_017766645.1	Zymoseptoria tritici	no	HispS	CP062580.1	-	260542	262266	12	198.0	2.62e-50	26.562	HispS|Armillaria_fuscipes	1774	637	0.3591	1847.1
GCA_017766645.1	Zymoseptoria tritici	no	HispS	CP062580.1	-	407137	410547	52	98.2	5.9e-20	33.908	HispS|Armillaria_fuscipes	1774	982	0.5536	2776.0
GCA_017766645.1	Zymoseptoria tritici	no	HispS	CP062580.1	-	1161281	1168657	10	57.8	8.12e-08	30.769	HispS|Neonothopanus_nambi	1678	509	0.3033	523.0
GCA_017766645.1	Zymoseptoria tritici	no	HispS	CP062580.1	-	2367910	2368374	1	48.5	5.98e-05	25.466	HispS|Armillaria_fuscipes	1774	156	0.0879	48.5
GCA_017766645.1	Zymoseptoria tritici	no	HispS	CP062587.1	-	1569015	1571570	11	237.0	2.11e-62	26.79	HispS|Neonothopanus_nambi	1678	898	0.5352	2394.0
GCA_017766645.1	Zymoseptoria tritici	no	HispS	CP062583.1	-	179809	182795	23	205.0	1.44e-52	33.995	HispS|Armillaria_fuscipes	1774	980	0.5524	3241.5
GCA_017766645.1	Zymoseptoria tritici	no	HispS	CP062583.1	-	2350082	2350633	1	46.2	0.000295	27.083	HispS|Mycena_citricolor	1678	185	0.1103	46.2
GCA_017766645.1	Zymoseptoria tritici	no	HispS	CP062584.1	-	70537	73726	23	201.0	3.83e-51	31.056	HispS|Armillaria_gallica	1771	926	0.5229	3071.7
GCA_017766645.1	Zymoseptoria tritici	no	HispS	CP062591.1	-	674160	677351	24	195.0	1.96e-49	33.165	HispS|Armillaria_gallica	1771	970	0.5477	2768.2
GCA_017766645.1	Zymoseptoria tritici	no	HispS	CP062585.1	-	2497597	2500647	44	125.0	4.49e-39	41.618	HispS|Armillaria_gallica	1771	1004	0.5669	3365.8
GCA_017766645.1	Zymoseptoria tritici	no	HispS	CP062590.1	+	1214022	1214786	10	60.5	1.44e-08	26.506	HispS|Armillaria_fuscipes	1774	405	0.2283	536.5
GCA_017766645.1	Zymoseptoria tritici	no	HispS	CP062584.1	+	253391	254329	3	52.4	3.35e-06	23.209	HispS|Mycena_chlorophos	1652	337	0.204	150.2
GCA_017766645.1	Zymoseptoria tritici	no	HispS	CP062579.1	+	5324413	5325270	2	62.8	2.52e-09	30.178	HispS|Mycena_chlorophos	1652	321	0.1943	114.4
GCA_017766645.1	Zymoseptoria tritici	no	HispS	CP062581.1	+	3379727	3380128	3	49.3	2.8e-05	35.0	HispS|Mycena_citricolor	1678	224	0.1335	141.3
GCA_017766645.1	Zymoseptoria tritici	no	HispS	CP062580.1	+	555722	556351	1	54.3	9.39e-07	25.306	HispS|Mycena_citricolor	1678	234	0.1395	54.3
GCA_017766645.1	Zymoseptoria tritici	no	H3H	CP062584.1	+	33192	34593	28	157.0	9.61e-58	33.333	H3H|Armillaria_fuscipes	426	468	1.0986	3223.2
GCA_017766645.1	Zymoseptoria tritici	no	H3H	CP062584.1	+	61223	62482	24	142.0	1.66e-36	30.394	H3H|Armillaria_fuscipes	426	378	0.8873	2284.6
GCA_017766645.1	Zymoseptoria tritici	no	H3H	CP062584.1	+	125873	126958	14	72.8	2.07e-13	24.868	H3H|Mycena_citricolor_2	420	373	0.8881	865.3
GCA_017766645.1	Zymoseptoria tritici	no	H3H	CP062584.1	+	572328	573959	24	43.1	0.00039	29.07	H3H|Neonothopanus_nambi	422	253	0.5995	819.7
GCA_017766645.1	Zymoseptoria tritici	no	H3H	CP062584.1	+	1736859	1737680	3	45.4	8.6e-05	25.676	H3H|Panellus_stipticus	428	268	0.6262	135.2
GCA_017766645.1	Zymoseptoria tritici	no	H3H	CP062585.1	+	1515852	1517222	14	127.0	1.77e-31	27.157	H3H|Neonothopanus_nambi	422	417	0.9882	1537.0
GCA_017766645.1	Zymoseptoria tritici	no	H3H	CP062579.1	+	5464909	5466154	17	51.2	1.17e-06	27.805	H3H|Mycena_citricolor_2	420	336	0.8	750.7
GCA_017766645.1	Zymoseptoria tritici	no	H3H	CP062579.1	+	5564736	5565971	14	108.0	6.3e-25	27.765	H3H|Guyanagaster_necrorhiza	443	411	0.9278	1342.7
GCA_017766645.1	Zymoseptoria tritici	no	H3H	CP062587.1	-	1044267	1044890	1	53.1	3.24e-07	24.569	H3H|Neonothopanus_nambi	422	210	0.4976	53.1
GCA_017766645.1	Zymoseptoria tritici	no	H3H	CP062587.1	-	1706107	1707390	14	82.8	1.42e-16	26.005	H3H|Mycena_chlorophos	422	429	1.0166	1073.7
GCA_017766645.1	Zymoseptoria tritici	no	H3H	CP062581.1	+	102892	104290	15	70.9	8.38e-13	26.705	H3H|Panellus_stipticus	428	364	0.8505	895.7
GCA_017766645.1	Zymoseptoria tritici	no	H3H	CP062588.1	+	172428	173521	16	73.6	1.17e-13	32.609	H3H|Panellus_stipticus	428	298	0.6963	929.7
GCA_017766645.1	Zymoseptoria tritici	no	H3H	CP062588.1	+	1187715	1188416	9	53.9	1.81e-07	26.724	H3H|Guyanagaster_necrorhiza	443	177	0.3995	410.4
GCA_017766645.1	Zymoseptoria tritici	no	H3H	CP062586.1	+	39775	40609	15	53.1	6.36e-12	37.209	H3H|Panellus_stipticus	428	259	0.6051	683.1
GCA_017766645.1	Zymoseptoria tritici	no	H3H	CP062589.1	-	917668	918354	8	48.9	7.19e-06	24.28	H3H|Armillaria_gallica	422	237	0.5616	367.6
GCA_017766645.1	Zymoseptoria tritici	no	H3H	CP062583.1	+	2694112	2694243	1	42.4	0.000691	45.455	H3H|Armillaria_fuscipes	426	44	0.1033	42.4
GCA_017766645.1	Zymoseptoria tritici	no	H3H	CP062582.1	-	1395659	1396612	3	65.9	3.1e-11	24.324	H3H|Mycena_citricolor_2	420	319	0.7595	184.5
GCA_017766645.1	Zymoseptoria tritici	no	H3H	CP062580.1	+	246872	248284	13	47.4	1.74e-05	33.981	H3H|Mycena_citricolor_2	420	363	0.8643	512.0
GCA_017766645.1	Zymoseptoria tritici	no	H3H	CP062583.1	-	950281	950550	3	43.9	0.000208	35.165	H3H|Panellus_stipticus_3	428	92	0.215	129.4
GCA_017766645.1	Zymoseptoria tritici	no	CPH	CP062583.1	+	1751689	1752638	11	221.0	4.2e-65	44.664	CPH|Armillaria_ostoyae	302	318	1.053	1505.7
GCA_017766645.1	Zymoseptoria tritici	no	CPH	CP062583.1	-	773808	774692	6	169.0	8.08e-47	35.938	CPH|Armillaria_ostoyae	302	314	1.0397	943.0
GCA_017766645.1	Zymoseptoria tritici	no	CPH	CP062583.1	-	1274733	1275281	6	97.1	4.98e-22	34.031	CPH|Neonothopanus_gardneri	321	210	0.6542	548.8
GCA_017766645.1	Zymoseptoria tritici	no	CPH	CP062579.1	+	1001724	1002684	12	162.0	7.33e-51	42.788	CPH|Armillaria_ostoyae	302	316	1.0464	1244.0
GCA_017766645.1	Zymoseptoria tritici	no	CPH	CP062585.1	+	1336594	1337437	11	45.8	2.95e-05	33.981	CPH|Neonothopanus_nambi	289	227	0.7855	468.7
GCA_017766805.1	Zymoseptoria tritici	no	HispS	CP062667.1	-	638456	641087	23	239.0	1.22e-78	34.499	HispS|Armillaria_gallica	1771	889	0.502	3229.5
GCA_017766805.1	Zymoseptoria tritici	no	HispS	CP062667.1	+	1566846	1569491	12	291.0	7.66e-79	27.969	HispS|Guyanagaster_necrorhiza	1766	960	0.5436	2872.4
GCA_017766805.1	Zymoseptoria tritici	no	HispS	CP062668.1	-	26011	26676	1	52.4	4.16e-06	24.123	HispS|Neonothopanus_nambi	1678	215	0.1281	52.4
GCA_017766805.1	Zymoseptoria tritici	no	HispS	CP062668.1	-	458486	460012	6	60.8	9.61e-09	22.256	HispS|Neonothopanus_nambi	1678	534	0.3182	312.7
GCA_017766805.1	Zymoseptoria tritici	no	HispS	CP062668.1	-	636605	639364	11	290.0	2.87e-78	29.335	HispS|Armillaria_gallica	1771	985	0.5562	2839.0
GCA_017766805.1	Zymoseptoria tritici	no	HispS	CP062668.1	-	939280	939969	1	47.0	0.000156	23.109	HispS|Armillaria_ostoyae	1770	225	0.1271	47.0
GCA_017766805.1	Zymoseptoria tritici	no	HispS	CP062666.1	-	1601773	1604328	11	237.0	2.12e-62	26.79	HispS|Neonothopanus_nambi	1678	898	0.5352	2394.0
GCA_017766805.1	Zymoseptoria tritici	no	HispS	CP062662.1	-	73034	76020	23	206.0	1.04e-52	34.25	HispS|Armillaria_fuscipes	1774	980	0.5524	3245.3
GCA_017766805.1	Zymoseptoria tritici	no	HispS	CP062662.1	-	2197091	2197642	1	46.2	0.000297	27.083	HispS|Mycena_citricolor	1678	185	0.1103	46.2
GCA_017766805.1	Zymoseptoria tritici	no	HispS	CP062663.1	-	70570	73759	23	201.0	3.85e-51	31.056	HispS|Armillaria_gallica	1771	926	0.5229	3071.7
GCA_017766805.1	Zymoseptoria tritici	no	HispS	CP062670.1	-	621689	624880	24	194.0	3.47e-49	32.911	HispS|Armillaria_gallica	1771	970	0.5477	2718.0
GCA_017766805.1	Zymoseptoria tritici	no	HispS	CP062664.1	-	2842902	2845952	44	125.0	4.5e-39	41.618	HispS|Armillaria_gallica	1771	1004	0.5669	3365.8
GCA_017766805.1	Zymoseptoria tritici	no	HispS	CP062659.1	-	354618	358028	52	98.2	5.92e-20	33.908	HispS|Armillaria_fuscipes	1774	982	0.5536	2774.5
GCA_017766805.1	Zymoseptoria tritici	no	HispS	CP062659.1	-	1087162	1094538	10	57.8	8.65e-08	30.769	HispS|Neonothopanus_nambi	1678	504	0.3004	522.9
GCA_017766805.1	Zymoseptoria tritici	no	HispS	CP062659.1	-	2311419	2311883	1	48.5	6.01e-05	25.466	HispS|Armillaria_fuscipes	1774	156	0.0879	48.5
GCA_017766805.1	Zymoseptoria tritici	no	HispS	CP062669.1	+	1269420	1270184	10	60.5	1.33e-08	26.506	HispS|Armillaria_fuscipes	1774	405	0.2283	538.6
GCA_017766805.1	Zymoseptoria tritici	no	HispS	CP062663.1	+	261357	262295	3	52.4	3.37e-06	23.209	HispS|Mycena_chlorophos	1652	337	0.204	150.2
GCA_017766805.1	Zymoseptoria tritici	no	HispS	CP062658.1	+	5146096	5146953	2	62.8	2.53e-09	30.178	HispS|Mycena_chlorophos	1652	321	0.1943	114.4
GCA_017766805.1	Zymoseptoria tritici	no	HispS	CP062660.1	+	3415425	3415826	3	49.3	2.81e-05	35.0	HispS|Mycena_citricolor	1678	224	0.1335	141.3
GCA_017766805.1	Zymoseptoria tritici	no	HispS	CP062659.1	+	519729	520358	1	53.9	1.15e-06	24.895	HispS|Mycena_citricolor	1678	234	0.1395	53.9
GCA_017766805.1	Zymoseptoria tritici	no	H3H	CP062663.1	+	33225	34626	28	157.0	9.66e-58	33.333	H3H|Armillaria_fuscipes	426	468	1.0986	3223.2
GCA_017766805.1	Zymoseptoria tritici	no	H3H	CP062663.1	+	61256	62515	24	142.0	1.67e-36	30.394	H3H|Armillaria_fuscipes	426	378	0.8873	2284.6
GCA_017766805.1	Zymoseptoria tritici	no	H3H	CP062663.1	+	125905	126990	14	72.8	2.08e-13	24.868	H3H|Mycena_citricolor_2	420	373	0.8881	865.3
GCA_017766805.1	Zymoseptoria tritici	no	H3H	CP062663.1	+	580295	581926	24	43.1	0.000392	29.07	H3H|Neonothopanus_nambi	422	253	0.5995	819.7
GCA_017766805.1	Zymoseptoria tritici	no	H3H	CP062663.1	+	1669154	1669975	3	45.4	8.64e-05	25.676	H3H|Panellus_stipticus	428	268	0.6262	135.2
GCA_017766805.1	Zymoseptoria tritici	no	H3H	CP062664.1	+	1835184	1836554	14	127.0	1.78e-31	27.157	H3H|Neonothopanus_nambi	422	417	0.9882	1537.0
GCA_017766805.1	Zymoseptoria tritici	no	H3H	CP062658.1	+	5286589	5287834	17	51.2	1.18e-06	27.805	H3H|Mycena_citricolor_2	420	336	0.8	750.7
GCA_017766805.1	Zymoseptoria tritici	no	H3H	CP062658.1	+	5386416	5387651	14	108.0	6.33e-25	27.765	H3H|Guyanagaster_necrorhiza	443	411	0.9278	1342.7
GCA_017766805.1	Zymoseptoria tritici	no	H3H	CP062666.1	-	1077024	1077647	1	53.1	3.25e-07	24.569	H3H|Neonothopanus_nambi	422	210	0.4976	53.1
GCA_017766805.1	Zymoseptoria tritici	no	H3H	CP062666.1	-	1738865	1740148	14	82.8	1.43e-16	26.005	H3H|Mycena_chlorophos	422	429	1.0166	1073.7
GCA_017766805.1	Zymoseptoria tritici	no	H3H	CP062660.1	+	118677	120075	15	70.9	8.42e-13	26.705	H3H|Panellus_stipticus	428	364	0.8505	895.7
GCA_017766805.1	Zymoseptoria tritici	no	H3H	CP062667.1	+	164523	165616	16	73.6	1.18e-13	32.609	H3H|Panellus_stipticus	428	298	0.6963	929.7
GCA_017766805.1	Zymoseptoria tritici	no	H3H	CP062667.1	+	1153837	1154538	9	56.6	3.16e-08	27.155	H3H|Guyanagaster_necrorhiza	443	177	0.3995	426.6
GCA_017766805.1	Zymoseptoria tritici	no	H3H	CP062665.1	+	39980	40814	15	53.1	6.38e-12	37.209	H3H|Panellus_stipticus	428	259	0.6051	683.1
GCA_017766805.1	Zymoseptoria tritici	no	H3H	CP062668.1	-	955670	956356	8	48.9	6.98e-06	24.28	H3H|Armillaria_gallica	422	237	0.5616	368.3
GCA_017766805.1	Zymoseptoria tritici	no	H3H	CP062662.1	+	2541162	2541293	1	42.4	0.000694	45.455	H3H|Armillaria_fuscipes	426	44	0.1033	42.4
GCA_017766805.1	Zymoseptoria tritici	no	H3H	CP062661.1	-	1400141	1401094	3	65.9	3.12e-11	24.324	H3H|Mycena_citricolor_2	420	319	0.7595	184.5
GCA_017766805.1	Zymoseptoria tritici	no	H3H	CP062662.1	-	864193	864462	3	43.9	0.000209	35.165	H3H|Panellus_stipticus_3	428	92	0.215	129.4
GCA_017766805.1	Zymoseptoria tritici	no	CPH	CP062662.1	+	1686261	1687210	11	221.0	4.21e-65	44.664	CPH|Armillaria_ostoyae	302	318	1.053	1505.7
GCA_017766805.1	Zymoseptoria tritici	no	CPH	CP062662.1	-	682264	683148	6	169.0	8.12e-47	35.938	CPH|Armillaria_ostoyae	302	314	1.0397	943.0
GCA_017766805.1	Zymoseptoria tritici	no	CPH	CP062662.1	-	1207007	1207555	6	97.1	5e-22	34.031	CPH|Neonothopanus_gardneri	321	210	0.6542	548.8
GCA_017766805.1	Zymoseptoria tritici	no	CPH	CP062658.1	+	1023542	1024502	12	162.0	7.36e-51	42.788	CPH|Armillaria_ostoyae	302	316	1.0464	1244.0
GCA_017766805.1	Zymoseptoria tritici	no	CPH	CP062664.1	+	1655926	1656769	11	45.8	2.96e-05	33.981	CPH|Neonothopanus_nambi	289	227	0.7855	468.7
GCA_017766805.1	Zymoseptoria tritici	no	Luz	CP062658.1	+	3881032	3881472	12	58.9	1.1e-09	30.909	Luz|Neonothopanus_nambi	267	178	0.6667	661.7
GCA_017766825.1	Zymoseptoria tritici	no	HispS	CP062687.1	-	638418	641049	23	239.0	1.24e-78	34.499	HispS|Armillaria_gallica	1771	889	0.502	3229.5
GCA_017766825.1	Zymoseptoria tritici	no	HispS	CP062687.1	+	1554690	1557335	12	293.0	2.87e-79	28.08	HispS|Guyanagaster_necrorhiza	1766	960	0.5436	2872.0
GCA_017766825.1	Zymoseptoria tritici	no	HispS	CP062688.1	-	471393	472919	4	60.1	1.72e-08	21.951	HispS|Neonothopanus_nambi	1678	534	0.3182	221.9
GCA_017766825.1	Zymoseptoria tritici	no	HispS	CP062688.1	-	652010	654769	11	290.0	2.91e-78	29.335	HispS|Armillaria_gallica	1771	985	0.5562	2839.0
GCA_017766825.1	Zymoseptoria tritici	no	HispS	CP062688.1	-	903053	903742	1	48.1	7.06e-05	23.849	HispS|Armillaria_ostoyae	1770	225	0.1271	48.1
GCA_017766825.1	Zymoseptoria tritici	no	HispS	CP062679.1	-	217577	220645	12	259.0	5.19e-69	27.907	HispS|Armillaria_mellea	1768	1048	0.5928	2557.9
GCA_017766825.1	Zymoseptoria tritici	no	HispS	CP062679.1	-	244246	245970	12	198.0	2.67e-50	26.562	HispS|Armillaria_fuscipes	1774	637	0.3591	1847.1
GCA_017766825.1	Zymoseptoria tritici	no	HispS	CP062679.1	-	390830	394240	52	98.2	6.01e-20	33.908	HispS|Armillaria_fuscipes	1774	982	0.5536	2776.0
GCA_017766825.1	Zymoseptoria tritici	no	HispS	CP062679.1	-	1118111	1125487	10	57.8	8.76e-08	30.769	HispS|Neonothopanus_nambi	1678	504	0.3004	522.9
GCA_017766825.1	Zymoseptoria tritici	no	HispS	CP062679.1	-	2321191	2321655	1	48.5	6.09e-05	25.466	HispS|Armillaria_fuscipes	1774	156	0.0879	48.5
GCA_017766825.1	Zymoseptoria tritici	no	HispS	CP062686.1	-	1604497	1607052	12	235.0	9.75e-62	28.157	HispS|Guyanagaster_necrorhiza	1766	901	0.5102	2403.0
GCA_017766825.1	Zymoseptoria tritici	no	HispS	CP062682.1	-	134041	137027	23	206.0	1.05e-52	34.25	HispS|Armillaria_fuscipes	1774	980	0.5524	3245.3
GCA_017766825.1	Zymoseptoria tritici	no	HispS	CP062682.1	-	2333241	2333792	1	45.8	0.000322	27.083	HispS|Mycena_citricolor	1678	185	0.1103	45.8
GCA_017766825.1	Zymoseptoria tritici	no	HispS	CP062683.1	-	121549	124738	23	202.0	1.43e-51	31.263	HispS|Armillaria_gallica	1771	926	0.5229	3077.3
GCA_017766825.1	Zymoseptoria tritici	no	HispS	CP062690.1	-	675934	679125	24	195.0	2e-49	33.165	HispS|Armillaria_gallica	1771	970	0.5477	2768.2
GCA_017766825.1	Zymoseptoria tritici	no	HispS	CP062684.1	-	2856156	2859206	44	125.0	4.56e-39	41.618	HispS|Armillaria_gallica	1771	1004	0.5669	3365.8
GCA_017766825.1	Zymoseptoria tritici	no	HispS	CP062689.1	+	1251209	1251973	10	60.5	1.35e-08	26.506	HispS|Armillaria_fuscipes	1774	405	0.2283	538.6
GCA_017766825.1	Zymoseptoria tritici	no	HispS	CP062683.1	+	270445	271344	2	50.1	1.69e-05	22.917	HispS|Mycena_chlorophos	1652	322	0.1949	98.2
GCA_017766825.1	Zymoseptoria tritici	no	HispS	CP062678.1	+	5286195	5287052	2	62.8	2.56e-09	30.178	HispS|Mycena_chlorophos	1652	321	0.1943	114.4
GCA_017766825.1	Zymoseptoria tritici	no	HispS	CP062680.1	+	3475507	3475908	3	49.3	2.85e-05	35.0	HispS|Mycena_citricolor	1678	224	0.1335	141.3
GCA_017766825.1	Zymoseptoria tritici	no	HispS	CP062679.1	+	550688	551317	1	53.9	1.17e-06	24.895	HispS|Mycena_citricolor	1678	234	0.1395	53.9
GCA_017766825.1	Zymoseptoria tritici	no	H3H	CP062683.1	+	76626	77952	28	156.0	6.37e-57	36.364	H3H|Neonothopanus_gardneri	416	424	1.0192	3170.9
GCA_017766825.1	Zymoseptoria tritici	no	H3H	CP062683.1	+	112228	113487	27	141.0	6.33e-36	30.99	H3H|Armillaria_mellea	429	378	0.8811	2380.1
GCA_017766825.1	Zymoseptoria tritici	no	H3H	CP062683.1	+	177133	178218	14	70.1	1.53e-12	24.603	H3H|Mycena_citricolor_2	420	373	0.8881	848.4
GCA_017766825.1	Zymoseptoria tritici	no	H3H	CP062683.1	+	581906	583537	24	43.1	0.000397	29.07	H3H|Neonothopanus_nambi	422	253	0.5995	819.7
GCA_017766825.1	Zymoseptoria tritici	no	H3H	CP062683.1	+	1715642	1716463	3	45.4	8.76e-05	25.676	H3H|Panellus_stipticus	428	268	0.6262	135.2
GCA_017766825.1	Zymoseptoria tritici	no	H3H	CP062684.1	+	1816805	1818175	14	127.0	1.8e-31	27.157	H3H|Neonothopanus_nambi	422	417	0.9882	1537.0
GCA_017766825.1	Zymoseptoria tritici	no	H3H	CP062678.1	+	5426690	5427935	17	51.2	1.19e-06	27.805	H3H|Mycena_citricolor_2	420	336	0.8	750.7
GCA_017766825.1	Zymoseptoria tritici	no	H3H	CP062678.1	+	5526517	5527752	14	108.0	6.41e-25	27.765	H3H|Guyanagaster_necrorhiza	443	411	0.9278	1342.7
GCA_017766825.1	Zymoseptoria tritici	no	H3H	CP062686.1	-	1058025	1058648	1	53.1	3.3e-07	24.569	H3H|Neonothopanus_nambi	422	210	0.4976	53.1
GCA_017766825.1	Zymoseptoria tritici	no	H3H	CP062686.1	-	1730878	1732137	14	82.8	1.46e-16	26.596	H3H|Mycena_chlorophos	422	410	0.9716	1067.5
GCA_017766825.1	Zymoseptoria tritici	no	H3H	CP062680.1	+	118686	120084	15	70.9	8.54e-13	26.705	H3H|Panellus_stipticus	428	364	0.8505	895.7
GCA_017766825.1	Zymoseptoria tritici	no	H3H	CP062687.1	+	164485	165578	16	73.6	1.19e-13	32.609	H3H|Panellus_stipticus	428	298	0.6963	929.7
GCA_017766825.1	Zymoseptoria tritici	no	H3H	CP062687.1	+	1153799	1154500	9	56.6	3.2e-08	27.155	H3H|Guyanagaster_necrorhiza	443	177	0.3995	426.6
GCA_017766825.1	Zymoseptoria tritici	no	H3H	CP062685.1	+	39984	40818	15	53.1	6.47e-12	37.209	H3H|Panellus_stipticus	428	259	0.6051	683.1
GCA_017766825.1	Zymoseptoria tritici	no	H3H	CP062688.1	-	919513	920199	8	48.9	7.33e-06	24.28	H3H|Armillaria_gallica	422	237	0.5616	367.6
GCA_017766825.1	Zymoseptoria tritici	no	H3H	CP062682.1	+	2674519	2674650	1	42.4	0.000692	45.455	H3H|Armillaria_fuscipes	426	44	0.1033	42.4
GCA_017766825.1	Zymoseptoria tritici	no	H3H	CP062681.1	-	1363423	1364376	3	65.9	3.16e-11	24.324	H3H|Mycena_citricolor_2	420	319	0.7595	184.5
GCA_017766825.1	Zymoseptoria tritici	no	H3H	CP062679.1	+	230576	231988	13	47.4	1.78e-05	33.981	H3H|Mycena_citricolor_2	420	363	0.8643	512.0
GCA_017766825.1	Zymoseptoria tritici	no	H3H	CP062682.1	-	926735	927004	3	43.9	0.000212	35.165	H3H|Panellus_stipticus_3	428	92	0.215	129.4
GCA_017766825.1	Zymoseptoria tritici	no	CPH	CP062682.1	+	1728144	1729093	11	221.0	4.27e-65	44.664	CPH|Armillaria_ostoyae	302	318	1.053	1505.7
GCA_017766825.1	Zymoseptoria tritici	no	CPH	CP062682.1	-	750221	751105	6	169.0	8.23e-47	35.938	CPH|Armillaria_ostoyae	302	314	1.0397	943.0
GCA_017766825.1	Zymoseptoria tritici	no	CPH	CP062682.1	-	1251187	1251735	6	97.1	5.07e-22	34.031	CPH|Neonothopanus_gardneri	321	210	0.6542	548.8
GCA_017766825.1	Zymoseptoria tritici	no	CPH	CP062678.1	+	1084018	1084978	12	162.0	7.46e-51	42.788	CPH|Armillaria_ostoyae	302	316	1.0464	1244.0
GCA_017766825.1	Zymoseptoria tritici	no	CPH	CP062684.1	+	1627977	1628820	11	45.8	3e-05	33.981	CPH|Neonothopanus_nambi	289	227	0.7855	468.7
